xai_id,condition,architecture,seed,sample_index,sampling_stratum,image_id,true_label,prob_pneumonia,threshold,pred_label,is_correct,gcam_lrr_plus,gcam_lrr_abs,gcam_lrr_chance,gcam_lrr_enrichment,guided_gcam_lrr_plus,guided_gcam_lrr_abs,guided_gcam_lrr_enrichment,gcam_pointing_inside_lung,guided_gcam_pointing_inside_lung,gcam_argmax_x,gcam_argmax_y,guided_gcam_argmax_x,guided_gcam_argmax_y,gcam_deletion_auc,gcam_insertion_auc,guided_gcam_deletion_auc,guided_gcam_insertion_auc,gcam_input_stability_lrr_delta,guided_gcam_input_stability_lrr_delta,gcam_head_randomization_corr,guided_gcam_head_randomization_corr,checkpoint_path
E01_XAI_D_C0_DenseNet121,D-C0,DenseNet121,3407,0,normal,E-03B36F677CCFA6787A3BC686.jpeg,0,0.7837864143626458,0.65966796875,1,0,0.4038339934435544,0.4038339853286743,0.3590850830078125,1.1246192408242375,0.3823818302872047,0.3823818266391754,1.064878070356616,1,0,208,207,1,202,0.5644192703745887,0.7754711125707414,0.6975807167941623,0.8986147759690893,0.0014114201612688282,0.004960780001281417,0.6228047187236737,0.7234964909810003,/kaggle/input/datasets/hintrngia/locked-densenet-xai-inputs/D-C0/DenseNet121/seed_3407/best_checkpoint.pt
E01_XAI_D_C0_DenseNet121,D-C0,DenseNet121,3407,1,normal,E-06530ECE35CCF9FF05F7DDEB.jpeg,0,0.03450049380812554,0.65966796875,0,1,0.30036718947868024,0.30036717653274536,0.2779541015625,1.0806359315807417,0.30786691102952163,0.3078669011592865,1.1076178019999303,0,0,80,0,74,1,0.7664149122638024,0.8241564043431828,0.7486185464343906,0.8699506395231621,0.0017931327573290634,0.003056864640315904,0.35951815603595594,0.6219048408143881,/kaggle/input/datasets/hintrngia/locked-densenet-xai-inputs/D-C0/DenseNet121/seed_3407/best_checkpoint.pt
E01_XAI_D_C0_DenseNet121,D-C0,DenseNet121,3407,2,normal,E-10FEC5D206E4A3A02E4F32C9.jpeg,0,0.33813517524366377,0.65966796875,0,1,0.25128313274061104,0.2512831389904022,0.2476806640625,1.0145448119325213,0.27687867365465535,0.27687868475914,1.1178857045731576,0,0,175,48,1,1,0.480056816707635,0.560514631206993,0.46482801234920734,0.5687979757949044,0.00025302550145300806,0.0048020759792339884,-0.1406555946343686,0.34979960406285493,/kaggle/input/datasets/hintrngia/locked-densenet-xai-inputs/D-C0/DenseNet121/seed_3407/best_checkpoint.pt
E01_XAI_D_C0_DenseNet121,D-C0,DenseNet121,3407,3,normal,E-16E04AC17A9CE052EFE7227B.jpeg,0,0.1472351286030257,0.65966796875,0,1,0.3802974803273301,0.3802974820137024,0.3753509521484375,1.0131784085016424,0.30680742663147464,0.30680742859840393,0.8173881666620726,0,0,80,47,73,5,0.6010224632045902,0.8391538896539703,0.5726606331185471,0.8322014282026684,0.001767034011702362,0.003221709571683218,0.06139842008603496,0.019968559612211716,/kaggle/input/datasets/hintrngia/locked-densenet-xai-inputs/D-C0/DenseNet121/seed_3407/best_checkpoint.pt
E01_XAI_D_C0_DenseNet121,D-C0,DenseNet121,3407,4,normal,E-256958BC036CED77CAAB2A55.jpeg,0,0.06541255853014967,0.65966796875,0,1,0.345957757554643,0.34595775604248047,0.3496246337890625,0.9895119626020635,0.3527446938237035,0.3527446985244751,1.0089240280378053,0,0,80,0,68,2,0.5697361570552602,0.837542672061885,0.3978225504765215,0.834988191951725,0.006461207769391464,0.006705337805356371,-0.004407606234093806,0.17555992624258612,/kaggle/input/datasets/hintrngia/locked-densenet-xai-inputs/D-C0/DenseNet121/seed_3407/best_checkpoint.pt
E01_XAI_D_C0_DenseNet121,D-C0,DenseNet121,3407,5,normal,E-280031A047E47DC7EA750C62.jpeg,0,0.1807649829021565,0.65966796875,0,1,0.4842514177044997,0.4842514097690582,0.3791046142578125,1.2773556414039884,0.521103341875851,0.5211033225059509,1.374563437841649,1,0,80,111,46,14,0.467069047877933,0.7119303829530802,0.5527817333153447,0.6835210323924614,0.003697940533128663,0.0067038243605617165,-0.17259045608484222,-0.0634023991834178,/kaggle/input/datasets/hintrngia/locked-densenet-xai-inputs/D-C0/DenseNet121/seed_3407/best_checkpoint.pt
E01_XAI_D_C0_DenseNet121,D-C0,DenseNet121,3407,6,normal,E-28020DB22FEE86C7B17E72DA.jpeg,0,0.20303544839790172,0.65966796875,0,1,0.1639368927954495,0.16393689811229706,0.3710174560546875,0.4418576272359687,0.11105416252598355,0.11105415970087051,0.29932328173155903,0,0,79,0,71,46,0.788846268293803,0.6757857404459484,0.7245610397158717,0.6824406748654326,0.0001534842957610083,0.00011424680730341696,-0.3250902907745366,-0.11677715847323465,/kaggle/input/datasets/hintrngia/locked-densenet-xai-inputs/D-C0/DenseNet121/seed_3407/best_checkpoint.pt
E01_XAI_D_C0_DenseNet121,D-C0,DenseNet121,3407,7,normal,E-28234EA54B2F1B13D8D5995E.jpeg,0,0.40581914677230374,0.65966796875,0,1,0.2515288442883574,0.25152885913848877,0.3462677001953125,0.7263999620712023,0.2353389607132077,0.23533895611763,0.6796445656943013,0,0,111,47,27,55,0.41224957844277565,0.5914118531012698,0.4141461744805406,0.5616092753499937,0.002711254242849459,0.002275862604725093,-0.35985079942217,0.22200515887368122,/kaggle/input/datasets/hintrngia/locked-densenet-xai-inputs/D-C0/DenseNet121/seed_3407/best_checkpoint.pt
E01_XAI_D_C0_DenseNet121,D-C0,DenseNet121,3407,8,normal,E-28CAAFCB1AFEEA2D46764B17.jpeg,0,0.8551669475485626,0.65966796875,1,0,0.3425136587821313,0.34251365065574646,0.38934326171875,0.8797215528274712,0.2710673983436785,0.27106741070747375,0.6962170017969632,1,0,143,47,1,1,0.4879593664195777,0.8880931483774358,0.552128057379141,0.8975390282392295,0.0007945571472846025,0.004143448652094095,-0.6240881745745682,0.29810159866743463,/kaggle/input/datasets/hintrngia/locked-densenet-xai-inputs/D-C0/DenseNet121/seed_3407/best_checkpoint.pt
E01_XAI_D_C0_DenseNet121,D-C0,DenseNet121,3407,9,normal,E-29AE82E82E5A6A48DC6D8B99.jpeg,0,0.18157451932776228,0.65966796875,0,1,0.2281427470087669,0.22814275324344635,0.3269195556640625,0.6978559191582986,0.21342722978440964,0.21342723071575165,0.6528432639977162,0,0,111,47,129,2,0.502687518024088,0.8080601846935929,0.430797838101408,0.8001351071022826,0.00112068329237755,0.00030327299702456734,0.6267945629303866,0.8663744797016255,/kaggle/input/datasets/hintrngia/locked-densenet-xai-inputs/D-C0/DenseNet121/seed_3407/best_checkpoint.pt
E01_XAI_D_C0_DenseNet121,D-C0,DenseNet121,3407,10,normal,E-2B646E91E652E02CC65E6BA0.jpeg,0,0.013903052262958397,0.65966796875,0,1,0.32826237189169766,0.3282623589038849,0.2742767333984375,1.1968290850789596,0.3942677313410356,0.394267737865448,1.4374815043764178,0,0,143,48,141,16,0.8155778130533933,0.8851546741694541,0.7165339131011871,0.9346373138076198,0.001608469237029897,0.004515006644811137,-0.5061553570549087,-0.05375746569378453,/kaggle/input/datasets/hintrngia/locked-densenet-xai-inputs/D-C0/DenseNet121/seed_3407/best_checkpoint.pt
E01_XAI_D_C0_DenseNet121,D-C0,DenseNet121,3407,11,normal,E-2F227E134B6699426A9E9AB9.jpeg,0,0.3554137290837585,0.65966796875,0,1,0.152540247739917,0.15254025161266327,0.3509368896484375,0.43466575398422547,0.13544407337278846,0.13544407486915588,0.38594994532627785,0,0,111,208,15,59,0.5632442674360623,0.4971797109964322,0.5535353689713043,0.517888017504206,0.0009951904488293972,0.002527410549191089,-0.1819905113738637,0.4010163927312153,/kaggle/input/datasets/hintrngia/locked-densenet-xai-inputs/D-C0/DenseNet121/seed_3407/best_checkpoint.pt
E01_XAI_D_C0_DenseNet121,D-C0,DenseNet121,3407,12,normal,E-2F5E9CF0C3839769BD6D37AD.jpeg,0,0.5979888067809879,0.65966796875,0,1,0.17676692885157785,0.17676693201065063,0.3790740966796875,0.46631233946049216,0.17714271376601906,0.17714270949363708,0.46730366257576883,0,0,175,0,175,11,0.4085779494837275,0.4953956374482269,0.3778956949534206,0.48432430075345945,0.0034206132109970977,0.0036692893271619287,0.8211368315221088,0.7724623492427422,/kaggle/input/datasets/hintrngia/locked-densenet-xai-inputs/D-C0/DenseNet121/seed_3407/best_checkpoint.pt
E01_XAI_D_C0_DenseNet121,D-C0,DenseNet121,3407,13,normal,E-306538194ADB5E9E447B7A10.jpeg,0,0.05549881497759704,0.65966796875,0,1,0.3025005424119156,0.30250054597854614,0.2563934326171875,1.179829527316985,0.3574657278554074,0.3574657142162323,1.3942078165049088,0,0,112,207,116,3,0.6422769903441939,0.8491064254746722,0.5547542577825784,0.8133129390733327,0.0012854627871130009,0.0006256083388853639,0.07721938163767056,0.3795291806352384,/kaggle/input/datasets/hintrngia/locked-densenet-xai-inputs/D-C0/DenseNet121/seed_3407/best_checkpoint.pt
E01_XAI_D_C0_DenseNet121,D-C0,DenseNet121,3407,14,normal,E-36FB7A78C2BFA1A3824C3EFA.jpeg,0,0.30919527549595627,0.65966796875,0,1,0.15654545493646885,0.1565454602241516,0.3275299072265625,0.47795774212515363,0.13057408801682757,0.1305740922689438,0.3986630995700355,0,0,111,240,23,29,0.4453690961058894,0.4954755839989664,0.44608668393693307,0.518931269904789,0.0005723468906489726,0.002411364728455573,0.04354476698073851,0.7229203293641341,/kaggle/input/datasets/hintrngia/locked-densenet-xai-inputs/D-C0/DenseNet121/seed_3407/best_checkpoint.pt
E01_XAI_D_C0_DenseNet121,D-C0,DenseNet121,3407,15,normal,E-3B865A0E9283DC8B3D382B5F.jpeg,0,0.9506321847279499,0.65966796875,1,0,0.31367676246299253,0.31367677450180054,0.360931396484375,0.8690758562938479,0.07359903688999503,0.07359904050827026,0.2039141997811243,0,0,208,240,244,250,0.7214931821953453,0.9254540598757286,0.7139993564561937,0.9253636266605992,0.001689281508182927,0.0015656218988460563,-0.12121540616565436,0.2257806110798003,/kaggle/input/datasets/hintrngia/locked-densenet-xai-inputs/D-C0/DenseNet121/seed_3407/best_checkpoint.pt
E01_XAI_D_C0_DenseNet121,D-C0,DenseNet121,3407,16,normal,E-3D66EC3C4F2D4073FE577EEA.jpeg,0,0.11393222783510375,0.65966796875,0,1,0.21417618016947473,0.21417617797851562,0.2598114013671875,0.8243525074051035,0.24215687459509788,0.24215687811374664,0.9320486834712125,0,0,111,0,75,6,0.5893212413693948,0.7789038845603785,0.492866759733225,0.7181539454812162,0.0002525343599932284,0.0030065018171099023,-0.3564385352144043,-0.06989439874517676,/kaggle/input/datasets/hintrngia/locked-densenet-xai-inputs/D-C0/DenseNet121/seed_3407/best_checkpoint.pt
E01_XAI_D_C0_DenseNet121,D-C0,DenseNet121,3407,17,normal,E-40D9418B91304B06987F2A6E.jpeg,0,0.7130702223121835,0.65966796875,1,0,0.4421422092368336,0.44214221835136414,0.3151092529296875,1.403139403638813,0.42666043649446855,0.4266604483127594,1.3540079592320706,1,0,208,208,1,174,0.6453474662691722,0.7776433831438829,0.6995701191311596,0.8497032094642554,0.0009593227451979436,0.027220690777778722,-0.3645700912606521,-0.1239990707567494,/kaggle/input/datasets/hintrngia/locked-densenet-xai-inputs/D-C0/DenseNet121/seed_3407/best_checkpoint.pt
E01_XAI_D_C0_DenseNet121,D-C0,DenseNet121,3407,18,normal,E-44BF14DBF8A5FE52BF53ED2E.jpeg,0,0.3681229384023026,0.65966796875,0,1,0.18000383712115461,0.1800038367509842,0.32672119140625,0.5509401956646734,0.22826449803061605,0.22826449573040009,0.6986522577496008,0,1,79,240,82,185,0.27360349286783414,0.44044855783818915,0.25485731875523976,0.44673580268033547,0.0017126877527255113,0.0007055529777191261,-0.17518071167970628,0.26991709762654625,/kaggle/input/datasets/hintrngia/locked-densenet-xai-inputs/D-C0/DenseNet121/seed_3407/best_checkpoint.pt
E01_XAI_D_C0_DenseNet121,D-C0,DenseNet121,3407,19,normal,E-47080ACF9F207EB21662EAAE.jpeg,0,0.8750922255784342,0.65966796875,1,0,0.367301399867088,0.36730140447616577,0.3899383544921875,0.9419473504867728,0.2879419441871736,0.28794193267822266,0.7384293975445357,1,0,80,47,35,0,0.5559759364448797,0.8876307060913697,0.6797554565256039,0.9167015386141033,0.001307209003761134,0.0018643659770140597,-0.08518033997803348,0.3286236417054466,/kaggle/input/datasets/hintrngia/locked-densenet-xai-inputs/D-C0/DenseNet121/seed_3407/best_checkpoint.pt
E01_XAI_D_C0_DenseNet121,D-C0,DenseNet121,3407,20,normal,E-4F18C9F59223CD9D0CA81789.jpeg,0,0.9304731256882709,0.65966796875,1,0,0.4513813810488421,0.4513813853263855,0.305145263671875,1.4792344328641323,0.344510615841385,0.34451061487197876,1.129005286517702,0,0,48,47,79,15,0.8128958014661771,0.8939465852584261,0.8880432784065662,0.9417711855474229,0.000921853754559443,0.013491524982955971,0.8435409181574111,0.9130352061290705,/kaggle/input/datasets/hintrngia/locked-densenet-xai-inputs/D-C0/DenseNet121/seed_3407/best_checkpoint.pt
E01_XAI_D_C0_DenseNet121,D-C0,DenseNet121,3407,21,normal,E-57BEC1C15CFD6C2BBAF49905.jpeg,0,0.22226826460177115,0.65966796875,0,1,0.36406395819480325,0.36406394839286804,0.3210601806640625,1.1339430428332602,0.2701233019553059,0.27012330293655396,0.8413478787578027,0,0,144,47,88,7,0.4569780207553702,0.7350390334673782,0.3755133408854404,0.6685509506641265,0.006416853406610967,0.005921500823567294,-0.3715301182600291,-0.0793145135316823,/kaggle/input/datasets/hintrngia/locked-densenet-xai-inputs/D-C0/DenseNet121/seed_3407/best_checkpoint.pt
E01_XAI_D_C0_DenseNet121,D-C0,DenseNet121,3407,22,normal,E-5822F4C00AF6A5D69871506D.jpeg,0,0.40229951634153094,0.65966796875,0,1,0.2419438369992961,0.2419438362121582,0.414520263671875,0.5836719171606372,0.17239027562989348,0.17239028215408325,0.415879006982283,0,0,47,47,19,3,0.3338794833629213,0.580351558001776,0.3444396712949591,0.5633726858093318,0.007700638436033969,0.00407025909299083,0.0247658662401847,0.03613312231905693,/kaggle/input/datasets/hintrngia/locked-densenet-xai-inputs/D-C0/DenseNet121/seed_3407/best_checkpoint.pt
E01_XAI_D_C0_DenseNet121,D-C0,DenseNet121,3407,23,normal,E-592EC4B388705AD74965EF2F.jpeg,0,0.15917229944811842,0.65966796875,0,1,0.1891981101650393,0.1891981065273285,0.3038330078125,0.6227042661599044,0.15253278562907824,0.15253278613090515,0.5020283567189269,0,0,80,47,111,2,0.7126667021077515,0.6590896660277141,0.6039138289273132,0.6635685252152118,0.0013258782892398013,0.0015458967204717011,-0.16386889001157662,-0.022736892072559096,/kaggle/input/datasets/hintrngia/locked-densenet-xai-inputs/D-C0/DenseNet121/seed_3407/best_checkpoint.pt
E01_XAI_D_C0_DenseNet121,D-C0,DenseNet121,3407,24,normal,E-5EB53A5E9ABA53D43AB743A8.jpeg,0,0.102464856658255,0.65966796875,0,1,0.23398899295835546,0.23398900032043457,0.2571563720703125,0.909909371774686,0.2513468160421035,0.2513468265533447,0.9774084694793388,0,0,112,0,71,8,0.6109431551775648,0.7723965242964164,0.549549738678643,0.7279555356566646,0.00335756119384667,0.003355064249902562,0.2582938496491741,0.7602109846787736,/kaggle/input/datasets/hintrngia/locked-densenet-xai-inputs/D-C0/DenseNet121/seed_3407/best_checkpoint.pt
E01_XAI_D_C0_DenseNet121,D-C0,DenseNet121,3407,25,normal,E-5FBF0EE47B9EC5825E465989.jpeg,0,0.37667358885321195,0.65966796875,0,1,0.3150911579125775,0.31509116291999817,0.329376220703125,0.9566299511238154,0.2939352223472265,0.29393520951271057,0.8923996447580764,0,0,112,208,107,254,0.32744339132552736,0.6230691878749453,0.24545602115886433,0.6434320982378611,0.00036177775577322935,0.00022382953985899956,-0.394132170534473,0.02066419626093764,/kaggle/input/datasets/hintrngia/locked-densenet-xai-inputs/D-C0/DenseNet121/seed_3407/best_checkpoint.pt
E01_XAI_D_C0_DenseNet121,D-C0,DenseNet121,3407,26,normal,E-67976418F9EE68ADAB32C212.jpeg,0,0.12274839404135177,0.65966796875,0,1,0.15637367796009705,0.15637367963790894,0.26171875,0.5974874859370872,0.13046993117797462,0.1304699331521988,0.49851197584420154,0,0,111,0,86,46,0.7562109556480896,0.8036792313874639,0.6620545643597641,0.8135696748720209,0.0001748463319792004,0.0017829015228428557,-0.5639225467294092,-0.05141841293227904,/kaggle/input/datasets/hintrngia/locked-densenet-xai-inputs/D-C0/DenseNet121/seed_3407/best_checkpoint.pt
E01_XAI_D_C0_DenseNet121,D-C0,DenseNet121,3407,27,normal,E-74019A53B16F834307F73E46.jpeg,0,0.499562554638686,0.65966796875,0,1,0.1866350970935833,0.1866350919008255,0.372467041015625,0.5010781533439195,0.2111975087675514,0.21119751036167145,0.5670233484059913,0,0,175,240,154,232,0.3323155878714887,0.49775840137961314,0.3356204911410812,0.42568586640375566,0.00935940778499092,0.012344504102184461,-0.3018474558873399,-0.036950537233789243,/kaggle/input/datasets/hintrngia/locked-densenet-xai-inputs/D-C0/DenseNet121/seed_3407/best_checkpoint.pt
E01_XAI_D_C0_DenseNet121,D-C0,DenseNet121,3407,28,normal,E-778E5DF620CB9DE6A84B008B.jpeg,0,0.9781372178680529,0.65966796875,1,0,0.4640437215508126,0.4640437066555023,0.3386688232421875,1.3701991140146004,0.43798561804366154,0.4379856288433075,1.2932563849564949,1,0,207,208,171,250,0.8708885993240532,0.9524912227543614,0.8716822096036987,0.9768749394297391,0.0012378383243907831,0.016510827397423322,-0.47800098542103064,-0.10691172910491255,/kaggle/input/datasets/hintrngia/locked-densenet-xai-inputs/D-C0/DenseNet121/seed_3407/best_checkpoint.pt
E01_XAI_D_C0_DenseNet121,D-C0,DenseNet121,3407,29,normal,E-77C42172A076E16EE5474210.jpeg,0,0.658593477141249,0.65966796875,0,1,0.21125305344384698,0.21125304698944092,0.39276123046875,0.537866360159128,0.2093244491543256,0.209324449300766,0.5329559867823576,0,0,112,240,100,218,0.24558644218527378,0.46595825553756176,0.2707468614770977,0.43135926992160034,0.00042563589943742097,0.0019460081753114589,-0.04994536462828018,0.18353894484290986,/kaggle/input/datasets/hintrngia/locked-densenet-xai-inputs/D-C0/DenseNet121/seed_3407/best_checkpoint.pt
E01_XAI_D_C0_DenseNet121,D-C0,DenseNet121,3407,30,normal,E-7B1FB0C84C51C5CD8EDBCCFD.jpeg,0,0.9979966419265697,0.65966796875,1,0,0.4618115936089629,0.4618116021156311,0.388427734375,1.1889253849291717,0.30974569750078534,0.3097456991672516,0.7974345549737377,0,0,208,240,244,250,0.8684003147006949,0.9767681650004889,0.9370209296982803,0.9849366196118443,0.00022033495242362866,0.004799235780302558,-0.5403290326030603,-0.004705071857127783,/kaggle/input/datasets/hintrngia/locked-densenet-xai-inputs/D-C0/DenseNet121/seed_3407/best_checkpoint.pt
E01_XAI_D_C0_DenseNet121,D-C0,DenseNet121,3407,31,normal,E-7B7A8A9BEAA512F9DC3E0865.jpeg,0,0.2813534327528231,0.65966796875,0,1,0.516823703858645,0.5168237090110779,0.356475830078125,1.4498141535861722,0.6000953758231574,0.6000953912734985,1.6834111184807141,1,0,80,111,55,3,0.29241551655563924,0.6547894033522794,0.243986808885775,0.6692919049900335,0.005020370978351507,0.006681910991609197,-0.3185124738632003,-0.07736552139419144,/kaggle/input/datasets/hintrngia/locked-densenet-xai-inputs/D-C0/DenseNet121/seed_3407/best_checkpoint.pt
E01_XAI_D_C0_DenseNet121,D-C0,DenseNet121,3407,32,normal,E-82FCB2C3D1996A8155B45525.jpeg,0,0.035141079125540105,0.65966796875,0,1,0.32927218658380464,0.32927218079566956,0.2450714111328125,1.3435764908758,0.3524533488436952,0.352453351020813,1.438165909334438,0,0,143,176,138,30,0.49456432158689934,0.8261825908150469,0.4288989515091016,0.827308693948126,0.0008191239698221442,0.000805499132744969,0.522950649042088,0.748447694978762,/kaggle/input/datasets/hintrngia/locked-densenet-xai-inputs/D-C0/DenseNet121/seed_3407/best_checkpoint.pt
E01_XAI_D_C0_DenseNet121,D-C0,DenseNet121,3407,33,normal,E-843CBB869621D4078F498542.jpeg,0,0.6664739838036082,0.65966796875,1,0,0.39315092005093877,0.3931509256362915,0.3597412109375,1.0928715090116357,0.38315776803547263,0.38315775990486145,1.0650927844406488,1,1,208,207,219,202,0.41684146220958573,0.8103228996903218,0.48970476996739754,0.8660484403477972,0.0028452024710421964,0.0009107623434364553,0.0017296009384947652,0.557889489410874,/kaggle/input/datasets/hintrngia/locked-densenet-xai-inputs/D-C0/DenseNet121/seed_3407/best_checkpoint.pt
E01_XAI_D_C0_DenseNet121,D-C0,DenseNet121,3407,34,normal,E-845A5BC2008587BFFF60937F.jpeg,0,0.7547197175409283,0.65966796875,1,0,0.38516840132162966,0.3851684033870697,0.3625030517578125,1.0625245758729773,0.3008357958061663,0.3008357882499695,0.8298848639959976,1,0,48,176,10,195,0.6220340028353954,0.8020308272936061,0.7550110232376335,0.8516704279936049,0.007066483815694524,0.0036555937457490306,-0.09774230848012253,-0.022351815749020506,/kaggle/input/datasets/hintrngia/locked-densenet-xai-inputs/D-C0/DenseNet121/seed_3407/best_checkpoint.pt
E01_XAI_D_C0_DenseNet121,D-C0,DenseNet121,3407,35,normal,E-8BB569A271B438E1FF7419AA.jpeg,0,0.3430115308444902,0.65966796875,0,1,0.11354908969545112,0.11354909092187881,0.3291015625,0.3450275010330622,0.07760910149157031,0.0776090994477272,0.23582112738091396,0,0,144,0,189,1,0.5361334219281968,0.5139105478155808,0.48707650361286714,0.525125602932907,0.0029336985884732686,0.00022880372535687143,0.5221704131445473,0.8520386597079752,/kaggle/input/datasets/hintrngia/locked-densenet-xai-inputs/D-C0/DenseNet121/seed_3407/best_checkpoint.pt
E01_XAI_D_C0_DenseNet121,D-C0,DenseNet121,3407,36,normal,E-8E65534102472D38A215B619.jpeg,0,0.7445097033374521,0.65966796875,1,0,0.40103968353259867,0.4010396897792816,0.4018096923828125,0.998083647893988,0.3969667782068034,0.3969667851924896,0.9879472440117368,1,1,207,208,194,214,0.6026679785935957,0.8245292443108122,0.5987538698613832,0.8615945698270013,0.002955884003402076,0.0019025546294551,0.8356330377249885,0.8498493345360356,/kaggle/input/datasets/hintrngia/locked-densenet-xai-inputs/D-C0/DenseNet121/seed_3407/best_checkpoint.pt
E01_XAI_D_C0_DenseNet121,D-C0,DenseNet121,3407,37,normal,E-91CCC5E035FBDB0CCBB30E2A.jpeg,0,0.2582980108683327,0.65966796875,0,1,0.4672892916924452,0.4672892987728119,0.4178619384765625,1.118286325373602,0.5419126705644153,0.5419126749038696,1.296870139788553,0,1,79,240,55,191,0.5233459249280719,0.7251670590135679,0.43418853722703143,0.6855118236820369,3.447137118750554e-06,0.001946373990118988,0.5161904773109857,0.6485985725644863,/kaggle/input/datasets/hintrngia/locked-densenet-xai-inputs/D-C0/DenseNet121/seed_3407/best_checkpoint.pt
E01_XAI_D_C0_DenseNet121,D-C0,DenseNet121,3407,38,normal,E-91CD2D4F539A3D56107014E7.jpeg,0,0.6980199044389691,0.65966796875,1,0,0.4456913788895711,0.44569137692451477,0.376434326171875,1.1839817676087123,0.4422503648407934,0.4422503709793091,1.1748406935632847,1,0,47,208,7,251,0.6235997867891593,0.7047985454090058,0.6632514244647647,0.7818821618519138,0.0036806589065990214,0.0008587405244175339,-0.19524985786133178,-0.03916324897890474,/kaggle/input/datasets/hintrngia/locked-densenet-xai-inputs/D-C0/DenseNet121/seed_3407/best_checkpoint.pt
E01_XAI_D_C0_DenseNet121,D-C0,DenseNet121,3407,39,normal,E-93DEE19500CF7BC746908FEA.jpeg,0,0.4016520789326072,0.65966796875,0,1,0.32138808410437414,0.3213880956172943,0.3555908203125,0.9038143443127473,0.33366510264668003,0.3336651027202606,0.9383400346315148,1,0,79,47,58,2,0.42911997384492795,0.6556183965385263,0.3638320099464162,0.6559700225296599,0.0008373167069823384,0.003004052151586556,0.7271993816867226,0.8405656249752377,/kaggle/input/datasets/hintrngia/locked-densenet-xai-inputs/D-C0/DenseNet121/seed_3407/best_checkpoint.pt
E01_XAI_D_C0_DenseNet121,D-C0,DenseNet121,3407,40,normal,E-9A48264C99FDAC90E29908DD.jpeg,0,0.9876173933556194,0.65966796875,1,0,0.22169113616400535,0.22169113159179688,0.3754425048828125,0.5904795894998681,0.0731558463861346,0.07315584272146225,0.19485232874463387,0,0,208,0,242,4,0.5316016297311438,0.9548447782861756,0.6149214888048218,0.9568700089254046,0.0003966060562057283,0.00012477965622091636,-0.03568741937821041,0.5810635423123461,/kaggle/input/datasets/hintrngia/locked-densenet-xai-inputs/D-C0/DenseNet121/seed_3407/best_checkpoint.pt
E01_XAI_D_C0_DenseNet121,D-C0,DenseNet121,3407,41,normal,E-A5B76F5465A7745EBBAE1D8D.jpeg,0,0.6538022829319516,0.65966796875,0,1,0.18604962295679703,0.18604962527751923,0.36846923828125,0.5049257946867919,0.15917098893342455,0.1591709852218628,0.43197904301560835,0,0,143,240,111,247,0.27618227031549747,0.40070620794284584,0.28418722006850283,0.369983773645879,0.0021067700501299913,0.004058987352171389,0.27479724761801233,0.4755277250024778,/kaggle/input/datasets/hintrngia/locked-densenet-xai-inputs/D-C0/DenseNet121/seed_3407/best_checkpoint.pt
E01_XAI_D_C0_DenseNet121,D-C0,DenseNet121,3407,42,normal,E-A92185A886C303721C499620.jpeg,0,0.943624579594475,0.65966796875,1,0,0.45038396900238087,0.4503839612007141,0.4248199462890625,1.0601761356467092,0.38899999409699443,0.3889999985694885,0.9156820377551319,1,0,208,208,85,1,0.6397438869326233,0.9355825531896652,0.7978311783288481,0.951739279364416,1.2690176709961865e-05,0.00012837662783876658,0.1225313528972846,0.6786415181546736,/kaggle/input/datasets/hintrngia/locked-densenet-xai-inputs/D-C0/DenseNet121/seed_3407/best_checkpoint.pt
E01_XAI_D_C0_DenseNet121,D-C0,DenseNet121,3407,43,normal,E-B1906A980682154F21AC8637.jpeg,0,0.10595718547590087,0.65966796875,0,1,0.2983981327338728,0.29839813709259033,0.37506103515625,0.7955988619547228,0.30302384817378847,0.3030238449573517,0.8079320957655574,0,1,176,208,169,202,0.648220202790543,0.7464351505617386,0.6020247437657198,0.5992628675764619,0.0022105000919950824,0.0008964002190551823,0.17225043776094442,0.4933709885943425,/kaggle/input/datasets/hintrngia/locked-densenet-xai-inputs/D-C0/DenseNet121/seed_3407/best_checkpoint.pt
E01_XAI_D_C0_DenseNet121,D-C0,DenseNet121,3407,44,normal,E-B701F1D8C0C0617522833A87.jpeg,0,0.018684551630700798,0.65966796875,0,1,0.2826084565080945,0.2826084494590759,0.2968597412109375,0.951993205125391,0.32778418346617727,0.3277841806411743,1.10417189656332,0,1,112,0,173,44,0.7628372809581339,0.8570756705167829,0.6253637411652284,0.869590047765558,0.0002043151308536717,0.0007734727500969263,0.6586742265659687,0.8554346237594812,/kaggle/input/datasets/hintrngia/locked-densenet-xai-inputs/D-C0/DenseNet121/seed_3407/best_checkpoint.pt
E01_XAI_D_C0_DenseNet121,D-C0,DenseNet121,3407,45,normal,E-B80945974BB38152A2ADE2AF.jpeg,0,0.02209243887929447,0.65966796875,0,1,0.3467604068809038,0.3467603921890259,0.287933349609375,1.2043078974746642,0.32035533062409144,0.3203553259372711,1.1126023819703474,0,0,112,207,115,211,0.7384335371018554,0.9099501394447416,0.6771322981994273,0.9000335287366845,0.001595677433581022,0.0036652451342668035,0.4221216454659087,0.5957362603858061,/kaggle/input/datasets/hintrngia/locked-densenet-xai-inputs/D-C0/DenseNet121/seed_3407/best_checkpoint.pt
E01_XAI_D_C0_DenseNet121,D-C0,DenseNet121,3407,46,normal,E-BB74E7A26CC5772AE8204932.jpeg,0,0.7328242509734976,0.65966796875,1,0,0.47139037461414396,0.47139036655426025,0.396759033203125,1.1881024379167964,0.4678915459195415,0.46789154410362244,1.1792839148289775,1,0,176,47,173,10,0.5865399719662827,0.7846333459909898,0.5628609263088276,0.8158424843705908,0.003888562493787162,0.008507419915669057,0.14600593456863725,0.6016548602820289,/kaggle/input/datasets/hintrngia/locked-densenet-xai-inputs/D-C0/DenseNet121/seed_3407/best_checkpoint.pt
E01_XAI_D_C0_DenseNet121,D-C0,DenseNet121,3407,47,normal,E-BB96C349B18A4710DE07EC01.jpeg,0,0.45930731499213656,0.65966796875,0,1,0.4922976031870858,0.49229758977890015,0.3329010009765625,1.4788108228660612,0.46923305088943995,0.46923303604125977,1.4095273054540192,1,0,79,47,54,11,0.38595577582791285,0.5463652911483667,0.3060855119385106,0.5574745407359761,0.001069122593797378,0.0028444116593562274,0.10447579050238659,0.27486071237628346,/kaggle/input/datasets/hintrngia/locked-densenet-xai-inputs/D-C0/DenseNet121/seed_3407/best_checkpoint.pt
E01_XAI_D_C0_DenseNet121,D-C0,DenseNet121,3407,48,normal,E-BCDF7BD5461E233F18CDF83C.jpeg,0,0.1805569581516716,0.65966796875,0,1,0.3882467929120607,0.3882468044757843,0.2940521240234375,1.3203332375219143,0.30919568103858386,0.3091956675052643,1.0514995668384948,0,0,143,47,90,21,0.5949977693010061,0.8105399625068707,0.5310354892182781,0.7562022693419285,0.0009956007095005548,0.0023862899178096475,-0.17117923030449803,0.020640071861090153,/kaggle/input/datasets/hintrngia/locked-densenet-xai-inputs/D-C0/DenseNet121/seed_3407/best_checkpoint.pt
E01_XAI_D_C0_DenseNet121,D-C0,DenseNet121,3407,49,normal,E-BF6060CF2B5D86362B50F1EF.jpeg,0,0.13317614910001735,0.65966796875,0,1,0.26048838144935477,0.2604883909225464,0.3540191650390625,0.7358030501558085,0.21667654561255606,0.21667654812335968,0.6120475019725216,0,0,143,208,139,216,0.6387541635214531,0.7789947580561756,0.5703114887109336,0.7452980839552016,0.0019810563000728365,0.00039847291218716996,-0.31080399646918877,-0.06385840943567007,/kaggle/input/datasets/hintrngia/locked-densenet-xai-inputs/D-C0/DenseNet121/seed_3407/best_checkpoint.pt
E01_XAI_D_C0_DenseNet121,D-C0,DenseNet121,3407,50,normal,E-C7B56CF9C42EB131FD94EA3C.jpeg,0,0.9851872975607484,0.65966796875,1,0,0.201873773616782,0.201873779296875,0.32830810546875,0.6148912264244946,0.05576819948322604,0.055768199265003204,0.16986543601657844,0,0,208,0,242,10,0.6236733426933146,0.9789759062333547,0.6070099891340865,0.980303303692352,0.0022695962334862707,0.0006135257418046908,0.9091898206765905,0.9946514055510715,/kaggle/input/datasets/hintrngia/locked-densenet-xai-inputs/D-C0/DenseNet121/seed_3407/best_checkpoint.pt
E01_XAI_D_C0_DenseNet121,D-C0,DenseNet121,3407,51,normal,E-D31B79C24E008C43E1511E9D.jpeg,0,0.01821502711557671,0.65966796875,0,1,0.39712475193092417,0.3971247375011444,0.29034423828125,1.3677721117587265,0.4291904902616125,0.4291904866695404,1.4782125273168507,0,0,143,48,130,43,0.7548174395670393,0.9440576081231735,0.6803820199274553,0.9056584195983188,0.003249684415896348,0.0037083533433293625,0.017710975635130806,0.7142295322314166,/kaggle/input/datasets/hintrngia/locked-densenet-xai-inputs/D-C0/DenseNet121/seed_3407/best_checkpoint.pt
E01_XAI_D_C0_DenseNet121,D-C0,DenseNet121,3407,52,normal,E-E13640D767DD410F37B990A9.jpeg,0,0.25697279189439176,0.65966796875,0,1,0.32969477874643305,0.3296947777271271,0.3385162353515625,0.9739408167647616,0.33394741749786533,0.33394742012023926,0.9865034010881272,1,1,111,176,66,187,0.3543597169194981,0.7103534008711242,0.2535474794097647,0.7291700375567269,6.468027766592943e-05,0.003893996999548177,0.3570184224032264,0.5468259011981744,/kaggle/input/datasets/hintrngia/locked-densenet-xai-inputs/D-C0/DenseNet121/seed_3407/best_checkpoint.pt
E01_XAI_D_C0_DenseNet121,D-C0,DenseNet121,3407,53,normal,E-E2352C479C37BA410D3419C8.jpeg,0,0.5110297467597982,0.65966796875,0,1,0.6185639916661491,0.6185640096664429,0.460540771484375,1.3431253647151529,0.6814556604379333,0.681455671787262,1.4796858446246237,1,1,207,80,205,73,0.21678033584988282,0.5467826928967682,0.23667704918829688,0.4938658922710469,0.0011122195293551407,0.003333490425880492,0.25455311486873855,0.5034118127469711,/kaggle/input/datasets/hintrngia/locked-densenet-xai-inputs/D-C0/DenseNet121/seed_3407/best_checkpoint.pt
E01_XAI_D_C0_DenseNet121,D-C0,DenseNet121,3407,54,normal,E-E249A212D4F7D1C6D4206FBF.jpeg,0,0.2793345580452099,0.65966796875,0,1,0.4557930001867766,0.45579299330711365,0.44427490234375,1.0259256099821608,0.5186893710692861,0.5186893939971924,1.1674964494572309,0,1,111,208,88,106,0.3712269981572981,0.6709359008578846,0.5160769223195432,0.6748492475924274,0.0031691500844053255,0.0003686143230147154,0.051540628795856316,0.32220404898601007,/kaggle/input/datasets/hintrngia/locked-densenet-xai-inputs/D-C0/DenseNet121/seed_3407/best_checkpoint.pt
E01_XAI_D_C0_DenseNet121,D-C0,DenseNet121,3407,55,normal,E-E2DD25AE8644A21D4C1655DA.jpeg,0,0.41468945869150114,0.65966796875,0,1,0.18069784230623265,0.18069784343242645,0.3409881591796875,0.5299240968980742,0.2061744326761922,0.20617443323135376,0.6046380999627212,0,0,176,240,73,28,0.3098889112976772,0.5196343123219269,0.27900200989319424,0.530561170623818,0.0003272044823961484,0.00013386154036817977,-0.2521187853279524,0.06022383306253203,/kaggle/input/datasets/hintrngia/locked-densenet-xai-inputs/D-C0/DenseNet121/seed_3407/best_checkpoint.pt
E01_XAI_D_C0_DenseNet121,D-C0,DenseNet121,3407,56,normal,E-E35138A3EAFB63D43C970EAE.jpeg,0,0.44440067680823797,0.65966796875,0,1,0.29054971574394,0.29054972529411316,0.4013519287109375,0.7239275432838403,0.21817693692469792,0.218176931142807,0.5436050541115843,0,0,0,47,43,3,0.34427400238509365,0.551188297740564,0.33771709905487746,0.47137918694548264,0.0015742181568503821,0.003280651053524597,-0.42301841984931565,0.16275271572016614,/kaggle/input/datasets/hintrngia/locked-densenet-xai-inputs/D-C0/DenseNet121/seed_3407/best_checkpoint.pt
E01_XAI_D_C0_DenseNet121,D-C0,DenseNet121,3407,57,normal,E-EACE2F51FB2EF2E191B9BC55.jpeg,0,0.9086112451812035,0.65966796875,1,0,0.46378680108554016,0.4637868106365204,0.4419708251953125,1.0493606696337634,0.3197970540871178,0.3197970688343048,0.7235705070482773,1,0,112,47,1,182,0.5238385735304807,0.9107761037170045,0.7280898278551079,0.9441003432121797,0.0005146531669472099,0.007955383409023797,-0.3788870886887315,0.17465232758042235,/kaggle/input/datasets/hintrngia/locked-densenet-xai-inputs/D-C0/DenseNet121/seed_3407/best_checkpoint.pt
E01_XAI_D_C0_DenseNet121,D-C0,DenseNet121,3407,58,normal,E-ED70ACD6E494856AB99B813B.jpeg,0,0.9944756520031435,0.65966796875,1,0,0.19446235005313062,0.1944623440504074,0.3370513916015625,0.576951630815427,0.04501177870126355,0.04501177743077278,0.1335457435359685,0,0,208,0,227,4,0.8119990185960202,0.9677841736572498,0.7298621876214829,0.9722311879606819,0.000708451439254465,0.0007407165332169938,-0.27159366331401225,-0.03708681369620148,/kaggle/input/datasets/hintrngia/locked-densenet-xai-inputs/D-C0/DenseNet121/seed_3407/best_checkpoint.pt
E01_XAI_D_C0_DenseNet121,D-C0,DenseNet121,3407,59,normal,E-EE1CB872F9ABCF62B8C9A410.jpeg,0,0.05751741695645435,0.65966796875,0,1,0.37094390042795217,0.37094390392303467,0.260040283203125,1.4264862961181946,0.5174370982579478,0.5174371004104614,1.9898343898270665,0,1,111,48,91,103,0.4677253585677029,0.8720221537318371,0.3538585042490991,0.8472403004479775,0.001405499382689801,0.00015631972430607544,-0.23087681323487308,-0.07203127784448934,/kaggle/input/datasets/hintrngia/locked-densenet-xai-inputs/D-C0/DenseNet121/seed_3407/best_checkpoint.pt
E01_XAI_D_C0_DenseNet121,D-C0,DenseNet121,3407,60,normal,E-EFAD2710B0F9E9CA19CFEDAD.jpeg,0,0.552340095691678,0.65966796875,0,1,0.23107552045984517,0.23107552528381348,0.36236572265625,0.6376859233980299,0.22798967002229392,0.22798967361450195,0.6291700780941997,0,0,48,47,10,52,0.24839556043923922,0.6161238072756474,0.19213692059871243,0.5846699519921998,0.0005748455215386361,0.004874926406403468,0.5116460997418284,0.8818059912655979,/kaggle/input/datasets/hintrngia/locked-densenet-xai-inputs/D-C0/DenseNet121/seed_3407/best_checkpoint.pt
E01_XAI_D_C0_DenseNet121,D-C0,DenseNet121,3407,61,normal,E-F32C5A7DA665488BF8EB2294.jpeg,0,0.4972613518194299,0.65966796875,0,1,0.24943279998675033,0.24943280220031738,0.3988037109375,0.6254525550938044,0.2753754996442592,0.27537548542022705,0.6905038546329267,0,1,79,240,63,203,0.3634895701741835,0.550915530894529,0.2996441051114585,0.5256179370643137,0.0017327049642908987,0.0027839999481805155,0.5645117346679285,0.5402404357206322,/kaggle/input/datasets/hintrngia/locked-densenet-xai-inputs/D-C0/DenseNet121/seed_3407/best_checkpoint.pt
E01_XAI_D_C0_DenseNet121,D-C0,DenseNet121,3407,62,normal,E-F57AB9616B464FB4687D409D.jpeg,0,0.49915099179012995,0.65966796875,0,1,0.23682940397441468,0.23682940006256104,0.43695068359375,0.5420048826256195,0.18149439464133585,0.18149439990520477,0.415365855818361,0,0,47,47,26,6,0.2906753230727891,0.4871339261967659,0.2989834955576207,0.3788502366822259,6.823651407464326e-05,0.0014949253137350182,0.3648144754087535,0.3354097216431636,/kaggle/input/datasets/hintrngia/locked-densenet-xai-inputs/D-C0/DenseNet121/seed_3407/best_checkpoint.pt
E01_XAI_D_C0_DenseNet121,D-C0,DenseNet121,3407,63,normal,E-F803B5977A560D3CAEE3206F.jpeg,0,0.41183675727712715,0.65966796875,0,1,0.2951052502074164,0.2951052486896515,0.3428192138671875,0.8608188755772128,0.3365856388364828,0.3365856409072876,0.9818167279471107,0,0,111,208,111,193,0.3722329865811909,0.6203631198310392,0.31333186768353416,0.5639739499824157,0.0020248632538253375,0.0019057005716153208,0.27139371736862894,0.5705770393258294,/kaggle/input/datasets/hintrngia/locked-densenet-xai-inputs/D-C0/DenseNet121/seed_3407/best_checkpoint.pt
E01_XAI_D_C0_DenseNet121,D-C0,DenseNet121,3407,64,pneumonia,E-018B83433C4DD934AA5C8B2B.jpeg,1,0.9985710039450639,0.65966796875,1,1,0.4788157186790739,0.4788157045841217,0.3726043701171875,1.2850512690671931,0.4408063813407426,0.44080638885498047,1.1830413615441626,0,0,144,144,251,11,0.9772859222518406,0.9846796645515364,0.9732551485549594,0.9926340445281129,0.001156976031709278,0.0070709640866155055,0.665482529131956,0.8126352573314782,/kaggle/input/datasets/hintrngia/locked-densenet-xai-inputs/D-C0/DenseNet121/seed_3407/best_checkpoint.pt
E01_XAI_D_C0_DenseNet121,D-C0,DenseNet121,3407,65,pneumonia,E-01E4EA18817F6CBD784D8ACE.jpeg,1,0.9801400001964704,0.65966796875,1,1,0.47106313134081135,0.47106313705444336,0.355072021484375,1.3266692469080967,0.5436701445789267,0.543670117855072,1.5311545593091767,0,0,48,48,87,1,0.8993931723047921,0.9551915945570506,0.9200657922974742,0.9771550707038483,0.0009482836190969346,0.012978546150264947,0.03171966109135312,0.34569519935053683,/kaggle/input/datasets/hintrngia/locked-densenet-xai-inputs/D-C0/DenseNet121/seed_3407/best_checkpoint.pt
E01_XAI_D_C0_DenseNet121,D-C0,DenseNet121,3407,66,pneumonia,E-0981A556ADE7F427711A3360.jpeg,1,0.9874427991351106,0.65966796875,1,1,0.3271330026928525,0.3271329998970032,0.315826416015625,1.035800003115218,0.22547392467992178,0.22547392547130585,0.7139172445561578,0,0,0,0,0,166,0.847456259616873,0.9579755179971455,0.8672693790609518,0.979305350813457,0.001463429685929274,0.0005182896717802754,0.30518111561361055,0.17018659348462076,/kaggle/input/datasets/hintrngia/locked-densenet-xai-inputs/D-C0/DenseNet121/seed_3407/best_checkpoint.pt
E01_XAI_D_C0_DenseNet121,D-C0,DenseNet121,3407,67,pneumonia,E-0B7E667233F7AB135F8A84DD.jpeg,1,0.9984950219526668,0.65966796875,1,1,0.4983415080937302,0.49834150075912476,0.3825225830078125,1.3027766992871954,0.6499900113258676,0.6499900221824646,1.6992199681779114,1,1,176,207,68,107,0.9773564329276193,0.9797182031106608,0.9610000523795279,0.9861523283265758,0.0014263617313877153,0.0007959156711222493,0.5737223913286743,0.6209590700435853,/kaggle/input/datasets/hintrngia/locked-densenet-xai-inputs/D-C0/DenseNet121/seed_3407/best_checkpoint.pt
E01_XAI_D_C0_DenseNet121,D-C0,DenseNet121,3407,68,pneumonia,E-122745006C7E29B76E58625B.jpeg,1,0.9810862284903672,0.65966796875,1,1,0.4079117532698079,0.4079117476940155,0.3352813720703125,1.2166251609834857,0.4518321295846016,0.451832115650177,1.3476207365610728,1,0,79,143,1,174,0.8412969440847564,0.9543710239130163,0.8392384453303643,0.9703028948954384,0.00041988175693336016,0.02095288851913235,0.19879250297934553,0.6610097209885567,/kaggle/input/datasets/hintrngia/locked-densenet-xai-inputs/D-C0/DenseNet121/seed_3407/best_checkpoint.pt
E01_XAI_D_C0_DenseNet121,D-C0,DenseNet121,3407,69,pneumonia,E-1265B89238C345234A9C993B.jpeg,1,0.978274222308359,0.65966796875,1,1,0.3944583448979541,0.3944583535194397,0.3254241943359375,1.2121358883683744,0.2526460819396772,0.2526460886001587,0.7763592453696575,0,0,47,47,21,2,0.8400765512352186,0.9417939789678504,0.7954436629170184,0.9629369609277102,0.0021936801177371845,0.005613734924759917,0.068479990890129,0.5441950728394586,/kaggle/input/datasets/hintrngia/locked-densenet-xai-inputs/D-C0/DenseNet121/seed_3407/best_checkpoint.pt
E01_XAI_D_C0_DenseNet121,D-C0,DenseNet121,3407,70,pneumonia,E-1777E855F7110F5A72B38BC0.jpeg,1,0.999541387519669,0.65966796875,1,1,0.4198205664898948,0.4198205769062042,0.3238525390625,1.29633248423868,0.48855411856032893,0.48855412006378174,1.5085696717852297,1,0,111,144,14,4,0.969921205432842,0.9857384561579985,0.9707705071996922,0.9942472049258684,0.0015067814894629272,0.008017998786712388,-0.16717777521289703,-0.02592138636658628,/kaggle/input/datasets/hintrngia/locked-densenet-xai-inputs/D-C0/DenseNet121/seed_3407/best_checkpoint.pt
E01_XAI_D_C0_DenseNet121,D-C0,DenseNet121,3407,71,pneumonia,E-198E88DB173F06A1227B639B.jpeg,1,0.9958338863176599,0.65966796875,1,1,0.3439358276009221,0.3439358174800873,0.256744384765625,1.3396040887705951,0.4240720610515618,0.4240720570087433,1.6517286695040505,1,0,111,111,218,7,0.9822741710803279,0.9861215482761007,0.968093147533128,0.9906062371716058,0.0010519987244516082,0.0018898308907657757,0.6283075140614537,0.4616107720748693,/kaggle/input/datasets/hintrngia/locked-densenet-xai-inputs/D-C0/DenseNet121/seed_3407/best_checkpoint.pt
E01_XAI_D_C0_DenseNet121,D-C0,DenseNet121,3407,72,pneumonia,E-1A06E979246F3D9634B22BF8.jpeg,1,0.9996557987890695,0.65966796875,1,1,0.3771340474174744,0.3771340548992157,0.303802490234375,1.2413790523129886,0.37493252848898967,0.37493252754211426,1.2341325056280477,0,0,47,48,22,6,0.9802055918033152,0.9726818281701579,0.9677808883998984,0.9935983205416015,0.0012298518041348738,0.003635255164979756,-0.5054308970074739,-0.10697153315167184,/kaggle/input/datasets/hintrngia/locked-densenet-xai-inputs/D-C0/DenseNet121/seed_3407/best_checkpoint.pt
E01_XAI_D_C0_DenseNet121,D-C0,DenseNet121,3407,73,pneumonia,E-220D81ED5B8FE3B14418B9F7.jpeg,1,0.9951275218648,0.65966796875,1,1,0.2873440577649379,0.2873440682888031,0.2836456298828125,1.0130389030976905,0.2299826990930749,0.22998270392417908,0.8108099503880658,0,0,0,0,6,2,0.872482470795308,0.9701865658089852,0.8199264026527393,0.9822288134541793,0.0017017641687176455,0.010998860605346439,-0.34097097580693714,0.4292650319864936,/kaggle/input/datasets/hintrngia/locked-densenet-xai-inputs/D-C0/DenseNet121/seed_3407/best_checkpoint.pt
E01_XAI_D_C0_DenseNet121,D-C0,DenseNet121,3407,74,pneumonia,E-227257A6740CF45FAF02E456.jpeg,1,0.9426640446947332,0.65966796875,1,1,0.27565725005579295,0.2756572365760803,0.381500244140625,0.7225611366953222,0.06835083482357222,0.06835083663463593,0.17916327937755497,0,0,208,0,11,255,0.5473951174835454,0.9330577739164586,0.6096341021496143,0.9422946537270129,0.0036692379135243036,0.0024830876130379764,0.2491451535061279,0.7026656545990311,/kaggle/input/datasets/hintrngia/locked-densenet-xai-inputs/D-C0/DenseNet121/seed_3407/best_checkpoint.pt
E01_XAI_D_C0_DenseNet121,D-C0,DenseNet121,3407,75,pneumonia,E-2C0709EBA6450DCFB3BBB340.jpeg,1,0.9991207042622204,0.65966796875,1,1,0.481706335829704,0.48170632123947144,0.3762359619140625,1.280330389947499,0.5461247108036287,0.5461246967315674,1.451548406019654,0,1,48,48,91,63,0.961889949448746,0.9684369862855617,0.9578313438420026,0.9900064072641687,6.168048147070504e-05,0.0030523382349877393,-0.08419315285858724,0.5476679698313522,/kaggle/input/datasets/hintrngia/locked-densenet-xai-inputs/D-C0/DenseNet121/seed_3407/best_checkpoint.pt
E01_XAI_D_C0_DenseNet121,D-C0,DenseNet121,3407,76,pneumonia,E-30421FA65AB177DCD15E84C4.jpeg,1,0.9999488234263103,0.65966796875,1,1,0.5030703334909771,0.5030703544616699,0.41265869140625,1.2190954509563923,0.47828437895458226,0.47828438878059387,1.1590313954728406,0,0,111,48,73,2,0.9879622903210946,0.9851704363866298,0.97559514060864,0.9958688253295075,0.00019158375514849446,0.001191437310940513,-0.5294191079944683,0.09500469483581925,/kaggle/input/datasets/hintrngia/locked-densenet-xai-inputs/D-C0/DenseNet121/seed_3407/best_checkpoint.pt
E01_XAI_D_C0_DenseNet121,D-C0,DenseNet121,3407,77,pneumonia,E-386D019ED9E9E8244987AC20.jpeg,1,0.9989004103142715,0.65966796875,1,1,0.507968950893169,0.5079689621925354,0.3555145263671875,1.4288275533600034,0.5901783410353643,0.590178370475769,1.6600681470489562,1,1,175,48,86,50,0.9844607054038502,0.9738155031890171,0.9739782715801961,0.993089789465371,0.0007917861466583132,0.002911387629531803,-0.10160488636600691,-0.031637340724002344,/kaggle/input/datasets/hintrngia/locked-densenet-xai-inputs/D-C0/DenseNet121/seed_3407/best_checkpoint.pt
E01_XAI_D_C0_DenseNet121,D-C0,DenseNet121,3407,78,pneumonia,E-3AC987E53985CBAF71C33ABC.jpeg,1,0.9877932243285679,0.65966796875,1,1,0.5306294869360271,0.5306295156478882,0.4218597412109375,1.257833908049317,0.5397433838431658,0.5397433638572693,1.2794380006346335,0,0,112,47,119,35,0.8556429540135851,0.9336016200631334,0.884786909590882,0.9657674330532027,0.0005864900457710487,0.002948417757438815,0.8847483579294255,0.7195066695029863,/kaggle/input/datasets/hintrngia/locked-densenet-xai-inputs/D-C0/DenseNet121/seed_3407/best_checkpoint.pt
E01_XAI_D_C0_DenseNet121,D-C0,DenseNet121,3407,79,pneumonia,E-3EB4BE73D28C1518A6A12685.jpeg,1,0.9904498603779874,0.65966796875,1,1,0.5085077912085451,0.5085077881813049,0.40576171875,1.2532177573948258,0.49605259267494023,0.4960525929927826,1.222521913114654,1,0,207,208,255,250,0.9171430212438011,0.9707480460306254,0.9287405951103607,0.9751721979117272,0.0004901842096809439,0.006382780296401436,0.19220490630771203,0.6225099238206463,/kaggle/input/datasets/hintrngia/locked-densenet-xai-inputs/D-C0/DenseNet121/seed_3407/best_checkpoint.pt
E01_XAI_D_C0_DenseNet121,D-C0,DenseNet121,3407,80,pneumonia,E-401B5DEDAD367F085127D1DA.jpeg,1,0.9483109134573278,0.65966796875,1,1,0.5517255218104641,0.5517255067825317,0.364349365234375,1.514276061536585,0.49420227304846087,0.49420228600502014,1.3563966901124018,1,0,48,112,20,163,0.7740577435667428,0.9123644118638676,0.84345297682262,0.9327901311141371,0.00034083393466877165,0.028976930573006265,-0.38207016498160407,-0.09251910253244763,/kaggle/input/datasets/hintrngia/locked-densenet-xai-inputs/D-C0/DenseNet121/seed_3407/best_checkpoint.pt
E01_XAI_D_C0_DenseNet121,D-C0,DenseNet121,3407,81,pneumonia,E-4329094918EDAAADE18246AB.jpeg,1,0.9998302760630021,0.65966796875,1,1,0.5061408309204741,0.5061408281326294,0.4228057861328125,1.197100057569894,0.5135190117268533,0.5135189890861511,1.2145505775210603,1,0,48,207,1,240,0.9918229045634808,0.9935460351889888,0.9821660563659178,0.9969824400823295,0.000773428557666267,0.003552162082501309,-0.21201230426822365,0.4845680218116852,/kaggle/input/datasets/hintrngia/locked-densenet-xai-inputs/D-C0/DenseNet121/seed_3407/best_checkpoint.pt
E01_XAI_D_C0_DenseNet121,D-C0,DenseNet121,3407,82,pneumonia,E-443A80FA1DE791815F946FF9.jpeg,1,0.9687455299710805,0.65966796875,1,1,0.41418412156876205,0.4141841232776642,0.309112548828125,1.3399136435546644,0.4468856645394114,0.4468856751918793,1.4457053465917102,1,0,207,208,179,241,0.8528545758838304,0.9512948161939039,0.9066047526947155,0.9722093739597846,0.0004103974553917866,0.008804660226698457,0.41079390052928055,0.7193664877969929,/kaggle/input/datasets/hintrngia/locked-densenet-xai-inputs/D-C0/DenseNet121/seed_3407/best_checkpoint.pt
E01_XAI_D_C0_DenseNet121,D-C0,DenseNet121,3407,83,pneumonia,E-4B97630FB65DE326125E1DE1.jpeg,1,0.9920468999750328,0.65966796875,1,1,0.4544949861488785,0.45449498295783997,0.3383941650390625,1.3430934487195247,0.5435133645076567,0.5435133576393127,1.6061546582663928,1,1,175,207,90,90,0.9472210747536701,0.9372183251091654,0.9506277975757507,0.9765530355110099,0.0034943123578379254,0.005322492553840541,0.17972692375874777,0.3999133686929778,/kaggle/input/datasets/hintrngia/locked-densenet-xai-inputs/D-C0/DenseNet121/seed_3407/best_checkpoint.pt
E01_XAI_D_C0_DenseNet121,D-C0,DenseNet121,3407,84,pneumonia,E-55F059ED3BB72FAD418A344C.jpeg,1,0.9906161061115532,0.65966796875,1,1,0.27910316326032597,0.27910315990448,0.3324737548828125,0.8394742717622985,0.12570308720499493,0.12570308148860931,0.37808424081263703,0,0,208,240,243,248,0.6669725302582868,0.9629962771024163,0.7459227197442806,0.9660161127023736,0.0030807900544392863,0.0002833310948575918,0.5561779784870731,0.7493981917781456,/kaggle/input/datasets/hintrngia/locked-densenet-xai-inputs/D-C0/DenseNet121/seed_3407/best_checkpoint.pt
E01_XAI_D_C0_DenseNet121,D-C0,DenseNet121,3407,85,pneumonia,E-6060B7AB38566FD26078DE5E.jpeg,1,0.9913048079745675,0.65966796875,1,1,0.4720907387728225,0.4720907509326935,0.271087646484375,1.7414690226396317,0.5704571544203445,0.5704571604728699,2.1043273709384045,0,1,143,112,175,114,0.9578456522082139,0.9175160700359212,0.9603485696198302,0.9761735965327837,0.0013531796015966435,0.005666541535211289,0.8316460980511713,0.5888980294487671,/kaggle/input/datasets/hintrngia/locked-densenet-xai-inputs/D-C0/DenseNet121/seed_3407/best_checkpoint.pt
E01_XAI_D_C0_DenseNet121,D-C0,DenseNet121,3407,86,pneumonia,E-638A63581494A3F6A20C2D9C.jpeg,1,0.968924770314212,0.65966796875,1,1,0.43856843415430335,0.43856844305992126,0.312408447265625,1.4038302676925087,0.46340357299882085,0.463403582572937,1.483326001760805,1,1,80,144,79,138,0.8188433680245865,0.9602094979217455,0.7929412360906377,0.9716399731408646,0.0002063701402979512,0.015781639355836707,0.23850090307643768,0.32310049556233084,/kaggle/input/datasets/hintrngia/locked-densenet-xai-inputs/D-C0/DenseNet121/seed_3407/best_checkpoint.pt
E01_XAI_D_C0_DenseNet121,D-C0,DenseNet121,3407,87,pneumonia,E-63AE2F3741553AC167D0B283.jpeg,1,0.9995291670665987,0.65966796875,1,1,0.4711572286596936,0.4711572229862213,0.3596954345703125,1.3098782563713436,0.48877260251924776,0.48877260088920593,1.3588512823442676,1,0,176,176,64,1,0.9456367538377277,0.9602099273651177,0.95728158242711,0.988045990125159,0.003127723960355877,0.00019476471397356088,0.2371860913069428,0.7794443704655745,/kaggle/input/datasets/hintrngia/locked-densenet-xai-inputs/D-C0/DenseNet121/seed_3407/best_checkpoint.pt
E01_XAI_D_C0_DenseNet121,D-C0,DenseNet121,3407,88,pneumonia,E-63E40A6B7E9FE7A4F927B234.jpeg,1,0.9990995138491021,0.65966796875,1,1,0.348645879617447,0.3486458659172058,0.3593597412109375,0.9701862496967859,0.2408012594982614,0.24080125987529755,0.6700841298661653,0,0,208,0,246,26,0.9247823338896649,0.9767442297917999,0.8499532653649484,0.9851815142382433,0.0004607098791682973,0.004311689965934146,-0.09945352697894498,-0.00817769457187679,/kaggle/input/datasets/hintrngia/locked-densenet-xai-inputs/D-C0/DenseNet121/seed_3407/best_checkpoint.pt
E01_XAI_D_C0_DenseNet121,D-C0,DenseNet121,3407,89,pneumonia,E-6C94FB136A3DC9D9B1FE1032.jpeg,1,0.9360213599275841,0.65966796875,1,1,0.5093414178484312,0.5093414187431335,0.3358001708984375,1.5167991620900072,0.52987657743182,0.5298765897750854,1.5779520779102902,1,0,144,144,18,11,0.7565231599302908,0.8269570927024632,0.8216357028778498,0.909625934947497,0.0024273846577055336,0.0003910950345072939,-0.11313742937875454,0.11472003536506335,/kaggle/input/datasets/hintrngia/locked-densenet-xai-inputs/D-C0/DenseNet121/seed_3407/best_checkpoint.pt
E01_XAI_D_C0_DenseNet121,D-C0,DenseNet121,3407,90,pneumonia,E-6EBA6C5A4DF4C84E483A5386.jpeg,1,0.9996778682947772,0.65966796875,1,1,0.37708746782221486,0.37708747386932373,0.3423919677734375,1.1013326926866915,0.30988873990702226,0.3098887503147125,0.905070121598405,0,0,0,0,12,7,0.9801952266800034,0.9885072111083235,0.9847905733536262,0.9943606469355011,0.0028753866451471377,0.0005461494080397644,0.14467454028375906,0.09743643572383469,/kaggle/input/datasets/hintrngia/locked-densenet-xai-inputs/D-C0/DenseNet121/seed_3407/best_checkpoint.pt
E01_XAI_D_C0_DenseNet121,D-C0,DenseNet121,3407,91,pneumonia,E-73D66A02A1612F6E79C3F7EC.jpeg,1,0.9997029392695188,0.65966796875,1,1,0.47620588129164193,0.47620588541030884,0.3591766357421875,1.3258264427685562,0.5438283370996514,0.5438283085823059,1.514097196149486,1,0,112,48,1,66,0.9633802049797673,0.9764744591479642,0.9578009972527667,0.9906498667220409,0.0006570904533336752,0.004954224492312198,0.6193830308529641,0.6706140088426774,/kaggle/input/datasets/hintrngia/locked-densenet-xai-inputs/D-C0/DenseNet121/seed_3407/best_checkpoint.pt
E01_XAI_D_C0_DenseNet121,D-C0,DenseNet121,3407,92,pneumonia,E-7725ED8C0E93C0BF91B23FCE.jpeg,1,0.9989322146819576,0.65966796875,1,1,0.4790622755528393,0.4790622889995575,0.38677978515625,1.2385918135801988,0.5686620681794659,0.5686620473861694,1.4702476447928623,0,0,48,48,0,150,0.9714157435992522,0.9138745388445196,0.9306452909724514,0.9869822600939631,0.0022115923181131314,0.0027148176547505676,0.23468972367928956,0.11949813989799736,/kaggle/input/datasets/hintrngia/locked-densenet-xai-inputs/D-C0/DenseNet121/seed_3407/best_checkpoint.pt
E01_XAI_D_C0_DenseNet121,D-C0,DenseNet121,3407,93,pneumonia,E-77D4D0C371CD4C8665643C00.jpeg,1,0.9916193326646591,0.65966796875,1,1,0.3524020600212889,0.35240206122398376,0.29443359375,1.196881291747263,0.402216015469817,0.40221601724624634,1.3660669978145692,0,0,47,111,0,110,0.9497363251324331,0.9804948246830629,0.9360646361360139,0.9905004850468533,0.002982052270263824,0.005299538140313587,-0.2681338408594512,-0.015236073553351524,/kaggle/input/datasets/hintrngia/locked-densenet-xai-inputs/D-C0/DenseNet121/seed_3407/best_checkpoint.pt
E01_XAI_D_C0_DenseNet121,D-C0,DenseNet121,3407,94,pneumonia,E-7B805F2D3984459EDD091000.jpeg,1,0.9995340202317566,0.65966796875,1,1,0.4832460258315324,0.4832460284233093,0.3260345458984375,1.4821927059903266,0.6074998190920089,0.6074998378753662,1.8632989256336359,0,0,112,112,0,180,0.9412209526917104,0.9807758626427323,0.9413608883845517,0.9920353384387857,0.0004711320287896781,0.0016367659829075176,-0.28029029768078983,-0.08504062214429613,/kaggle/input/datasets/hintrngia/locked-densenet-xai-inputs/D-C0/DenseNet121/seed_3407/best_checkpoint.pt
E01_XAI_D_C0_DenseNet121,D-C0,DenseNet121,3407,95,pneumonia,E-8B99D004F7E59741CFAB602B.jpeg,1,0.9991512300641152,0.65966796875,1,1,0.5597436162420361,0.5597436428070068,0.44635009765625,1.2540461381798877,0.4643290460593818,0.4643290340900421,1.0402799248785604,1,1,176,175,210,230,0.8915462914991248,0.9283405324889034,0.923146873879267,0.9827375943008858,0.0031314920857349327,0.007425938031095702,-0.016535973440204226,0.7464688018826242,/kaggle/input/datasets/hintrngia/locked-densenet-xai-inputs/D-C0/DenseNet121/seed_3407/best_checkpoint.pt
E01_XAI_D_C0_DenseNet121,D-C0,DenseNet121,3407,96,pneumonia,E-8E859FAC3770F43BC30CF790.jpeg,1,0.9955226554607072,0.65966796875,1,1,0.38461338547020973,0.38461339473724365,0.32305908203125,1.1905357467492756,0.29552800669028684,0.29552799463272095,0.9147800607620743,0,0,208,0,244,7,0.9594795854979787,0.9862976488884914,0.9718881760076772,0.9921454695083187,0.0002594006805747284,0.002761087753955227,-0.008633536406235561,0.7712010306878339,/kaggle/input/datasets/hintrngia/locked-densenet-xai-inputs/D-C0/DenseNet121/seed_3407/best_checkpoint.pt
E01_XAI_D_C0_DenseNet121,D-C0,DenseNet121,3407,97,pneumonia,E-9A9C78D1B9953A6FD2BA65F6.jpeg,1,0.999957337074391,0.65966796875,1,1,0.5162204763283359,0.5162204504013062,0.39300537109375,1.3135201559502183,0.5593209601577548,0.5593209862709045,1.4231890994292056,0,1,143,48,106,34,0.9896742991334908,0.9887624576165732,0.98144574330327,0.9971837457824131,0.0012811537701218345,0.003292534477592146,0.36464741325998673,0.681460700075416,/kaggle/input/datasets/hintrngia/locked-densenet-xai-inputs/D-C0/DenseNet121/seed_3407/best_checkpoint.pt
E01_XAI_D_C0_DenseNet121,D-C0,DenseNet121,3407,98,pneumonia,E-9B56CC62692974C989F872CC.jpeg,1,0.9999155348017286,0.65966796875,1,1,0.5626743240001945,0.562674343585968,0.37744140625,1.4907593991622228,0.7136473045925222,0.7136473059654236,1.8907499091920899,0,1,143,111,78,78,0.9788208384848598,0.9798752618368816,0.9724099574062027,0.9939451173889463,0.001646239838921204,0.0002412853696908135,0.8690448180116571,0.762384037520967,/kaggle/input/datasets/hintrngia/locked-densenet-xai-inputs/D-C0/DenseNet121/seed_3407/best_checkpoint.pt
E01_XAI_D_C0_DenseNet121,D-C0,DenseNet121,3407,99,pneumonia,E-9FC76B9714A55204D742CE4C.jpeg,1,0.9945526191327325,0.65966796875,1,1,0.43570108785109934,0.4357011020183563,0.32318115234375,1.3481636682440816,0.5063122718426731,0.5063122510910034,1.5666516075298125,1,0,176,207,50,98,0.9630658096297524,0.9428174774479587,0.9571645644305615,0.9749493466180223,0.0008764961475299926,0.001360657564934975,0.33042092169573023,0.582033676949707,/kaggle/input/datasets/hintrngia/locked-densenet-xai-inputs/D-C0/DenseNet121/seed_3407/best_checkpoint.pt
E01_XAI_D_C0_DenseNet121,D-C0,DenseNet121,3407,100,pneumonia,E-A0A20FFCEFD96663F4AB4E87.jpeg,1,0.9954000161251978,0.65966796875,1,1,0.36870440921765907,0.3687044084072113,0.3404388427734375,1.0830268550261533,0.24110582332512534,0.2411058247089386,0.7082206641313887,0,0,0,0,7,15,0.8909608629015594,0.9508851317264774,0.8819881902169924,0.9739243681682369,0.0038539311102983587,0.002008958292511326,0.6564727765338619,0.9747048089637869,/kaggle/input/datasets/hintrngia/locked-densenet-xai-inputs/D-C0/DenseNet121/seed_3407/best_checkpoint.pt
E01_XAI_D_C0_DenseNet121,D-C0,DenseNet121,3407,101,pneumonia,E-A0D5A9410E976B289DD85CF6.jpeg,1,0.967897974681727,0.65966796875,1,1,0.30980251805770176,0.3098025321960449,0.2681732177734375,1.1552328775777834,0.15048917054386562,0.15048916637897491,0.5611640558044255,0,0,208,240,244,251,0.7352160682530946,0.9486168548696019,0.7913650658246587,0.9597938535246229,0.00244198933288986,0.00383139444557018,0.4964783836019026,0.9757548584054905,/kaggle/input/datasets/hintrngia/locked-densenet-xai-inputs/D-C0/DenseNet121/seed_3407/best_checkpoint.pt
E01_XAI_D_C0_DenseNet121,D-C0,DenseNet121,3407,102,pneumonia,E-A540763BCA2A1AF575A9EE6B.jpeg,1,0.9860073448603671,0.65966796875,1,1,0.5248629553126252,0.5248629450798035,0.3713226318359375,1.4134957320471833,0.5745729795602287,0.5745729804039001,1.5473685961972117,1,0,208,207,255,243,0.8427372667961626,0.9286329211140577,0.7858711046547733,0.9577970949682088,0.0009184595395936856,0.0023502322644153306,0.746429424572508,0.9092991124919523,/kaggle/input/datasets/hintrngia/locked-densenet-xai-inputs/D-C0/DenseNet121/seed_3407/best_checkpoint.pt
E01_XAI_D_C0_DenseNet121,D-C0,DenseNet121,3407,103,pneumonia,E-A9AC7ECA864D894719491A2C.jpeg,1,0.9978271532064712,0.65966796875,1,1,0.46400084346379006,0.4640008509159088,0.3572845458984375,1.2986871354790923,0.5861165407681376,0.5861165523529053,1.640475490744423,0,0,48,48,11,2,0.9186066977236514,0.9450836496318586,0.9007936119514457,0.9796540603806763,0.0005298324804605681,0.005274757800637797,0.3491788797870357,0.5425645971323904,/kaggle/input/datasets/hintrngia/locked-densenet-xai-inputs/D-C0/DenseNet121/seed_3407/best_checkpoint.pt
E01_XAI_D_C0_DenseNet121,D-C0,DenseNet121,3407,104,pneumonia,E-B15903E1E2039605DB9FB6A1.jpeg,1,0.9944666094370604,0.65966796875,1,1,0.27341483979516085,0.27341485023498535,0.2703704833984375,1.0112599436094396,0.20497163144373332,0.20497162640094757,0.7581139363562563,0,0,47,47,250,2,0.8333665927858023,0.9667447692648445,0.8712234728384902,0.9710914294749411,0.0005091204748261524,0.000290544870595294,0.954311946901714,0.9685176852598135,/kaggle/input/datasets/hintrngia/locked-densenet-xai-inputs/D-C0/DenseNet121/seed_3407/best_checkpoint.pt
E01_XAI_D_C0_DenseNet121,D-C0,DenseNet121,3407,105,pneumonia,E-B29F964F9024332A9FD3DA8C.jpeg,1,0.991922099234887,0.65966796875,1,1,0.6247806224856071,0.6247805953025818,0.444091796875,1.406872693623445,0.6916397005155046,0.6916397213935852,1.557425076037112,1,1,48,144,75,132,0.9171049486078195,0.979188073963545,0.9203288802470574,0.9900127397172466,0.000878595009951022,0.0007396572224636078,0.8517623086942155,0.9446231457449484,/kaggle/input/datasets/hintrngia/locked-densenet-xai-inputs/D-C0/DenseNet121/seed_3407/best_checkpoint.pt
E01_XAI_D_C0_DenseNet121,D-C0,DenseNet121,3407,106,pneumonia,E-B352C843937DC9BD58C4B554.jpeg,1,0.8768748818083286,0.65966796875,1,1,0.3122703576908302,0.3122703433036804,0.322052001953125,0.9696271279080001,0.12549466414531502,0.12549465894699097,0.38967205104839214,0,0,240,0,234,10,0.4923938447014406,0.9048000102541114,0.592400297500981,0.910874417202918,0.0016759122444262586,0.0023670360755456976,0.8209029099060737,0.9857732657765939,/kaggle/input/datasets/hintrngia/locked-densenet-xai-inputs/D-C0/DenseNet121/seed_3407/best_checkpoint.pt
E01_XAI_D_C0_DenseNet121,D-C0,DenseNet121,3407,107,pneumonia,E-B41848B096ED1788DCCEEDA2.jpeg,1,0.9940504822196246,0.65966796875,1,1,0.4265801430544118,0.42658013105392456,0.2685089111328125,1.5887001338417872,0.474552758085755,0.4745527505874634,1.7673631615564038,1,0,144,144,52,70,0.9723927657443394,0.9172122240264065,0.9669234526829481,0.9836899133885438,4.2058524240218276e-05,0.007384026105218711,-0.11754150407492212,0.6005577094233527,/kaggle/input/datasets/hintrngia/locked-densenet-xai-inputs/D-C0/DenseNet121/seed_3407/best_checkpoint.pt
E01_XAI_D_C0_DenseNet121,D-C0,DenseNet121,3407,108,pneumonia,E-B813D1454C73F6C74F660590.jpeg,1,0.9807004669686882,0.65966796875,1,1,0.22672754189244523,0.22672754526138306,0.2771453857421875,0.8180816046613054,0.09438325316952643,0.09438325464725494,0.34055502283312694,0,0,0,0,0,50,0.7477262449799865,0.9308962773509766,0.7453575236809243,0.9546959082046573,0.0031348876055639074,0.010879764337823533,-0.1393968939003969,0.30800652081751184,/kaggle/input/datasets/hintrngia/locked-densenet-xai-inputs/D-C0/DenseNet121/seed_3407/best_checkpoint.pt
E01_XAI_D_C0_DenseNet121,D-C0,DenseNet121,3407,109,pneumonia,E-BF1AD901130E35A45E611B5A.jpeg,1,0.994352055956757,0.65966796875,1,1,0.3758084974215323,0.3758085072040558,0.2906494140625,1.2929958886506479,0.39395910482191576,0.393959105014801,1.3554443455275658,0,0,48,143,203,2,0.9740476000771334,0.9476158172738822,0.9550179251378085,0.9900920254718972,0.0017735482176918782,0.008698661498503735,-0.1366127285022497,0.6799532555752256,/kaggle/input/datasets/hintrngia/locked-densenet-xai-inputs/D-C0/DenseNet121/seed_3407/best_checkpoint.pt
E01_XAI_D_C0_DenseNet121,D-C0,DenseNet121,3407,110,pneumonia,E-BFFC08BEA9A0FA7A1279A0B5.jpeg,1,0.9920828719342505,0.65966796875,1,1,0.4647617962415299,0.46476179361343384,0.364898681640625,1.2736735417949696,0.32801799468182175,0.3280179798603058,0.8989289662736418,1,0,208,207,12,12,0.8795430145777826,0.9453102507617108,0.8933467663970338,0.9675906772654763,0.0002804548431689091,0.016918468246025775,-0.20436515032026198,0.25442566957625123,/kaggle/input/datasets/hintrngia/locked-densenet-xai-inputs/D-C0/DenseNet121/seed_3407/best_checkpoint.pt
E01_XAI_D_C0_DenseNet121,D-C0,DenseNet121,3407,111,pneumonia,E-C378B1871ED2B8AC1E544A5B.jpeg,1,0.9947967641665824,0.65966796875,1,1,0.39112904895341033,0.3911290466785431,0.2780303955078125,1.406785212239213,0.5112373736609468,0.511237382888794,1.8387823127294776,0,0,112,112,255,55,0.9914757374750027,0.9614286634017537,0.9916673936036848,0.992845232482795,0.0009383849089708574,0.0016284060955706892,0.9086277143542613,0.6895666560665458,/kaggle/input/datasets/hintrngia/locked-densenet-xai-inputs/D-C0/DenseNet121/seed_3407/best_checkpoint.pt
E01_XAI_D_C0_DenseNet121,D-C0,DenseNet121,3407,112,pneumonia,E-D2A52B478FEFC3F6A00973AF.jpeg,1,0.9937856522993489,0.65966796875,1,1,0.4616988682681417,0.46169885993003845,0.35107421875,1.3151033132310908,0.4168899899719017,0.4168899953365326,1.1874696793636366,0,0,48,47,78,2,0.9245580284514257,0.9581125677034164,0.8968850705212463,0.9762680743074121,0.001899916248963629,0.002900604698229281,0.5383041129434869,0.49168499201469146,/kaggle/input/datasets/hintrngia/locked-densenet-xai-inputs/D-C0/DenseNet121/seed_3407/best_checkpoint.pt
E01_XAI_D_C0_DenseNet121,D-C0,DenseNet121,3407,113,pneumonia,E-D33BB0B839138FAFF4DA3ED6.jpeg,1,0.975490049432137,0.65966796875,1,1,0.21146831509239555,0.21146830916404724,0.3347625732421875,0.6316964081268625,0.06827068336676677,0.06827068328857422,0.20393762273232266,0,0,208,0,251,2,0.6712022371188598,0.9611407188454324,0.6678154704955842,0.9641018146586371,0.0006097257394641065,0.0006401820188999124,0.6252481742524758,0.7755679922620314,/kaggle/input/datasets/hintrngia/locked-densenet-xai-inputs/D-C0/DenseNet121/seed_3407/best_checkpoint.pt
E01_XAI_D_C0_DenseNet121,D-C0,DenseNet121,3407,114,pneumonia,E-DA47F22802134421DB0B257A.jpeg,1,0.9999603732785091,0.65966796875,1,1,0.5103202214147863,0.510320246219635,0.39227294921875,1.3009314622156307,0.6763595868303024,0.6763595938682556,1.7242065459199742,0,1,111,80,75,109,0.9955049886346131,0.9945238255616781,0.9907993245921893,0.9985792071590628,0.0004379483501449899,0.004047125145353658,0.2503773419052565,0.44256642921302847,/kaggle/input/datasets/hintrngia/locked-densenet-xai-inputs/D-C0/DenseNet121/seed_3407/best_checkpoint.pt
E01_XAI_D_C0_DenseNet121,D-C0,DenseNet121,3407,115,pneumonia,E-E09BD72833F7B4079F215903.jpeg,1,0.998050419739168,0.65966796875,1,1,0.45321255616965583,0.45321255922317505,0.3171234130859375,1.4291362210044058,0.5430089604329148,0.5430089831352234,1.7122953967632923,1,1,112,48,83,39,0.9578413865511068,0.9908545842127412,0.9445902447479045,0.9933140514120861,0.0001532680397675068,0.009965994585587001,0.7989819172010758,0.8746739247235994,/kaggle/input/datasets/hintrngia/locked-densenet-xai-inputs/D-C0/DenseNet121/seed_3407/best_checkpoint.pt
E01_XAI_D_C0_DenseNet121,D-C0,DenseNet121,3407,116,pneumonia,E-E0D541D212A934D795DA0D1B.jpeg,1,0.9738907323576093,0.65966796875,1,1,0.4410840584276587,0.4410840570926666,0.306488037109375,1.4391558724044131,0.4779405098292261,0.47794049978256226,1.5594099996100848,1,1,79,112,54,110,0.8403749377647973,0.9477020116329329,0.8200555689791507,0.9706810348671726,0.002964328739037847,0.020658291284602115,-0.2500364175721015,0.10935904093761017,/kaggle/input/datasets/hintrngia/locked-densenet-xai-inputs/D-C0/DenseNet121/seed_3407/best_checkpoint.pt
E01_XAI_D_C0_DenseNet121,D-C0,DenseNet121,3407,117,pneumonia,E-E1AD2A3BA30BC31AC67A922E.jpeg,1,0.9993554623342763,0.65966796875,1,1,0.3557189915666315,0.3557190001010895,0.3279571533203125,1.084650808696355,0.2898762500445006,0.289876252412796,0.8838845169551199,1,0,207,208,248,22,0.9596212775543929,0.9773788925603026,0.9321549242931251,0.9878464931211209,0.0021839835030689203,0.0043708180323096535,0.2788153805829053,0.6374689300174974,/kaggle/input/datasets/hintrngia/locked-densenet-xai-inputs/D-C0/DenseNet121/seed_3407/best_checkpoint.pt
E01_XAI_D_C0_DenseNet121,D-C0,DenseNet121,3407,118,pneumonia,E-E280E4CD8F00E10AB30B96C9.jpeg,1,0.9974179945393152,0.65966796875,1,1,0.504938675109514,0.5049386620521545,0.3293609619140625,1.5330859861930557,0.6458406584796157,0.6458406448364258,1.9608901271308823,1,1,111,48,178,95,0.9370740843053377,0.9520256945413951,0.9433193855975927,0.9895563739466061,0.0009390317789593761,0.0027080413194719988,-0.557566299799415,-0.1583280333452775,/kaggle/input/datasets/hintrngia/locked-densenet-xai-inputs/D-C0/DenseNet121/seed_3407/best_checkpoint.pt
E01_XAI_D_C0_DenseNet121,D-C0,DenseNet121,3407,119,pneumonia,E-E2EF7E089A1E8F497DBAC1CB.jpeg,1,0.999629280996079,0.65966796875,1,1,0.5158563767862178,0.5158563852310181,0.3351898193359375,1.538997747032438,0.624274123673648,0.6242741346359253,1.8624495365355394,1,1,80,80,78,64,0.9793666514786025,0.9840318617152911,0.9800928129467674,0.994114024191173,0.0010261510728880596,0.0012387147535347642,0.7299636578264468,0.7524806384812132,/kaggle/input/datasets/hintrngia/locked-densenet-xai-inputs/D-C0/DenseNet121/seed_3407/best_checkpoint.pt
E01_XAI_D_C0_DenseNet121,D-C0,DenseNet121,3407,120,pneumonia,E-E7BF66D9C027E263610D5923.jpeg,1,0.8603540104846622,0.65966796875,1,1,0.40409143825124794,0.4040914475917816,0.3877410888671875,1.0421682144438937,0.2976999416676977,0.2976999282836914,0.7677802281348328,0,0,0,47,14,3,0.7398084464284693,0.9040548065029775,0.7999082178661512,0.9173265436298939,0.00016975991642476096,0.0013242743492837827,-0.3145146359702867,-0.09378897752051212,/kaggle/input/datasets/hintrngia/locked-densenet-xai-inputs/D-C0/DenseNet121/seed_3407/best_checkpoint.pt
E01_XAI_D_C0_DenseNet121,D-C0,DenseNet121,3407,121,pneumonia,E-EB1401E2B7015C0BDE01BE91.jpeg,1,0.9846231404678877,0.65966796875,1,1,0.36972307066744803,0.3697230815887451,0.329986572265625,1.1204185313632606,0.34038784568660396,0.34038785099983215,1.0315202929306055,1,0,47,175,0,200,0.8626949372668545,0.96529540912076,0.836619766846144,0.9811890961150898,0.0023910737948411587,0.020771840026890587,0.8573413600231211,0.9636999322812803,/kaggle/input/datasets/hintrngia/locked-densenet-xai-inputs/D-C0/DenseNet121/seed_3407/best_checkpoint.pt
E01_XAI_D_C0_DenseNet121,D-C0,DenseNet121,3407,122,pneumonia,E-EB344A640162B22F1A6C369F.jpeg,1,0.9874128760479308,0.65966796875,1,1,0.2510561626450922,0.25105616450309753,0.2807464599609375,0.8942451587101886,0.09845185865993043,0.09845186024904251,0.35067889608876573,0,0,208,0,11,254,0.7723803073386932,0.9635809914137998,0.7725574856536834,0.967720017150028,0.002044802028581816,0.003336876626205784,0.7997808372877335,0.9811551610221559,/kaggle/input/datasets/hintrngia/locked-densenet-xai-inputs/D-C0/DenseNet121/seed_3407/best_checkpoint.pt
E01_XAI_D_C0_DenseNet121,D-C0,DenseNet121,3407,123,pneumonia,E-EC00E01864643AB223676743.jpeg,1,0.9525348189083442,0.65966796875,1,1,0.47505974962022723,0.47505974769592285,0.3099517822265625,1.532689201551283,0.5004323170715514,0.5004323124885559,1.614548925889883,1,0,79,112,1,131,0.8169377053222617,0.8723068361660383,0.8143644138371338,0.9276466133416227,0.004036169665111777,0.012082874776516317,-0.28218887061984704,0.42857038209963133,/kaggle/input/datasets/hintrngia/locked-densenet-xai-inputs/D-C0/DenseNet121/seed_3407/best_checkpoint.pt
E01_XAI_D_C0_DenseNet121,D-C0,DenseNet121,3407,124,pneumonia,E-EF92BEF2BC79AC7D99E44B1F.jpeg,1,0.9904778831123833,0.65966796875,1,1,0.34237075338777023,0.34237074851989746,0.343048095703125,0.9980255179263815,0.24151464973051687,0.241514652967453,0.7040256242655971,0,0,48,47,28,8,0.8640548819424478,0.9551218422026362,0.8844611995852252,0.9723106350588122,0.0003308851519798761,0.00013821184559623112,0.2779202352289395,0.6930614548215653,/kaggle/input/datasets/hintrngia/locked-densenet-xai-inputs/D-C0/DenseNet121/seed_3407/best_checkpoint.pt
E01_XAI_D_C0_DenseNet121,D-C0,DenseNet121,3407,125,pneumonia,E-F051ECCC0E91B0C03A0B3894.jpeg,1,0.998852369430675,0.65966796875,1,1,0.6028398647673465,0.6028398871421814,0.5049896240234375,1.193766834186216,0.6214452240403422,0.6214452385902405,1.2306098867716533,1,1,207,208,68,99,0.9817508193051822,0.9793020268798517,0.9792134996593755,0.9905256131561254,0.0033168411596276037,0.0009400280072883183,-0.4488109763348766,0.08983789461858893,/kaggle/input/datasets/hintrngia/locked-densenet-xai-inputs/D-C0/DenseNet121/seed_3407/best_checkpoint.pt
E01_XAI_D_C0_DenseNet121,D-C0,DenseNet121,3407,126,pneumonia,E-FA7B18636100FBD243EBAF3A.jpeg,1,0.9926364680935151,0.65966796875,1,1,0.3606989751203382,0.36069896817207336,0.2697601318359375,1.3371100194290675,0.39230897629295214,0.3923089802265167,1.4542881990120997,0,0,48,112,251,6,0.9477082479357046,0.9193846306756808,0.9363574495292811,0.9795575250577966,0.0009897353045250634,0.0017343791127535368,0.4159926278650219,0.8939003378087562,/kaggle/input/datasets/hintrngia/locked-densenet-xai-inputs/D-C0/DenseNet121/seed_3407/best_checkpoint.pt
E01_XAI_D_C0_DenseNet121,D-C0,DenseNet121,3407,127,pneumonia,E-FDAF56855798F8C5BE7AC652.jpeg,1,0.9999647695596238,0.65966796875,1,1,0.471719487228637,0.4717194736003876,0.37738037109375,1.2499841628261343,0.532763710464159,0.5327637195587158,1.4117419751325864,0,0,111,48,17,4,0.9826018060991197,0.9922547514857976,0.981542125830019,0.9951971568710818,0.001222433652454502,0.0027671807256283154,-0.48984361873685955,0.008033856492528173,/kaggle/input/datasets/hintrngia/locked-densenet-xai-inputs/D-C0/DenseNet121/seed_3407/best_checkpoint.pt
E01_XAI_D_C0_DenseNet121,D-C0,DenseNet121,42,0,normal,E-03B36F677CCFA6787A3BC686.jpeg,0,0.48990835969941915,0.5126953125,0,1,0.4260852545781119,0.4260852634906769,0.3590850830078125,1.1865857835393339,0.40088052948066205,0.40088051557540894,1.116394271025567,1,0,144,47,132,13,0.1602078340192411,0.5561250291180422,0.13970812473930175,0.4948081887503408,0.0004923592248040065,0.000764527100422574,-0.3620330499350536,0.0861979568733472,/kaggle/input/datasets/hintrngia/locked-densenet-xai-inputs/D-C0/DenseNet121/seed_42/best_checkpoint.pt
E01_XAI_D_C0_DenseNet121,D-C0,DenseNet121,42,1,normal,E-06530ECE35CCF9FF05F7DDEB.jpeg,0,0.015012449197683403,0.5126953125,0,1,0.3430501883525472,0.34305018186569214,0.2779541015625,1.2341972520790807,0.3448120971969016,0.3448120951652527,1.2405361002358444,0,0,111,0,84,52,0.5404096183366902,0.8593139288083922,0.46911417758711627,0.9278755604112182,0.00023145230786730808,0.003279458433230964,0.41560725445346614,0.6101232721686273,/kaggle/input/datasets/hintrngia/locked-densenet-xai-inputs/D-C0/DenseNet121/seed_42/best_checkpoint.pt
E01_XAI_D_C0_DenseNet121,D-C0,DenseNet121,42,2,normal,E-10FEC5D206E4A3A02E4F32C9.jpeg,0,0.3962157104975455,0.5126953125,0,1,0.3166968416094807,0.3166968524456024,0.2476806640625,1.2786498405445372,0.32569234873421743,0.325692355632782,1.314968812632188,0,0,143,79,1,1,0.28703744927747576,0.4789764090371522,0.3106708142094917,0.5333044643673075,0.00271885198607269,0.01705569727420081,-0.2005658862259474,0.3336637409959738,/kaggle/input/datasets/hintrngia/locked-densenet-xai-inputs/D-C0/DenseNet121/seed_42/best_checkpoint.pt
E01_XAI_D_C0_DenseNet121,D-C0,DenseNet121,42,3,normal,E-16E04AC17A9CE052EFE7227B.jpeg,0,0.0429724325013405,0.5126953125,0,1,0.3723711824270061,0.37237119674682617,0.3753509521484375,0.9920613769476919,0.3387629859621953,0.3387629985809326,0.9025233159078999,0,1,80,0,97,57,0.715505789699454,0.886468388060348,0.6576055888169132,0.8724322049160373,0.000649793375405272,0.0029698939914537537,0.9396089484126195,0.9474948045474643,/kaggle/input/datasets/hintrngia/locked-densenet-xai-inputs/D-C0/DenseNet121/seed_42/best_checkpoint.pt
E01_XAI_D_C0_DenseNet121,D-C0,DenseNet121,42,4,normal,E-256958BC036CED77CAAB2A55.jpeg,0,0.1354797220101712,0.5126953125,0,1,0.32774145572142693,0.32774144411087036,0.3496246337890625,0.9374095073608621,0.3514455829222522,0.35144558548927307,1.0052082975774765,0,0,111,0,123,51,0.33592591706993236,0.7960176325447368,0.34975472990114875,0.8170893327330957,0.0012494935580162347,0.0010820434654375544,0.6397002221226104,0.8614988018525848,/kaggle/input/datasets/hintrngia/locked-densenet-xai-inputs/D-C0/DenseNet121/seed_42/best_checkpoint.pt
E01_XAI_D_C0_DenseNet121,D-C0,DenseNet121,42,5,normal,E-280031A047E47DC7EA750C62.jpeg,0,0.09944471706093153,0.5126953125,0,1,0.4838242590884072,0.4838242530822754,0.3791046142578125,1.2762288848306642,0.5090447078037197,0.5090447068214417,1.3427552413211743,1,0,80,79,46,14,0.4627006551654346,0.700866146129524,0.5729278479696728,0.7106868482225451,0.0022216081543374178,0.006964431522333614,0.5033979639190326,0.7985277181004049,/kaggle/input/datasets/hintrngia/locked-densenet-xai-inputs/D-C0/DenseNet121/seed_42/best_checkpoint.pt
E01_XAI_D_C0_DenseNet121,D-C0,DenseNet121,42,6,normal,E-28020DB22FEE86C7B17E72DA.jpeg,0,0.39724117672228154,0.5126953125,0,1,0.22382215058542243,0.22382214665412903,0.3710174560546875,0.6032658219521384,0.17256797963154294,0.17256797850131989,0.465120917669455,0,0,111,0,106,33,0.2994454319706723,0.6023282076187829,0.2843946944563155,0.5501707909492414,0.002023616543235629,0.006619748623420213,0.6289646108022207,0.8273873972246751,/kaggle/input/datasets/hintrngia/locked-densenet-xai-inputs/D-C0/DenseNet121/seed_42/best_checkpoint.pt
E01_XAI_D_C0_DenseNet121,D-C0,DenseNet121,42,7,normal,E-28234EA54B2F1B13D8D5995E.jpeg,0,0.4369510843788966,0.5126953125,0,1,0.34906900479258235,0.3490689992904663,0.3462677001953125,1.008089996831035,0.3237216769365135,0.32372167706489563,0.9348884598647754,0,1,176,240,182,194,0.22275443760129107,0.5734531123422557,0.2581693670101288,0.5469209928462844,0.0010774645885459622,0.0018742493014102801,-0.02632927086876768,0.13293295421612306,/kaggle/input/datasets/hintrngia/locked-densenet-xai-inputs/D-C0/DenseNet121/seed_42/best_checkpoint.pt
E01_XAI_D_C0_DenseNet121,D-C0,DenseNet121,42,8,normal,E-28CAAFCB1AFEEA2D46764B17.jpeg,0,0.8519345325700095,0.5126953125,1,0,0.35102798609980157,0.3510279953479767,0.38934326171875,0.9015899865588883,0.27551461123961796,0.2755146026611328,0.7076393463787272,1,0,79,47,7,87,0.4966587982617253,0.9274251957634725,0.5401418570322309,0.9466987634217372,0.0038232353903427385,0.007399541525060338,0.4616729894508132,0.48887479491786173,/kaggle/input/datasets/hintrngia/locked-densenet-xai-inputs/D-C0/DenseNet121/seed_42/best_checkpoint.pt
E01_XAI_D_C0_DenseNet121,D-C0,DenseNet121,42,9,normal,E-29AE82E82E5A6A48DC6D8B99.jpeg,0,0.07193524712231543,0.5126953125,0,1,0.3010125387993464,0.3010125458240509,0.3269195556640625,0.9207541536874664,0.2667937629237085,0.26679375767707825,0.8160838294967636,0,0,111,0,90,54,0.3555457454639138,0.8521456904369968,0.37608273542711845,0.8925738030276829,0.0019294000157206725,0.003510835179172722,-0.22959099943096206,0.11971458988748343,/kaggle/input/datasets/hintrngia/locked-densenet-xai-inputs/D-C0/DenseNet121/seed_42/best_checkpoint.pt
E01_XAI_D_C0_DenseNet121,D-C0,DenseNet121,42,10,normal,E-2B646E91E652E02CC65E6BA0.jpeg,0,0.010864291317691108,0.5126953125,0,1,0.35973841962943093,0.35973840951919556,0.2742767333984375,1.3115892666945417,0.3780068167290842,0.37800681591033936,1.3781949786457448,1,1,80,79,104,66,0.7639196368244722,0.9276783256999713,0.7500549203165598,0.9194901462511544,0.0005535703054238006,0.004109728515945488,0.8034846272305503,0.9205420416255309,/kaggle/input/datasets/hintrngia/locked-densenet-xai-inputs/D-C0/DenseNet121/seed_42/best_checkpoint.pt
E01_XAI_D_C0_DenseNet121,D-C0,DenseNet121,42,11,normal,E-2F227E134B6699426A9E9AB9.jpeg,0,0.48458997717920055,0.5126953125,0,1,0.3142244936220594,0.3142244815826416,0.3509368896484375,0.8953874696297789,0.2714526877227519,0.2714526951313019,0.7735085587459571,0,0,144,0,153,11,0.19199935122134815,0.6525409398490442,0.17239882449254784,0.6427266083967799,0.004324838034277856,0.008039168778665284,-0.18068622801745474,0.13877749387138666,/kaggle/input/datasets/hintrngia/locked-densenet-xai-inputs/D-C0/DenseNet121/seed_42/best_checkpoint.pt
E01_XAI_D_C0_DenseNet121,D-C0,DenseNet121,42,12,normal,E-2F5E9CF0C3839769BD6D37AD.jpeg,0,0.4227273651740773,0.5126953125,0,1,0.343742361346642,0.34374237060546875,0.3790740966796875,0.9067946461060874,0.3350601228091556,0.33506011962890625,0.883890842829804,1,0,176,208,175,11,0.2917853493658378,0.6455284309651459,0.28290257042211986,0.6225618987820113,0.0018431854121042646,0.008290063543031911,-0.40857559742202115,0.007674212123271488,/kaggle/input/datasets/hintrngia/locked-densenet-xai-inputs/D-C0/DenseNet121/seed_42/best_checkpoint.pt
E01_XAI_D_C0_DenseNet121,D-C0,DenseNet121,42,13,normal,E-306538194ADB5E9E447B7A10.jpeg,0,0.03379026889620127,0.5126953125,0,1,0.369903157865437,0.3699031472206116,0.2563934326171875,1.442716976365487,0.4442006987380352,0.44420069456100464,1.7324963990058844,1,1,143,79,155,49,0.5864851512847241,0.8696613683852854,0.5929008862991133,0.9030074761043085,0.00030436321079441164,0.0015449638815788758,-0.33118795585274563,0.11181829045544583,/kaggle/input/datasets/hintrngia/locked-densenet-xai-inputs/D-C0/DenseNet121/seed_42/best_checkpoint.pt
E01_XAI_D_C0_DenseNet121,D-C0,DenseNet121,42,14,normal,E-36FB7A78C2BFA1A3824C3EFA.jpeg,0,0.3237328394114927,0.5126953125,0,1,0.2536186751262561,0.25361868739128113,0.3275299072265625,0.7743374560015988,0.28013682437940496,0.2801368236541748,0.8553015104835165,1,0,175,208,171,3,0.21034051052120806,0.5380960621287282,0.23207758478911353,0.5152592353280342,0.0022996091133568597,0.004156996530587986,-0.5084176231779072,-0.10629275608513165,/kaggle/input/datasets/hintrngia/locked-densenet-xai-inputs/D-C0/DenseNet121/seed_42/best_checkpoint.pt
E01_XAI_D_C0_DenseNet121,D-C0,DenseNet121,42,15,normal,E-3B865A0E9283DC8B3D382B5F.jpeg,0,0.9653252777079018,0.5126953125,1,0,0.2795910603170064,0.27959105372428894,0.360931396484375,0.7746376819538062,0.048370047585003,0.04837004840373993,0.13401451925808558,0,0,208,240,244,250,0.8754444937321431,0.9649740774364983,0.8150188493682707,0.9697916497077909,0.0013622748406544316,0.0005379378567149304,0.8347033403175234,0.9994872230190547,/kaggle/input/datasets/hintrngia/locked-densenet-xai-inputs/D-C0/DenseNet121/seed_42/best_checkpoint.pt
E01_XAI_D_C0_DenseNet121,D-C0,DenseNet121,42,16,normal,E-3D66EC3C4F2D4073FE577EEA.jpeg,0,0.11887723512556872,0.5126953125,0,1,0.20102254898009786,0.20102255046367645,0.2598114013671875,0.773724893989528,0.18406732554738128,0.18406732380390167,0.7084651581061361,0,0,112,0,75,6,0.43756610677883057,0.604869843766873,0.478867602567533,0.629292975233304,7.534812747320152e-05,0.0015902908817677364,-0.054970438467937595,-0.020887701625880124,/kaggle/input/datasets/hintrngia/locked-densenet-xai-inputs/D-C0/DenseNet121/seed_42/best_checkpoint.pt
E01_XAI_D_C0_DenseNet121,D-C0,DenseNet121,42,17,normal,E-40D9418B91304B06987F2A6E.jpeg,0,0.6618857141075759,0.5126953125,1,0,0.41811051173048447,0.41811051964759827,0.3151092529296875,1.326874751671543,0.5274682799477788,0.5274682641029358,1.6739219018283682,0,0,48,144,31,63,0.5530257706367228,0.8897877946933868,0.7220291762292904,0.9224166133835543,0.0006436352633230613,0.01220345508707088,-0.6225037527865714,-0.14341626247883793,/kaggle/input/datasets/hintrngia/locked-densenet-xai-inputs/D-C0/DenseNet121/seed_42/best_checkpoint.pt
E01_XAI_D_C0_DenseNet121,D-C0,DenseNet121,42,18,normal,E-44BF14DBF8A5FE52BF53ED2E.jpeg,0,0.5771834480571034,0.5126953125,1,0,0.37083634749622313,0.3708363473415375,0.32672119140625,1.1350238590282309,0.25236952702634013,0.2523695230484009,0.7724308482719142,0,0,0,144,5,55,0.5629214094666203,0.8060260537173534,0.5487987177439562,0.870615358746599,0.003800356840886032,0.0009641572753881777,0.13247792918359522,0.8560095862924126,/kaggle/input/datasets/hintrngia/locked-densenet-xai-inputs/D-C0/DenseNet121/seed_42/best_checkpoint.pt
E01_XAI_D_C0_DenseNet121,D-C0,DenseNet121,42,19,normal,E-47080ACF9F207EB21662EAAE.jpeg,0,0.8740982664899926,0.5126953125,1,0,0.40997969177431975,0.4099797010421753,0.3899383544921875,1.0513961682692945,0.3401911424263827,0.34019115567207336,0.8724228804560915,0,0,0,144,35,0,0.8196402526996267,0.9159838572339131,0.8105252180336541,0.9399705538375553,0.0017955606166709104,0.0017279040947761892,-0.46125801913496145,-0.06848355336347985,/kaggle/input/datasets/hintrngia/locked-densenet-xai-inputs/D-C0/DenseNet121/seed_42/best_checkpoint.pt
E01_XAI_D_C0_DenseNet121,D-C0,DenseNet121,42,20,normal,E-4F18C9F59223CD9D0CA81789.jpeg,0,0.8798686446887228,0.5126953125,1,0,0.3973626258448312,0.397362619638443,0.305145263671875,1.3022080731756605,0.25097821291085687,0.2509782016277313,0.822487656831979,0,0,48,47,52,1,0.8972270124076096,0.9679380767870853,0.9091204341000614,0.9736159505839097,0.0014158559728995601,0.004111506278493382,0.909475121507753,0.9725190453316387,/kaggle/input/datasets/hintrngia/locked-densenet-xai-inputs/D-C0/DenseNet121/seed_42/best_checkpoint.pt
E01_XAI_D_C0_DenseNet121,D-C0,DenseNet121,42,21,normal,E-57BEC1C15CFD6C2BBAF49905.jpeg,0,0.16474232911167963,0.5126953125,0,1,0.3755509246493294,0.37555092573165894,0.3210601806640625,1.169721277402141,0.2481750902634794,0.24817508459091187,0.7729862038642358,0,0,143,48,145,27,0.4543802167199259,0.8239819001948827,0.4965482087165233,0.8244811627942383,0.0016079449278904034,0.00010489019741569128,0.2709506600201322,0.37417395745073245,/kaggle/input/datasets/hintrngia/locked-densenet-xai-inputs/D-C0/DenseNet121/seed_42/best_checkpoint.pt
E01_XAI_D_C0_DenseNet121,D-C0,DenseNet121,42,22,normal,E-5822F4C00AF6A5D69871506D.jpeg,0,0.3039675698095056,0.5126953125,0,1,0.5007874887977253,0.5007874965667725,0.414520263671875,1.2081134088878644,0.3737981199207015,0.373798131942749,0.9017607887478132,0,0,48,47,14,2,0.406223725514383,0.5183889827120731,0.3907352852977332,0.5329748534874423,0.0006984722588102565,0.0019610261046584254,-0.38269768516631303,-0.019077613843722405,/kaggle/input/datasets/hintrngia/locked-densenet-xai-inputs/D-C0/DenseNet121/seed_42/best_checkpoint.pt
E01_XAI_D_C0_DenseNet121,D-C0,DenseNet121,42,23,normal,E-592EC4B388705AD74965EF2F.jpeg,0,0.3104882001007069,0.5126953125,0,1,0.1917875149290075,0.1917875111103058,0.3038330078125,0.6312267265160424,0.147829452657487,0.14782945811748505,0.4865483632664257,0,0,112,0,119,35,0.4270458482102065,0.5303099357909684,0.37319594598469885,0.544581753864865,0.0019329305940479768,0.0009473302190279309,-0.22946189592654712,0.12055098207157339,/kaggle/input/datasets/hintrngia/locked-densenet-xai-inputs/D-C0/DenseNet121/seed_42/best_checkpoint.pt
E01_XAI_D_C0_DenseNet121,D-C0,DenseNet121,42,24,normal,E-5EB53A5E9ABA53D43AB743A8.jpeg,0,0.12140090119217965,0.5126953125,0,1,0.2869393050903167,0.2869392931461334,0.2571563720703125,1.1158164302141456,0.24908337975296307,0.24908338487148285,0.9686066798487027,0,0,111,0,71,8,0.310107537884156,0.693070818642039,0.403442957530162,0.6696787545239938,0.0015230436275486259,0.0006148476248714341,-0.28856380063946496,0.4149525107468531,/kaggle/input/datasets/hintrngia/locked-densenet-xai-inputs/D-C0/DenseNet121/seed_42/best_checkpoint.pt
E01_XAI_D_C0_DenseNet121,D-C0,DenseNet121,42,25,normal,E-5FBF0EE47B9EC5825E465989.jpeg,0,0.3064007647504629,0.5126953125,0,1,0.3755739947991615,0.375573992729187,0.329376220703125,1.140258376871947,0.40110581309016907,0.4011058211326599,1.217774046450353,1,1,176,176,202,185,0.3126630599323419,0.687885823985302,0.2902448090157504,0.6816580755296087,0.0021181584521033914,0.006848402739078718,-0.06186072807914287,0.0811923366408523,/kaggle/input/datasets/hintrngia/locked-densenet-xai-inputs/D-C0/DenseNet121/seed_42/best_checkpoint.pt
E01_XAI_D_C0_DenseNet121,D-C0,DenseNet121,42,26,normal,E-67976418F9EE68ADAB32C212.jpeg,0,0.07503690191485662,0.5126953125,0,1,0.21588162592643823,0.21588163077831268,0.26171875,0.8248611378681818,0.2264676690300709,0.22646766901016235,0.8653093025626589,0,0,143,0,170,30,0.6351432330102655,0.8475911019911605,0.6565461168447144,0.870778826509377,0.00044206184350481514,0.002693855226773262,0.8916827304062569,0.942551129551638,/kaggle/input/datasets/hintrngia/locked-densenet-xai-inputs/D-C0/DenseNet121/seed_42/best_checkpoint.pt
E01_XAI_D_C0_DenseNet121,D-C0,DenseNet121,42,27,normal,E-74019A53B16F834307F73E46.jpeg,0,0.6810318330963209,0.5126953125,1,0,0.2993306732943555,0.2993306815624237,0.372467041015625,0.8036433840646817,0.2670466204688285,0.26704663038253784,0.7169671167163106,1,0,79,47,11,38,0.5638143101922846,0.8198003594091196,0.5500821839205265,0.8483758120276415,0.0013858359471965453,0.00155912349684173,-0.15381373772707171,0.03755918780225237,/kaggle/input/datasets/hintrngia/locked-densenet-xai-inputs/D-C0/DenseNet121/seed_42/best_checkpoint.pt
E01_XAI_D_C0_DenseNet121,D-C0,DenseNet121,42,28,normal,E-778E5DF620CB9DE6A84B008B.jpeg,0,0.9646014344760394,0.5126953125,1,0,0.45517846857951666,0.45517846941947937,0.3386688232421875,1.3440223526392072,0.5606984392212753,0.5606984496116638,1.6555950850554402,1,1,48,144,42,150,0.9252840240678643,0.9738281954830266,0.9557713064135145,0.9806526369663177,0.00039221652284621156,0.0075402809577415075,0.5352675220210078,0.7420015325990766,/kaggle/input/datasets/hintrngia/locked-densenet-xai-inputs/D-C0/DenseNet121/seed_42/best_checkpoint.pt
E01_XAI_D_C0_DenseNet121,D-C0,DenseNet121,42,29,normal,E-77C42172A076E16EE5474210.jpeg,0,0.6575084014925677,0.5126953125,1,0,0.21624449694626222,0.21624450385570526,0.39276123046875,0.5505749553951143,0.11762305437803683,0.11762305349111557,0.29947725298053696,0,0,47,47,70,11,0.4458339035338864,0.8565624035200994,0.4098782215451399,0.889268362783396,0.0017357359756385027,0.0010725002786087373,0.6908215881964016,0.8342215071695684,/kaggle/input/datasets/hintrngia/locked-densenet-xai-inputs/D-C0/DenseNet121/seed_42/best_checkpoint.pt
E01_XAI_D_C0_DenseNet121,D-C0,DenseNet121,42,30,normal,E-7B1FB0C84C51C5CD8EDBCCFD.jpeg,0,0.9994326559192919,0.5126953125,1,0,0.43617485600536027,0.4361748695373535,0.388427734375,1.1229240793198967,0.1747189985396264,0.17471900582313538,0.4498108221359584,0,0,208,240,244,251,0.9760715387858774,0.9902587926420685,0.9533867733803676,0.9910176120396648,0.004538360956223675,0.002732586780040902,0.49693109368348004,0.06332510050070818,/kaggle/input/datasets/hintrngia/locked-densenet-xai-inputs/D-C0/DenseNet121/seed_42/best_checkpoint.pt
E01_XAI_D_C0_DenseNet121,D-C0,DenseNet121,42,31,normal,E-7B7A8A9BEAA512F9DC3E0865.jpeg,0,0.32894177563435606,0.5126953125,0,1,0.4942401051348736,0.4942401051521301,0.356475830078125,1.386461755419873,0.45142596599278484,0.4514259696006775,1.2663578506678859,1,1,111,79,108,60,0.2603765429968786,0.5714662438179434,0.2842316197958892,0.5568056754624953,0.0002703689680318422,0.0009436700279073507,0.5041579566801314,0.7830808016125257,/kaggle/input/datasets/hintrngia/locked-densenet-xai-inputs/D-C0/DenseNet121/seed_42/best_checkpoint.pt
E01_XAI_D_C0_DenseNet121,D-C0,DenseNet121,42,32,normal,E-82FCB2C3D1996A8155B45525.jpeg,0,0.021798439607655404,0.5126953125,0,1,0.2991897963998578,0.29918980598449707,0.2450714111328125,1.220827003104482,0.25849608876947516,0.25849607586860657,1.0547786360498304,0,0,112,0,138,30,0.4877563347072986,0.8206448276614815,0.4973306629636366,0.8727430225503474,0.0019366707901097846,0.003782988870550119,0.8663286226679433,0.9494499072983412,/kaggle/input/datasets/hintrngia/locked-densenet-xai-inputs/D-C0/DenseNet121/seed_42/best_checkpoint.pt
E01_XAI_D_C0_DenseNet121,D-C0,DenseNet121,42,33,normal,E-843CBB869621D4078F498542.jpeg,0,0.5527697834600994,0.5126953125,1,0,0.2505100334078566,0.250510036945343,0.3597412109375,0.696361789507011,0.18926823900339293,0.18926824629306793,0.5261233165645725,0,0,0,112,11,107,0.5114091022653624,0.8319186877409577,0.5169377705566995,0.8814252570440619,0.006137220039798413,0.003826604517946225,0.3420338221079412,0.6538280744357123,/kaggle/input/datasets/hintrngia/locked-densenet-xai-inputs/D-C0/DenseNet121/seed_42/best_checkpoint.pt
E01_XAI_D_C0_DenseNet121,D-C0,DenseNet121,42,34,normal,E-845A5BC2008587BFFF60937F.jpeg,0,0.6435395179541871,0.5126953125,1,0,0.301222868908015,0.30122286081314087,0.3625030517578125,0.830952642873918,0.3293814916249275,0.3293814957141876,0.9086309481471251,0,1,112,208,100,191,0.733214756112941,0.8792701204109326,0.8094825497579354,0.9068814508382406,0.0025931409363815217,0.011086770620440667,-0.6180499333638673,0.06389331261061053,/kaggle/input/datasets/hintrngia/locked-densenet-xai-inputs/D-C0/DenseNet121/seed_42/best_checkpoint.pt
E01_XAI_D_C0_DenseNet121,D-C0,DenseNet121,42,35,normal,E-8BB569A271B438E1FF7419AA.jpeg,0,0.41135372962667993,0.5126953125,0,1,0.16899418227375648,0.16899418830871582,0.3291015625,0.5135016102324232,0.12791529620590192,0.12791529297828674,0.3886803065722361,0,0,144,0,189,1,0.15191189424444512,0.41183313672934774,0.18732142707922889,0.4022800494007256,0.0015567004772043258,0.0010157404842006112,-0.3624037375014149,-0.004675915058502194,/kaggle/input/datasets/hintrngia/locked-densenet-xai-inputs/D-C0/DenseNet121/seed_42/best_checkpoint.pt
E01_XAI_D_C0_DenseNet121,D-C0,DenseNet121,42,36,normal,E-8E65534102472D38A215B619.jpeg,0,0.7894993487904742,0.5126953125,1,0,0.27008097550233773,0.2700809836387634,0.4018096923828125,0.6721614252277068,0.15618143731002998,0.1561814397573471,0.3886950471100947,0,0,0,112,5,119,0.6302625823257227,0.8592611604548858,0.6372170180255992,0.9029111748333507,0.0013766609342474867,0.0013314859151106473,-0.4282412952671699,0.2149456636241004,/kaggle/input/datasets/hintrngia/locked-densenet-xai-inputs/D-C0/DenseNet121/seed_42/best_checkpoint.pt
E01_XAI_D_C0_DenseNet121,D-C0,DenseNet121,42,37,normal,E-91CCC5E035FBDB0CCBB30E2A.jpeg,0,0.3708986226360894,0.5126953125,0,1,0.5491794253559678,0.5491794347763062,0.4178619384765625,1.3142604644925582,0.5694675574427919,0.5694675445556641,1.3628127020109844,1,1,111,80,91,175,0.32451498562465686,0.5940202857527885,0.32816783861291277,0.5116746358685873,0.00015479109848903772,0.0007903370671511478,0.4546403442445973,0.5454810803669763,/kaggle/input/datasets/hintrngia/locked-densenet-xai-inputs/D-C0/DenseNet121/seed_42/best_checkpoint.pt
E01_XAI_D_C0_DenseNet121,D-C0,DenseNet121,42,38,normal,E-91CD2D4F539A3D56107014E7.jpeg,0,0.660864654266503,0.5126953125,1,0,0.37662676491436553,0.37662675976753235,0.376434326171875,1.000511214650501,0.4886969514090171,0.48869696259498596,1.2982263237754903,1,1,175,208,103,193,0.6474137115238476,0.7962860478003726,0.6271351948837518,0.8577100528017868,0.0025689615456325754,0.0024709995834636955,-0.36995083903728854,0.24840808611159712,/kaggle/input/datasets/hintrngia/locked-densenet-xai-inputs/D-C0/DenseNet121/seed_42/best_checkpoint.pt
E01_XAI_D_C0_DenseNet121,D-C0,DenseNet121,42,39,normal,E-93DEE19500CF7BC746908FEA.jpeg,0,0.3921819633541449,0.5126953125,0,1,0.49907001696884046,0.49907001852989197,0.3555908203125,1.4034952210809273,0.4630343323676656,0.46303433179855347,1.3021549092879907,0,0,111,79,58,2,0.2478609915098294,0.5947867882606216,0.2795344749930258,0.5586137106504468,0.0025205215929956504,0.004369788827135734,0.04337450568545171,0.0956299908588072,/kaggle/input/datasets/hintrngia/locked-densenet-xai-inputs/D-C0/DenseNet121/seed_42/best_checkpoint.pt
E01_XAI_D_C0_DenseNet121,D-C0,DenseNet121,42,40,normal,E-9A48264C99FDAC90E29908DD.jpeg,0,0.9921445383823205,0.5126953125,1,0,0.25045393352732986,0.250453919172287,0.3754425048828125,0.6670899812089855,0.027274151377796506,0.027274152263998985,0.07264534788438415,0,0,208,240,242,4,0.7647801274828373,0.9741691563625368,0.7565181098306243,0.9757170037379086,0.001203633093620482,0.00043656213844051744,0.3231978628078595,0.8890541174830058,/kaggle/input/datasets/hintrngia/locked-densenet-xai-inputs/D-C0/DenseNet121/seed_42/best_checkpoint.pt
E01_XAI_D_C0_DenseNet121,D-C0,DenseNet121,42,41,normal,E-A5B76F5465A7745EBBAE1D8D.jpeg,0,0.3923686687177577,0.5126953125,0,1,0.5070663766453684,0.5070663690567017,0.36846923828125,1.3761430370975178,0.42163355726696616,0.4216335713863373,1.1442842806463431,1,0,144,176,1,1,0.19970898215543953,0.5694303651448192,0.2362038532573696,0.5215403251965154,0.002347822992988635,0.010932020891966598,-0.387488436386485,0.0017387794299931682,/kaggle/input/datasets/hintrngia/locked-densenet-xai-inputs/D-C0/DenseNet121/seed_42/best_checkpoint.pt
E01_XAI_D_C0_DenseNet121,D-C0,DenseNet121,42,42,normal,E-A92185A886C303721C499620.jpeg,0,0.9245938963896094,0.5126953125,1,0,0.37981722590762723,0.3798172175884247,0.4248199462890625,0.8940663667642059,0.33884360883733283,0.33884361386299133,0.7976169946756023,1,0,207,208,3,11,0.8183323397925064,0.88102866572989,0.783765289789651,0.9584352265514889,0.00240152874244165,0.0042138163035185805,0.5084147840107016,0.7426306972363591,/kaggle/input/datasets/hintrngia/locked-densenet-xai-inputs/D-C0/DenseNet121/seed_42/best_checkpoint.pt
E01_XAI_D_C0_DenseNet121,D-C0,DenseNet121,42,43,normal,E-B1906A980682154F21AC8637.jpeg,0,0.22198702213447224,0.5126953125,0,1,0.30300642268251743,0.3030064105987549,0.37506103515625,0.8078856353507511,0.3148559704570322,0.3148559629917145,0.8394792872201815,0,0,176,240,171,3,0.40627323429572904,0.5222692559085731,0.5086927066504527,0.44855717507736304,0.0005095286365196516,0.0014355860621489414,-0.13924513557578294,0.2842919169872495,/kaggle/input/datasets/hintrngia/locked-densenet-xai-inputs/D-C0/DenseNet121/seed_42/best_checkpoint.pt
E01_XAI_D_C0_DenseNet121,D-C0,DenseNet121,42,44,normal,E-B701F1D8C0C0617522833A87.jpeg,0,0.059519094679061094,0.5126953125,0,1,0.26066543986006185,0.2606654465198517,0.2968597412109375,0.8780760866959143,0.2876500309393988,0.2876500189304352,0.9689762234718293,0,1,143,0,173,44,0.4539162423544906,0.7495204214403347,0.4276926224545278,0.7292978076613775,0.0013639326521147077,0.0013624695743000292,0.40161957021409767,0.6853929958607802,/kaggle/input/datasets/hintrngia/locked-densenet-xai-inputs/D-C0/DenseNet121/seed_42/best_checkpoint.pt
E01_XAI_D_C0_DenseNet121,D-C0,DenseNet121,42,45,normal,E-B80945974BB38152A2ADE2AF.jpeg,0,0.012177975071928637,0.5126953125,0,1,0.37417369237147025,0.37417370080947876,0.287933349609375,1.2995149498281227,0.3386253436986767,0.33862534165382385,1.1760546117984354,0,0,143,47,143,27,0.5486333131512774,0.9052071732901061,0.6163261194423453,0.9424608956960949,0.0006900441368981602,0.0007051478552631552,0.7187183444580252,0.8154225176553568,/kaggle/input/datasets/hintrngia/locked-densenet-xai-inputs/D-C0/DenseNet121/seed_42/best_checkpoint.pt
E01_XAI_D_C0_DenseNet121,D-C0,DenseNet121,42,46,normal,E-BB74E7A26CC5772AE8204932.jpeg,0,0.7532059523499605,0.5126953125,1,0,0.3694408871724445,0.36944088339805603,0.396759033203125,0.9311467572391863,0.2797172549337823,0.27971726655960083,0.705005384945018,0,0,79,207,16,4,0.6585797020364548,0.8760539288361724,0.6401438972859095,0.8947207879919552,0.005904281174149539,0.012268694990965723,-0.2590935246096338,0.23394248999833492,/kaggle/input/datasets/hintrngia/locked-densenet-xai-inputs/D-C0/DenseNet121/seed_42/best_checkpoint.pt
E01_XAI_D_C0_DenseNet121,D-C0,DenseNet121,42,47,normal,E-BB96C349B18A4710DE07EC01.jpeg,0,0.26641151256167533,0.5126953125,0,1,0.4576182369193251,0.45761823654174805,0.3329010009765625,1.3746376117131087,0.33327643685616704,0.3332764506340027,1.0011277703536583,1,0,80,47,54,11,0.36313999138552,0.6147264040539329,0.399518291152625,0.6097479420620937,0.004298288236654291,0.006680936005339422,-0.43772958355881797,0.1926896845200715,/kaggle/input/datasets/hintrngia/locked-densenet-xai-inputs/D-C0/DenseNet121/seed_42/best_checkpoint.pt
E01_XAI_D_C0_DenseNet121,D-C0,DenseNet121,42,48,normal,E-BCDF7BD5461E233F18CDF83C.jpeg,0,0.1169366346828843,0.5126953125,0,1,0.42289797441150256,0.42289796471595764,0.2940521240234375,1.4381735068772887,0.34627713110016506,0.346277117729187,1.177604590513228,0,0,112,0,90,21,0.5499457627333236,0.7949855728469765,0.6028288975733566,0.7770421827416616,0.001514167399970956,0.0001516797931435665,-0.32411216737727133,-0.051481778937870024,/kaggle/input/datasets/hintrngia/locked-densenet-xai-inputs/D-C0/DenseNet121/seed_42/best_checkpoint.pt
E01_XAI_D_C0_DenseNet121,D-C0,DenseNet121,42,49,normal,E-BF6060CF2B5D86362B50F1EF.jpeg,0,0.1789223304496113,0.5126953125,0,1,0.30467052958819846,0.3046705424785614,0.3540191650390625,0.8606046216582119,0.26692590512990455,0.2669259011745453,0.7539871608376115,0,0,144,208,139,216,0.2964472499865287,0.7499133332797556,0.3877979795886068,0.7117526222533852,0.0008789238614445027,0.0007262242342943037,-0.3099216096092716,0.07351323395632732,/kaggle/input/datasets/hintrngia/locked-densenet-xai-inputs/D-C0/DenseNet121/seed_42/best_checkpoint.pt
E01_XAI_D_C0_DenseNet121,D-C0,DenseNet121,42,50,normal,E-C7B56CF9C42EB131FD94EA3C.jpeg,0,0.9871206876520181,0.5126953125,1,0,0.14602876551738103,0.1460287719964981,0.32830810546875,0.4447918375602846,0.009808475025013075,0.009808475151658058,0.029875823537797774,0,0,208,240,251,246,0.6548180952361985,0.9799672338050329,0.6506919567428251,0.9804391445362131,0.0019392086132717368,0.00011797974030302097,-0.25874119010414787,-0.06598869285667525,/kaggle/input/datasets/hintrngia/locked-densenet-xai-inputs/D-C0/DenseNet121/seed_42/best_checkpoint.pt
E01_XAI_D_C0_DenseNet121,D-C0,DenseNet121,42,51,normal,E-D31B79C24E008C43E1511E9D.jpeg,0,0.014101184839085457,0.5126953125,0,1,0.4010160093315864,0.4010159969329834,0.29034423828125,1.381174331908495,0.3661404929754899,0.3661404848098755,1.261056513960569,0,0,143,48,130,43,0.7380587742832563,0.9233695009565852,0.7935697623291118,0.9255871145701164,0.0018396765210447752,0.0010434705449001713,0.4220127566359808,0.6310189637400256,/kaggle/input/datasets/hintrngia/locked-densenet-xai-inputs/D-C0/DenseNet121/seed_42/best_checkpoint.pt
E01_XAI_D_C0_DenseNet121,D-C0,DenseNet121,42,52,normal,E-E13640D767DD410F37B990A9.jpeg,0,0.1001391280938292,0.5126953125,0,1,0.38569169657126184,0.38569170236587524,0.3385162353515625,1.1393595233939247,0.33231995461673025,0.3323199450969696,0.981695764965609,1,0,143,176,149,250,0.43542147851349994,0.8026902830623237,0.35446914678540786,0.8307840221679059,0.00031256602702794956,0.0009798226938426136,0.13118579642708605,0.24187595706635495,/kaggle/input/datasets/hintrngia/locked-densenet-xai-inputs/D-C0/DenseNet121/seed_42/best_checkpoint.pt
E01_XAI_D_C0_DenseNet121,D-C0,DenseNet121,42,53,normal,E-E2352C479C37BA410D3419C8.jpeg,0,0.5230591259220903,0.5126953125,1,0,0.19357495869933056,0.1935749650001526,0.460540771484375,0.42032100236297554,0.09850723390337661,0.09850723296403885,0.21389470814033826,0,0,47,47,5,25,0.5218249540266898,0.7613180700859996,0.5327869125950992,0.7934463975532066,0.0002015507216083512,0.00016032864928609836,0.822536964651042,0.8266039853453967,/kaggle/input/datasets/hintrngia/locked-densenet-xai-inputs/D-C0/DenseNet121/seed_42/best_checkpoint.pt
E01_XAI_D_C0_DenseNet121,D-C0,DenseNet121,42,54,normal,E-E249A212D4F7D1C6D4206FBF.jpeg,0,0.3356856117581677,0.5126953125,0,1,0.4701845269546006,0.4701845347881317,0.44427490234375,1.0583189022701163,0.3581874894326876,0.3581874966621399,0.8062294033335834,0,1,143,208,143,203,0.25994825920045744,0.6838867726530449,0.264130615570503,0.629170487729743,0.004949068371122467,0.008936325176961468,-0.25119296759412935,0.061361336796688676,/kaggle/input/datasets/hintrngia/locked-densenet-xai-inputs/D-C0/DenseNet121/seed_42/best_checkpoint.pt
E01_XAI_D_C0_DenseNet121,D-C0,DenseNet121,42,55,normal,E-E2DD25AE8644A21D4C1655DA.jpeg,0,0.43825478122533523,0.5126953125,0,1,0.2235361976293575,0.2235361933708191,0.3409881591796875,0.6555541346864265,0.20648918067460273,0.2064891755580902,0.6055611466725183,0,0,111,0,115,11,0.20082584174689538,0.4158660681219712,0.1795783949520246,0.3785332714928299,0.0009382252784693734,0.0018790753098544277,0.0908001060729847,0.6801728970382775,/kaggle/input/datasets/hintrngia/locked-densenet-xai-inputs/D-C0/DenseNet121/seed_42/best_checkpoint.pt
E01_XAI_D_C0_DenseNet121,D-C0,DenseNet121,42,56,normal,E-E35138A3EAFB63D43C970EAE.jpeg,0,0.5408844522712103,0.5126953125,1,0,0.35837216031988156,0.35837215185165405,0.4013519287109375,0.892912515634101,0.29142437587837744,0.29142436385154724,0.7261068280259037,1,0,208,111,7,143,0.5329033137598285,0.8164545432109223,0.5130115639239897,0.8636420146538124,0.0007392403298213668,0.009227203074088586,0.7001369718462069,0.5362777519807268,/kaggle/input/datasets/hintrngia/locked-densenet-xai-inputs/D-C0/DenseNet121/seed_42/best_checkpoint.pt
E01_XAI_D_C0_DenseNet121,D-C0,DenseNet121,42,57,normal,E-EACE2F51FB2EF2E191B9BC55.jpeg,0,0.8622624421009514,0.5126953125,1,0,0.4169053771293653,0.41690537333488464,0.4419708251953125,0.9432870980683613,0.3092621577676553,0.30926215648651123,0.6997343266515125,1,0,79,47,10,34,0.6310313266624188,0.8694018056292983,0.7237191211684971,0.9178129566217509,0.0005462483569178,0.0016453798679629816,0.2514904082235739,0.10596860584764406,/kaggle/input/datasets/hintrngia/locked-densenet-xai-inputs/D-C0/DenseNet121/seed_42/best_checkpoint.pt
E01_XAI_D_C0_DenseNet121,D-C0,DenseNet121,42,58,normal,E-ED70ACD6E494856AB99B813B.jpeg,0,0.9915555429792744,0.5126953125,1,0,0.19260047212284928,0.19260047376155853,0.3370513916015625,0.5714276128861899,0.024665622048131514,0.024665622040629387,0.0731805969734414,0,0,208,240,244,250,0.834441155347502,0.9776810309922803,0.8505372277470343,0.978548527137364,0.0002204941775878766,0.0007585228727358916,-0.19938703354213264,-0.0492446438266143,/kaggle/input/datasets/hintrngia/locked-densenet-xai-inputs/D-C0/DenseNet121/seed_42/best_checkpoint.pt
E01_XAI_D_C0_DenseNet121,D-C0,DenseNet121,42,59,normal,E-EE1CB872F9ABCF62B8C9A410.jpeg,0,0.06774661055689048,0.5126953125,0,1,0.34051435670503055,0.3405143618583679,0.260040283203125,1.3094677198111069,0.3776075934320117,0.3776075839996338,1.452111914280033,1,1,144,176,163,189,0.4460890851466417,0.6923038419782963,0.46294258421493284,0.7372600590355258,0.0011160768322666659,0.00492333307529641,0.10764949129360211,0.5041164830515336,/kaggle/input/datasets/hintrngia/locked-densenet-xai-inputs/D-C0/DenseNet121/seed_42/best_checkpoint.pt
E01_XAI_D_C0_DenseNet121,D-C0,DenseNet121,42,60,normal,E-EFAD2710B0F9E9CA19CFEDAD.jpeg,0,0.7822230037027378,0.5126953125,1,0,0.4620871312744625,0.46208712458610535,0.36236572265625,1.2751954789962596,0.5477086786142671,0.5477086901664734,1.5114803756806723,1,0,48,176,6,62,0.7321144447583461,0.9099287315024946,0.786862459365626,0.9502381146676895,0.0007845073009332681,0.004314060661106733,0.8438892130131788,0.7852548517965056,/kaggle/input/datasets/hintrngia/locked-densenet-xai-inputs/D-C0/DenseNet121/seed_42/best_checkpoint.pt
E01_XAI_D_C0_DenseNet121,D-C0,DenseNet121,42,61,normal,E-F32C5A7DA665488BF8EB2294.jpeg,0,0.6803744003405493,0.5126953125,1,0,0.3522594631926966,0.35225945711135864,0.3988037109375,0.8832903343968688,0.2011181410936701,0.20111814141273499,0.5043035848911372,1,0,80,47,10,71,0.5833881207283986,0.8509931489913833,0.5209303523718403,0.8730437449321531,0.0019222487191292714,0.001733283978158251,0.3451243838068698,0.7825103733143545,/kaggle/input/datasets/hintrngia/locked-densenet-xai-inputs/D-C0/DenseNet121/seed_42/best_checkpoint.pt
E01_XAI_D_C0_DenseNet121,D-C0,DenseNet121,42,62,normal,E-F57AB9616B464FB4687D409D.jpeg,0,0.30774837216905226,0.5126953125,0,1,0.47640107938176196,0.47640109062194824,0.43695068359375,1.0902856941738774,0.46532089279673233,0.465320885181427,1.064927714426828,0,0,48,47,26,6,0.367721739609102,0.5081572378339767,0.34670105406075563,0.4529985880054239,0.001090199010117865,9.426834613196489e-05,-0.37481052342685633,-0.1124881957760186,/kaggle/input/datasets/hintrngia/locked-densenet-xai-inputs/D-C0/DenseNet121/seed_42/best_checkpoint.pt
E01_XAI_D_C0_DenseNet121,D-C0,DenseNet121,42,63,normal,E-F803B5977A560D3CAEE3206F.jpeg,0,0.4397231790435295,0.5126953125,0,1,0.44419029775822905,0.44419029355049133,0.3428192138671875,1.2956983733423821,0.3964231780393122,0.39642319083213806,1.1563621932605317,0,0,144,240,1,1,0.2709076010114466,0.49006781392093707,0.29957768924991623,0.48517459142864294,0.01718665414985715,0.006335867684379215,-0.4929971582544366,0.14798676502652766,/kaggle/input/datasets/hintrngia/locked-densenet-xai-inputs/D-C0/DenseNet121/seed_42/best_checkpoint.pt
E01_XAI_D_C0_DenseNet121,D-C0,DenseNet121,42,64,pneumonia,E-018B83433C4DD934AA5C8B2B.jpeg,1,0.9999196152010694,0.5126953125,1,1,0.43369265572436927,0.43369266390800476,0.3726043701171875,1.1639494608932497,0.3804789733570149,0.38047897815704346,1.02113395298437,0,0,143,207,251,11,0.9986384749388444,0.9991894265995406,0.9992304360455915,0.9993260157068494,0.0017052661330638208,0.002613081878266532,0.7793355050834749,0.5824492844234944,/kaggle/input/datasets/hintrngia/locked-densenet-xai-inputs/D-C0/DenseNet121/seed_42/best_checkpoint.pt
E01_XAI_D_C0_DenseNet121,D-C0,DenseNet121,42,65,pneumonia,E-01E4EA18817F6CBD784D8ACE.jpeg,1,0.9857351738500756,0.5126953125,1,1,0.4514934397727381,0.45149344205856323,0.355072021484375,1.2715545366972998,0.5086946101025004,0.508694589138031,1.4326519109444549,1,1,48,207,195,114,0.9242066118759084,0.9801858665378597,0.9556438505407752,0.9924692389217066,0.0004476281985206221,0.010854413901930149,-0.2781739068272613,0.28173277948833925,/kaggle/input/datasets/hintrngia/locked-densenet-xai-inputs/D-C0/DenseNet121/seed_42/best_checkpoint.pt
E01_XAI_D_C0_DenseNet121,D-C0,DenseNet121,42,66,pneumonia,E-0981A556ADE7F427711A3360.jpeg,1,0.9912310265957494,0.5126953125,1,1,0.3652936541183732,0.3652936518192291,0.315826416015625,1.1566279310224035,0.3006272399508346,0.3006272315979004,0.9518749056632475,1,0,47,175,255,218,0.8337055705602356,0.9852023496254028,0.8361677829178276,0.9862831385717044,0.002583625597188721,0.020790629471937105,-0.6195628480760003,0.5517439373237424,/kaggle/input/datasets/hintrngia/locked-densenet-xai-inputs/D-C0/DenseNet121/seed_42/best_checkpoint.pt
E01_XAI_D_C0_DenseNet121,D-C0,DenseNet121,42,67,pneumonia,E-0B7E667233F7AB135F8A84DD.jpeg,1,0.9998905778463975,0.5126953125,1,1,0.5093564238432623,0.5093564391136169,0.3825225830078125,1.3315721645455358,0.5353343930741067,0.5353344082832336,1.399484414396452,1,0,143,144,19,5,0.9948028295424279,0.9962379433766251,0.9848525884094039,0.9977818295580698,0.000623083935310409,0.0012630648057749827,0.0,0.0,/kaggle/input/datasets/hintrngia/locked-densenet-xai-inputs/D-C0/DenseNet121/seed_42/best_checkpoint.pt
E01_XAI_D_C0_DenseNet121,D-C0,DenseNet121,42,68,pneumonia,E-122745006C7E29B76E58625B.jpeg,1,0.9915285580662067,0.5126953125,1,1,0.43341831309014944,0.43341830372810364,0.3352813720703125,1.2927002487906083,0.4889555727745777,0.4889555871486664,1.4583439865905758,1,1,79,143,211,209,0.9389190049285006,0.9873719978063222,0.9668860834007802,0.9914458631781513,0.001566207768544492,0.006316509545837123,0.7323284314539997,0.8787084174720542,/kaggle/input/datasets/hintrngia/locked-densenet-xai-inputs/D-C0/DenseNet121/seed_42/best_checkpoint.pt
E01_XAI_D_C0_DenseNet121,D-C0,DenseNet121,42,69,pneumonia,E-1265B89238C345234A9C993B.jpeg,1,0.9559147941303936,0.5126953125,1,1,0.3331464278918609,0.33314642310142517,0.3254241943359375,1.0237297462522152,0.1623482781990235,0.16234828531742096,0.4988820162259673,0,0,47,47,19,2,0.9308717992829387,0.9858677188787306,0.9409309038709113,0.9846291199503492,5.6086814341604896e-05,0.0010613624529821342,-0.3604553653407396,-0.028330719074606,/kaggle/input/datasets/hintrngia/locked-densenet-xai-inputs/D-C0/DenseNet121/seed_42/best_checkpoint.pt
E01_XAI_D_C0_DenseNet121,D-C0,DenseNet121,42,70,pneumonia,E-1777E855F7110F5A72B38BC0.jpeg,1,0.9975309391108799,0.5126953125,1,1,0.3539762103303333,0.35397621989250183,0.3238525390625,1.0930166283551037,0.2808384906331118,0.2808384895324707,0.8671801414498499,0,0,48,47,15,9,0.9675449672418652,0.9929872471386441,0.9864115421276907,0.993406957911603,0.0005322634913147439,0.0013749408728145895,0.8194268008355097,0.930644564023443,/kaggle/input/datasets/hintrngia/locked-densenet-xai-inputs/D-C0/DenseNet121/seed_42/best_checkpoint.pt
E01_XAI_D_C0_DenseNet121,D-C0,DenseNet121,42,71,pneumonia,E-198E88DB173F06A1227B639B.jpeg,1,0.9987234421124502,0.5126953125,1,1,0.3659973387731199,0.3659973442554474,0.256744384765625,1.4255320096181616,0.41631830928476227,0.41631829738616943,1.6215283916133472,0,0,207,48,218,7,0.996937318104249,0.9978065013753419,0.9988309288894007,0.9986443650119118,0.0027519262638167064,0.002884867426869664,-0.3930503946227324,-0.02101261646675381,/kaggle/input/datasets/hintrngia/locked-densenet-xai-inputs/D-C0/DenseNet121/seed_42/best_checkpoint.pt
E01_XAI_D_C0_DenseNet121,D-C0,DenseNet121,42,72,pneumonia,E-1A06E979246F3D9634B22BF8.jpeg,1,0.9999810546090313,0.5126953125,1,1,0.3642758506789904,0.36427584290504456,0.303802490234375,1.1990548543494883,0.3250876169736938,0.32508760690689087,1.0700623840275238,0,0,47,47,22,6,0.999033209805037,0.9990364023079842,0.9969841494790055,0.9992404026305727,0.002454927627511816,0.0035442445531645994,0.7940284807637215,0.887996581046165,/kaggle/input/datasets/hintrngia/locked-densenet-xai-inputs/D-C0/DenseNet121/seed_42/best_checkpoint.pt
E01_XAI_D_C0_DenseNet121,D-C0,DenseNet121,42,73,pneumonia,E-220D81ED5B8FE3B14418B9F7.jpeg,1,0.9906015604603804,0.5126953125,1,1,0.2880428887396125,0.28804290294647217,0.2836456298828125,1.0155026497627222,0.27905646502197584,0.27905645966529846,0.983820780659541,1,0,48,176,6,2,0.8859107051403641,0.9831872646458699,0.9028230988480808,0.987941935827165,0.0009863743710508133,0.013891833936830855,0.029982948973623417,0.8993759455863948,/kaggle/input/datasets/hintrngia/locked-densenet-xai-inputs/D-C0/DenseNet121/seed_42/best_checkpoint.pt
E01_XAI_D_C0_DenseNet121,D-C0,DenseNet121,42,74,pneumonia,E-227257A6740CF45FAF02E456.jpeg,1,0.9366789795364343,0.5126953125,1,1,0.2525832065644212,0.25258320569992065,0.381500244140625,0.662078754715859,0.03411528154381403,0.03411528095602989,0.08942400972943751,0,0,208,0,11,18,0.6849713439765844,0.954663250844079,0.6362728373267105,0.955113614250626,0.002540073532556808,0.002386629513935236,-0.3593946514374349,-0.04359781719118048,/kaggle/input/datasets/hintrngia/locked-densenet-xai-inputs/D-C0/DenseNet121/seed_42/best_checkpoint.pt
E01_XAI_D_C0_DenseNet121,D-C0,DenseNet121,42,75,pneumonia,E-2C0709EBA6450DCFB3BBB340.jpeg,1,0.9994797285109398,0.5126953125,1,1,0.332557558096088,0.3325575590133667,0.3762359619140625,0.8839068875931875,0.2050781698442064,0.20507816970348358,0.5450785958920351,0,0,47,48,27,68,0.9650076959906679,0.9910937035190097,0.9722129216851134,0.994541962186414,0.0009011753943093948,0.00294552510541618,-0.44079200183342615,0.030456651664308877,/kaggle/input/datasets/hintrngia/locked-densenet-xai-inputs/D-C0/DenseNet121/seed_42/best_checkpoint.pt
E01_XAI_D_C0_DenseNet121,D-C0,DenseNet121,42,76,pneumonia,E-30421FA65AB177DCD15E84C4.jpeg,1,0.9999977434900623,0.5126953125,1,1,0.5183079466655848,0.5183079242706299,0.41265869140625,1.25602091379514,0.44028160096802843,0.44028159976005554,1.0669388774234845,1,0,144,111,251,0,0.9995003844963455,0.9994638096359206,0.9991544531475476,0.9996793388043164,0.002226473762134251,0.005167609002224571,0.17456505495156524,0.7498152692874902,/kaggle/input/datasets/hintrngia/locked-densenet-xai-inputs/D-C0/DenseNet121/seed_42/best_checkpoint.pt
E01_XAI_D_C0_DenseNet121,D-C0,DenseNet121,42,77,pneumonia,E-386D019ED9E9E8244987AC20.jpeg,1,0.9985059802400802,0.5126953125,1,1,0.4474093680385799,0.44740936160087585,0.3555145263671875,1.2584840698646453,0.41764959003986996,0.41764959692955017,1.1747750346732873,1,0,207,176,19,4,0.9971791605178781,0.9985516772700576,0.9911188288240697,0.9984738226170411,0.0013157110487322377,0.0011311953665738006,0.1825505933356293,0.387324311995012,/kaggle/input/datasets/hintrngia/locked-densenet-xai-inputs/D-C0/DenseNet121/seed_42/best_checkpoint.pt
E01_XAI_D_C0_DenseNet121,D-C0,DenseNet121,42,78,pneumonia,E-3AC987E53985CBAF71C33ABC.jpeg,1,0.961848515443551,0.5126953125,1,1,0.43091610625722154,0.43091610074043274,0.4218597412109375,1.0214677158343861,0.29636783275610007,0.2963678240776062,0.7025269391797944,0,0,208,48,15,3,0.8960060004315378,0.9749333514979296,0.9505742621878339,0.9779928668687493,9.298997082318738e-05,0.00037987483518825416,0.5202603841311102,0.36052410269053453,/kaggle/input/datasets/hintrngia/locked-densenet-xai-inputs/D-C0/DenseNet121/seed_42/best_checkpoint.pt
E01_XAI_D_C0_DenseNet121,D-C0,DenseNet121,42,79,pneumonia,E-3EB4BE73D28C1518A6A12685.jpeg,1,0.9947811295674925,0.5126953125,1,1,0.4652249711555488,0.4652249813079834,0.40576171875,1.1465472213316052,0.433597241437382,0.43359723687171936,1.0686006624112614,1,0,207,207,255,250,0.9716535907939472,0.9843194415322758,0.9742763886863551,0.9948524863536448,0.0011177613635947603,0.002181561422730516,-0.2534947775582242,-0.04437157575185523,/kaggle/input/datasets/hintrngia/locked-densenet-xai-inputs/D-C0/DenseNet121/seed_42/best_checkpoint.pt
E01_XAI_D_C0_DenseNet121,D-C0,DenseNet121,42,80,pneumonia,E-401B5DEDAD367F085127D1DA.jpeg,1,0.978352687280746,0.5126953125,1,1,0.5072325653415944,0.5072325468063354,0.364349365234375,1.3921598711042271,0.5419879905491019,0.5419880151748657,1.487550253313759,1,0,47,143,83,38,0.9414073885720775,0.9855192675943877,0.9555389853420571,0.9917422425742765,0.00037831450186864846,0.009841762479485872,-0.25051132827977013,-0.11323666421119405,/kaggle/input/datasets/hintrngia/locked-densenet-xai-inputs/D-C0/DenseNet121/seed_42/best_checkpoint.pt
E01_XAI_D_C0_DenseNet121,D-C0,DenseNet121,42,81,pneumonia,E-4329094918EDAAADE18246AB.jpeg,1,0.9999999442706471,0.5126953125,1,1,0.48681336919760765,0.48681336641311646,0.4228057861328125,1.1513876705667623,0.47881775678641775,0.47881776094436646,1.132476830948597,0,0,112,79,22,6,0.9995253986785488,0.9997077229564084,0.9994073213149723,0.9997317717542413,0.0014367780199135427,0.0013281008782811687,0.7776744399060204,0.8289964104745353,/kaggle/input/datasets/hintrngia/locked-densenet-xai-inputs/D-C0/DenseNet121/seed_42/best_checkpoint.pt
E01_XAI_D_C0_DenseNet121,D-C0,DenseNet121,42,82,pneumonia,E-443A80FA1DE791815F946FF9.jpeg,1,0.9925142908497292,0.5126953125,1,1,0.42190843978447257,0.421908438205719,0.309112548828125,1.3649023353596206,0.5045906696318392,0.5045906901359558,1.6323849405169422,1,1,176,207,205,220,0.9520885663796079,0.990819454185681,0.979978414417641,0.9929198575137231,0.0004943087019148029,0.003906905578600406,0.13304833969205201,0.2997661153891398,/kaggle/input/datasets/hintrngia/locked-densenet-xai-inputs/D-C0/DenseNet121/seed_42/best_checkpoint.pt
E01_XAI_D_C0_DenseNet121,D-C0,DenseNet121,42,83,pneumonia,E-4B97630FB65DE326125E1DE1.jpeg,1,0.9998676260868095,0.5126953125,1,1,0.4261073615106587,0.42610734701156616,0.3383941650390625,1.2592042225712463,0.4254509023352218,0.4254508912563324,1.2572642979411597,1,0,79,80,242,1,0.9944444663513021,0.9970088959105701,0.9971250673941432,0.9978790559351779,0.004692332833241886,0.008427542775492125,0.16301577029679962,0.3738493063625665,/kaggle/input/datasets/hintrngia/locked-densenet-xai-inputs/D-C0/DenseNet121/seed_42/best_checkpoint.pt
E01_XAI_D_C0_DenseNet121,D-C0,DenseNet121,42,84,pneumonia,E-55F059ED3BB72FAD418A344C.jpeg,1,0.9950548915823448,0.5126953125,1,1,0.26793260322831075,0.26793259382247925,0.3324737548828125,0.8058759504874282,0.06751310815883327,0.067513108253479,0.20306297013618327,0,0,208,240,241,248,0.8402964076758208,0.9863114936052789,0.8700807620774031,0.9870714229159898,0.0005782240698827268,0.0008042806309960654,0.8964568844868531,0.9722258879200602,/kaggle/input/datasets/hintrngia/locked-densenet-xai-inputs/D-C0/DenseNet121/seed_42/best_checkpoint.pt
E01_XAI_D_C0_DenseNet121,D-C0,DenseNet121,42,85,pneumonia,E-6060B7AB38566FD26078DE5E.jpeg,1,0.9999592467412518,0.5126953125,1,1,0.41785064591512616,0.41785064339637756,0.271087646484375,1.5413857891868574,0.5148501929701098,0.5148501992225647,1.899201972671908,0,0,144,143,17,4,0.9961112420489275,0.9968027181758922,0.9975517004342905,0.9988602011635674,0.0011440100678008491,0.00243231264278021,0.8928562972519356,0.44432763985012824,/kaggle/input/datasets/hintrngia/locked-densenet-xai-inputs/D-C0/DenseNet121/seed_42/best_checkpoint.pt
E01_XAI_D_C0_DenseNet121,D-C0,DenseNet121,42,86,pneumonia,E-638A63581494A3F6A20C2D9C.jpeg,1,0.9550509197781701,0.5126953125,1,1,0.4238551294551843,0.42385512590408325,0.312408447265625,1.3567338948898582,0.4748100705333308,0.47481006383895874,1.5198374905964818,1,0,79,144,11,131,0.9314029300705641,0.9760786186438069,0.9484914634561417,0.9852111008955521,0.00032645390476787606,0.01139176373878531,0.29411162844147154,0.4975672503739497,/kaggle/input/datasets/hintrngia/locked-densenet-xai-inputs/D-C0/DenseNet121/seed_42/best_checkpoint.pt
E01_XAI_D_C0_DenseNet121,D-C0,DenseNet121,42,87,pneumonia,E-63AE2F3741553AC167D0B283.jpeg,1,0.9999972235625821,0.5126953125,1,1,0.465699226871902,0.4656992256641388,0.3596954345703125,1.2947043029006478,0.46080103990390314,0.46080103516578674,1.2810867072982732,1,0,79,47,64,1,0.9989279839381027,0.9992929152064924,0.9980884231720624,0.999581688087341,0.0013981273302734465,0.003449903849095326,0.9202985573278707,0.8185452081773742,/kaggle/input/datasets/hintrngia/locked-densenet-xai-inputs/D-C0/DenseNet121/seed_42/best_checkpoint.pt
E01_XAI_D_C0_DenseNet121,D-C0,DenseNet121,42,88,pneumonia,E-63E40A6B7E9FE7A4F927B234.jpeg,1,0.9997065563872073,0.5126953125,1,1,0.33693735214731596,0.3369373381137848,0.3593597412109375,0.9376046159537387,0.1569500176349222,0.15695001184940338,0.4367490278851115,0,0,208,0,239,8,0.9760243778952438,0.9904365873919795,0.9491474571193759,0.992638108870846,0.0004095464374888613,0.004326933671373184,0.2889186202370739,0.15916890132841952,/kaggle/input/datasets/hintrngia/locked-densenet-xai-inputs/D-C0/DenseNet121/seed_42/best_checkpoint.pt
E01_XAI_D_C0_DenseNet121,D-C0,DenseNet121,42,89,pneumonia,E-6C94FB136A3DC9D9B1FE1032.jpeg,1,0.9288002213590705,0.5126953125,1,1,0.3930918410482412,0.3930918276309967,0.3358001708984375,1.1706123912817528,0.3405362479579502,0.3405362367630005,1.0141038554174682,0,0,0,47,18,11,0.8591667743596145,0.9706538775871993,0.915867246105766,0.9749573306160055,0.004185584228719619,0.007498190461428633,0.35901249236520993,0.4587532943903408,/kaggle/input/datasets/hintrngia/locked-densenet-xai-inputs/D-C0/DenseNet121/seed_42/best_checkpoint.pt
E01_XAI_D_C0_DenseNet121,D-C0,DenseNet121,42,90,pneumonia,E-6EBA6C5A4DF4C84E483A5386.jpeg,1,0.9997492216889018,0.5126953125,1,1,0.3974316224531285,0.3974316120147705,0.3423919677734375,1.1607504260033081,0.33345790981703816,0.33345791697502136,0.9739069289081248,1,0,111,143,12,7,0.9891325280235523,0.9960630286539358,0.9938846529402705,0.996632329622383,0.0011264931824668256,0.0009810990311430734,-0.1898578096562239,0.05208785402243489,/kaggle/input/datasets/hintrngia/locked-densenet-xai-inputs/D-C0/DenseNet121/seed_42/best_checkpoint.pt
E01_XAI_D_C0_DenseNet121,D-C0,DenseNet121,42,91,pneumonia,E-73D66A02A1612F6E79C3F7EC.jpeg,1,0.999991955528172,0.5126953125,1,1,0.4567187225344181,0.45671871304512024,0.3591766357421875,1.2715713581722088,0.5254350710267865,0.5254350900650024,1.4628876679048168,1,0,111,48,1,66,0.9955245295154149,0.9986476625424254,0.9981174731694007,0.9987996252860782,0.0006850519454474902,0.0036691305341534086,-0.26474170563466815,-0.05949841651037859,/kaggle/input/datasets/hintrngia/locked-densenet-xai-inputs/D-C0/DenseNet121/seed_42/best_checkpoint.pt
E01_XAI_D_C0_DenseNet121,D-C0,DenseNet121,42,92,pneumonia,E-7725ED8C0E93C0BF91B23FCE.jpeg,1,0.9999841504692265,0.5126953125,1,1,0.4758602353889605,0.47586023807525635,0.38677978515625,1.2303130971457674,0.5145692610344269,0.5145692825317383,1.3303933679640287,0,0,144,144,117,170,0.9974477790069802,0.9974227841567027,0.9972801730253307,0.9985934583682808,0.0013567960193451856,0.00017565252367945927,0.49853809110257097,0.5437589457361893,/kaggle/input/datasets/hintrngia/locked-densenet-xai-inputs/D-C0/DenseNet121/seed_42/best_checkpoint.pt
E01_XAI_D_C0_DenseNet121,D-C0,DenseNet121,42,93,pneumonia,E-77D4D0C371CD4C8665643C00.jpeg,1,0.9944799020880775,0.5126953125,1,1,0.3330503148582023,0.33305031061172485,0.29443359375,1.13115596157479,0.33392656341094057,0.33392655849456787,1.1341320097273737,0,0,48,80,22,8,0.9705177472778258,0.9948264095387541,0.9913048767007294,0.9954088105277936,0.00210038053956213,0.0075731377642194175,0.8014153415965944,0.8218416906447679,/kaggle/input/datasets/hintrngia/locked-densenet-xai-inputs/D-C0/DenseNet121/seed_42/best_checkpoint.pt
E01_XAI_D_C0_DenseNet121,D-C0,DenseNet121,42,94,pneumonia,E-7B805F2D3984459EDD091000.jpeg,1,0.9998257744212191,0.5126953125,1,1,0.39326195146959386,0.39326193928718567,0.3260345458984375,1.2061971849820425,0.40297650818056974,0.40297651290893555,1.2359932812337633,0,0,80,207,19,4,0.9866545302413268,0.9953230098007002,0.9882887244939161,0.9955678116691267,0.0018246801098781296,0.000767000959526587,0.5342772638066766,0.5855234018999319,/kaggle/input/datasets/hintrngia/locked-densenet-xai-inputs/D-C0/DenseNet121/seed_42/best_checkpoint.pt
E01_XAI_D_C0_DenseNet121,D-C0,DenseNet121,42,95,pneumonia,E-8B99D004F7E59741CFAB602B.jpeg,1,0.9999998800406047,0.5126953125,1,1,0.514394830645804,0.5143948197364807,0.44635009765625,1.1524469992206827,0.43714883175813396,0.4371488392353058,0.9793855407528055,1,1,143,175,210,230,0.9998905515840312,0.9998388849394562,0.9996644204134644,0.9998978430971982,0.0004104014813863799,0.0024315698657211837,0.5462749816553473,0.7321980659248207,/kaggle/input/datasets/hintrngia/locked-densenet-xai-inputs/D-C0/DenseNet121/seed_42/best_checkpoint.pt
E01_XAI_D_C0_DenseNet121,D-C0,DenseNet121,42,96,pneumonia,E-8E859FAC3770F43BC30CF790.jpeg,1,0.999071222750712,0.5126953125,1,1,0.3334780205334442,0.33347803354263306,0.32305908203125,1.0322508763309939,0.2141742655537964,0.2141742706298828,0.6629569557591914,0,0,47,47,17,4,0.9785519757556423,0.9973996962625593,0.991376946408258,0.997550746017402,0.00041505179723144714,0.0021467860165465535,0.9702610537793831,0.9738680303114898,/kaggle/input/datasets/hintrngia/locked-densenet-xai-inputs/D-C0/DenseNet121/seed_42/best_checkpoint.pt
E01_XAI_D_C0_DenseNet121,D-C0,DenseNet121,42,97,pneumonia,E-9A9C78D1B9953A6FD2BA65F6.jpeg,1,0.9999972221959761,0.5126953125,1,1,0.5072848984764827,0.5072848796844482,0.39300537109375,1.2907836273705067,0.5214010218080014,0.521401047706604,1.3267020253614374,0,0,143,80,18,4,0.9993760342012614,0.9994584106696008,0.9987902643813639,0.9996742765425948,0.0010593448969847818,8.497220852987653e-05,0.8998271340610394,0.6826783963374361,/kaggle/input/datasets/hintrngia/locked-densenet-xai-inputs/D-C0/DenseNet121/seed_42/best_checkpoint.pt
E01_XAI_D_C0_DenseNet121,D-C0,DenseNet121,42,98,pneumonia,E-9B56CC62692974C989F872CC.jpeg,1,0.9999742028524005,0.5126953125,1,1,0.5013148669165,0.5013148784637451,0.37744140625,1.3281925581435858,0.5811498964132386,0.5811498761177063,1.5397089105489166,1,0,144,111,18,10,0.9956357518973175,0.996786686475763,0.9966391222281652,0.9980040050637569,0.0008004465583710818,0.003492083945587754,-0.21419257756736015,0.24410479993617631,/kaggle/input/datasets/hintrngia/locked-densenet-xai-inputs/D-C0/DenseNet121/seed_42/best_checkpoint.pt
E01_XAI_D_C0_DenseNet121,D-C0,DenseNet121,42,99,pneumonia,E-9FC76B9714A55204D742CE4C.jpeg,1,0.9999784377724592,0.5126953125,1,1,0.42606743066991265,0.42606744170188904,0.32318115234375,1.3183548223032764,0.4507527573851108,0.45075276494026184,1.3947371439089056,1,0,79,175,19,4,0.9983327353539744,0.9978763396161059,0.9983640606652637,0.9986376255116018,0.0025160399273186917,0.004725721805577787,0.37323195436658524,0.34181011651658927,/kaggle/input/datasets/hintrngia/locked-densenet-xai-inputs/D-C0/DenseNet121/seed_42/best_checkpoint.pt
E01_XAI_D_C0_DenseNet121,D-C0,DenseNet121,42,100,pneumonia,E-A0A20FFCEFD96663F4AB4E87.jpeg,1,0.9990104937983718,0.5126953125,1,1,0.4088319276810688,0.408831924200058,0.3404388427734375,1.2008968317200719,0.41729784675547404,0.4172978401184082,1.2257644966593495,1,0,207,208,255,233,0.9744512189429505,0.9913509841113414,0.9426171727027206,0.993642371673682,0.0007021333092522286,0.007417446591273469,0.7814139423106835,0.9515741925012987,/kaggle/input/datasets/hintrngia/locked-densenet-xai-inputs/D-C0/DenseNet121/seed_42/best_checkpoint.pt
E01_XAI_D_C0_DenseNet121,D-C0,DenseNet121,42,101,pneumonia,E-A0D5A9410E976B289DD85CF6.jpeg,1,0.9923390061850197,0.5126953125,1,1,0.3319974567236791,0.33199745416641235,0.2681732177734375,1.2379963199910686,0.1395807400803568,0.13958074152469635,0.5204872479036281,0,0,208,240,244,251,0.8624839688090369,0.9712492787140138,0.8430188630446229,0.9784847178222438,0.00043636208238934104,0.006614474000546544,0.9050486195438942,0.9975282938297708,/kaggle/input/datasets/hintrngia/locked-densenet-xai-inputs/D-C0/DenseNet121/seed_42/best_checkpoint.pt
E01_XAI_D_C0_DenseNet121,D-C0,DenseNet121,42,102,pneumonia,E-A540763BCA2A1AF575A9EE6B.jpeg,1,0.9857700177997374,0.5126953125,1,1,0.42532498886083914,0.4253249764442444,0.3713226318359375,1.1454324417499055,0.21640064017816332,0.2164006382226944,0.5827833307875945,1,0,208,207,6,10,0.9169591158560935,0.9690232743976168,0.8974992034919119,0.9813087776339823,0.0009533265385596179,0.0011108426354071166,-0.3535944242415623,0.22721780129887173,/kaggle/input/datasets/hintrngia/locked-densenet-xai-inputs/D-C0/DenseNet121/seed_42/best_checkpoint.pt
E01_XAI_D_C0_DenseNet121,D-C0,DenseNet121,42,103,pneumonia,E-A9AC7ECA864D894719491A2C.jpeg,1,0.9994629146045007,0.5126953125,1,1,0.44379557665921415,0.4437955617904663,0.3572845458984375,1.2421348243407329,0.5017131537143584,0.5017131567001343,1.404239728457151,1,0,207,175,11,2,0.9557415913268466,0.9867808928113531,0.9477469134111234,0.9897736236434176,0.0018548968348141015,0.014917372413818242,0.6566677147671319,0.7641257422917499,/kaggle/input/datasets/hintrngia/locked-densenet-xai-inputs/D-C0/DenseNet121/seed_42/best_checkpoint.pt
E01_XAI_D_C0_DenseNet121,D-C0,DenseNet121,42,104,pneumonia,E-B15903E1E2039605DB9FB6A1.jpeg,1,0.9989517140057831,0.5126953125,1,1,0.27585636761106097,0.2758563756942749,0.2703704833984375,1.0202902481945082,0.2535161980960057,0.25351619720458984,0.9376622585032919,0,0,47,47,22,7,0.9692658550076676,0.9898004746372613,0.9859033310556979,0.9928729957330293,0.004320918609925006,0.00632083964071567,-0.22987710268812744,0.17475585808409408,/kaggle/input/datasets/hintrngia/locked-densenet-xai-inputs/D-C0/DenseNet121/seed_42/best_checkpoint.pt
E01_XAI_D_C0_DenseNet121,D-C0,DenseNet121,42,105,pneumonia,E-B29F964F9024332A9FD3DA8C.jpeg,1,0.9806130682727906,0.5126953125,1,1,0.5864311636509074,0.5864311456680298,0.444091796875,1.3205178924211747,0.6480435683639797,0.6480435729026794,1.4592558856618256,1,1,79,143,79,122,0.9788627384943762,0.9904036660623554,0.9779835986804503,0.9921156793625991,0.001523793736912582,0.0018499648178281758,0.11069171438380573,0.42712341338565185,/kaggle/input/datasets/hintrngia/locked-densenet-xai-inputs/D-C0/DenseNet121/seed_42/best_checkpoint.pt
E01_XAI_D_C0_DenseNet121,D-C0,DenseNet121,42,106,pneumonia,E-B352C843937DC9BD58C4B554.jpeg,1,0.902030924329931,0.5126953125,1,1,0.3516788976139237,0.35167890787124634,0.322052001953125,1.0919941359815266,0.1555612235656024,0.15556122362613678,0.4830313819575153,0,0,240,0,251,22,0.788078408236851,0.9709287250978748,0.7374677448189525,0.973207586966365,0.0018611479505817319,0.010608097519595378,0.5613547730949552,0.9854280136481948,/kaggle/input/datasets/hintrngia/locked-densenet-xai-inputs/D-C0/DenseNet121/seed_42/best_checkpoint.pt
E01_XAI_D_C0_DenseNet121,D-C0,DenseNet121,42,107,pneumonia,E-B41848B096ED1788DCCEEDA2.jpeg,1,0.9994854089491916,0.5126953125,1,1,0.3858095642837726,0.3858095705509186,0.2685089111328125,1.436859442228864,0.3338404274240445,0.33384042978286743,1.24331228343821,0,0,47,47,22,6,0.9977102667330511,0.9989850021155995,0.9946358678334467,0.9993630558606581,0.00043489382580674807,0.00017663451028182564,0.0028587437645339916,-0.047275193591936576,/kaggle/input/datasets/hintrngia/locked-densenet-xai-inputs/D-C0/DenseNet121/seed_42/best_checkpoint.pt
E01_XAI_D_C0_DenseNet121,D-C0,DenseNet121,42,108,pneumonia,E-B813D1454C73F6C74F660590.jpeg,1,0.9496407790438174,0.5126953125,1,1,0.2523757011842012,0.25237569212913513,0.2771453857421875,0.9106256649676712,0.24671858594992346,0.24671858549118042,0.8902135797398109,0,0,0,144,255,219,0.6933850920922484,0.9627479171872481,0.788201329834042,0.9631118123997358,0.0008397022696907674,0.017414635067106804,0.930921434039532,0.837308530722611,/kaggle/input/datasets/hintrngia/locked-densenet-xai-inputs/D-C0/DenseNet121/seed_42/best_checkpoint.pt
E01_XAI_D_C0_DenseNet121,D-C0,DenseNet121,42,109,pneumonia,E-BF1AD901130E35A45E611B5A.jpeg,1,0.9997352573051126,0.5126953125,1,1,0.3561143241885343,0.35611432790756226,0.2906494140625,1.2252366836423658,0.35147425700866064,0.35147425532341003,1.2092722021902342,1,0,111,112,18,21,0.9959641346822076,0.9989586157868078,0.994414927723336,0.9991670532028818,0.00016277474533216152,0.0020886559380922654,0.5250830363343395,0.7368348029941694,/kaggle/input/datasets/hintrngia/locked-densenet-xai-inputs/D-C0/DenseNet121/seed_42/best_checkpoint.pt
E01_XAI_D_C0_DenseNet121,D-C0,DenseNet121,42,110,pneumonia,E-BFFC08BEA9A0FA7A1279A0B5.jpeg,1,0.9987501721647164,0.5126953125,1,1,0.4432165535837166,0.44321656227111816,0.364898681640625,1.2146290898913796,0.4473309114276816,0.44733092188835144,1.2259044330235236,1,0,207,207,255,231,0.9742588419925367,0.9846418422660581,0.9690892236051388,0.9936096152323539,0.00034507802877542515,0.002520238341019776,0.8645780026956208,0.9106717521647099,/kaggle/input/datasets/hintrngia/locked-densenet-xai-inputs/D-C0/DenseNet121/seed_42/best_checkpoint.pt
E01_XAI_D_C0_DenseNet121,D-C0,DenseNet121,42,111,pneumonia,E-C378B1871ED2B8AC1E544A5B.jpeg,1,0.9978875427700691,0.5126953125,1,1,0.35186460832470606,0.35186460614204407,0.2780303955078125,1.2655616580411577,0.3845433643243705,0.38454335927963257,1.3830982890270536,0,0,47,47,23,5,0.9976914329686817,0.9977917936169726,0.997487771315539,0.9986424423160841,0.0014030873418610645,0.003552288395805958,-0.16357394420970975,0.13696033335899088,/kaggle/input/datasets/hintrngia/locked-densenet-xai-inputs/D-C0/DenseNet121/seed_42/best_checkpoint.pt
E01_XAI_D_C0_DenseNet121,D-C0,DenseNet121,42,112,pneumonia,E-D2A52B478FEFC3F6A00973AF.jpeg,1,0.9990202731907394,0.5126953125,1,1,0.4066859998407718,0.406686007976532,0.35107421875,1.1584046281973583,0.28957452141050843,0.289574533700943,0.8248242278841742,1,0,208,207,3,1,0.9857807656709736,0.995484441740932,0.9789766143652447,0.99637898350804,0.0002976531809561478,0.003160188431147959,0.6300104683955045,0.8769735595975078,/kaggle/input/datasets/hintrngia/locked-densenet-xai-inputs/D-C0/DenseNet121/seed_42/best_checkpoint.pt
E01_XAI_D_C0_DenseNet121,D-C0,DenseNet121,42,113,pneumonia,E-D33BB0B839138FAFF4DA3ED6.jpeg,1,0.9623760098232335,0.5126953125,1,1,0.21295333905448463,0.2129533439874649,0.3347625732421875,0.636132459468285,0.01770492268301871,0.017704922705888748,0.05288799913187994,0,0,208,0,251,2,0.7885987614990528,0.9661067763973806,0.7987665612127333,0.9665433653455988,0.0010172915371773061,0.0005955302520988942,-0.020456490681618384,0.5902343299228608,/kaggle/input/datasets/hintrngia/locked-densenet-xai-inputs/D-C0/DenseNet121/seed_42/best_checkpoint.pt
E01_XAI_D_C0_DenseNet121,D-C0,DenseNet121,42,114,pneumonia,E-DA47F22802134421DB0B257A.jpeg,1,0.999992907133052,0.5126953125,1,1,0.5070339410511505,0.5070339441299438,0.39227294921875,1.292553927210526,0.5334780366756982,0.5334780216217041,1.359966415574084,0,0,111,80,21,6,0.9994992157058227,0.9997322707374581,0.9994527581980781,0.9997789132430374,0.0015883584234135384,0.0034736719955580364,0.8008675370135867,0.7695552194982135,/kaggle/input/datasets/hintrngia/locked-densenet-xai-inputs/D-C0/DenseNet121/seed_42/best_checkpoint.pt
E01_XAI_D_C0_DenseNet121,D-C0,DenseNet121,42,115,pneumonia,E-E09BD72833F7B4079F215903.jpeg,1,0.9969124442600167,0.5126953125,1,1,0.44274248830591023,0.4427424967288971,0.3171234130859375,1.3961204693074212,0.5172250670277541,0.5172250866889954,1.6309898471217288,1,1,111,48,98,36,0.9922902517203296,0.9976861795180026,0.9963992502212079,0.9984373976281872,0.0010186336576786803,0.011040382257855752,0.9252543286593209,0.9467788925844347,/kaggle/input/datasets/hintrngia/locked-densenet-xai-inputs/D-C0/DenseNet121/seed_42/best_checkpoint.pt
E01_XAI_D_C0_DenseNet121,D-C0,DenseNet121,42,116,pneumonia,E-E0D541D212A934D795DA0D1B.jpeg,1,0.9823925920189548,0.5126953125,1,1,0.4433117913107251,0.44331178069114685,0.306488037109375,1.446424452620715,0.5351173675987351,0.5351173877716064,1.745964940901658,0,1,48,112,54,110,0.9836972548777987,0.9910449349778249,0.9599925259812048,0.9911359211801916,0.0015299883879998366,0.003982949374224165,0.44161901066795006,0.604578892461165,/kaggle/input/datasets/hintrngia/locked-densenet-xai-inputs/D-C0/DenseNet121/seed_42/best_checkpoint.pt
E01_XAI_D_C0_DenseNet121,D-C0,DenseNet121,42,117,pneumonia,E-E1AD2A3BA30BC31AC67A922E.jpeg,1,0.9999610856669466,0.5126953125,1,1,0.37741263988162177,0.3774126470088959,0.3279571533203125,1.1507986212851609,0.3015048924475926,0.30150488018989563,0.9193423268713269,0,0,208,0,252,2,0.9948439544175197,0.9962922564469348,0.9909106511633468,0.996528848152026,0.0033728883685604227,0.01358258119568373,0.6196473661095641,0.9426406930058739,/kaggle/input/datasets/hintrngia/locked-densenet-xai-inputs/D-C0/DenseNet121/seed_42/best_checkpoint.pt
E01_XAI_D_C0_DenseNet121,D-C0,DenseNet121,42,118,pneumonia,E-E280E4CD8F00E10AB30B96C9.jpeg,1,0.9958116628339979,0.5126953125,1,1,0.43205394073274306,0.43205395340919495,0.3293609619140625,1.3117946286708848,0.45460501891526794,0.45460501313209534,1.3802638183753069,0,1,48,47,171,88,0.941730698651694,0.9820684607216873,0.9503722994462728,0.9896913486694553,0.0011383927489500012,0.003212616306577709,0.8249529847936689,0.9315342495598621,/kaggle/input/datasets/hintrngia/locked-densenet-xai-inputs/D-C0/DenseNet121/seed_42/best_checkpoint.pt
E01_XAI_D_C0_DenseNet121,D-C0,DenseNet121,42,119,pneumonia,E-E2EF7E089A1E8F497DBAC1CB.jpeg,1,0.999990798836185,0.5126953125,1,1,0.5125250369390754,0.5125250220298767,0.3351898193359375,1.5290590804770448,0.642842382945381,0.6428424119949341,1.9178457872585464,1,1,111,79,91,61,0.9983530962496829,0.999137594464457,0.9975104102788865,0.9991877155102247,0.0012580762580478577,6.998789191170474e-05,0.0,0.0,/kaggle/input/datasets/hintrngia/locked-densenet-xai-inputs/D-C0/DenseNet121/seed_42/best_checkpoint.pt
E01_XAI_D_C0_DenseNet121,D-C0,DenseNet121,42,120,pneumonia,E-E7BF66D9C027E263610D5923.jpeg,1,0.914922280999121,0.5126953125,1,1,0.24429122946156817,0.24429123103618622,0.3877410888671875,0.6300369924046016,0.08597999849039063,0.08597999811172485,0.22174590457149426,0,0,0,47,14,3,0.8044722072021906,0.9641721116787383,0.7585777189227516,0.9644946112474576,0.0011276572116857286,0.0017582787640235825,0.8345808522550785,0.8895978259430475,/kaggle/input/datasets/hintrngia/locked-densenet-xai-inputs/D-C0/DenseNet121/seed_42/best_checkpoint.pt
E01_XAI_D_C0_DenseNet121,D-C0,DenseNet121,42,121,pneumonia,E-EB1401E2B7015C0BDE01BE91.jpeg,1,0.9931912142527879,0.5126953125,1,1,0.32625035978495304,0.3262503743171692,0.329986572265625,0.9886776832917175,0.30991777077713717,0.30991777777671814,0.9391829753838187,1,0,208,175,0,2,0.8893610006557986,0.9840334562440558,0.9069373554757693,0.9832960774153117,0.0002814557827316988,0.02091070636101733,-0.36608648915006553,0.6729735936146951,/kaggle/input/datasets/hintrngia/locked-densenet-xai-inputs/D-C0/DenseNet121/seed_42/best_checkpoint.pt
E01_XAI_D_C0_DenseNet121,D-C0,DenseNet121,42,122,pneumonia,E-EB344A640162B22F1A6C369F.jpeg,1,0.9881141066448348,0.5126953125,1,1,0.19955885954245764,0.19955885410308838,0.2807464599609375,0.7108152301198165,0.025095039320173738,0.02509503997862339,0.08938684150697897,0,0,208,0,247,26,0.8675604355991473,0.986553591610436,0.8974314056157554,0.9865440834596242,0.0008294798152763128,0.0014115956052518745,-0.286684840169504,-0.06516412310506134,/kaggle/input/datasets/hintrngia/locked-densenet-xai-inputs/D-C0/DenseNet121/seed_42/best_checkpoint.pt
E01_XAI_D_C0_DenseNet121,D-C0,DenseNet121,42,123,pneumonia,E-EC00E01864643AB223676743.jpeg,1,0.9814012247381453,0.5126953125,1,1,0.5065931692857805,0.5065931677818298,0.3099517822265625,1.6344257343727124,0.6552625232834817,0.6552625298500061,2.1140789014870407,1,1,48,112,71,123,0.9414485229199021,0.9844607471681041,0.9540625647948882,0.9882020654269198,0.000641870923830945,0.003352587982595856,0.9782427425477294,0.9201147101900129,/kaggle/input/datasets/hintrngia/locked-densenet-xai-inputs/D-C0/DenseNet121/seed_42/best_checkpoint.pt
E01_XAI_D_C0_DenseNet121,D-C0,DenseNet121,42,124,pneumonia,E-EF92BEF2BC79AC7D99E44B1F.jpeg,1,0.9897855477081564,0.5126953125,1,1,0.2321088186130045,0.23210881650447845,0.343048095703125,0.6766072207375617,0.10176966664944569,0.10176966339349747,0.29666296919927376,0,0,0,47,17,10,0.9012754175690536,0.9823724766663857,0.9222650051887864,0.9845516779568786,0.0011640051860909162,0.0006789727951915792,-0.0009156116007312956,-0.028479098278472156,/kaggle/input/datasets/hintrngia/locked-densenet-xai-inputs/D-C0/DenseNet121/seed_42/best_checkpoint.pt
E01_XAI_D_C0_DenseNet121,D-C0,DenseNet121,42,125,pneumonia,E-F051ECCC0E91B0C03A0B3894.jpeg,1,0.9998642232363345,0.5126953125,1,1,0.5807775503991456,0.5807775259017944,0.5049896240234375,1.1500781853137454,0.5811050814296136,0.5811050534248352,1.150726774937941,1,0,79,112,255,235,0.9964428265112755,0.9965798851632092,0.9959132539377832,0.9981649752047694,0.0020664276362523104,0.0073594114773261055,0.8797528832028079,0.6875796751095588,/kaggle/input/datasets/hintrngia/locked-densenet-xai-inputs/D-C0/DenseNet121/seed_42/best_checkpoint.pt
E01_XAI_D_C0_DenseNet121,D-C0,DenseNet121,42,126,pneumonia,E-FA7B18636100FBD243EBAF3A.jpeg,1,0.9986164919657058,0.5126953125,1,1,0.26366994686842704,0.2636699378490448,0.2697601318359375,0.9774237025832476,0.22426734283921462,0.22426734864711761,0.8313583675723044,0,0,208,0,251,6,0.9823330865081766,0.9909894162053468,0.9857542736293743,0.9925079863154328,0.00041711308310404815,0.002567895344748189,-0.1778134761582697,0.300380070438235,/kaggle/input/datasets/hintrngia/locked-densenet-xai-inputs/D-C0/DenseNet121/seed_42/best_checkpoint.pt
E01_XAI_D_C0_DenseNet121,D-C0,DenseNet121,42,127,pneumonia,E-FDAF56855798F8C5BE7AC652.jpeg,1,0.9999561668411433,0.5126953125,1,1,0.4401101189931009,0.44011011719703674,0.37738037109375,1.1662241936896272,0.40507943407483166,0.4050794243812561,1.0733982610192532,1,0,144,111,17,4,0.994566417675204,0.9988624451743621,0.9975335900626119,0.9989633141469298,0.000866823419756857,0.0013997849544488128,0.0,0.0,/kaggle/input/datasets/hintrngia/locked-densenet-xai-inputs/D-C0/DenseNet121/seed_42/best_checkpoint.pt
E01_XAI_D_C0_DenseNet121,D-C0,DenseNet121,2024,0,normal,E-03B36F677CCFA6787A3BC686.jpeg,0,0.7674221675774076,0.57861328125,1,0,0.3577921774030506,0.3577921688556671,0.3590850830078125,0.9963994449618121,0.31697150639278016,0.3169715106487274,0.8827197825588425,1,0,208,207,5,127,0.7003753076612562,0.895927880434002,0.8555407759607445,0.9225118304853737,0.0029818983420726863,0.0010271031556225996,0.33461531243378356,0.8902252763584905,/kaggle/input/datasets/hintrngia/locked-densenet-xai-inputs/D-C0/DenseNet121/seed_2024/best_checkpoint.pt
E01_XAI_D_C0_DenseNet121,D-C0,DenseNet121,2024,1,normal,E-06530ECE35CCF9FF05F7DDEB.jpeg,0,0.07099791416160278,0.57861328125,0,1,0.36264098686575846,0.36264097690582275,0.2779541015625,1.3046793870901596,0.4061032593717268,0.406103253364563,1.4610443130317023,0,0,80,0,75,27,0.40475719926058956,0.7216312067346946,0.3859062591417938,0.8581857537739429,0.001402848279112745,0.004416137995446712,0.37905899193799647,0.5717758023022692,/kaggle/input/datasets/hintrngia/locked-densenet-xai-inputs/D-C0/DenseNet121/seed_2024/best_checkpoint.pt
E01_XAI_D_C0_DenseNet121,D-C0,DenseNet121,2024,2,normal,E-10FEC5D206E4A3A02E4F32C9.jpeg,0,0.32744849927439734,0.57861328125,0,1,0.3306550750318401,0.3306550681591034,0.2476806640625,1.3350056060427966,0.3796886964831038,0.37968870997428894,1.5329767380924526,1,1,175,79,163,79,0.32444444677628237,0.5643613231135922,0.2997211528839506,0.627926940149482,0.000274336083446014,0.004522108240189449,-0.4001021551061707,-0.1322591436644388,/kaggle/input/datasets/hintrngia/locked-densenet-xai-inputs/D-C0/DenseNet121/seed_2024/best_checkpoint.pt
E01_XAI_D_C0_DenseNet121,D-C0,DenseNet121,2024,3,normal,E-16E04AC17A9CE052EFE7227B.jpeg,0,0.09669831674565084,0.57861328125,0,1,0.3980558018940163,0.3980557918548584,0.3753509521484375,1.0604896553894976,0.30716359082265704,0.3071635961532593,0.8183370498050185,0,0,80,47,51,3,0.6025453526095021,0.8592006539229393,0.5728895957666841,0.8711741134588695,0.0005903489660739614,0.0020609649123994878,0.30687043642312845,0.3278004643829672,/kaggle/input/datasets/hintrngia/locked-densenet-xai-inputs/D-C0/DenseNet121/seed_2024/best_checkpoint.pt
E01_XAI_D_C0_DenseNet121,D-C0,DenseNet121,2024,4,normal,E-256958BC036CED77CAAB2A55.jpeg,0,0.13508303875176406,0.57861328125,0,1,0.2827991691093256,0.2827991545200348,0.3496246337890625,0.808865113549023,0.28288073358521076,0.2828807234764099,0.8090984051080335,0,0,111,0,70,35,0.3624176392462034,0.7023311452749614,0.32712306876183406,0.7912010467972528,0.0042231556244291535,0.0016133914083358292,0.2956195848387904,0.5905199113356003,/kaggle/input/datasets/hintrngia/locked-densenet-xai-inputs/D-C0/DenseNet121/seed_2024/best_checkpoint.pt
E01_XAI_D_C0_DenseNet121,D-C0,DenseNet121,2024,5,normal,E-280031A047E47DC7EA750C62.jpeg,0,0.04163610742401061,0.57861328125,0,1,0.5340885477372042,0.5340885519981384,0.3791046142578125,1.4088157401692658,0.5001885055631153,0.5001885294914246,1.3193944013115044,1,0,111,79,115,31,0.5043582764488223,0.8606738417539077,0.5761837409467767,0.920044879792359,0.0005973843222483177,0.0008292211652582981,-0.3796063813160328,-0.03956487103199804,/kaggle/input/datasets/hintrngia/locked-densenet-xai-inputs/D-C0/DenseNet121/seed_2024/best_checkpoint.pt
E01_XAI_D_C0_DenseNet121,D-C0,DenseNet121,2024,6,normal,E-28020DB22FEE86C7B17E72DA.jpeg,0,0.2277836523993971,0.57861328125,0,1,0.21956949801680464,0.21956950426101685,0.3710174560546875,0.5918036858741234,0.16446170091691428,0.16446170210838318,0.44327213782812647,0,0,80,0,71,46,0.3391951948224934,0.4399967033699343,0.23924135862836945,0.5759518226397775,0.0038779647826817643,0.0037645324404289027,0.5608267379727679,0.8011500600395749,/kaggle/input/datasets/hintrngia/locked-densenet-xai-inputs/D-C0/DenseNet121/seed_2024/best_checkpoint.pt
E01_XAI_D_C0_DenseNet121,D-C0,DenseNet121,2024,7,normal,E-28234EA54B2F1B13D8D5995E.jpeg,0,0.3410467037922827,0.57861328125,0,1,0.2769718532949004,0.27697184681892395,0.3462677001953125,0.7998778203646321,0.213393282182074,0.21339328587055206,0.616266784518768,1,0,47,79,26,54,0.24846545165260284,0.5447307681296881,0.26457285272579867,0.5710400860227207,0.003182921385831261,0.0029306905882426904,0.37502801826681137,0.8382345230709629,/kaggle/input/datasets/hintrngia/locked-densenet-xai-inputs/D-C0/DenseNet121/seed_2024/best_checkpoint.pt
E01_XAI_D_C0_DenseNet121,D-C0,DenseNet121,2024,8,normal,E-28CAAFCB1AFEEA2D46764B17.jpeg,0,0.902934118789392,0.57861328125,1,0,0.33221448720699837,0.33221447467803955,0.38934326171875,0.8532688757484654,0.2530478004712969,0.25304779410362244,0.6499349683213244,0,0,0,111,7,78,0.6913359668845918,0.9576591744683657,0.5483791085402545,0.9568301938936723,0.0023478418854464556,0.0026532705218063612,-0.12222876129135869,0.15984875667701973,/kaggle/input/datasets/hintrngia/locked-densenet-xai-inputs/D-C0/DenseNet121/seed_2024/best_checkpoint.pt
E01_XAI_D_C0_DenseNet121,D-C0,DenseNet121,2024,9,normal,E-29AE82E82E5A6A48DC6D8B99.jpeg,0,0.19139840229396463,0.57861328125,0,1,0.31303889313490413,0.3130388855934143,0.3269195556640625,0.957541045530412,0.30716124074868795,0.30716124176979065,0.9395621504646914,0,0,111,47,84,35,0.4163730704886348,0.7873081421250685,0.34403048458072205,0.8415222974001191,3.972913098171382e-06,0.00033672713757132433,-0.38687894231981795,-0.08127984872484263,/kaggle/input/datasets/hintrngia/locked-densenet-xai-inputs/D-C0/DenseNet121/seed_2024/best_checkpoint.pt
E01_XAI_D_C0_DenseNet121,D-C0,DenseNet121,2024,10,normal,E-2B646E91E652E02CC65E6BA0.jpeg,0,0.002572369994443155,0.57861328125,0,1,0.3707173142955354,0.370717316865921,0.2742767333984375,1.351617797478287,0.39447677426207156,0.3944767713546753,1.4382436649813142,0,0,143,79,131,39,0.7325375780757619,0.9207830566044866,0.6671798198322048,0.9622508930040846,0.0005281161427334036,0.00279984111547793,0.7275232561832288,0.8838689569360233,/kaggle/input/datasets/hintrngia/locked-densenet-xai-inputs/D-C0/DenseNet121/seed_2024/best_checkpoint.pt
E01_XAI_D_C0_DenseNet121,D-C0,DenseNet121,2024,11,normal,E-2F227E134B6699426A9E9AB9.jpeg,0,0.2981621277208409,0.57861328125,0,1,0.20086638629681014,0.20086638629436493,0.3509368896484375,0.5723718201812144,0.15094552134421885,0.1509455144405365,0.4301215568857223,0,0,47,79,15,59,0.32833059105359486,0.4879766791753307,0.25030993272543905,0.5135424500640973,0.004306170828507511,0.004992375367148527,-0.19136681370890532,0.2857222766183948,/kaggle/input/datasets/hintrngia/locked-densenet-xai-inputs/D-C0/DenseNet121/seed_2024/best_checkpoint.pt
E01_XAI_D_C0_DenseNet121,D-C0,DenseNet121,2024,12,normal,E-2F5E9CF0C3839769BD6D37AD.jpeg,0,0.6057827600579446,0.57861328125,1,0,0.4360822403435025,0.43608224391937256,0.3790740966796875,1.150387863911435,0.4667876007927432,0.4667876064777374,1.231388809948606,0,1,0,207,57,211,0.4858882707191209,0.6791473718891003,0.4722133177073255,0.7210805190067631,0.00029098238929109455,0.014804451601027557,-0.28999718923908285,-0.11259880701259356,/kaggle/input/datasets/hintrngia/locked-densenet-xai-inputs/D-C0/DenseNet121/seed_2024/best_checkpoint.pt
E01_XAI_D_C0_DenseNet121,D-C0,DenseNet121,2024,13,normal,E-306538194ADB5E9E447B7A10.jpeg,0,0.018415028218758626,0.57861328125,0,1,0.3999607487200099,0.3999607563018799,0.2563934326171875,1.559949272636706,0.4961243671940172,0.49612435698509216,1.935011993597995,1,1,144,175,146,174,0.5373615878968181,0.859811233328766,0.5208066638739164,0.9571496064209684,0.004018300573161937,0.0067882651164158925,0.015458577398681868,0.2655456460989786,/kaggle/input/datasets/hintrngia/locked-densenet-xai-inputs/D-C0/DenseNet121/seed_2024/best_checkpoint.pt
E01_XAI_D_C0_DenseNet121,D-C0,DenseNet121,2024,14,normal,E-36FB7A78C2BFA1A3824C3EFA.jpeg,0,0.23254230153083325,0.57861328125,0,1,0.27502176710390674,0.2750217616558075,0.3275299072265625,0.8396844411330833,0.26139218341259196,0.26139217615127563,0.7980711918065514,0,0,47,79,23,31,0.23102168838329673,0.6054222473562508,0.2668432887243858,0.6502990109288269,0.006697984284071368,0.01229718322300602,0.11933708181685172,0.6963890847538233,/kaggle/input/datasets/hintrngia/locked-densenet-xai-inputs/D-C0/DenseNet121/seed_2024/best_checkpoint.pt
E01_XAI_D_C0_DenseNet121,D-C0,DenseNet121,2024,15,normal,E-3B865A0E9283DC8B3D382B5F.jpeg,0,0.9724401026292263,0.57861328125,1,0,0.2900928383218555,0.2900928258895874,0.360931396484375,0.8037340091426872,0.07632757640344788,0.07632757723331451,0.2114739176112438,0,0,240,240,243,248,0.8598659883996413,0.9771701872341672,0.93363664132593,0.9708853762440793,0.0025674629637310042,0.001551556370026394,0.5194789952766914,0.23693440687623807,/kaggle/input/datasets/hintrngia/locked-densenet-xai-inputs/D-C0/DenseNet121/seed_2024/best_checkpoint.pt
E01_XAI_D_C0_DenseNet121,D-C0,DenseNet121,2024,16,normal,E-3D66EC3C4F2D4073FE577EEA.jpeg,0,0.11817203403104076,0.57861328125,0,1,0.2285438958909558,0.22854389250278473,0.2598114013671875,0.8796530663716262,0.19561977694149738,0.19561977684497833,0.7529299172865432,0,0,112,0,75,6,0.38761579137713176,0.7452310761913009,0.3216446225540789,0.8072133874697718,0.0008511682025666434,0.00035393039955902705,0.8374736051142684,0.9454582642206224,/kaggle/input/datasets/hintrngia/locked-densenet-xai-inputs/D-C0/DenseNet121/seed_2024/best_checkpoint.pt
E01_XAI_D_C0_DenseNet121,D-C0,DenseNet121,2024,17,normal,E-40D9418B91304B06987F2A6E.jpeg,0,0.6326343359125418,0.57861328125,1,0,0.4743415102715889,0.4743415117263794,0.3151092529296875,1.5053239657720618,0.5000504549227662,0.50005042552948,1.5869113657362068,1,0,111,112,31,63,0.7886174438715203,0.8788260682622293,0.8757596987101408,0.851986952339115,0.0038972617836051104,0.019003489933588025,-0.10215519726286477,0.35576488539654294,/kaggle/input/datasets/hintrngia/locked-densenet-xai-inputs/D-C0/DenseNet121/seed_2024/best_checkpoint.pt
E01_XAI_D_C0_DenseNet121,D-C0,DenseNet121,2024,18,normal,E-44BF14DBF8A5FE52BF53ED2E.jpeg,0,0.36006053054520337,0.57861328125,0,1,0.3006885004698396,0.3006885051727295,0.32672119140625,0.9203213883239028,0.4534650299171616,0.4534650444984436,1.3879265925953252,1,1,111,176,93,176,0.16769581900432165,0.40576568507045735,0.16244518969075017,0.4712658525720964,0.00013367244433670766,0.0024942120044010863,-0.3555347764918067,-0.05483514622133638,/kaggle/input/datasets/hintrngia/locked-densenet-xai-inputs/D-C0/DenseNet121/seed_2024/best_checkpoint.pt
E01_XAI_D_C0_DenseNet121,D-C0,DenseNet121,2024,19,normal,E-47080ACF9F207EB21662EAAE.jpeg,0,0.9668044328185192,0.57861328125,1,0,0.44296601545483205,0.4429660141468048,0.3899383544921875,1.135989856734411,0.3190177422975233,0.3190177381038666,0.8181235280458026,1,0,175,47,169,3,0.9270435567727371,0.9819712426145328,0.9312112947017819,0.9799610843750513,0.00015983275844189127,0.0037753014522667327,0.04344237981885949,0.0017343740612643936,/kaggle/input/datasets/hintrngia/locked-densenet-xai-inputs/D-C0/DenseNet121/seed_2024/best_checkpoint.pt
E01_XAI_D_C0_DenseNet121,D-C0,DenseNet121,2024,20,normal,E-4F18C9F59223CD9D0CA81789.jpeg,0,0.9119488904845767,0.57861328125,1,0,0.4675000273672101,0.4675000309944153,0.305145263671875,1.5320572954064147,0.35679840002840185,0.3567984104156494,1.1692739246055277,1,0,79,48,79,15,0.8792784096264079,0.9244267959105861,0.9247945796651151,0.9399224736100584,0.0029047644299557973,0.0021395911043917137,-0.485500979144676,-0.14064252041814548,/kaggle/input/datasets/hintrngia/locked-densenet-xai-inputs/D-C0/DenseNet121/seed_2024/best_checkpoint.pt
E01_XAI_D_C0_DenseNet121,D-C0,DenseNet121,2024,21,normal,E-57BEC1C15CFD6C2BBAF49905.jpeg,0,0.11053023159046571,0.57861328125,0,1,0.35749435162720367,0.3574943542480469,0.3210601806640625,1.1134808149917028,0.2910458415498974,0.2910458445549011,0.9065149124002697,0,0,143,48,87,33,0.45425019968024916,0.7010574835304968,0.2572788322850062,0.810969021252806,0.00010832772903568433,0.0011181390891745746,0.39455403947693213,0.3509957618826629,/kaggle/input/datasets/hintrngia/locked-densenet-xai-inputs/D-C0/DenseNet121/seed_2024/best_checkpoint.pt
E01_XAI_D_C0_DenseNet121,D-C0,DenseNet121,2024,22,normal,E-5822F4C00AF6A5D69871506D.jpeg,0,0.22072941897262674,0.57861328125,0,1,0.4917521513786857,0.49175214767456055,0.414520263671875,1.1863163142440385,0.5193305115933213,0.5193305015563965,1.2528471032827766,0,1,48,48,108,173,0.3360785701691675,0.5985408813276762,0.3218145662933644,0.6796779023436137,0.004390244845151381,0.0013870925949939217,0.26138119098485046,0.49236906027081917,/kaggle/input/datasets/hintrngia/locked-densenet-xai-inputs/D-C0/DenseNet121/seed_2024/best_checkpoint.pt
E01_XAI_D_C0_DenseNet121,D-C0,DenseNet121,2024,23,normal,E-592EC4B388705AD74965EF2F.jpeg,0,0.1925514378121762,0.57861328125,0,1,0.20449278586226308,0.20449279248714447,0.3038330078125,0.6730433514598871,0.16268668154096155,0.16268667578697205,0.5354476879001836,0,0,111,47,78,49,0.429269103957278,0.5577503294021978,0.3217004212317463,0.5686366280911874,0.0014284876208402464,0.0008717843118620505,-0.00218511056079364,0.09062166576393373,/kaggle/input/datasets/hintrngia/locked-densenet-xai-inputs/D-C0/DenseNet121/seed_2024/best_checkpoint.pt
E01_XAI_D_C0_DenseNet121,D-C0,DenseNet121,2024,24,normal,E-5EB53A5E9ABA53D43AB743A8.jpeg,0,0.11671641935847123,0.57861328125,0,1,0.24775744754969714,0.2477574497461319,0.2571563720703125,0.9634505478322525,0.25001493721215573,0.25001493096351624,0.9722292129078406,0,0,111,0,71,8,0.39369594775516753,0.761632536953325,0.32878075730846434,0.7873260214215982,3.7383315116823468e-06,0.0005757956138135456,0.8426013492526456,0.8936669404852271,/kaggle/input/datasets/hintrngia/locked-densenet-xai-inputs/D-C0/DenseNet121/seed_2024/best_checkpoint.pt
E01_XAI_D_C0_DenseNet121,D-C0,DenseNet121,2024,25,normal,E-5FBF0EE47B9EC5825E465989.jpeg,0,0.08644013571928807,0.57861328125,0,1,0.3700823375382368,0.3700823485851288,0.329376220703125,1.1235854754426893,0.47890909200558984,0.47890910506248474,1.4539880595607493,1,1,176,176,202,185,0.4026220920554606,0.7144522492686449,0.3782506631908117,0.8041371857258193,0.003302262451417348,0.003655839146042006,-0.13367742848984335,0.11690141799073497,/kaggle/input/datasets/hintrngia/locked-densenet-xai-inputs/D-C0/DenseNet121/seed_2024/best_checkpoint.pt
E01_XAI_D_C0_DenseNet121,D-C0,DenseNet121,2024,26,normal,E-67976418F9EE68ADAB32C212.jpeg,0,0.04538286608880073,0.57861328125,0,1,0.2737590270115514,0.27375903725624084,0.26171875,1.0460046405217487,0.23165042648939246,0.2316504269838333,0.885112077332604,0,0,143,47,167,34,0.5719030694496494,0.8467602997324115,0.41554440975573237,0.8908117786689094,0.0007946251277753391,0.00018250791854168558,0.28884968540625927,0.701160212866497,/kaggle/input/datasets/hintrngia/locked-densenet-xai-inputs/D-C0/DenseNet121/seed_2024/best_checkpoint.pt
E01_XAI_D_C0_DenseNet121,D-C0,DenseNet121,2024,27,normal,E-74019A53B16F834307F73E46.jpeg,0,0.5242306403449665,0.57861328125,0,1,0.4821753303893983,0.4821753203868866,0.372467041015625,1.2945449591314875,0.550559109942935,0.5505591034889221,1.4781418201237275,0,1,144,208,182,195,0.16924563284252558,0.43447057788830934,0.11952222152734439,0.4540772370113709,0.00202772866070966,0.004354677687109176,0.2717514842025052,0.37698871579265,/kaggle/input/datasets/hintrngia/locked-densenet-xai-inputs/D-C0/DenseNet121/seed_2024/best_checkpoint.pt
E01_XAI_D_C0_DenseNet121,D-C0,DenseNet121,2024,28,normal,E-778E5DF620CB9DE6A84B008B.jpeg,0,0.9866486653271439,0.57861328125,1,0,0.4332600353975909,0.4332600235939026,0.3386688232421875,1.2793029817443802,0.48960691966979664,0.48960691690444946,1.4456805175706147,1,1,207,208,220,205,0.883252455989069,0.9945350784599614,0.927172591150321,0.9934369879862804,0.0011292527107990002,0.010428971555816346,-0.36509815731615824,0.3710091885373775,/kaggle/input/datasets/hintrngia/locked-densenet-xai-inputs/D-C0/DenseNet121/seed_2024/best_checkpoint.pt
E01_XAI_D_C0_DenseNet121,D-C0,DenseNet121,2024,29,normal,E-77C42172A076E16EE5474210.jpeg,0,0.3656184280705666,0.57861328125,0,1,0.4109355738649226,0.41093558073043823,0.39276123046875,1.0462732621915916,0.475466577765978,0.4754665791988373,1.2105741119064155,1,1,112,176,102,191,0.18243671874039052,0.6180231428871414,0.12080442038939486,0.711002736758425,0.004590591856549309,0.010053938626586045,-0.4446472742655556,-0.08708846890128302,/kaggle/input/datasets/hintrngia/locked-densenet-xai-inputs/D-C0/DenseNet121/seed_2024/best_checkpoint.pt
E01_XAI_D_C0_DenseNet121,D-C0,DenseNet121,2024,30,normal,E-7B1FB0C84C51C5CD8EDBCCFD.jpeg,0,0.9997846203840242,0.57861328125,1,0,0.39883532174063735,0.39883533120155334,0.388427734375,1.0267941406974548,0.3628849466760618,0.3628849387168884,0.9342405666782836,0,0,208,240,244,250,0.9924868173301158,0.9993585341139595,0.9980696495830681,0.9996020864106119,0.0009973576541076334,0.004481155210151355,0.513263098744916,0.4509171734956413,/kaggle/input/datasets/hintrngia/locked-densenet-xai-inputs/D-C0/DenseNet121/seed_2024/best_checkpoint.pt
E01_XAI_D_C0_DenseNet121,D-C0,DenseNet121,2024,31,normal,E-7B7A8A9BEAA512F9DC3E0865.jpeg,0,0.1660939555599392,0.57861328125,0,1,0.5204585845415184,0.5204585790634155,0.356475830078125,1.4600108636466462,0.5010292591362726,0.5010292530059814,1.4055069568853165,0,1,143,48,108,60,0.2223619982038148,0.7077063648030562,0.2071290240714131,0.7902468511810447,0.00161982793486104,0.004225007555360094,-0.10915994778190242,0.23621518639876643,/kaggle/input/datasets/hintrngia/locked-densenet-xai-inputs/D-C0/DenseNet121/seed_2024/best_checkpoint.pt
E01_XAI_D_C0_DenseNet121,D-C0,DenseNet121,2024,32,normal,E-82FCB2C3D1996A8155B45525.jpeg,0,0.03551007777348261,0.57861328125,0,1,0.38399008055625616,0.383990079164505,0.2450714111328125,1.5668497552664717,0.3875552202180122,0.38755521178245544,1.581397105548076,1,0,80,79,43,70,0.3002823282506255,0.8770530421949366,0.21202051659072674,0.8899479300610916,0.0025410921683454712,0.00571722257919588,0.2981129728116309,0.730431045966174,/kaggle/input/datasets/hintrngia/locked-densenet-xai-inputs/D-C0/DenseNet121/seed_2024/best_checkpoint.pt
E01_XAI_D_C0_DenseNet121,D-C0,DenseNet121,2024,33,normal,E-843CBB869621D4078F498542.jpeg,0,0.7162858406208409,0.57861328125,1,0,0.3451800375712412,0.34518003463745117,0.3597412109375,0.9595231991121846,0.26077920960563034,0.2607792019844055,0.724907799487385,0,0,240,207,162,10,0.616020162884526,0.9360332499054417,0.6606743275030834,0.9309694262992847,0.0022272083133086373,0.002042114310244536,-0.48601003968010476,-0.062306505772541605,/kaggle/input/datasets/hintrngia/locked-densenet-xai-inputs/D-C0/DenseNet121/seed_2024/best_checkpoint.pt
E01_XAI_D_C0_DenseNet121,D-C0,DenseNet121,2024,34,normal,E-845A5BC2008587BFFF60937F.jpeg,0,0.6145408684563675,0.57861328125,1,0,0.33351174489038704,0.33351173996925354,0.3625030517578125,0.9200246543392013,0.29587788394114656,0.2958778738975525,0.8162079808884531,0,0,79,207,27,5,0.6161794252758978,0.808594181467497,0.6764823644199016,0.804848092307901,0.004571683086384115,0.0015454615569390762,0.35573762822940064,0.8726236154110398,/kaggle/input/datasets/hintrngia/locked-densenet-xai-inputs/D-C0/DenseNet121/seed_2024/best_checkpoint.pt
E01_XAI_D_C0_DenseNet121,D-C0,DenseNet121,2024,35,normal,E-8BB569A271B438E1FF7419AA.jpeg,0,0.43727695057379345,0.57861328125,0,1,0.1944473028850915,0.19444730877876282,0.3291015625,0.5908428431879338,0.1506938839281278,0.150693878531456,0.4578947689685545,0,0,144,0,189,1,0.24218907310763088,0.4106046548500718,0.14199987220458088,0.4453549842196951,0.004271577987511238,0.0017123395561535193,-0.34304751278322465,-0.07624835474749904,/kaggle/input/datasets/hintrngia/locked-densenet-xai-inputs/D-C0/DenseNet121/seed_2024/best_checkpoint.pt
E01_XAI_D_C0_DenseNet121,D-C0,DenseNet121,2024,36,normal,E-8E65534102472D38A215B619.jpeg,0,0.4406134385857696,0.57861328125,0,1,0.4854639211790793,0.4854639172554016,0.4018096923828125,1.208193655808003,0.4488495092693566,0.44884949922561646,1.1170698909914005,1,0,143,48,53,0,0.23038507912665518,0.5157955491627317,0.18802776856583417,0.612460492149681,0.0025121271976172865,0.00377646014735622,0.4922701664797965,0.48566785131723667,/kaggle/input/datasets/hintrngia/locked-densenet-xai-inputs/D-C0/DenseNet121/seed_2024/best_checkpoint.pt
E01_XAI_D_C0_DenseNet121,D-C0,DenseNet121,2024,37,normal,E-91CCC5E035FBDB0CCBB30E2A.jpeg,0,0.21991908682969574,0.57861328125,0,1,0.5121963015359278,0.5121963024139404,0.4178619384765625,1.2257548591367011,0.5629904941674176,0.5629904866218567,1.347312215656596,1,1,144,48,91,175,0.36228096951876837,0.726214776902975,0.38094748213602725,0.7223177674940942,0.005336955428903556,0.00181846932457419,0.0374927338818178,0.17750723970999552,/kaggle/input/datasets/hintrngia/locked-densenet-xai-inputs/D-C0/DenseNet121/seed_2024/best_checkpoint.pt
E01_XAI_D_C0_DenseNet121,D-C0,DenseNet121,2024,38,normal,E-91CD2D4F539A3D56107014E7.jpeg,0,0.6365547700543512,0.57861328125,1,0,0.39887726373393834,0.39887726306915283,0.376434326171875,1.0596197955438744,0.3636692241003096,0.363669216632843,0.9660894313189254,1,0,208,208,7,249,0.6991587293710916,0.8184619666863118,0.74135653746298,0.8194870994444161,0.0012078782817028788,0.005946463302714866,-0.41203944726942837,-0.07334715850939165,/kaggle/input/datasets/hintrngia/locked-densenet-xai-inputs/D-C0/DenseNet121/seed_2024/best_checkpoint.pt
E01_XAI_D_C0_DenseNet121,D-C0,DenseNet121,2024,39,normal,E-93DEE19500CF7BC746908FEA.jpeg,0,0.4268971208223016,0.57861328125,0,1,0.3770154073189846,0.3770154118537903,0.3555908203125,1.060250675165507,0.3448354826929882,0.344835489988327,0.9697536128461927,1,0,79,47,58,2,0.22168096568726284,0.45118514008766764,0.1902571202131973,0.5335529173636426,0.003882325798179098,0.006196850270714427,0.15164814199394028,0.7626163991991466,/kaggle/input/datasets/hintrngia/locked-densenet-xai-inputs/D-C0/DenseNet121/seed_2024/best_checkpoint.pt
E01_XAI_D_C0_DenseNet121,D-C0,DenseNet121,2024,40,normal,E-9A48264C99FDAC90E29908DD.jpeg,0,0.9983124502150214,0.57861328125,1,0,0.2043574355022503,0.20435743033885956,0.3754425048828125,0.5443108674283875,0.06249808394642772,0.06249808520078659,0.16646512617407383,0,0,240,47,242,4,0.8401577896058064,0.9907190894396295,0.846656137967585,0.99077240472135,3.686542795153236e-05,0.0012846874541562123,-0.3255111804995024,-0.06523105115369929,/kaggle/input/datasets/hintrngia/locked-densenet-xai-inputs/D-C0/DenseNet121/seed_2024/best_checkpoint.pt
E01_XAI_D_C0_DenseNet121,D-C0,DenseNet121,2024,41,normal,E-A5B76F5465A7745EBBAE1D8D.jpeg,0,0.6088872371195888,0.57861328125,1,0,0.23222940829618008,0.23222941160202026,0.36846923828125,0.6302545346239216,0.17719848629436702,0.17719848453998566,0.48090442263490296,1,0,111,47,81,9,0.5176800943541876,0.9238139766582807,0.5182083051784742,0.917463618747036,0.0012643693244425158,0.008637662682700775,0.6644971086948701,0.935582152967385,/kaggle/input/datasets/hintrngia/locked-densenet-xai-inputs/D-C0/DenseNet121/seed_2024/best_checkpoint.pt
E01_XAI_D_C0_DenseNet121,D-C0,DenseNet121,2024,42,normal,E-A92185A886C303721C499620.jpeg,0,0.9021823294187856,0.57861328125,1,0,0.44150186244436723,0.4415018558502197,0.4248199462890625,1.039268203626093,0.4101082009479471,0.41010820865631104,0.965369457179148,1,0,208,208,75,2,0.8180113370154131,0.8678720064392224,0.8723322204143035,0.8951249236264741,0.0011179328892479967,0.0027892101954386517,-0.3706472734541831,-0.03407390025841666,/kaggle/input/datasets/hintrngia/locked-densenet-xai-inputs/D-C0/DenseNet121/seed_2024/best_checkpoint.pt
E01_XAI_D_C0_DenseNet121,D-C0,DenseNet121,2024,43,normal,E-B1906A980682154F21AC8637.jpeg,0,0.18041189786703093,0.57861328125,0,1,0.3241081218871979,0.3241081237792969,0.37506103515625,0.8641476759967209,0.30582365600821726,0.3058236539363861,0.8153970349940817,0,0,207,240,74,29,0.6320547504142873,0.536197153526274,0.5537668565348419,0.6019271997196955,0.003016603832654563,0.005122729858202502,0.38731540505955847,0.45975573371937833,/kaggle/input/datasets/hintrngia/locked-densenet-xai-inputs/D-C0/DenseNet121/seed_2024/best_checkpoint.pt
E01_XAI_D_C0_DenseNet121,D-C0,DenseNet121,2024,44,normal,E-B701F1D8C0C0617522833A87.jpeg,0,0.034968059681744657,0.57861328125,0,1,0.2430806779077263,0.24308067560195923,0.2968597412109375,0.818840159720419,0.24816534676766788,0.24816535413265228,0.8359683457088606,1,1,111,47,88,42,0.6834408265462107,0.7419794219439855,0.43692193900696535,0.8192360291173928,0.0018760006860374934,0.000688413962297213,-0.4204584024212646,-0.0603915588078736,/kaggle/input/datasets/hintrngia/locked-densenet-xai-inputs/D-C0/DenseNet121/seed_2024/best_checkpoint.pt
E01_XAI_D_C0_DenseNet121,D-C0,DenseNet121,2024,45,normal,E-B80945974BB38152A2ADE2AF.jpeg,0,0.0024954028468627317,0.57861328125,0,1,0.4095855017416332,0.40958550572395325,0.287933349609375,1.4225010833142382,0.47226633637686327,0.4722663462162018,1.640193249644627,0,1,144,176,110,179,0.49164415297234065,0.9347775105971107,0.5107815870601775,0.9234336981777898,0.0006595509606537875,0.0013179265008397834,0.07247054154234224,0.17367057144722167,/kaggle/input/datasets/hintrngia/locked-densenet-xai-inputs/D-C0/DenseNet121/seed_2024/best_checkpoint.pt
E01_XAI_D_C0_DenseNet121,D-C0,DenseNet121,2024,46,normal,E-BB74E7A26CC5772AE8204932.jpeg,0,0.7145507530811535,0.57861328125,1,0,0.389007279890653,0.3890072703361511,0.396759033203125,0.9804623142417442,0.35628197321877997,0.35628196597099304,0.8979807475142667,0,0,207,47,16,4,0.7006151683960541,0.8749484720552294,0.7580573199943378,0.829875584337438,0.0034133568594623687,0.004041540282801737,0.3441068750002823,0.9181121311911646,/kaggle/input/datasets/hintrngia/locked-densenet-xai-inputs/D-C0/DenseNet121/seed_2024/best_checkpoint.pt
E01_XAI_D_C0_DenseNet121,D-C0,DenseNet121,2024,47,normal,E-BB96C349B18A4710DE07EC01.jpeg,0,0.20531129724890604,0.57861328125,0,1,0.476872817037886,0.47687283158302307,0.3329010009765625,1.4324763687672408,0.38848499975777184,0.38848501443862915,1.16696855406909,1,0,80,47,57,9,0.3473397674020228,0.6766541239025703,0.3457850909730924,0.7635810622651178,0.00033944786685008443,0.001458726640001906,-0.2731134705299357,-0.04819313492460904,/kaggle/input/datasets/hintrngia/locked-densenet-xai-inputs/D-C0/DenseNet121/seed_2024/best_checkpoint.pt
E01_XAI_D_C0_DenseNet121,D-C0,DenseNet121,2024,48,normal,E-BCDF7BD5461E233F18CDF83C.jpeg,0,0.044842153846480826,0.57861328125,0,1,0.45071511682559556,0.4507151246070862,0.2940521240234375,1.532772865771482,0.4356489390239204,0.43564894795417786,1.4815364468824475,0,0,112,48,92,58,0.3967685958121474,0.8624931670140752,0.35789383387306906,0.8942467140702308,0.0007445681061196141,0.0034078949935612,0.9178739095322282,0.9094705541601352,/kaggle/input/datasets/hintrngia/locked-densenet-xai-inputs/D-C0/DenseNet121/seed_2024/best_checkpoint.pt
E01_XAI_D_C0_DenseNet121,D-C0,DenseNet121,2024,49,normal,E-BF6060CF2B5D86362B50F1EF.jpeg,0,0.05119457349322741,0.57861328125,0,1,0.43021348300279644,0.43021348118782043,0.3540191650390625,1.215226534290387,0.5262581318224612,0.526258111000061,1.486524413909608,0,1,144,207,177,188,0.3881798494542621,0.7320762677763955,0.25705663237697735,0.7638659847517526,0.001398884319615934,0.00017807986968587652,0.6973815828718487,0.9373423014312382,/kaggle/input/datasets/hintrngia/locked-densenet-xai-inputs/D-C0/DenseNet121/seed_2024/best_checkpoint.pt
E01_XAI_D_C0_DenseNet121,D-C0,DenseNet121,2024,50,normal,E-C7B56CF9C42EB131FD94EA3C.jpeg,0,0.9963975764373552,0.57861328125,1,0,0.17388068259263098,0.1738806813955307,0.32830810546875,0.5296265297634627,0.0434942877952286,0.04349428787827492,0.13248009132497218,0,0,240,47,251,246,0.795118408172266,0.9937933363060241,0.7476625327105729,0.9939121395146517,0.0001932349360890262,0.0013763696573395393,-0.32369060181145787,-0.04074849133678319,/kaggle/input/datasets/hintrngia/locked-densenet-xai-inputs/D-C0/DenseNet121/seed_2024/best_checkpoint.pt
E01_XAI_D_C0_DenseNet121,D-C0,DenseNet121,2024,51,normal,E-D31B79C24E008C43E1511E9D.jpeg,0,0.002334541710891606,0.57861328125,0,1,0.4308280537505397,0.4308280646800995,0.29034423828125,1.4838526030373853,0.471180074913685,0.4711800813674927,1.6228325304573923,0,0,143,79,130,43,0.7608783064289109,0.9171214102302172,0.7751160083399989,0.9782784443498976,2.8493146364938493e-05,0.0004770406126324289,0.04886317461062539,0.3438772139150686,/kaggle/input/datasets/hintrngia/locked-densenet-xai-inputs/D-C0/DenseNet121/seed_2024/best_checkpoint.pt
E01_XAI_D_C0_DenseNet121,D-C0,DenseNet121,2024,52,normal,E-E13640D767DD410F37B990A9.jpeg,0,0.07984941211325473,0.57861328125,0,1,0.43040694086745335,0.43040692806243896,0.3385162353515625,1.2714513985435845,0.5289655951722969,0.5289655923843384,1.5626003716570498,0,0,47,79,23,33,0.38583327092354125,0.747662836127942,0.24570191827004192,0.8652828333659468,0.0001702002807333347,0.0007349658504294254,0.741806867780267,0.8582353342080329,/kaggle/input/datasets/hintrngia/locked-densenet-xai-inputs/D-C0/DenseNet121/seed_2024/best_checkpoint.pt
E01_XAI_D_C0_DenseNet121,D-C0,DenseNet121,2024,53,normal,E-E2352C479C37BA410D3419C8.jpeg,0,0.5660586594583804,0.57861328125,0,1,0.7285456865720671,0.7285456657409668,0.460540771484375,1.5819352632425614,0.7683429887300416,0.7683429718017578,1.6683495497121466,1,1,208,111,61,169,0.17706197117345474,0.5754240813255049,0.13904444409299,0.6437305267883339,0.0015546336044931497,0.008528119453172778,0.43597965893166973,0.5062733129971342,/kaggle/input/datasets/hintrngia/locked-densenet-xai-inputs/D-C0/DenseNet121/seed_2024/best_checkpoint.pt
E01_XAI_D_C0_DenseNet121,D-C0,DenseNet121,2024,54,normal,E-E249A212D4F7D1C6D4206FBF.jpeg,0,0.19675738977175158,0.57861328125,0,1,0.5657325951990495,0.5657325983047485,0.44427490234375,1.2733840966810313,0.5717120652727902,0.571712076663971,1.2868430385258132,0,1,143,207,143,203,0.31885469273039646,0.739163324922634,0.3690225341979399,0.7661953988318648,0.0013491952714841382,0.0011731090842129754,0.3618826500253203,0.5581935005812116,/kaggle/input/datasets/hintrngia/locked-densenet-xai-inputs/D-C0/DenseNet121/seed_2024/best_checkpoint.pt
E01_XAI_D_C0_DenseNet121,D-C0,DenseNet121,2024,55,normal,E-E2DD25AE8644A21D4C1655DA.jpeg,0,0.4384833736365728,0.57861328125,0,1,0.28952933368739936,0.28952932357788086,0.3409881591796875,0.8490891131936011,0.3641752127951617,0.3641752004623413,1.0679995858837301,0,0,111,0,73,28,0.18994477030428925,0.41529226524504526,0.13019116339684084,0.5328299856491472,0.0006054142742134005,0.0011738480655629213,-0.19685156941991208,0.30265978818956046,/kaggle/input/datasets/hintrngia/locked-densenet-xai-inputs/D-C0/DenseNet121/seed_2024/best_checkpoint.pt
E01_XAI_D_C0_DenseNet121,D-C0,DenseNet121,2024,56,normal,E-E35138A3EAFB63D43C970EAE.jpeg,0,0.43091812428695303,0.57861328125,0,1,0.36166638168680076,0.36166638135910034,0.4013519287109375,0.9011203281080552,0.3323269501271571,0.3323269486427307,0.8280188192804382,1,0,79,47,43,3,0.19505136623413244,0.3973048624558938,0.1852531379710248,0.4084422846862466,0.0009489249610621364,0.005926493215022699,0.7490149992717875,0.8984569936169338,/kaggle/input/datasets/hintrngia/locked-densenet-xai-inputs/D-C0/DenseNet121/seed_2024/best_checkpoint.pt
E01_XAI_D_C0_DenseNet121,D-C0,DenseNet121,2024,57,normal,E-EACE2F51FB2EF2E191B9BC55.jpeg,0,0.7558416701603319,0.57861328125,1,0,0.4057080368167619,0.40570804476737976,0.4419708251953125,0.91795207667265,0.3682501598165967,0.36825016140937805,0.8332001544533223,1,0,208,208,231,246,0.6109241629626058,0.940737376674476,0.6520140033353532,0.9386240085402506,0.0033770352680806415,0.004795891170608524,0.6372801123413964,0.7966380345617354,/kaggle/input/datasets/hintrngia/locked-densenet-xai-inputs/D-C0/DenseNet121/seed_2024/best_checkpoint.pt
E01_XAI_D_C0_DenseNet121,D-C0,DenseNet121,2024,58,normal,E-ED70ACD6E494856AB99B813B.jpeg,0,0.9977255397710851,0.57861328125,1,0,0.21272873588750382,0.21272873878479004,0.3370513916015625,0.6311462915986894,0.08446234777474086,0.08446234464645386,0.25059189749492583,0,0,240,47,244,250,0.9285796187141281,0.9974239697545216,0.9521855332294045,0.9966697663123979,0.0017830564332434184,0.00035594458586540867,0.9245470321912624,0.9937370306622494,/kaggle/input/datasets/hintrngia/locked-densenet-xai-inputs/D-C0/DenseNet121/seed_2024/best_checkpoint.pt
E01_XAI_D_C0_DenseNet121,D-C0,DenseNet121,2024,59,normal,E-EE1CB872F9ABCF62B8C9A410.jpeg,0,0.07602607559279703,0.57861328125,0,1,0.4098357850924485,0.4098357856273651,0.260040283203125,1.5760472956119413,0.49244285864561416,0.4924428462982178,1.893717590904763,0,1,80,47,80,54,0.3320437550914961,0.8033429832347116,0.3253251028741155,0.8544324049659375,0.0009533193619162272,0.0026743839171218253,-0.5150287114515126,0.15431033619071374,/kaggle/input/datasets/hintrngia/locked-densenet-xai-inputs/D-C0/DenseNet121/seed_2024/best_checkpoint.pt
E01_XAI_D_C0_DenseNet121,D-C0,DenseNet121,2024,60,normal,E-EFAD2710B0F9E9CA19CFEDAD.jpeg,0,0.8455239356593984,0.57861328125,1,0,0.44435137010416775,0.4443513751029968,0.36236572265625,1.2262511112997616,0.516174174452952,0.5161741971969604,1.4244564046213855,0,1,0,207,37,163,0.8173173130622938,0.9434755295511581,0.9431543768014761,0.9374118497419655,0.001568734657672155,0.006937859333872698,0.6801631529100448,0.6022560752177979,/kaggle/input/datasets/hintrngia/locked-densenet-xai-inputs/D-C0/DenseNet121/seed_2024/best_checkpoint.pt
E01_XAI_D_C0_DenseNet121,D-C0,DenseNet121,2024,61,normal,E-F32C5A7DA665488BF8EB2294.jpeg,0,0.6558880027599094,0.57861328125,1,0,0.39960990889639825,0.39960992336273193,0.3988037109375,1.0020215407650122,0.31147318343280017,0.31147319078445435,0.7810187691097334,0,0,240,208,234,250,0.6402408469303751,0.8646673226603068,0.7456848314149981,0.8422172549153668,0.0002669951201682008,0.002932261331685282,-0.044901401182892334,0.36852270077941995,/kaggle/input/datasets/hintrngia/locked-densenet-xai-inputs/D-C0/DenseNet121/seed_2024/best_checkpoint.pt
E01_XAI_D_C0_DenseNet121,D-C0,DenseNet121,2024,62,normal,E-F57AB9616B464FB4687D409D.jpeg,0,0.19080470289681917,0.57861328125,0,1,0.4485856721912899,0.4485856592655182,0.43695068359375,1.0266276928596303,0.4066414895658835,0.40664148330688477,0.9306347485748617,0,0,47,47,26,6,0.2563922721129418,0.5909009382585946,0.30001959704507364,0.692294887063419,0.0006064511451381871,0.002809091510906636,0.229156220426541,0.8766501833464206,/kaggle/input/datasets/hintrngia/locked-densenet-xai-inputs/D-C0/DenseNet121/seed_2024/best_checkpoint.pt
E01_XAI_D_C0_DenseNet121,D-C0,DenseNet121,2024,63,normal,E-F803B5977A560D3CAEE3206F.jpeg,0,0.24936163851532847,0.57861328125,0,1,0.5553024385174443,0.5553024411201477,0.3428192138671875,1.619811305945575,0.648932422398263,0.6489323973655701,1.8929289729065992,1,1,112,175,106,180,0.301768053258557,0.6709334719558346,0.2691707180821624,0.7374422562510647,0.0008994245939049073,0.0018799577352757169,0.04276928832115799,0.27729104627142,/kaggle/input/datasets/hintrngia/locked-densenet-xai-inputs/D-C0/DenseNet121/seed_2024/best_checkpoint.pt
E01_XAI_D_C0_DenseNet121,D-C0,DenseNet121,2024,64,pneumonia,E-018B83433C4DD934AA5C8B2B.jpeg,1,0.9986007675528468,0.57861328125,1,1,0.3991255381917211,0.3991255462169647,0.3726043701171875,1.0711778234543852,0.27128495928669993,0.27128496766090393,0.7280777710722457,0,0,240,47,251,11,0.990163475784043,0.9993909886677244,0.9999081549915525,0.9996565960351345,0.0018407075782566062,0.007639363396115928,0.1358965626733535,0.0737329235445503,/kaggle/input/datasets/hintrngia/locked-densenet-xai-inputs/D-C0/DenseNet121/seed_2024/best_checkpoint.pt
E01_XAI_D_C0_DenseNet121,D-C0,DenseNet121,2024,65,pneumonia,E-01E4EA18817F6CBD784D8ACE.jpeg,1,0.9983973839398129,0.57861328125,1,1,0.446919920268308,0.44691991806030273,0.355072021484375,1.2586739963345008,0.4671582201191714,0.4671582281589508,1.3156717281362276,0,0,48,48,5,125,0.9843544786891001,0.9938114861871783,0.9972606375558639,0.9984374684072632,0.0003535794927260194,0.011323603994659703,0.34488220548096404,0.5780516094794281,/kaggle/input/datasets/hintrngia/locked-densenet-xai-inputs/D-C0/DenseNet121/seed_2024/best_checkpoint.pt
E01_XAI_D_C0_DenseNet121,D-C0,DenseNet121,2024,66,pneumonia,E-0981A556ADE7F427711A3360.jpeg,1,0.9939404822582281,0.57861328125,1,1,0.36915685912219065,0.3691568672657013,0.315826416015625,1.1688599825795674,0.33711772544700247,0.3371177315711975,1.0674145934338948,0,0,0,47,11,2,0.9628735732970986,0.9960936512354353,0.9823552103944084,0.998436824144171,0.0011480215316145848,0.004724680943613113,0.011511313990325787,0.9605831954752465,/kaggle/input/datasets/hintrngia/locked-densenet-xai-inputs/D-C0/DenseNet121/seed_2024/best_checkpoint.pt
E01_XAI_D_C0_DenseNet121,D-C0,DenseNet121,2024,67,pneumonia,E-0B7E667233F7AB135F8A84DD.jpeg,1,0.9997889103476224,0.57861328125,1,1,0.5149059020972333,0.5149059295654297,0.3825225830078125,1.346079747889596,0.6028817824528828,0.6028817892074585,1.576068470813839,1,0,144,143,19,5,0.9990041153769145,0.999379402543886,0.9999357196061903,0.9998287041755174,0.003976514544826393,0.01166606602550857,0.3648044261764046,0.07636713211878192,/kaggle/input/datasets/hintrngia/locked-densenet-xai-inputs/D-C0/DenseNet121/seed_2024/best_checkpoint.pt
E01_XAI_D_C0_DenseNet121,D-C0,DenseNet121,2024,68,pneumonia,E-122745006C7E29B76E58625B.jpeg,1,0.998878429894325,0.57861328125,1,1,0.4122500954610897,0.4122501015663147,0.3352813720703125,1.229564568158102,0.4129853222753151,0.41298532485961914,1.2317574332423906,1,0,79,143,249,47,0.9716843880120034,0.9978799240267702,0.9835459585754072,0.9990419593995541,4.733007000873313e-05,0.014343110463093112,0.01686284411140023,0.2625112082028039,/kaggle/input/datasets/hintrngia/locked-densenet-xai-inputs/D-C0/DenseNet121/seed_2024/best_checkpoint.pt
E01_XAI_D_C0_DenseNet121,D-C0,DenseNet121,2024,69,pneumonia,E-1265B89238C345234A9C993B.jpeg,1,0.94173199788308,0.57861328125,1,1,0.39040196334207633,0.3904019594192505,0.3254241943359375,1.1996709837101474,0.2570345647433194,0.257034569978714,0.7898446680272979,1,0,176,143,250,36,0.9415629526497562,0.9700813778820059,0.9682254231481673,0.9779773972412793,0.0032604012801352167,0.007806648950583861,-0.2508962670430979,0.17264193514488366,/kaggle/input/datasets/hintrngia/locked-densenet-xai-inputs/D-C0/DenseNet121/seed_2024/best_checkpoint.pt
E01_XAI_D_C0_DenseNet121,D-C0,DenseNet121,2024,70,pneumonia,E-1777E855F7110F5A72B38BC0.jpeg,1,0.9971647565451118,0.57861328125,1,1,0.30517959093246244,0.3051795959472656,0.3238525390625,0.9423412020047992,0.19422710998800025,0.19422711431980133,0.5997393460315484,0,0,0,47,31,21,0.9892176557099659,0.9971997126267156,0.9980496501371039,0.9973207136973394,0.00017897762594476507,0.003729558186328724,0.7629676530189661,0.9753814456285814,/kaggle/input/datasets/hintrngia/locked-densenet-xai-inputs/D-C0/DenseNet121/seed_2024/best_checkpoint.pt
E01_XAI_D_C0_DenseNet121,D-C0,DenseNet121,2024,71,pneumonia,E-198E88DB173F06A1227B639B.jpeg,1,0.9948687255579103,0.57861328125,1,1,0.36476854758351335,0.36476853489875793,0.256744384765625,1.420745960681869,0.40677498837374104,0.40677499771118164,1.584357876979763,0,0,207,47,218,7,0.9965431008996247,0.9977234892975673,0.9996726302943977,0.9980600120175789,0.0001258371611670972,0.0037588765949427283,0.25663673816779214,0.48329709466044835,/kaggle/input/datasets/hintrngia/locked-densenet-xai-inputs/D-C0/DenseNet121/seed_2024/best_checkpoint.pt
E01_XAI_D_C0_DenseNet121,D-C0,DenseNet121,2024,72,pneumonia,E-1A06E979246F3D9634B22BF8.jpeg,1,0.9999828611385694,0.57861328125,1,1,0.39814437587332857,0.39814436435699463,0.303802490234375,1.3105369069429664,0.43829200564471066,0.438291996717453,1.442687337113599,0,0,0,47,20,7,0.9999698490580158,0.9996539510505436,0.9999917086920016,0.9999726260415835,0.0015206905365640067,0.0009223910455420925,0.6130906862042134,0.21732394857599494,/kaggle/input/datasets/hintrngia/locked-densenet-xai-inputs/D-C0/DenseNet121/seed_2024/best_checkpoint.pt
E01_XAI_D_C0_DenseNet121,D-C0,DenseNet121,2024,73,pneumonia,E-220D81ED5B8FE3B14418B9F7.jpeg,1,0.9988604155718505,0.57861328125,1,1,0.28962369107642305,0.2896236777305603,0.2836456298828125,1.021075809262707,0.28348624530497507,0.2834862470626831,0.9994380855509627,0,0,0,47,11,11,0.9934213223794907,0.9946789028358238,0.9889960549410277,0.9985181168925568,0.003406137130607445,0.011938705445089182,-0.24477020806845726,0.035893203093203666,/kaggle/input/datasets/hintrngia/locked-densenet-xai-inputs/D-C0/DenseNet121/seed_2024/best_checkpoint.pt
E01_XAI_D_C0_DenseNet121,D-C0,DenseNet121,2024,74,pneumonia,E-227257A6740CF45FAF02E456.jpeg,1,0.9587462629999985,0.57861328125,1,1,0.27219948385833564,0.27219948172569275,0.381500244140625,0.7134975351627824,0.13241217353981757,0.13241218030452728,0.34708280158009297,0,0,240,47,11,255,0.8293437262808572,0.9783537175905551,0.8946952060834925,0.971136909131532,0.0007424313442871422,0.002390449741806855,-0.23884394709438014,0.4844472571268201,/kaggle/input/datasets/hintrngia/locked-densenet-xai-inputs/D-C0/DenseNet121/seed_2024/best_checkpoint.pt
E01_XAI_D_C0_DenseNet121,D-C0,DenseNet121,2024,75,pneumonia,E-2C0709EBA6450DCFB3BBB340.jpeg,1,0.9979502213643182,0.57861328125,1,1,0.36617412088913004,0.3661741316318512,0.3762359619140625,0.9732565675706707,0.3248042538036516,0.32480424642562866,0.8632993298972345,0,0,47,47,29,69,0.9781815878491034,0.9956396153095184,0.9952990993042194,0.9976805680525384,0.0012791757643265123,0.0008103755316561934,0.11631131175707074,0.6209925978506098,/kaggle/input/datasets/hintrngia/locked-densenet-xai-inputs/D-C0/DenseNet121/seed_2024/best_checkpoint.pt
E01_XAI_D_C0_DenseNet121,D-C0,DenseNet121,2024,76,pneumonia,E-30421FA65AB177DCD15E84C4.jpeg,1,0.9999751688279549,0.57861328125,1,1,0.5552598198861008,0.5552598237991333,0.41265869140625,1.3455667636464836,0.5454964402330302,0.5454964637756348,1.3219070665253612,1,0,143,111,73,2,0.9997970306595476,0.9992683406436128,0.9999534770507008,0.999910148938861,0.0015846757303122905,0.0031982331819898624,0.788102593945458,0.8051814255855484,/kaggle/input/datasets/hintrngia/locked-densenet-xai-inputs/D-C0/DenseNet121/seed_2024/best_checkpoint.pt
E01_XAI_D_C0_DenseNet121,D-C0,DenseNet121,2024,77,pneumonia,E-386D019ED9E9E8244987AC20.jpeg,1,0.9996489623834436,0.57861328125,1,1,0.46379338450765145,0.46379339694976807,0.3555145263671875,1.3045694341857352,0.5545853784333014,0.5545853972434998,1.5599513867979242,1,0,176,111,19,4,0.9980032544779969,0.9888430563534253,0.9996250032307157,0.9996922030976502,0.0017065562539924084,0.005243186469103489,-0.3306408349795516,-0.12575190775066458,/kaggle/input/datasets/hintrngia/locked-densenet-xai-inputs/D-C0/DenseNet121/seed_2024/best_checkpoint.pt
E01_XAI_D_C0_DenseNet121,D-C0,DenseNet121,2024,78,pneumonia,E-3AC987E53985CBAF71C33ABC.jpeg,1,0.9868720771515059,0.57861328125,1,1,0.44212099341353867,0.4421209990978241,0.4218597412109375,1.048028409026284,0.2678818574355845,0.2678818702697754,0.6350021850073595,0,0,47,47,15,3,0.9546621901473293,0.9817158099033607,0.9880831097694154,0.986165363845897,0.00199805918585072,0.0021817470334405953,0.5772307096106258,0.9645995580694177,/kaggle/input/datasets/hintrngia/locked-densenet-xai-inputs/D-C0/DenseNet121/seed_2024/best_checkpoint.pt
E01_XAI_D_C0_DenseNet121,D-C0,DenseNet121,2024,79,pneumonia,E-3EB4BE73D28C1518A6A12685.jpeg,1,0.9964372845375821,0.57861328125,1,1,0.4761222270145528,0.4761222302913666,0.40576171875,1.173403514952833,0.4638850330849693,0.46388503909111023,1.143244943150442,1,0,207,207,9,10,0.9972906741801699,0.9968973915522317,0.9996702525587955,0.9955620647886976,0.0008160422317664562,0.0028423782939219766,0.6230417592225689,0.9001279907929002,/kaggle/input/datasets/hintrngia/locked-densenet-xai-inputs/D-C0/DenseNet121/seed_2024/best_checkpoint.pt
E01_XAI_D_C0_DenseNet121,D-C0,DenseNet121,2024,80,pneumonia,E-401B5DEDAD367F085127D1DA.jpeg,1,0.9845258591315497,0.57861328125,1,1,0.5517327342088457,0.5517327189445496,0.364349365234375,1.5142958568184486,0.5581150031106887,0.5581150054931641,1.531812749973285,1,1,79,112,63,111,0.9389574123017874,0.9730835263666802,0.9769325083150688,0.9775678392656071,0.0018086066870887096,0.012925225794638617,-0.21710379221382933,-0.10317896742473422,/kaggle/input/datasets/hintrngia/locked-densenet-xai-inputs/D-C0/DenseNet121/seed_2024/best_checkpoint.pt
E01_XAI_D_C0_DenseNet121,D-C0,DenseNet121,2024,81,pneumonia,E-4329094918EDAAADE18246AB.jpeg,1,0.9999993667053009,0.57861328125,1,1,0.50800114319612,0.5080011487007141,0.4228057861328125,1.2014999790862506,0.44236962715832645,0.44236963987350464,1.0462714600111185,1,0,208,111,246,69,0.9997011546879975,0.9999544552585546,0.9999991132131925,0.9999884709120019,0.0006021517619607675,0.0010424123679255715,0.5105470499200371,0.8936442181742451,/kaggle/input/datasets/hintrngia/locked-densenet-xai-inputs/D-C0/DenseNet121/seed_2024/best_checkpoint.pt
E01_XAI_D_C0_DenseNet121,D-C0,DenseNet121,2024,82,pneumonia,E-443A80FA1DE791815F946FF9.jpeg,1,0.994610411923707,0.57861328125,1,1,0.4644303035387972,0.4644303023815155,0.309112548828125,1.5024634402566204,0.5415479471798634,0.541547954082489,1.7519442327169281,1,0,111,143,19,112,0.9911187906464648,0.9956470521256109,0.9993166195696674,0.995882176738929,0.0009872038472974465,0.007810591625728502,0.2995882064538254,0.18470693648506603,/kaggle/input/datasets/hintrngia/locked-densenet-xai-inputs/D-C0/DenseNet121/seed_2024/best_checkpoint.pt
E01_XAI_D_C0_DenseNet121,D-C0,DenseNet121,2024,83,pneumonia,E-4B97630FB65DE326125E1DE1.jpeg,1,0.9962318878500905,0.57861328125,1,1,0.43492099255942274,0.434920996427536,0.3383941650390625,1.2852496806770226,0.49634754556909416,0.4963475465774536,1.466773357370977,1,0,176,207,251,7,0.997720175745036,0.9981259014808385,0.9997321705699993,0.9985948790612053,0.00047532002828681863,0.0020312248728807103,-0.34865783356041763,0.30130779824403076,/kaggle/input/datasets/hintrngia/locked-densenet-xai-inputs/D-C0/DenseNet121/seed_2024/best_checkpoint.pt
E01_XAI_D_C0_DenseNet121,D-C0,DenseNet121,2024,84,pneumonia,E-55F059ED3BB72FAD418A344C.jpeg,1,0.9990210597523276,0.57861328125,1,1,0.25505920669867205,0.25505921244621277,0.3324737548828125,0.7671559121668811,0.12172406851186333,0.12172406911849976,0.36611632263956473,0,0,240,0,243,248,0.9423137365861242,0.9974679505804259,0.9461266185314461,0.9973312427336802,0.0009005891546297051,0.0030193321994855526,-0.21345457318623576,-0.019014462609982668,/kaggle/input/datasets/hintrngia/locked-densenet-xai-inputs/D-C0/DenseNet121/seed_2024/best_checkpoint.pt
E01_XAI_D_C0_DenseNet121,D-C0,DenseNet121,2024,85,pneumonia,E-6060B7AB38566FD26078DE5E.jpeg,1,0.995166458499758,0.57861328125,1,1,0.37433853306295806,0.3743385374546051,0.271087646484375,1.3808763988975583,0.4165299873851962,0.41652998328208923,1.5365140860788145,0,0,144,143,244,1,0.9990585649291718,0.995882407205772,0.999619991312355,0.9974828934992674,0.003412465043427515,0.0040835762224391,0.5807887189071635,0.6003097998307535,/kaggle/input/datasets/hintrngia/locked-densenet-xai-inputs/D-C0/DenseNet121/seed_2024/best_checkpoint.pt
E01_XAI_D_C0_DenseNet121,D-C0,DenseNet121,2024,86,pneumonia,E-638A63581494A3F6A20C2D9C.jpeg,1,0.9732504945486845,0.57861328125,1,1,0.40023640831390955,0.4002363979816437,0.312408447265625,1.2811318381977326,0.3202304885434229,0.32023048400878906,1.0250378674016687,1,0,80,144,11,131,0.947560603255021,0.9750223583871073,0.9543558997356072,0.9849809612643423,0.0006502854152449222,0.013575015943597335,0.20022316064494183,0.4845454621682854,/kaggle/input/datasets/hintrngia/locked-densenet-xai-inputs/D-C0/DenseNet121/seed_2024/best_checkpoint.pt
E01_XAI_D_C0_DenseNet121,D-C0,DenseNet121,2024,87,pneumonia,E-63AE2F3741553AC167D0B283.jpeg,1,0.9999014683061552,0.57861328125,1,1,0.4668183548496477,0.46681836247444153,0.3596954345703125,1.2978156239522551,0.5500821199060857,0.5500821471214294,1.5292996992391819,1,0,175,175,64,1,0.998136649693919,0.9994413773431114,0.9999867378720997,0.9999698770570831,0.00025673648674917615,0.0027987520634814578,-0.31417555198856056,0.5039295433075781,/kaggle/input/datasets/hintrngia/locked-densenet-xai-inputs/D-C0/DenseNet121/seed_2024/best_checkpoint.pt
E01_XAI_D_C0_DenseNet121,D-C0,DenseNet121,2024,88,pneumonia,E-63E40A6B7E9FE7A4F927B234.jpeg,1,0.9997950843627504,0.57861328125,1,1,0.33350436799672445,0.3335043787956238,0.3593597412109375,0.928051558788728,0.28940950257384124,0.28940948843955994,0.8053475929123715,0,0,208,0,246,26,0.9948299571153785,0.9994600871246349,0.9862884225107422,0.9993574382679795,0.0002772345743312643,0.0005808816088232471,-0.347287463518321,-0.054282794115156144,/kaggle/input/datasets/hintrngia/locked-densenet-xai-inputs/D-C0/DenseNet121/seed_2024/best_checkpoint.pt
E01_XAI_D_C0_DenseNet121,D-C0,DenseNet121,2024,89,pneumonia,E-6C94FB136A3DC9D9B1FE1032.jpeg,1,0.9968691789515618,0.57861328125,1,1,0.4575192513542874,0.4575192630290985,0.3358001708984375,1.3624747424344335,0.5514287756762098,0.5514287948608398,1.6421336957657149,1,0,48,112,18,11,0.9611641744756128,0.9861323834758757,0.9842021047162103,0.9956165673051209,8.172940126505157e-05,0.0019356698542866146,0.8951836836805354,0.9149978607225615,/kaggle/input/datasets/hintrngia/locked-densenet-xai-inputs/D-C0/DenseNet121/seed_2024/best_checkpoint.pt
E01_XAI_D_C0_DenseNet121,D-C0,DenseNet121,2024,90,pneumonia,E-6EBA6C5A4DF4C84E483A5386.jpeg,1,0.9999660219071267,0.57861328125,1,1,0.4364971684607918,0.43649718165397644,0.3423919677734375,1.2748464027918558,0.5055066191737457,0.5055066347122192,1.4763974238678461,1,0,111,143,7,2,0.9990513708966978,0.9993104984623177,0.9998084926537235,0.9998942008268045,0.00043197800334288106,0.0005873858065037485,0.0,0.0,/kaggle/input/datasets/hintrngia/locked-densenet-xai-inputs/D-C0/DenseNet121/seed_2024/best_checkpoint.pt
E01_XAI_D_C0_DenseNet121,D-C0,DenseNet121,2024,91,pneumonia,E-73D66A02A1612F6E79C3F7EC.jpeg,1,0.998920804446252,0.57861328125,1,1,0.4754787846435394,0.47547879815101624,0.3591766357421875,1.3238020999362334,0.5735427954390617,0.5735427737236023,1.5968265704530502,1,0,111,143,19,13,0.9994027382927697,0.9980326775957339,0.9999306550453575,0.9993447429220634,0.002811402029951837,0.004691200929257011,0.44764875136046217,0.5014022211417472,/kaggle/input/datasets/hintrngia/locked-densenet-xai-inputs/D-C0/DenseNet121/seed_2024/best_checkpoint.pt
E01_XAI_D_C0_DenseNet121,D-C0,DenseNet121,2024,92,pneumonia,E-7725ED8C0E93C0BF91B23FCE.jpeg,1,0.9999909671755481,0.57861328125,1,1,0.518029569159105,0.5180295705795288,0.38677978515625,1.3393398234342397,0.6193612032277271,0.6193612217903137,1.6013277503050467,1,1,176,80,204,78,0.9997548143649511,0.9997756511332871,0.9999967300841003,0.9999947110735192,0.0005277357352680978,0.005059330892919767,0.9114298442856409,0.78715320952413,/kaggle/input/datasets/hintrngia/locked-densenet-xai-inputs/D-C0/DenseNet121/seed_2024/best_checkpoint.pt
E01_XAI_D_C0_DenseNet121,D-C0,DenseNet121,2024,93,pneumonia,E-77D4D0C371CD4C8665643C00.jpeg,1,0.9784734563134785,0.57861328125,1,1,0.30283336810095096,0.3028333783149719,0.29443359375,1.0285285868503276,0.29817845674936827,0.29817846417427063,1.0127188713477715,0,0,47,111,22,9,0.9797244138079633,0.9802465673337277,0.9912814169096998,0.9878594392300012,0.0015293926521433021,0.0018197596320710385,0.33393266436083646,0.8044612368507097,/kaggle/input/datasets/hintrngia/locked-densenet-xai-inputs/D-C0/DenseNet121/seed_2024/best_checkpoint.pt
E01_XAI_D_C0_DenseNet121,D-C0,DenseNet121,2024,94,pneumonia,E-7B805F2D3984459EDD091000.jpeg,1,0.9995308430755845,0.57861328125,1,1,0.4635995728616206,0.4635995626449585,0.3260345458984375,1.42193389839749,0.6009575988075487,0.6009575724601746,1.8432328916296865,1,1,143,112,70,94,0.9982873183108187,0.9974676143406427,0.998813232870763,0.9993276487608194,0.00015003146100428522,0.00665771966664741,-0.27056180242151096,0.1350737932078109,/kaggle/input/datasets/hintrngia/locked-densenet-xai-inputs/D-C0/DenseNet121/seed_2024/best_checkpoint.pt
E01_XAI_D_C0_DenseNet121,D-C0,DenseNet121,2024,95,pneumonia,E-8B99D004F7E59741CFAB602B.jpeg,1,0.9998703297315356,0.57861328125,1,1,0.5138864603901905,0.5138864517211914,0.44635009765625,1.1513080496421277,0.465391219141484,0.46539121866226196,1.0426596108866504,1,1,176,175,210,230,0.9988036916633113,0.9994368801309542,0.9999274883297337,0.9998317044885685,0.001955298206340106,0.003378677594104762,0.44132818955088626,0.7651865696822983,/kaggle/input/datasets/hintrngia/locked-densenet-xai-inputs/D-C0/DenseNet121/seed_2024/best_checkpoint.pt
E01_XAI_D_C0_DenseNet121,D-C0,DenseNet121,2024,96,pneumonia,E-8E859FAC3770F43BC30CF790.jpeg,1,0.9999388557900974,0.57861328125,1,1,0.4352328918303319,0.43523287773132324,0.32305908203125,1.3472238238708025,0.42259195712803543,0.4225919544696808,1.3080949604356191,0,0,208,47,17,4,0.9963267333681181,0.9994496117538854,0.9998404245385943,0.9999425202654937,0.0022148719463709887,0.005902819343939492,0.9138260327109562,0.91472321441359,/kaggle/input/datasets/hintrngia/locked-densenet-xai-inputs/D-C0/DenseNet121/seed_2024/best_checkpoint.pt
E01_XAI_D_C0_DenseNet121,D-C0,DenseNet121,2024,97,pneumonia,E-9A9C78D1B9953A6FD2BA65F6.jpeg,1,0.9999991652055246,0.57861328125,1,1,0.565110114636719,0.5651100873947144,0.39300537109375,1.4379195710837094,0.6413379628910397,0.6413379907608032,1.6318809107014747,1,1,175,111,200,98,0.9999758458943666,0.9999264977157751,0.999995478883821,0.9999995358398996,0.0015870547987210104,0.0022195462552558887,-0.27829582431159894,-0.01686564395749043,/kaggle/input/datasets/hintrngia/locked-densenet-xai-inputs/D-C0/DenseNet121/seed_2024/best_checkpoint.pt
E01_XAI_D_C0_DenseNet121,D-C0,DenseNet121,2024,98,pneumonia,E-9B56CC62692974C989F872CC.jpeg,1,0.9996032707090454,0.57861328125,1,1,0.4752013306003725,0.4752013385295868,0.37744140625,1.2590068888351396,0.5591748816502367,0.5591748952865601,1.4814879141263708,1,0,207,111,243,87,0.9959600115955831,0.9995637204844003,0.9998537231818757,0.9997962434259309,0.0004686249834305878,0.0025607440917180258,0.8336678440653484,0.8835833172367544,/kaggle/input/datasets/hintrngia/locked-densenet-xai-inputs/D-C0/DenseNet121/seed_2024/best_checkpoint.pt
E01_XAI_D_C0_DenseNet121,D-C0,DenseNet121,2024,99,pneumonia,E-9FC76B9714A55204D742CE4C.jpeg,1,0.9989226385430032,0.57861328125,1,1,0.42906935914066097,0.4290693700313568,0.32318115234375,1.3276435090010557,0.4829173729257187,0.4829173684120178,1.4942621790396553,1,0,112,143,19,4,0.9984172527152009,0.9966845420580357,0.9999004657329987,0.9994090219550908,0.0018635474360332305,0.004955918289034911,0.7419924056145205,0.72426706137083,/kaggle/input/datasets/hintrngia/locked-densenet-xai-inputs/D-C0/DenseNet121/seed_2024/best_checkpoint.pt
E01_XAI_D_C0_DenseNet121,D-C0,DenseNet121,2024,100,pneumonia,E-A0A20FFCEFD96663F4AB4E87.jpeg,1,0.9994640810477785,0.57861328125,1,1,0.3740947766106093,0.37409478425979614,0.3404388427734375,1.0988604401395228,0.3421743346426683,0.34217432141304016,1.0050978080382729,0,0,0,47,7,15,0.9937864433121673,0.9980536980008909,0.9980211060798919,0.9995792672100776,0.001966579459009743,0.004477477883245817,-0.29804121944208833,-0.04045635609721112,/kaggle/input/datasets/hintrngia/locked-densenet-xai-inputs/D-C0/DenseNet121/seed_2024/best_checkpoint.pt
E01_XAI_D_C0_DenseNet121,D-C0,DenseNet121,2024,101,pneumonia,E-A0D5A9410E976B289DD85CF6.jpeg,1,0.9962371074811524,0.57861328125,1,1,0.2873486793194883,0.2873486876487732,0.2681732177734375,1.0715040141042382,0.1729022792268347,0.17290228605270386,0.6447410396250264,0,0,208,240,244,251,0.9681037564113544,0.9976113380555081,0.9903878209821644,0.9982721486601669,0.001714960736655946,0.004988851785361986,-0.3766867566090187,-0.05214187851613527,/kaggle/input/datasets/hintrngia/locked-densenet-xai-inputs/D-C0/DenseNet121/seed_2024/best_checkpoint.pt
E01_XAI_D_C0_DenseNet121,D-C0,DenseNet121,2024,102,pneumonia,E-A540763BCA2A1AF575A9EE6B.jpeg,1,0.990605741459267,0.57861328125,1,1,0.37257189171874955,0.3725718855857849,0.3713226318359375,1.0033643515792057,0.30366702756368835,0.3036670386791229,0.8177983282684972,0,0,0,47,6,10,0.9666911852208534,0.9902564435805465,0.9662834766807713,0.9913086246767369,0.0005903421568026479,0.005116440120944532,0.4680534316782522,0.9696510743465682,/kaggle/input/datasets/hintrngia/locked-densenet-xai-inputs/D-C0/DenseNet121/seed_2024/best_checkpoint.pt
E01_XAI_D_C0_DenseNet121,D-C0,DenseNet121,2024,103,pneumonia,E-A9AC7ECA864D894719491A2C.jpeg,1,0.9997498528371106,0.57861328125,1,1,0.4534396507642841,0.4534396529197693,0.3572845458984375,1.2691275230616323,0.5776634090005978,0.5776634216308594,1.61681610814705,0,0,47,48,11,2,0.9977589239382421,0.9980824580525365,0.9989129986850505,0.9997864900698848,0.001926493061794099,0.007723432898799842,0.7968267054524296,0.9586903948755735,/kaggle/input/datasets/hintrngia/locked-densenet-xai-inputs/D-C0/DenseNet121/seed_2024/best_checkpoint.pt
E01_XAI_D_C0_DenseNet121,D-C0,DenseNet121,2024,104,pneumonia,E-B15903E1E2039605DB9FB6A1.jpeg,1,0.9966972214706312,0.57861328125,1,1,0.22781167164285043,0.22781166434288025,0.2703704833984375,0.8425907620512357,0.1354366165788346,0.13543660938739777,0.5009297423167506,0,0,240,47,250,2,0.99090509931292,0.9926877515983091,0.996149433862616,0.9936804861174663,0.0038189460616507853,0.003617227498635023,0.22827740217173256,0.7867151427235747,/kaggle/input/datasets/hintrngia/locked-densenet-xai-inputs/D-C0/DenseNet121/seed_2024/best_checkpoint.pt
E01_XAI_D_C0_DenseNet121,D-C0,DenseNet121,2024,105,pneumonia,E-B29F964F9024332A9FD3DA8C.jpeg,1,0.9978884391920632,0.57861328125,1,1,0.6073973235297607,0.6073973178863525,0.444091796875,1.3677292123023088,0.7684015029740445,0.7684015035629272,1.7302762815732196,1,1,79,144,71,121,0.9894343489627001,0.9959443797971382,0.9986408024541549,0.998567365390396,0.0019234834394066258,0.00040448172755580547,-0.23429566978461858,-0.07376719306608957,/kaggle/input/datasets/hintrngia/locked-densenet-xai-inputs/D-C0/DenseNet121/seed_2024/best_checkpoint.pt
E01_XAI_D_C0_DenseNet121,D-C0,DenseNet121,2024,106,pneumonia,E-B352C843937DC9BD58C4B554.jpeg,1,0.9457980313538985,0.57861328125,1,1,0.47055762221748526,0.47055763006210327,0.322052001953125,1.461123108577898,0.5785794450825883,0.5785794258117676,1.7965404393505404,1,1,79,144,63,125,0.910878789226505,0.9776873778773567,0.8992204798096015,0.985355906757271,0.0010729131284170634,0.0026851593084640246,0.2736557318918965,0.3983245369076718,/kaggle/input/datasets/hintrngia/locked-densenet-xai-inputs/D-C0/DenseNet121/seed_2024/best_checkpoint.pt
E01_XAI_D_C0_DenseNet121,D-C0,DenseNet121,2024,107,pneumonia,E-B41848B096ED1788DCCEEDA2.jpeg,1,0.9976589845631011,0.57861328125,1,1,0.34070460685909626,0.34070461988449097,0.2685089111328125,1.268876349100286,0.30109206370013375,0.3010920584201813,1.1213484961443407,1,0,207,112,247,1,0.9908743023668697,0.9934093950336085,0.9945521025967763,0.9978662835625889,0.001178583777272868,0.0035833202479172432,0.1812155659913593,0.7260359555705788,/kaggle/input/datasets/hintrngia/locked-densenet-xai-inputs/D-C0/DenseNet121/seed_2024/best_checkpoint.pt
E01_XAI_D_C0_DenseNet121,D-C0,DenseNet121,2024,108,pneumonia,E-B813D1454C73F6C74F660590.jpeg,1,0.9867170348227416,0.57861328125,1,1,0.2379689715217493,0.23796896636486053,0.2771453857421875,0.8586430940730806,0.14399414851321604,0.14399415254592896,0.5195617748699073,0,0,0,47,7,11,0.9022348984602387,0.9896274137774881,0.9249375585388282,0.9905015991006553,0.0029522764850745953,0.00443363828809229,0.2427284604588954,0.9843628868098491,/kaggle/input/datasets/hintrngia/locked-densenet-xai-inputs/D-C0/DenseNet121/seed_2024/best_checkpoint.pt
E01_XAI_D_C0_DenseNet121,D-C0,DenseNet121,2024,109,pneumonia,E-BF1AD901130E35A45E611B5A.jpeg,1,0.9981417915909397,0.57861328125,1,1,0.3216483908689391,0.32164838910102844,0.2906494140625,1.106654186475577,0.24852035348895593,0.2485203593969345,0.8550519679888815,0,0,0,47,18,21,0.9941439228729289,0.9930380509648034,0.9971990481360798,0.9987712207676605,0.0012278476563111207,0.004932400906808243,0.34317735920306935,0.8357228573117473,/kaggle/input/datasets/hintrngia/locked-densenet-xai-inputs/D-C0/DenseNet121/seed_2024/best_checkpoint.pt
E01_XAI_D_C0_DenseNet121,D-C0,DenseNet121,2024,110,pneumonia,E-BFFC08BEA9A0FA7A1279A0B5.jpeg,1,0.9994298307703438,0.57861328125,1,1,0.430735288326805,0.4307352900505066,0.364898681640625,1.1804243479043863,0.4720213685424433,0.4720213711261749,1.2935683034539418,0,0,0,47,12,12,0.9922447989180454,0.997801528618969,0.998313376540813,0.999310835364076,0.0004939972839784756,0.0037665756864778688,0.7173743455034685,0.9529336623056635,/kaggle/input/datasets/hintrngia/locked-densenet-xai-inputs/D-C0/DenseNet121/seed_2024/best_checkpoint.pt
E01_XAI_D_C0_DenseNet121,D-C0,DenseNet121,2024,111,pneumonia,E-C378B1871ED2B8AC1E544A5B.jpeg,1,0.9968526625920398,0.57861328125,1,1,0.3551361842602341,0.3551361858844757,0.2780303955078125,1.2773286302441524,0.4285519781083542,0.42855197191238403,1.541385348625712,0,0,112,143,255,55,0.9816282714889586,0.9960104360026598,0.9988125955147054,0.9989261267107127,0.002810520801609373,0.009151710737095253,0.16926431899012392,0.10415849016246737,/kaggle/input/datasets/hintrngia/locked-densenet-xai-inputs/D-C0/DenseNet121/seed_2024/best_checkpoint.pt
E01_XAI_D_C0_DenseNet121,D-C0,DenseNet121,2024,112,pneumonia,E-D2A52B478FEFC3F6A00973AF.jpeg,1,0.9991131758102642,0.57861328125,1,1,0.4014681528214164,0.4014681577682495,0.35107421875,1.1435421098445908,0.31461751478820515,0.3146175146102905,0.8961567041533298,1,0,208,207,249,203,0.988437295508047,0.9969174335016368,0.9977605044621718,0.999432075193768,0.00014580893865928646,0.00015759522969799322,0.5077092564019124,0.6501708936892355,/kaggle/input/datasets/hintrngia/locked-densenet-xai-inputs/D-C0/DenseNet121/seed_2024/best_checkpoint.pt
E01_XAI_D_C0_DenseNet121,D-C0,DenseNet121,2024,113,pneumonia,E-D33BB0B839138FAFF4DA3ED6.jpeg,1,0.986116180484962,0.57861328125,1,1,0.2265718391317016,0.22657184302806854,0.3347625732421875,0.6768135306684532,0.07083871012255771,0.07083871215581894,0.21160881109403082,0,0,240,47,251,2,0.9178571147241829,0.9936767251036648,0.9293992652746246,0.9861167322853261,0.0001324726460267267,0.0016700003992369677,-0.4340851114253041,-0.013429488756318728,/kaggle/input/datasets/hintrngia/locked-densenet-xai-inputs/D-C0/DenseNet121/seed_2024/best_checkpoint.pt
E01_XAI_D_C0_DenseNet121,D-C0,DenseNet121,2024,114,pneumonia,E-DA47F22802134421DB0B257A.jpeg,1,0.9999992381496101,0.57861328125,1,1,0.5432308236913943,0.5432308316230774,0.39227294921875,1.3848286627290811,0.6774165997485888,0.6774166226387024,1.726901131209099,0,1,112,112,173,50,0.9999902093852139,0.9999765865104318,0.9999987811318103,0.9999989879989468,0.0014633512739272714,0.0015145509473234453,0.9425626621330125,0.7273126589447573,/kaggle/input/datasets/hintrngia/locked-densenet-xai-inputs/D-C0/DenseNet121/seed_2024/best_checkpoint.pt
E01_XAI_D_C0_DenseNet121,D-C0,DenseNet121,2024,115,pneumonia,E-E09BD72833F7B4079F215903.jpeg,1,0.9992267440318032,0.57861328125,1,1,0.47423099941243824,0.4742310047149658,0.3171234130859375,1.495414655126476,0.5605102406157237,0.5605102181434631,1.7674829971126436,1,0,111,111,38,63,0.9970317830602501,0.9971466319510169,0.9991785181416408,0.9993826687777279,0.0009106446034637394,0.014182586494561833,0.42619945885784627,0.5615112068075655,/kaggle/input/datasets/hintrngia/locked-densenet-xai-inputs/D-C0/DenseNet121/seed_2024/best_checkpoint.pt
E01_XAI_D_C0_DenseNet121,D-C0,DenseNet121,2024,116,pneumonia,E-E0D541D212A934D795DA0D1B.jpeg,1,0.99324204092148,0.57861328125,1,1,0.5097284377941471,0.5097284317016602,0.306488037109375,1.6631267001532024,0.6213847311667435,0.6213847398757935,2.0274355143753713,1,1,80,112,54,110,0.9879400910054553,0.9940303623249995,0.9925431915958199,0.9950987813776203,0.0009427503849768204,0.015168845606006953,0.6388151650209665,0.8791997620727318,/kaggle/input/datasets/hintrngia/locked-densenet-xai-inputs/D-C0/DenseNet121/seed_2024/best_checkpoint.pt
E01_XAI_D_C0_DenseNet121,D-C0,DenseNet121,2024,117,pneumonia,E-E1AD2A3BA30BC31AC67A922E.jpeg,1,0.999599126267651,0.57861328125,1,1,0.38605011118302096,0.38605010509490967,0.3279571533203125,1.1771358156837324,0.35339843927540854,0.3533984422683716,1.0775750298400955,0,0,240,47,246,30,0.9878806410748856,0.9985591301195111,0.9966631241994762,0.999139965993073,0.002310207291407518,0.0032525848284574166,-0.40704261497933436,0.361831187129795,/kaggle/input/datasets/hintrngia/locked-densenet-xai-inputs/D-C0/DenseNet121/seed_2024/best_checkpoint.pt
E01_XAI_D_C0_DenseNet121,D-C0,DenseNet121,2024,118,pneumonia,E-E280E4CD8F00E10AB30B96C9.jpeg,1,0.9960718310051102,0.57861328125,1,1,0.4175074471340639,0.41750743985176086,0.3293609619140625,1.2676288188731994,0.49834509298572494,0.49834510684013367,1.51306666731121,0,1,47,79,178,95,0.9929309558566086,0.9897491034000012,0.9938384565622613,0.9986969284200196,0.00027606944563035585,0.0004524350479884198,0.28638135362714723,0.7597060184981972,/kaggle/input/datasets/hintrngia/locked-densenet-xai-inputs/D-C0/DenseNet121/seed_2024/best_checkpoint.pt
E01_XAI_D_C0_DenseNet121,D-C0,DenseNet121,2024,119,pneumonia,E-E2EF7E089A1E8F497DBAC1CB.jpeg,1,0.9998314007881318,0.57861328125,1,1,0.4862806713295628,0.4862806797027588,0.3351898193359375,1.450762055640471,0.6119922956168742,0.6119922995567322,1.8258081251671812,1,0,80,80,20,7,0.9995793487953607,0.9995848072738525,0.9998898009591223,0.9997225409800419,0.0023594550241434753,0.0008580271527205419,-0.36087250039729224,-0.04538865957454943,/kaggle/input/datasets/hintrngia/locked-densenet-xai-inputs/D-C0/DenseNet121/seed_2024/best_checkpoint.pt
E01_XAI_D_C0_DenseNet121,D-C0,DenseNet121,2024,120,pneumonia,E-E7BF66D9C027E263610D5923.jpeg,1,0.9284092918017577,0.57861328125,1,1,0.29977848930173623,0.2997784912586212,0.3877410888671875,0.7731408868158902,0.07559081554620668,0.0755908191204071,0.1949517802383299,0,0,0,47,14,3,0.8675039811046578,0.9737244607759075,0.924056929241281,0.963852632120526,0.0013589079303654716,0.00117330173753874,-0.18799852578323903,-0.04771239399571394,/kaggle/input/datasets/hintrngia/locked-densenet-xai-inputs/D-C0/DenseNet121/seed_2024/best_checkpoint.pt
E01_XAI_D_C0_DenseNet121,D-C0,DenseNet121,2024,121,pneumonia,E-EB1401E2B7015C0BDE01BE91.jpeg,1,0.9916518356614099,0.57861328125,1,1,0.333652848117533,0.3336528539657593,0.329986572265625,1.0111103789064386,0.34599760180453654,0.3459976017475128,1.0485202456238836,0,0,240,47,250,22,0.9656320272001573,0.9935328203051372,0.9700765830010493,0.9944114465139149,0.0016530380068924821,0.009092272258142575,0.7511555681429266,0.9422514059539325,/kaggle/input/datasets/hintrngia/locked-densenet-xai-inputs/D-C0/DenseNet121/seed_2024/best_checkpoint.pt
E01_XAI_D_C0_DenseNet121,D-C0,DenseNet121,2024,122,pneumonia,E-EB344A640162B22F1A6C369F.jpeg,1,0.9976852791038683,0.57861328125,1,1,0.23165196394443696,0.23165196180343628,0.2807464599609375,0.8251287085745215,0.12728496597243236,0.1272849589586258,0.4533804842637821,0,0,240,47,247,26,0.9655901263912258,0.9971706398193201,0.9380421053338762,0.9971481733392292,0.0006301745278315118,0.003103930824371895,0.16204756896202704,0.2749928528224958,/kaggle/input/datasets/hintrngia/locked-densenet-xai-inputs/D-C0/DenseNet121/seed_2024/best_checkpoint.pt
E01_XAI_D_C0_DenseNet121,D-C0,DenseNet121,2024,123,pneumonia,E-EC00E01864643AB223676743.jpeg,1,0.9875806486210612,0.57861328125,1,1,0.5067182598968782,0.5067182779312134,0.3099517822265625,1.6348293152464832,0.6599214695911737,0.6599214673042297,2.1291100985146043,1,1,79,143,71,135,0.9730035516856856,0.9921930910927923,0.993178062513115,0.9946487843779419,0.0017592996005331152,0.009196982073949034,0.7575616002201272,0.9307150753213329,/kaggle/input/datasets/hintrngia/locked-densenet-xai-inputs/D-C0/DenseNet121/seed_2024/best_checkpoint.pt
E01_XAI_D_C0_DenseNet121,D-C0,DenseNet121,2024,124,pneumonia,E-EF92BEF2BC79AC7D99E44B1F.jpeg,1,0.9920794667373439,0.57861328125,1,1,0.2919523186744789,0.29195231199264526,0.343048095703125,0.8510536054021284,0.21060372426019808,0.210603728890419,0.6139189428483383,0,0,0,47,14,10,0.9793783420512122,0.9904828454093281,0.9798374563008336,0.9911088065357179,0.0012590591257957695,0.0021382281262185276,0.05287196420047394,0.14759201957353035,/kaggle/input/datasets/hintrngia/locked-densenet-xai-inputs/D-C0/DenseNet121/seed_2024/best_checkpoint.pt
E01_XAI_D_C0_DenseNet121,D-C0,DenseNet121,2024,125,pneumonia,E-F051ECCC0E91B0C03A0B3894.jpeg,1,0.9991459865073322,0.57861328125,1,1,0.6015415557158674,0.6015415787696838,0.5049896240234375,1.1911958723491491,0.6432551704245141,0.6432551741600037,1.2737987867938043,1,1,207,208,94,137,0.9940714256399088,0.9986122510272077,0.9999363800735941,0.9995275764562416,0.0002943568220741266,0.0016199128633627158,0.3980075876704506,0.195598254846463,/kaggle/input/datasets/hintrngia/locked-densenet-xai-inputs/D-C0/DenseNet121/seed_2024/best_checkpoint.pt
E01_XAI_D_C0_DenseNet121,D-C0,DenseNet121,2024,126,pneumonia,E-FA7B18636100FBD243EBAF3A.jpeg,1,0.9959052328870562,0.57861328125,1,1,0.29520594601076694,0.2952059507369995,0.2697601318359375,1.0943275568619053,0.19290931673524994,0.19290931522846222,0.7151142588133571,0,0,240,47,245,4,0.9900826262881136,0.9889952068089982,0.9974460441491609,0.9969341122187837,0.001175368558601897,0.0012119163673086075,-0.11026117744934583,-0.0033252676736270992,/kaggle/input/datasets/hintrngia/locked-densenet-xai-inputs/D-C0/DenseNet121/seed_2024/best_checkpoint.pt
E01_XAI_D_C0_DenseNet121,D-C0,DenseNet121,2024,127,pneumonia,E-FDAF56855798F8C5BE7AC652.jpeg,1,0.9999996027671584,0.57861328125,1,1,0.46545451092691914,0.4654545187950134,0.37738037109375,1.2333829382220027,0.48581275995247414,0.4858127534389496,1.2873291701538632,1,1,175,48,164,22,0.9998202747117896,0.9999983147431746,0.9999973016075197,0.9999990483891273,0.00014927842042045114,0.00019525942322423662,-0.3145112039390566,-0.07965436195018434,/kaggle/input/datasets/hintrngia/locked-densenet-xai-inputs/D-C0/DenseNet121/seed_2024/best_checkpoint.pt
