xai_id,condition,architecture,seed,sample_index,sampling_stratum,image_id,true_label,prob_pneumonia,threshold,pred_label,is_correct,gcam_lrr_plus,gcam_lrr_abs,gcam_lrr_chance,gcam_lrr_enrichment,guided_gcam_lrr_plus,guided_gcam_lrr_abs,guided_gcam_lrr_enrichment,gcam_pointing_inside_lung,guided_gcam_pointing_inside_lung,gcam_argmax_x,gcam_argmax_y,guided_gcam_argmax_x,guided_gcam_argmax_y,gcam_deletion_auc,gcam_insertion_auc,guided_gcam_deletion_auc,guided_gcam_insertion_auc,gcam_input_stability_lrr_delta,guided_gcam_input_stability_lrr_delta,gcam_head_randomization_corr,guided_gcam_head_randomization_corr,checkpoint_path
E03_XAI_R_C0_ResNet50,R-C0,ResNet50,3407,0,normal,E-03B36F677CCFA6787A3BC686.jpeg,0,0.7452006652158455,0.712890625,1,0,0.3798860904827328,0.37988609075546265,0.3590850830078125,1.057927796110839,0.3439814998490719,0.3439815044403076,0.9579387062469203,0,0,144,143,7,136,0.7474529704326744,0.9219029140983244,0.8469425381313846,0.9500271345108184,0.0012759664236747792,0.0018467229410561448,0.7519673768265441,0.7111006253205695,/kaggle/input/datasets/hintrngia/locked-resnet-xai-inputs/R-C0/ResNet50/seed_3407/best_checkpoint.pt
E03_XAI_R_C0_ResNet50,R-C0,ResNet50,3407,1,normal,E-06530ECE35CCF9FF05F7DDEB.jpeg,0,0.028308820810359656,0.712890625,0,1,0.300494936128097,0.3004949390888214,0.2779541015625,1.0810955277827716,0.41247227358641414,0.41247227787971497,1.4839582192445782,0,1,176,207,194,194,0.6600576230482642,0.7909239736888417,0.5845410790231114,0.8871039038571157,0.0012462958321143858,0.004192405721411274,-0.061368226350862795,0.07856769379682735,/kaggle/input/datasets/hintrngia/locked-resnet-xai-inputs/R-C0/ResNet50/seed_3407/best_checkpoint.pt
E03_XAI_R_C0_ResNet50,R-C0,ResNet50,3407,2,normal,E-10FEC5D206E4A3A02E4F32C9.jpeg,0,0.6173717591505328,0.712890625,0,1,0.1150020837824538,0.11500208079814911,0.2476806640625,0.4643159538422186,0.05652280998238546,0.056522808969020844,0.22820840777511173,0,0,144,0,139,1,0.15692773071525148,0.2187043638193221,0.143692600606616,0.2098748794214683,0.00068647221047273,0.0016819832344027036,0.14260774161401876,0.16478152702646698,/kaggle/input/datasets/hintrngia/locked-resnet-xai-inputs/R-C0/ResNet50/seed_3407/best_checkpoint.pt
E03_XAI_R_C0_ResNet50,R-C0,ResNet50,3407,3,normal,E-16E04AC17A9CE052EFE7227B.jpeg,0,0.06556475918849043,0.712890625,0,1,0.3712415642023921,0.37124156951904297,0.3753509521484375,0.9890518781888683,0.16817681806267074,0.1681768149137497,0.4480521951524529,0,0,111,0,95,1,0.5095114754592236,0.7542452497977326,0.496990932182515,0.7824431477816136,0.0010808919166635511,0.002495464153736332,0.4661978416699886,0.6651842432496314,/kaggle/input/datasets/hintrngia/locked-resnet-xai-inputs/R-C0/ResNet50/seed_3407/best_checkpoint.pt
E03_XAI_R_C0_ResNet50,R-C0,ResNet50,3407,4,normal,E-256958BC036CED77CAAB2A55.jpeg,0,0.2708424674419073,0.712890625,0,1,0.2391058717722404,0.23910586535930634,0.3496246337890625,0.6838930918022759,0.14371460882629228,0.14371460676193237,0.4110540131820316,0,0,176,240,68,2,0.4007117680395368,0.4647630731075128,0.38401729954215036,0.5303807739711942,0.0033122402369151482,0.006941006649911319,0.07223778800879256,0.7624992140278961,/kaggle/input/datasets/hintrngia/locked-resnet-xai-inputs/R-C0/ResNet50/seed_3407/best_checkpoint.pt
E03_XAI_R_C0_ResNet50,R-C0,ResNet50,3407,5,normal,E-280031A047E47DC7EA750C62.jpeg,0,0.2529960124886604,0.712890625,0,1,0.5036097178885689,0.5036097168922424,0.3791046142578125,1.328418855767569,0.5319384707720433,0.5319384932518005,1.4031442793526516,1,0,80,143,159,1,0.2464637984842436,0.4825408275060099,0.2771010041072549,0.5099430257477099,0.0011762443728037253,0.004833144778348841,0.8751186194880247,0.7173774453946528,/kaggle/input/datasets/hintrngia/locked-resnet-xai-inputs/R-C0/ResNet50/seed_3407/best_checkpoint.pt
E03_XAI_R_C0_ResNet50,R-C0,ResNet50,3407,6,normal,E-28020DB22FEE86C7B17E72DA.jpeg,0,0.3994554665684966,0.712890625,0,1,0.28417418578683046,0.2841741740703583,0.3710174560546875,0.7659321176115863,0.13541753709533397,0.13541753590106964,0.36498966527163507,0,0,80,0,69,33,0.21180687396512807,0.37733123113604083,0.20037369044581368,0.3948352801176966,0.000897020304654994,0.0017053095684045616,-0.27598417001899517,-0.043173533836724044,/kaggle/input/datasets/hintrngia/locked-resnet-xai-inputs/R-C0/ResNet50/seed_3407/best_checkpoint.pt
E03_XAI_R_C0_ResNet50,R-C0,ResNet50,3407,7,normal,E-28234EA54B2F1B13D8D5995E.jpeg,0,0.381836790065694,0.712890625,0,1,0.3024246667472953,0.30242466926574707,0.3462677001953125,0.8733839932997287,0.44114648614396645,0.44114649295806885,1.2740041473551749,0,1,176,208,189,195,0.36815549943629144,0.39680049127424954,0.30936135073846566,0.43258507492813364,0.0014707119150368375,0.004382527620278298,-0.06775082458848466,0.29671276441470407,/kaggle/input/datasets/hintrngia/locked-resnet-xai-inputs/R-C0/ResNet50/seed_3407/best_checkpoint.pt
E03_XAI_R_C0_ResNet50,R-C0,ResNet50,3407,8,normal,E-28CAAFCB1AFEEA2D46764B17.jpeg,0,0.687537449750415,0.712890625,0,1,0.5828539603923537,0.5828539729118347,0.38934326171875,1.4970182296705319,0.8675724374451347,0.8675724267959595,2.2282970395204713,1,1,175,208,171,213,0.10678341473252986,0.2728206795384596,0.10901461561748958,0.2665077649765094,0.005218846604122862,0.00029052679086938316,0.27761781827282533,0.8386093849071274,/kaggle/input/datasets/hintrngia/locked-resnet-xai-inputs/R-C0/ResNet50/seed_3407/best_checkpoint.pt
E03_XAI_R_C0_ResNet50,R-C0,ResNet50,3407,9,normal,E-29AE82E82E5A6A48DC6D8B99.jpeg,0,0.07927185192453634,0.712890625,0,1,0.3440119883117533,0.34401199221611023,0.3269195556640625,1.052283298296339,0.34286451775613236,0.3428645133972168,1.0487733505561676,1,1,176,208,186,207,0.46503177350217684,0.7363121753298826,0.40407277811419995,0.8174669591475066,0.001300818158612993,0.002479734001520295,0.8914443118241145,0.9375103721676449,/kaggle/input/datasets/hintrngia/locked-resnet-xai-inputs/R-C0/ResNet50/seed_3407/best_checkpoint.pt
E03_XAI_R_C0_ResNet50,R-C0,ResNet50,3407,10,normal,E-2B646E91E652E02CC65E6BA0.jpeg,0,0.035300671303014834,0.712890625,0,1,0.3514458560850313,0.35144585371017456,0.2742767333984375,1.2813549721495752,0.6771997656358184,0.6771997809410095,2.469038322153491,1,1,111,143,191,167,0.6222610469088314,0.8184026804992784,0.5760870604090446,0.8666097396676635,0.001320126349743156,0.0011043029691082396,0.0,0.0,/kaggle/input/datasets/hintrngia/locked-resnet-xai-inputs/R-C0/ResNet50/seed_3407/best_checkpoint.pt
E03_XAI_R_C0_ResNet50,R-C0,ResNet50,3407,11,normal,E-2F227E134B6699426A9E9AB9.jpeg,0,0.38507737735445763,0.712890625,0,1,0.2951763212025575,0.29517632722854614,0.3509368896484375,0.8411094128584202,0.2267566287199227,0.22675663232803345,0.646146459402098,1,0,80,143,176,23,0.3277994880324814,0.38430054382008416,0.33383164375792795,0.37851608312334345,0.006172980295655828,0.005144542260922896,-0.355898864966376,-0.0864564375713304,/kaggle/input/datasets/hintrngia/locked-resnet-xai-inputs/R-C0/ResNet50/seed_3407/best_checkpoint.pt
E03_XAI_R_C0_ResNet50,R-C0,ResNet50,3407,12,normal,E-2F5E9CF0C3839769BD6D37AD.jpeg,0,0.3612272403946972,0.712890625,0,1,0.3814436741808459,0.38144367933273315,0.3790740966796875,1.0062509612814845,0.3722011044577072,0.3722011148929596,0.9818690005933381,1,0,80,112,142,1,0.31987574186989853,0.4226567110596733,0.33397352165077665,0.4367415725817558,0.0011282678397837032,0.004890878200019155,0.6698930898000618,0.8350518560338077,/kaggle/input/datasets/hintrngia/locked-resnet-xai-inputs/R-C0/ResNet50/seed_3407/best_checkpoint.pt
E03_XAI_R_C0_ResNet50,R-C0,ResNet50,3407,13,normal,E-306538194ADB5E9E447B7A10.jpeg,0,0.08508284125448472,0.712890625,0,1,0.36774275892683395,0.36774274706840515,0.2563934326171875,1.4342908676444082,0.42199322043134185,0.421993225812912,1.6458815505676616,1,0,80,112,171,10,0.3787192260462622,0.7377312292996103,0.3592174509498605,0.7956838610700337,0.0005026547166717132,0.00023798678454434175,0.21249824606303885,0.8066419522201548,/kaggle/input/datasets/hintrngia/locked-resnet-xai-inputs/R-C0/ResNet50/seed_3407/best_checkpoint.pt
E03_XAI_R_C0_ResNet50,R-C0,ResNet50,3407,14,normal,E-36FB7A78C2BFA1A3824C3EFA.jpeg,0,0.3442476939313344,0.712890625,0,1,0.35436821167957117,0.3543682098388672,0.3275299072265625,1.0819415383476532,0.3990550891782508,0.3990550935268402,1.218377559952753,1,0,111,111,199,3,0.24225894525798847,0.5048238636467381,0.20829138367051986,0.5345914736002806,0.0005106910508320683,0.0023763806514651153,0.030954855669747542,0.14623325895810166,/kaggle/input/datasets/hintrngia/locked-resnet-xai-inputs/R-C0/ResNet50/seed_3407/best_checkpoint.pt
E03_XAI_R_C0_ResNet50,R-C0,ResNet50,3407,15,normal,E-3B865A0E9283DC8B3D382B5F.jpeg,0,0.9297069329171757,0.712890625,1,0,0.3195834540678425,0.3195834457874298,0.360931396484375,0.8854409928887345,0.12791211486030918,0.12791211903095245,0.3543945362088958,0,0,240,240,244,250,0.9119283039029541,0.9484275291235176,0.9291650742067871,0.9421234795291111,0.0026729150549341663,0.001570487681442162,0.620375569683633,0.9936333501470492,/kaggle/input/datasets/hintrngia/locked-resnet-xai-inputs/R-C0/ResNet50/seed_3407/best_checkpoint.pt
E03_XAI_R_C0_ResNet50,R-C0,ResNet50,3407,16,normal,E-3D66EC3C4F2D4073FE577EEA.jpeg,0,0.06074168696517728,0.712890625,0,1,0.2606317224481585,0.2606317102909088,0.2598114013671875,1.0031573713726738,0.44419407043217274,0.44419407844543457,1.7096788982112452,0,1,176,47,190,174,0.39709833806196904,0.7640399378472549,0.3556928040642421,0.8032065692964345,0.0014262843170645967,0.002589443099436761,0.6034702476179648,0.9346863324855746,/kaggle/input/datasets/hintrngia/locked-resnet-xai-inputs/R-C0/ResNet50/seed_3407/best_checkpoint.pt
E03_XAI_R_C0_ResNet50,R-C0,ResNet50,3407,17,normal,E-40D9418B91304B06987F2A6E.jpeg,0,0.7156839421336116,0.712890625,1,0,0.4341597766678453,0.4341597855091095,0.3151092529296875,1.377807133974331,0.5496845724330672,0.5496845841407776,1.744425361433998,0,0,143,144,235,255,0.7595957354856301,0.8492425379100386,0.8161133075352346,0.8543070799903255,0.002079320348892577,0.00015531810992730488,0.8833540450753349,0.7386165404445841,/kaggle/input/datasets/hintrngia/locked-resnet-xai-inputs/R-C0/ResNet50/seed_3407/best_checkpoint.pt
E03_XAI_R_C0_ResNet50,R-C0,ResNet50,3407,18,normal,E-44BF14DBF8A5FE52BF53ED2E.jpeg,0,0.5451546847907821,0.712890625,0,1,0.25225992233155653,0.25225991010665894,0.32672119140625,0.772095379689935,0.4440702584319578,0.4440702497959137,1.359171887567569,0,1,80,207,203,203,0.17047198169863528,0.3317081837777643,0.17277455867791225,0.35268012776105945,0.0011657085091187902,0.0017160314432593804,-0.10052912251293396,0.5863061993535055,/kaggle/input/datasets/hintrngia/locked-resnet-xai-inputs/R-C0/ResNet50/seed_3407/best_checkpoint.pt
E03_XAI_R_C0_ResNet50,R-C0,ResNet50,3407,19,normal,E-47080ACF9F207EB21662EAAE.jpeg,0,0.6574758379218848,0.712890625,0,1,0.4044820134374014,0.40448200702667236,0.3899383544921875,1.0372973286101952,0.5258124705119289,0.5258124470710754,1.3484502472107132,0,0,208,208,35,1,0.07289865508505414,0.22237873075507256,0.058847304974925976,0.2297659917640396,0.00024406408833155258,0.010711560801092146,0.18543185493979764,0.015864073888112822,/kaggle/input/datasets/hintrngia/locked-resnet-xai-inputs/R-C0/ResNet50/seed_3407/best_checkpoint.pt
E03_XAI_R_C0_ResNet50,R-C0,ResNet50,3407,20,normal,E-4F18C9F59223CD9D0CA81789.jpeg,0,0.8217603705685408,0.712890625,1,0,0.5246097160186513,0.5246097445487976,0.305145263671875,1.7192130387537918,0.7445408917871857,0.7445408701896667,2.439955589767227,1,1,143,143,165,158,0.8819535817630624,0.9524440205149535,0.9054495050551922,0.9496797911628275,0.0012067413966384555,6.423411357270314e-05,0.19913162128626585,0.4330920390069123,/kaggle/input/datasets/hintrngia/locked-resnet-xai-inputs/R-C0/ResNet50/seed_3407/best_checkpoint.pt
E03_XAI_R_C0_ResNet50,R-C0,ResNet50,3407,21,normal,E-57BEC1C15CFD6C2BBAF49905.jpeg,0,0.18156339449641518,0.712890625,0,1,0.3294932374973812,0.3294932246208191,0.3210601806640625,1.0262662807199454,0.22632944215161793,0.22632944583892822,0.7049439817902396,1,0,80,143,114,1,0.32209624592383523,0.6470247277064166,0.3074855890960924,0.6421518404825519,0.00023841052253886774,0.00027584228434648916,0.0,0.0,/kaggle/input/datasets/hintrngia/locked-resnet-xai-inputs/R-C0/ResNet50/seed_3407/best_checkpoint.pt
E03_XAI_R_C0_ResNet50,R-C0,ResNet50,3407,22,normal,E-5822F4C00AF6A5D69871506D.jpeg,0,0.28603943080624,0.712890625,0,1,0.4558609001484605,0.4558609127998352,0.414520263671875,1.099731279987098,0.4420205166712184,0.4420205056667328,1.0663423610603315,1,1,80,112,88,102,0.34047013826306655,0.5221744152636636,0.35751882973026466,0.5183636694346034,0.001644892869334058,0.00023840973882027772,0.3903381440555841,0.5108303590877818,/kaggle/input/datasets/hintrngia/locked-resnet-xai-inputs/R-C0/ResNet50/seed_3407/best_checkpoint.pt
E03_XAI_R_C0_ResNet50,R-C0,ResNet50,3407,23,normal,E-592EC4B388705AD74965EF2F.jpeg,0,0.1053155358663106,0.712890625,0,1,0.20569034864217506,0.20569035410881042,0.3038330078125,0.6769848678492157,0.17272136173915478,0.17272135615348816,0.5684746465918666,0,0,79,207,130,1,0.5355978035317782,0.6408037282210736,0.4545111912726244,0.7148192396140093,8.317104799984709e-05,0.0011591984763611174,-0.4702231330369483,-0.10784304143418041,/kaggle/input/datasets/hintrngia/locked-resnet-xai-inputs/R-C0/ResNet50/seed_3407/best_checkpoint.pt
E03_XAI_R_C0_ResNet50,R-C0,ResNet50,3407,24,normal,E-5EB53A5E9ABA53D43AB743A8.jpeg,0,0.18775256327197906,0.712890625,0,1,0.2321728630625327,0.2321728616952896,0.2571563720703125,0.9028470155857202,0.2586238651792908,0.258623868227005,1.0057066177173206,0,0,80,207,111,1,0.359223982680511,0.6132572572040971,0.3463353460248462,0.7277753435364249,0.00016128634443529632,2.949256094220143e-05,0.3174647445570694,0.8349171766289922,/kaggle/input/datasets/hintrngia/locked-resnet-xai-inputs/R-C0/ResNet50/seed_3407/best_checkpoint.pt
E03_XAI_R_C0_ResNet50,R-C0,ResNet50,3407,25,normal,E-5FBF0EE47B9EC5825E465989.jpeg,0,0.274569195184683,0.712890625,0,1,0.3359608400709719,0.33596083521842957,0.329376220703125,1.019991180158029,0.6587297605069986,0.6587297320365906,1.9999311398400195,0,1,207,207,195,183,0.27172808165176643,0.5549444189699706,0.26668988514906233,0.5416346058608337,0.00044086645924129586,0.0014311308580231552,-0.339149952051511,0.0664258262403487,/kaggle/input/datasets/hintrngia/locked-resnet-xai-inputs/R-C0/ResNet50/seed_3407/best_checkpoint.pt
E03_XAI_R_C0_ResNet50,R-C0,ResNet50,3407,26,normal,E-67976418F9EE68ADAB32C212.jpeg,0,0.2657387936757725,0.712890625,0,1,0.13105871671758104,0.1310587227344513,0.26171875,0.5007616638761305,0.07801616712434646,0.07801616936922073,0.2980916236392939,0,0,176,47,91,38,0.3679600455490797,0.5504704170343777,0.33568749627439765,0.5976237535568258,0.0007979709420371794,0.0001374008280675132,-0.4601678007093253,-0.004000030628812097,/kaggle/input/datasets/hintrngia/locked-resnet-xai-inputs/R-C0/ResNet50/seed_3407/best_checkpoint.pt
E03_XAI_R_C0_ResNet50,R-C0,ResNet50,3407,27,normal,E-74019A53B16F834307F73E46.jpeg,0,0.4154162237627185,0.712890625,0,1,0.43425522619647444,0.4342552125453949,0.372467041015625,1.1658890005740332,0.6118559075488784,0.6118559241294861,1.6427115426924743,0,0,176,207,177,205,0.18519165890009698,0.4120965925316165,0.173812407304144,0.42009996905923297,0.0025599313777889265,0.003275799720235062,0.09191684454539747,0.08731724221849108,/kaggle/input/datasets/hintrngia/locked-resnet-xai-inputs/R-C0/ResNet50/seed_3407/best_checkpoint.pt
E03_XAI_R_C0_ResNet50,R-C0,ResNet50,3407,28,normal,E-778E5DF620CB9DE6A84B008B.jpeg,0,0.8878946356658849,0.712890625,1,0,0.48341945748642806,0.4834194481372833,0.3386688232421875,1.4274105684086753,0.5991296262816705,0.5991296172142029,1.769072276999124,1,1,175,207,211,208,0.8660422748737733,0.9207785290535957,0.8758378528852936,0.9479089621035779,0.0012718038353724537,0.0020829146107981256,-0.047118079293824125,0.41483978524351967,/kaggle/input/datasets/hintrngia/locked-resnet-xai-inputs/R-C0/ResNet50/seed_3407/best_checkpoint.pt
E03_XAI_R_C0_ResNet50,R-C0,ResNet50,3407,29,normal,E-77C42172A076E16EE5474210.jpeg,0,0.47336776697287564,0.712890625,0,1,0.5081806281809504,0.5081806182861328,0.39276123046875,1.2938665753095093,0.7115210455449424,0.7115210294723511,1.8115867614931371,0,1,176,208,187,202,0.15220120994976408,0.4670864417831151,0.14150984682166529,0.45404397442983735,0.0015684746654497372,0.00018176646746803637,0.0033329504637549605,-0.005023759813500669,/kaggle/input/datasets/hintrngia/locked-resnet-xai-inputs/R-C0/ResNet50/seed_3407/best_checkpoint.pt
E03_XAI_R_C0_ResNet50,R-C0,ResNet50,3407,30,normal,E-7B1FB0C84C51C5CD8EDBCCFD.jpeg,0,0.9933781740753733,0.712890625,1,0,0.4102313734468564,0.4102313816547394,0.388427734375,1.0561330645118314,0.2992939956050968,0.29929399490356445,0.7705268422366288,0,0,240,240,244,250,0.9808335246720583,0.9869418801746717,0.9820478821289378,0.9923998688946168,0.0008351887747384268,0.00027827819287107314,-0.25669995779043875,0.016296727573075917,/kaggle/input/datasets/hintrngia/locked-resnet-xai-inputs/R-C0/ResNet50/seed_3407/best_checkpoint.pt
E03_XAI_R_C0_ResNet50,R-C0,ResNet50,3407,31,normal,E-7B7A8A9BEAA512F9DC3E0865.jpeg,0,0.4285788551148566,0.712890625,0,1,0.49955824075350197,0.4995582401752472,0.356475830078125,1.4013803983401039,0.4460221406051837,0.4460221529006958,1.2511988274420562,1,0,80,112,127,1,0.10978648163209236,0.46801201597016634,0.1357005228823432,0.4579074929035355,0.00027105910735775174,0.005457809123254775,-0.49592442314958285,-0.06272703143421623,/kaggle/input/datasets/hintrngia/locked-resnet-xai-inputs/R-C0/ResNet50/seed_3407/best_checkpoint.pt
E03_XAI_R_C0_ResNet50,R-C0,ResNet50,3407,32,normal,E-82FCB2C3D1996A8155B45525.jpeg,0,0.17277372574872077,0.712890625,0,1,0.2627713338743105,0.262771338224411,0.2450714111328125,1.0722235313359576,0.22667135156611232,0.22667135298252106,0.9249196000396449,1,0,111,143,127,1,0.31765060100754217,0.6390012671495992,0.3021947863161752,0.7092869506494817,0.0015367063296872763,0.002305593108596765,0.6565671980720956,0.9114018914541966,/kaggle/input/datasets/hintrngia/locked-resnet-xai-inputs/R-C0/ResNet50/seed_3407/best_checkpoint.pt
E03_XAI_R_C0_ResNet50,R-C0,ResNet50,3407,33,normal,E-843CBB869621D4078F498542.jpeg,0,0.747099004076444,0.712890625,1,0,0.43269602844575283,0.43269601464271545,0.3597412109375,1.2027980539625407,0.5693041038587993,0.5693041086196899,1.5825379093353524,1,1,143,143,223,226,0.6838122927934436,0.8538190015378624,0.8141529614241789,0.8850887285345808,0.00038776271295948295,0.001750437399428706,-0.318296021286935,-0.0680759083874547,/kaggle/input/datasets/hintrngia/locked-resnet-xai-inputs/R-C0/ResNet50/seed_3407/best_checkpoint.pt
E03_XAI_R_C0_ResNet50,R-C0,ResNet50,3407,34,normal,E-845A5BC2008587BFFF60937F.jpeg,0,0.7987311839038328,0.712890625,1,0,0.30787801596302317,0.3078780174255371,0.3625030517578125,0.8493115146757876,0.2864752010865434,0.28647521138191223,0.790269763792049,0,0,144,208,25,6,0.8609975395287423,0.9163825127207935,0.8889582340054059,0.9452107425497944,5.933865434570862e-07,0.001557081702530383,0.4170757948565761,0.8396197138646331,/kaggle/input/datasets/hintrngia/locked-resnet-xai-inputs/R-C0/ResNet50/seed_3407/best_checkpoint.pt
E03_XAI_R_C0_ResNet50,R-C0,ResNet50,3407,35,normal,E-8BB569A271B438E1FF7419AA.jpeg,0,0.22477584589676664,0.712890625,0,1,0.2173806761647374,0.21738067269325256,0.3291015625,0.6605276332127332,0.1359167451328155,0.13591673970222473,0.4129933145875462,0,0,112,0,183,19,0.28636590216281355,0.5061643932301088,0.27189309636370496,0.5524752963388541,0.0007018647577028969,0.002076780345000029,0.702787967712684,0.952212819739456,/kaggle/input/datasets/hintrngia/locked-resnet-xai-inputs/R-C0/ResNet50/seed_3407/best_checkpoint.pt
E03_XAI_R_C0_ResNet50,R-C0,ResNet50,3407,36,normal,E-8E65534102472D38A215B619.jpeg,0,0.7097113672139668,0.712890625,0,1,0.49850958602102996,0.49850958585739136,0.4018096923828125,1.2406609284727992,0.4021733545120254,0.40217334032058716,1.0009050606197583,0,0,176,0,178,1,0.10272620884555553,0.29362932669733977,0.15150278084511254,0.26275693149337215,0.001213032784710466,0.0008651568906694052,-0.07735266816093886,0.2924257921202297,/kaggle/input/datasets/hintrngia/locked-resnet-xai-inputs/R-C0/ResNet50/seed_3407/best_checkpoint.pt
E03_XAI_R_C0_ResNet50,R-C0,ResNet50,3407,37,normal,E-91CCC5E035FBDB0CCBB30E2A.jpeg,0,0.12590826693720983,0.712890625,0,1,0.5167158729198349,0.5167158842086792,0.4178619384765625,1.2365708032745772,0.6293000378167009,0.629300057888031,1.505999900615494,0,1,79,207,66,186,0.49141313207138193,0.7201718026109805,0.4575764065944658,0.7375884240749169,0.0008128525610294757,0.00315774301010896,0.7551022141687569,0.7805719317815282,/kaggle/input/datasets/hintrngia/locked-resnet-xai-inputs/R-C0/ResNet50/seed_3407/best_checkpoint.pt
E03_XAI_R_C0_ResNet50,R-C0,ResNet50,3407,38,normal,E-91CD2D4F539A3D56107014E7.jpeg,0,0.5916804439335513,0.712890625,0,1,0.40841426907298745,0.4084142744541168,0.376434326171875,1.0849549062816095,0.310381071505568,0.31038108468055725,0.8245291407453954,1,0,80,143,79,18,0.16464951351813012,0.2935863017190393,0.19254656295748146,0.2925836129427727,0.0003390864064592436,0.00010628524130407158,0.8965294427032295,0.8399204532458115,/kaggle/input/datasets/hintrngia/locked-resnet-xai-inputs/R-C0/ResNet50/seed_3407/best_checkpoint.pt
E03_XAI_R_C0_ResNet50,R-C0,ResNet50,3407,39,normal,E-93DEE19500CF7BC746908FEA.jpeg,0,0.31507328107520804,0.712890625,0,1,0.4378751288790078,0.4378751218318939,0.3555908203125,1.2314016669333443,0.6325825325616243,0.6325825452804565,1.7789619315979495,1,1,207,208,191,200,0.3871582276266,0.4975190614573075,0.3548701209904247,0.5256770378789597,0.004666478648214956,0.010612945667066942,0.2128221488622612,0.246895160889599,/kaggle/input/datasets/hintrngia/locked-resnet-xai-inputs/R-C0/ResNet50/seed_3407/best_checkpoint.pt
E03_XAI_R_C0_ResNet50,R-C0,ResNet50,3407,40,normal,E-9A48264C99FDAC90E29908DD.jpeg,0,0.9624915353127332,0.712890625,1,0,0.29878806412339054,0.29878807067871094,0.3754425048828125,0.7958290823162171,0.15110175191131958,0.151101753115654,0.402463093406228,0,0,240,240,250,247,0.9124647291715472,0.9754416488940905,0.9285129466442492,0.9787034884201629,0.0013290904422061933,0.003060230856758911,0.4313372003451444,0.020730881069065017,/kaggle/input/datasets/hintrngia/locked-resnet-xai-inputs/R-C0/ResNet50/seed_3407/best_checkpoint.pt
E03_XAI_R_C0_ResNet50,R-C0,ResNet50,3407,41,normal,E-A5B76F5465A7745EBBAE1D8D.jpeg,0,0.535743602094272,0.712890625,0,1,0.48059894359362576,0.48059895634651184,0.36846923828125,1.3043122563919107,0.696205651562186,0.6962056756019592,1.889453933277266,0,1,176,208,179,186,0.13335613272933228,0.3701223106815833,0.11080804137852847,0.396020980037062,0.002219652499028002,0.0023607810615369207,0.6996183256323024,0.8954091335962603,/kaggle/input/datasets/hintrngia/locked-resnet-xai-inputs/R-C0/ResNet50/seed_3407/best_checkpoint.pt
E03_XAI_R_C0_ResNet50,R-C0,ResNet50,3407,42,normal,E-A92185A886C303721C499620.jpeg,0,0.8873541279618883,0.712890625,1,0,0.38898575024618104,0.3889857530593872,0.4248199462890625,0.9156485086072239,0.44028931331482973,0.44028931856155396,1.0364139376243915,0,0,144,207,150,254,0.8811062885223705,0.9299225917809408,0.8985709711706601,0.9326378620078817,0.001774445150668047,0.0017759380964794125,0.04487662282041334,0.4996148758486499,/kaggle/input/datasets/hintrngia/locked-resnet-xai-inputs/R-C0/ResNet50/seed_3407/best_checkpoint.pt
E03_XAI_R_C0_ResNet50,R-C0,ResNet50,3407,43,normal,E-B1906A980682154F21AC8637.jpeg,0,0.1962594837668309,0.712890625,0,1,0.32788416028179607,0.32788416743278503,0.37506103515625,0.8742154730768017,0.4592007795883274,0.45920076966285706,1.2243361387754526,0,1,176,207,195,199,0.3886356731163356,0.5312342172790012,0.45867817895194346,0.5266461343589353,0.0019355640173958633,0.0014200667104245501,0.0,0.0,/kaggle/input/datasets/hintrngia/locked-resnet-xai-inputs/R-C0/ResNet50/seed_3407/best_checkpoint.pt
E03_XAI_R_C0_ResNet50,R-C0,ResNet50,3407,44,normal,E-B701F1D8C0C0617522833A87.jpeg,0,0.04667537961122847,0.712890625,0,1,0.26812016979691394,0.2681201696395874,0.2968597412109375,0.903188046662069,0.2720384204251247,0.27203842997550964,0.9163870429699806,0,0,176,207,79,26,0.5632088479992584,0.7626084131329298,0.5631593075942255,0.7921673480615852,0.0013190889312104104,0.0010238663109161106,-0.5303641439118122,-0.005773415646359394,/kaggle/input/datasets/hintrngia/locked-resnet-xai-inputs/R-C0/ResNet50/seed_3407/best_checkpoint.pt
E03_XAI_R_C0_ResNet50,R-C0,ResNet50,3407,45,normal,E-B80945974BB38152A2ADE2AF.jpeg,0,0.0280106427019543,0.712890625,0,1,0.3208149653635291,0.32081496715545654,0.287933349609375,1.1141987053558158,0.4380178519282123,0.4380178451538086,1.5212473738191479,0,1,176,207,191,192,0.6198701488715305,0.8404887733920935,0.5473428003678336,0.8840284612825249,0.00012004527954107003,0.0006670819642495829,0.39037002624869166,0.9316031273161892,/kaggle/input/datasets/hintrngia/locked-resnet-xai-inputs/R-C0/ResNet50/seed_3407/best_checkpoint.pt
E03_XAI_R_C0_ResNet50,R-C0,ResNet50,3407,46,normal,E-BB74E7A26CC5772AE8204932.jpeg,0,0.908067860489848,0.712890625,1,0,0.45983484422298954,0.45983484387397766,0.396759033203125,1.158977630605255,0.46639299791319794,0.46639299392700195,1.1755069422059587,1,0,143,112,16,8,0.8829796826098677,0.8787862794564486,0.9219537648433225,0.9299490046946453,0.000734983972115244,0.0007924022771683137,0.0,0.0,/kaggle/input/datasets/hintrngia/locked-resnet-xai-inputs/R-C0/ResNet50/seed_3407/best_checkpoint.pt
E03_XAI_R_C0_ResNet50,R-C0,ResNet50,3407,47,normal,E-BB96C349B18A4710DE07EC01.jpeg,0,0.4040620481500344,0.712890625,0,1,0.5045686333333423,0.5045686364173889,0.3329010009765625,1.5156717217827347,0.5033083441398221,0.5033083558082581,1.511885944059558,1,0,80,112,144,1,0.1273432540692713,0.5078395652211273,0.1829352829107674,0.5038169211965807,0.0033432222378163567,0.003122295695739963,0.3924704848909553,0.6997793121364047,/kaggle/input/datasets/hintrngia/locked-resnet-xai-inputs/R-C0/ResNet50/seed_3407/best_checkpoint.pt
E03_XAI_R_C0_ResNet50,R-C0,ResNet50,3407,48,normal,E-BCDF7BD5461E233F18CDF83C.jpeg,0,0.13754243530470361,0.712890625,0,1,0.3512316054829376,0.3512316048145294,0.2940521240234375,1.1944535569991073,0.30613160702797865,0.30613160133361816,1.0410793938137932,1,0,111,143,99,15,0.31199089835083404,0.6732098351325658,0.27304228756225024,0.7406878074673795,0.002242389279551227,0.0007442309055931684,-0.17388965055044076,-0.021806852550198864,/kaggle/input/datasets/hintrngia/locked-resnet-xai-inputs/R-C0/ResNet50/seed_3407/best_checkpoint.pt
E03_XAI_R_C0_ResNet50,R-C0,ResNet50,3407,49,normal,E-BF6060CF2B5D86362B50F1EF.jpeg,0,0.09081106898049789,0.712890625,0,1,0.36597127538676383,0.36597126722335815,0.3540191650390625,1.0337611957996187,0.637995957353372,0.6379959583282471,1.8021509013021244,1,1,175,208,175,197,0.48253379129081747,0.712672097706105,0.39430117737122805,0.7508628793345564,0.0016514552223671486,0.0007048682224318759,-0.13113417522770612,-0.022533817204813674,/kaggle/input/datasets/hintrngia/locked-resnet-xai-inputs/R-C0/ResNet50/seed_3407/best_checkpoint.pt
E03_XAI_R_C0_ResNet50,R-C0,ResNet50,3407,50,normal,E-C7B56CF9C42EB131FD94EA3C.jpeg,0,0.9456395343109829,0.712890625,1,0,0.2595547966058048,0.25955480337142944,0.32830810546875,0.7905829685052066,0.06518239613867399,0.0651823952794075,0.19854031945269282,0,0,240,240,238,248,0.8564953988638662,0.961610508925492,0.8648497973754095,0.9647531869106718,0.0020769888046891505,0.0024448504930423415,0.0005778375818363059,-0.03726084477356805,/kaggle/input/datasets/hintrngia/locked-resnet-xai-inputs/R-C0/ResNet50/seed_3407/best_checkpoint.pt
E03_XAI_R_C0_ResNet50,R-C0,ResNet50,3407,51,normal,E-D31B79C24E008C43E1511E9D.jpeg,0,0.0409534555005653,0.712890625,0,1,0.3869857626594767,0.38698574900627136,0.29034423828125,1.3328515315141616,0.6146675410596582,0.614667534828186,2.117030269649241,1,1,111,143,87,138,0.5593209474169314,0.8457523224560404,0.48013998838892263,0.8938223040570537,0.0009123808656323895,0.011756725873924179,-0.5560482708175034,0.257463713940935,/kaggle/input/datasets/hintrngia/locked-resnet-xai-inputs/R-C0/ResNet50/seed_3407/best_checkpoint.pt
E03_XAI_R_C0_ResNet50,R-C0,ResNet50,3407,52,normal,E-E13640D767DD410F37B990A9.jpeg,0,0.20430319721475906,0.712890625,0,1,0.4091178219290835,0.40911781787872314,0.3385162353515625,1.208561892176895,0.6051442147060645,0.605144202709198,1.7876371987819086,0,1,176,208,179,195,0.37480166285221533,0.6614260503131077,0.32301391642,0.6365549654459003,0.0017464724661047648,0.0035669123400070557,-0.1294610778806924,0.5631833932000935,/kaggle/input/datasets/hintrngia/locked-resnet-xai-inputs/R-C0/ResNet50/seed_3407/best_checkpoint.pt
E03_XAI_R_C0_ResNet50,R-C0,ResNet50,3407,53,normal,E-E2352C479C37BA410D3419C8.jpeg,0,0.3916748729358595,0.712890625,0,1,0.656481654084682,0.6564816832542419,0.460540771484375,1.425458275862889,0.7652987233745907,0.7652987241744995,1.6617393524311568,0,1,207,208,199,203,0.2400757391791491,0.43341605754630996,0.18246786286785396,0.40273791919692215,0.003269892593227519,0.0021418849517399474,0.9643624699712992,0.8642197069927021,/kaggle/input/datasets/hintrngia/locked-resnet-xai-inputs/R-C0/ResNet50/seed_3407/best_checkpoint.pt
E03_XAI_R_C0_ResNet50,R-C0,ResNet50,3407,54,normal,E-E249A212D4F7D1C6D4206FBF.jpeg,0,0.2596343671525367,0.712890625,0,1,0.5355227275136575,0.5355226993560791,0.44427490234375,1.2053859551564452,0.6367825822156817,0.6367825865745544,1.4333075734334015,0,1,175,208,175,204,0.20208320554295445,0.4785077236539649,0.21291554470634405,0.4821877342143864,0.0026759627595688285,0.0026594829370376605,0.9262691492880252,0.9842373009156535,/kaggle/input/datasets/hintrngia/locked-resnet-xai-inputs/R-C0/ResNet50/seed_3407/best_checkpoint.pt
E03_XAI_R_C0_ResNet50,R-C0,ResNet50,3407,55,normal,E-E2DD25AE8644A21D4C1655DA.jpeg,0,0.49513607262601517,0.712890625,0,1,0.3987660353989735,0.39876604080200195,0.3409881591796875,1.1694424708420426,0.5405053265173082,0.5405053496360779,1.585114649780208,0,1,207,208,193,201,0.16886577718857565,0.3536175813870228,0.15071247020242345,0.34215053373723925,0.0003754727233861166,0.0013627392698507546,-0.21985598175600113,0.04934133634163755,/kaggle/input/datasets/hintrngia/locked-resnet-xai-inputs/R-C0/ResNet50/seed_3407/best_checkpoint.pt
E03_XAI_R_C0_ResNet50,R-C0,ResNet50,3407,56,normal,E-E35138A3EAFB63D43C970EAE.jpeg,0,0.4444496220985374,0.712890625,0,1,0.5054949937412866,0.505495011806488,0.4013519287109375,1.2594806641762901,0.5963434250591213,0.5963433980941772,1.4858366994135488,1,1,80,143,76,198,0.22585694855684801,0.3847888933712632,0.2004815354043227,0.3833576951119306,0.0013532560898458224,0.0013472647755052858,0.18171660802193784,0.2794047587133868,/kaggle/input/datasets/hintrngia/locked-resnet-xai-inputs/R-C0/ResNet50/seed_3407/best_checkpoint.pt
E03_XAI_R_C0_ResNet50,R-C0,ResNet50,3407,57,normal,E-EACE2F51FB2EF2E191B9BC55.jpeg,0,0.8020210559906192,0.712890625,1,0,0.38900362367823094,0.3890036344528198,0.4419708251953125,0.8801567920378575,0.508268783799701,0.5082687735557556,1.150005282758405,0,1,144,207,223,230,0.7892898667893286,0.8978494774078913,0.8465079122690797,0.9353294844255984,0.0005875356271874965,0.0016142901880050742,-0.28490393449298046,-0.07223024311587067,/kaggle/input/datasets/hintrngia/locked-resnet-xai-inputs/R-C0/ResNet50/seed_3407/best_checkpoint.pt
E03_XAI_R_C0_ResNet50,R-C0,ResNet50,3407,58,normal,E-ED70ACD6E494856AB99B813B.jpeg,0,0.9724359809724952,0.712890625,1,0,0.28412132450399413,0.2841213345527649,0.3370513916015625,0.8429614343199674,0.10398967971984836,0.10398968309164047,0.3085276676227979,0,0,240,240,244,250,0.9219495755582492,0.9833655735848552,0.9548707028681969,0.97935180386271,0.0017614409273670195,0.0038617101201206955,0.20082411292809318,0.002700405001801224,/kaggle/input/datasets/hintrngia/locked-resnet-xai-inputs/R-C0/ResNet50/seed_3407/best_checkpoint.pt
E03_XAI_R_C0_ResNet50,R-C0,ResNet50,3407,59,normal,E-EE1CB872F9ABCF62B8C9A410.jpeg,0,0.07400528841186808,0.712890625,0,1,0.3653309796902914,0.3653309941291809,0.260040283203125,1.4049014836863594,0.6525141386983127,0.6525141596794128,2.50928098777917,0,1,175,207,171,189,0.3316023330499641,0.7466835805204861,0.2953684701012718,0.7857762285101489,0.000515093757566587,0.0014108845974566409,0.29881979475156883,0.8998785890890758,/kaggle/input/datasets/hintrngia/locked-resnet-xai-inputs/R-C0/ResNet50/seed_3407/best_checkpoint.pt
E03_XAI_R_C0_ResNet50,R-C0,ResNet50,3407,60,normal,E-EFAD2710B0F9E9CA19CFEDAD.jpeg,0,0.5859782555971013,0.712890625,0,1,0.3632941423054453,0.36329415440559387,0.36236572265625,1.0025621067091823,0.5439262906701553,0.5439262986183167,1.5010423355802298,0,1,207,208,199,200,0.0930774564261534,0.2546411645560082,0.08476810757243566,0.28047769108446097,0.0003084607874082046,0.011294044505612,-0.3326559027365833,-0.0685317503866891,/kaggle/input/datasets/hintrngia/locked-resnet-xai-inputs/R-C0/ResNet50/seed_3407/best_checkpoint.pt
E03_XAI_R_C0_ResNet50,R-C0,ResNet50,3407,61,normal,E-F32C5A7DA665488BF8EB2294.jpeg,0,0.6990710940469159,0.712890625,0,1,0.357254054684678,0.3572540581226349,0.3988037109375,0.8958142687410108,0.3725371720252456,0.37253716588020325,0.9341366737774142,1,0,79,143,40,1,0.11157803862274218,0.21006733999659977,0.131936535723714,0.20349148706970888,0.009162235607176716,0.01486739615239513,-0.2543091744221502,-0.031688394955700756,/kaggle/input/datasets/hintrngia/locked-resnet-xai-inputs/R-C0/ResNet50/seed_3407/best_checkpoint.pt
E03_XAI_R_C0_ResNet50,R-C0,ResNet50,3407,62,normal,E-F57AB9616B464FB4687D409D.jpeg,0,0.527837157138619,0.712890625,0,1,0.3058290113790735,0.3058290183544159,0.43695068359375,0.6999165417564939,0.5113022177672212,0.5113022327423096,1.1701600133954675,0,1,176,208,174,190,0.13720403524936203,0.2628481158047665,0.13133822925102576,0.280585201316874,0.0016748254705509225,0.001158619084624557,0.08605052005852397,0.026115073716578046,/kaggle/input/datasets/hintrngia/locked-resnet-xai-inputs/R-C0/ResNet50/seed_3407/best_checkpoint.pt
E03_XAI_R_C0_ResNet50,R-C0,ResNet50,3407,63,normal,E-F803B5977A560D3CAEE3206F.jpeg,0,0.43334540605756855,0.712890625,0,1,0.44142453778760765,0.44142454862594604,0.3428192138671875,1.2876306809297482,0.6818710995003814,0.6818711161613464,1.9890107436176168,0,1,80,207,84,188,0.2967769711885398,0.3193649393002589,0.2822233651121485,0.29665559774371497,0.001729668784672067,5.8130086413976656e-05,0.7967622705188891,0.8781621857389104,/kaggle/input/datasets/hintrngia/locked-resnet-xai-inputs/R-C0/ResNet50/seed_3407/best_checkpoint.pt
E03_XAI_R_C0_ResNet50,R-C0,ResNet50,3407,64,pneumonia,E-018B83433C4DD934AA5C8B2B.jpeg,1,0.9914257579632817,0.712890625,1,1,0.4505529751723411,0.45055297017097473,0.3726043701171875,1.20919938494183,0.499355099903408,0.49935510754585266,1.3401751024722448,0,0,143,175,131,157,0.9800987851901697,0.9846184221860106,0.9817657856924975,0.9907655381114746,0.0011320839624591184,0.003004519983553222,0.17276786724855012,0.5852607781487936,/kaggle/input/datasets/hintrngia/locked-resnet-xai-inputs/R-C0/ResNet50/seed_3407/best_checkpoint.pt
E03_XAI_R_C0_ResNet50,R-C0,ResNet50,3407,65,pneumonia,E-01E4EA18817F6CBD784D8ACE.jpeg,1,0.985140134775085,0.712890625,1,1,0.5096688769201123,0.5096688866615295,0.355072021484375,1.435395767848581,0.7507225177190407,0.7507225275039673,2.114282377362916,1,1,175,175,160,158,0.9755794798106558,0.9800533181912113,0.9805159341918861,0.9850704226655654,0.0021441120926232182,0.000630490159764463,0.9155279242573054,0.7800432854783654,/kaggle/input/datasets/hintrngia/locked-resnet-xai-inputs/R-C0/ResNet50/seed_3407/best_checkpoint.pt
E03_XAI_R_C0_ResNet50,R-C0,ResNet50,3407,66,pneumonia,E-0981A556ADE7F427711A3360.jpeg,1,0.9762831131155945,0.712890625,1,1,0.41035140938313425,0.41035139560699463,0.315826416015625,1.2992941330241128,0.4800899015683391,0.4800899028778076,1.5201068600436114,1,0,143,144,255,88,0.9685728757345736,0.9755890626438366,0.9761077651626441,0.9816550983514923,0.009449976677233352,0.048516610733321475,-0.3747554847437289,-0.10467512466960247,/kaggle/input/datasets/hintrngia/locked-resnet-xai-inputs/R-C0/ResNet50/seed_3407/best_checkpoint.pt
E03_XAI_R_C0_ResNet50,R-C0,ResNet50,3407,67,pneumonia,E-0B7E667233F7AB135F8A84DD.jpeg,1,0.998958148636076,0.712890625,1,1,0.4705224573061513,0.4705224633216858,0.3825225830078125,1.2300514484828247,0.5236047615356798,0.5236047506332397,1.3688205214409155,0,0,112,144,255,199,0.9949931447350431,0.9958603638797929,0.9951311362202331,0.996898384535744,0.0017985305622661985,0.00478416270659987,0.8679475330682831,0.44830725194796595,/kaggle/input/datasets/hintrngia/locked-resnet-xai-inputs/R-C0/ResNet50/seed_3407/best_checkpoint.pt
E03_XAI_R_C0_ResNet50,R-C0,ResNet50,3407,68,pneumonia,E-122745006C7E29B76E58625B.jpeg,1,0.9781466022992134,0.712890625,1,1,0.4500580539188681,0.4500580430030823,0.3352813720703125,1.3423294325593655,0.5592640104072272,0.5592640042304993,1.66804378947108,0,0,112,143,248,48,0.95577601668503,0.9449473782613178,0.9552111829987001,0.9727440713937119,0.002122999966152117,0.007957446946725621,0.42664079183189385,0.810974447068448,/kaggle/input/datasets/hintrngia/locked-resnet-xai-inputs/R-C0/ResNet50/seed_3407/best_checkpoint.pt
E03_XAI_R_C0_ResNet50,R-C0,ResNet50,3407,69,pneumonia,E-1265B89238C345234A9C993B.jpeg,1,0.9329314664898785,0.712890625,1,1,0.3697695166972135,0.36976951360702515,0.3254241943359375,1.1362692852378948,0.16151174392243164,0.16151174902915955,0.4963114197824579,0,0,240,79,251,79,0.8844465049700354,0.9627725629166344,0.9176492657751086,0.962154627797464,0.0040145742157425834,0.00475476086882079,0.36864009384675983,0.9665737022416517,/kaggle/input/datasets/hintrngia/locked-resnet-xai-inputs/R-C0/ResNet50/seed_3407/best_checkpoint.pt
E03_XAI_R_C0_ResNet50,R-C0,ResNet50,3407,70,pneumonia,E-1777E855F7110F5A72B38BC0.jpeg,1,0.9843388728306836,0.712890625,1,1,0.4002211819221775,0.40022116899490356,0.3238525390625,1.23581301255427,0.3454349301387659,0.34543493390083313,1.0666426489622203,0,0,240,80,246,79,0.962920734702298,0.97119333341875,0.9653176292725367,0.978091741154934,0.0031009877394362895,0.0037925214279901365,0.6606368634609564,0.8879494204975634,/kaggle/input/datasets/hintrngia/locked-resnet-xai-inputs/R-C0/ResNet50/seed_3407/best_checkpoint.pt
E03_XAI_R_C0_ResNet50,R-C0,ResNet50,3407,71,pneumonia,E-198E88DB173F06A1227B639B.jpeg,1,0.9862037143384682,0.712890625,1,1,0.34430814955722444,0.34430813789367676,0.256744384765625,1.3410542546881172,0.38084419692106924,0.38084420561790466,1.4833594014869365,0,0,144,144,242,174,0.9856687745809551,0.9792279784554396,0.9848410312494922,0.9848649301819269,0.0007820182681280707,0.0008696334852290599,0.2118774766234189,0.22608218352582488,/kaggle/input/datasets/hintrngia/locked-resnet-xai-inputs/R-C0/ResNet50/seed_3407/best_checkpoint.pt
E03_XAI_R_C0_ResNet50,R-C0,ResNet50,3407,72,pneumonia,E-1A06E979246F3D9634B22BF8.jpeg,1,0.996682581729544,0.712890625,1,1,0.4084443164880597,0.4084443151950836,0.303802490234375,1.3444403176977138,0.5395293901462156,0.5395293831825256,1.7759215526178997,1,0,143,207,254,11,0.9884268373412812,0.9900148208023096,0.9885568530792002,0.9945534619979156,0.002148643487137336,0.004461754663527273,0.9762472985516848,0.8610652628785456,/kaggle/input/datasets/hintrngia/locked-resnet-xai-inputs/R-C0/ResNet50/seed_3407/best_checkpoint.pt
E03_XAI_R_C0_ResNet50,R-C0,ResNet50,3407,73,pneumonia,E-220D81ED5B8FE3B14418B9F7.jpeg,1,0.9460231644561382,0.712890625,1,1,0.3504838219465603,0.35048383474349976,0.2836456298828125,1.2356397737957812,0.5177990729600199,0.5177990794181824,1.8255140161121022,1,1,112,176,104,184,0.9363466493059156,0.9544254833155015,0.9226956201562847,0.9679872720553218,0.0009419987899741411,0.010018178366387964,-0.1247396113996976,-0.0006861141472351928,/kaggle/input/datasets/hintrngia/locked-resnet-xai-inputs/R-C0/ResNet50/seed_3407/best_checkpoint.pt
E03_XAI_R_C0_ResNet50,R-C0,ResNet50,3407,74,pneumonia,E-227257A6740CF45FAF02E456.jpeg,1,0.9486464080404706,0.712890625,1,1,0.3171046657182128,0.31710466742515564,0.381500244140625,0.8312043585516675,0.2671920666712512,0.2671920657157898,0.7003719414993649,0,0,240,0,251,8,0.9053680133918397,0.9628942534291463,0.8955308571054528,0.9679480762884642,2.834745153545981e-05,0.002047516400049465,0.8034264252054971,0.9141868509239647,/kaggle/input/datasets/hintrngia/locked-resnet-xai-inputs/R-C0/ResNet50/seed_3407/best_checkpoint.pt
E03_XAI_R_C0_ResNet50,R-C0,ResNet50,3407,75,pneumonia,E-2C0709EBA6450DCFB3BBB340.jpeg,1,0.983089803978099,0.712890625,1,1,0.4358294721561033,0.4358294606208801,0.3762359619140625,1.1583939768512952,0.5274374022453896,0.5274373888969421,1.4018792875675814,1,0,112,175,251,43,0.9651479014733009,0.9713666530032,0.9747693634058596,0.9835875795314595,0.0027392057619671784,0.011002735827294385,0.8916699642397529,0.3850284596835314,/kaggle/input/datasets/hintrngia/locked-resnet-xai-inputs/R-C0/ResNet50/seed_3407/best_checkpoint.pt
E03_XAI_R_C0_ResNet50,R-C0,ResNet50,3407,76,pneumonia,E-30421FA65AB177DCD15E84C4.jpeg,1,0.9993265284134244,0.712890625,1,1,0.5365230715421172,0.5365230441093445,0.41265869140625,1.3001618109963096,0.6141132237179331,0.6141132116317749,1.4881868151744735,1,1,143,175,95,160,0.997938926320705,0.9975368577412358,0.9976498487389218,0.998191210543364,0.0006808413471556252,0.002562933662861311,0.9797513683024056,0.7718234392589908,/kaggle/input/datasets/hintrngia/locked-resnet-xai-inputs/R-C0/ResNet50/seed_3407/best_checkpoint.pt
E03_XAI_R_C0_ResNet50,R-C0,ResNet50,3407,77,pneumonia,E-386D019ED9E9E8244987AC20.jpeg,1,0.9990307380537224,0.712890625,1,1,0.37800637261614917,0.37800636887550354,0.3555145263671875,1.0632656180854094,0.38232088728886726,0.3823208808898926,1.0754015910280788,0,0,240,176,247,197,0.9949491393338021,0.9970020000403145,0.9928952903850314,0.9982285768709036,0.0005891800765090438,0.0005098816512966176,-0.1858613141015013,0.12719145077880645,/kaggle/input/datasets/hintrngia/locked-resnet-xai-inputs/R-C0/ResNet50/seed_3407/best_checkpoint.pt
E03_XAI_R_C0_ResNet50,R-C0,ResNet50,3407,78,pneumonia,E-3AC987E53985CBAF71C33ABC.jpeg,1,0.9816136003691674,0.712890625,1,1,0.4297845127142464,0.42978450655937195,0.4218597412109375,1.0187853230093988,0.4765902970378133,0.4765903055667877,1.129736380318665,0,0,143,176,254,46,0.9560783691254706,0.9658189747356285,0.9645777878351314,0.9853764794721875,0.0009821098461603173,0.006032689604064556,-9.025066228375071e-06,0.0642957396587024,/kaggle/input/datasets/hintrngia/locked-resnet-xai-inputs/R-C0/ResNet50/seed_3407/best_checkpoint.pt
E03_XAI_R_C0_ResNet50,R-C0,ResNet50,3407,79,pneumonia,E-3EB4BE73D28C1518A6A12685.jpeg,1,0.9936056288414054,0.712890625,1,1,0.4602458931873188,0.46024590730667114,0.40576171875,1.1342762806830673,0.35016753498190284,0.35016754269599915,0.8629881006533539,0,0,240,240,254,150,0.9730761335804503,0.9938712297577742,0.9754880445789429,0.9925850959264959,0.001151285400209645,0.004647047898749479,0.6659640722305324,0.262283155867544,/kaggle/input/datasets/hintrngia/locked-resnet-xai-inputs/R-C0/ResNet50/seed_3407/best_checkpoint.pt
E03_XAI_R_C0_ResNet50,R-C0,ResNet50,3407,80,pneumonia,E-401B5DEDAD367F085127D1DA.jpeg,1,0.9143701658441568,0.712890625,1,1,0.5366191595090968,0.5366191864013672,0.364349365234375,1.4728148604400773,0.7441997859652397,0.744199812412262,2.042544483332689,0,1,112,143,98,137,0.8691670882622938,0.8977977332125509,0.8886081000564936,0.9418021003444331,0.000793579874601269,0.0023651738468802863,0.9103247870235099,0.4805293473040464,/kaggle/input/datasets/hintrngia/locked-resnet-xai-inputs/R-C0/ResNet50/seed_3407/best_checkpoint.pt
E03_XAI_R_C0_ResNet50,R-C0,ResNet50,3407,81,pneumonia,E-4329094918EDAAADE18246AB.jpeg,1,0.9998657182135224,0.712890625,1,1,0.45866988912428835,0.45866990089416504,0.4228057861328125,1.0848240591017129,0.3764747105901194,0.3764747083187103,0.8904199586139545,0,0,240,240,250,75,0.9971983143828803,0.9993618924403578,0.9971654408144963,0.9993766607478975,3.2186454641536244e-06,0.0009003352566422373,0.7215280589884921,0.2767043776985213,/kaggle/input/datasets/hintrngia/locked-resnet-xai-inputs/R-C0/ResNet50/seed_3407/best_checkpoint.pt
E03_XAI_R_C0_ResNet50,R-C0,ResNet50,3407,82,pneumonia,E-443A80FA1DE791815F946FF9.jpeg,1,0.9409164154729477,0.712890625,1,1,0.439999043760068,0.4399990439414978,0.309112548828125,1.423426662644872,0.5770231792498999,0.5770232081413269,1.866709007568439,1,0,175,207,19,112,0.9371321996187347,0.953221116527459,0.941012731743718,0.964539897955466,0.0033912073632378914,0.00969365394793864,-0.30078268234905514,-0.0811941807179486,/kaggle/input/datasets/hintrngia/locked-resnet-xai-inputs/R-C0/ResNet50/seed_3407/best_checkpoint.pt
E03_XAI_R_C0_ResNet50,R-C0,ResNet50,3407,83,pneumonia,E-4B97630FB65DE326125E1DE1.jpeg,1,0.9968224016361846,0.712890625,1,1,0.3748143025245662,0.37481430172920227,0.3383941650390625,1.1076263755354634,0.24395288171437043,0.2439528852701187,0.7209133812523326,0,0,240,79,255,53,0.9870750223342288,0.9962214324144805,0.9845825641471871,0.9965615567839652,0.0003000447148786556,0.001313802640948436,0.7466106018471884,0.4013540616514324,/kaggle/input/datasets/hintrngia/locked-resnet-xai-inputs/R-C0/ResNet50/seed_3407/best_checkpoint.pt
E03_XAI_R_C0_ResNet50,R-C0,ResNet50,3407,84,pneumonia,E-55F059ED3BB72FAD418A344C.jpeg,1,0.9533874694392604,0.712890625,1,1,0.3251859553538057,0.32518595457077026,0.3324737548828125,0.9780800757293593,0.1231635458506991,0.12316354364156723,0.37044591954065886,0,0,240,240,244,250,0.8947233086371849,0.9441893206396278,0.934158465859456,0.9590421352639773,0.0009147426685389703,0.0012134582194559818,0.5968106329744429,0.968999266417606,/kaggle/input/datasets/hintrngia/locked-resnet-xai-inputs/R-C0/ResNet50/seed_3407/best_checkpoint.pt
E03_XAI_R_C0_ResNet50,R-C0,ResNet50,3407,85,pneumonia,E-6060B7AB38566FD26078DE5E.jpeg,1,0.9867562942070092,0.712890625,1,1,0.41522708036575784,0.41522708535194397,0.271087646484375,1.5317078655212375,0.5600387884675198,0.5600388050079346,2.0658956456719224,0,1,144,175,161,155,0.9828959762775114,0.9888832572935115,0.984114078445443,0.9895343314178155,0.0007794893227327515,0.004473142002902608,0.8191703371536859,0.8481238524294912,/kaggle/input/datasets/hintrngia/locked-resnet-xai-inputs/R-C0/ResNet50/seed_3407/best_checkpoint.pt
E03_XAI_R_C0_ResNet50,R-C0,ResNet50,3407,86,pneumonia,E-638A63581494A3F6A20C2D9C.jpeg,1,0.9435344992671348,0.712890625,1,1,0.4570767757680879,0.4570767879486084,0.312408447265625,1.46307431751184,0.6398060547600788,0.6398060321807861,2.0479793691880688,1,1,112,144,104,125,0.933566622547211,0.9635953505699327,0.9488845498032057,0.9685285628029712,0.0015037089662925385,0.0022068749966545065,0.4245595683667482,0.8737968479827164,/kaggle/input/datasets/hintrngia/locked-resnet-xai-inputs/R-C0/ResNet50/seed_3407/best_checkpoint.pt
E03_XAI_R_C0_ResNet50,R-C0,ResNet50,3407,87,pneumonia,E-63AE2F3741553AC167D0B283.jpeg,1,0.9865497186520678,0.712890625,1,1,0.449648882365149,0.4496488869190216,0.3596954345703125,1.2500822616842322,0.5560971725532977,0.556097149848938,1.5460223264095754,0,1,144,176,150,175,0.9707848319248844,0.9823111461728408,0.9625263440023566,0.9853419442151968,0.0012858419278118371,8.212952831399001e-05,0.9091602357137653,0.7578604674498745,/kaggle/input/datasets/hintrngia/locked-resnet-xai-inputs/R-C0/ResNet50/seed_3407/best_checkpoint.pt
E03_XAI_R_C0_ResNet50,R-C0,ResNet50,3407,88,pneumonia,E-63E40A6B7E9FE7A4F927B234.jpeg,1,0.9900488549149323,0.712890625,1,1,0.3438506525964239,0.34385064244270325,0.3593597412109375,0.9568424427225696,0.26910868019759127,0.26910868287086487,0.7488559494471293,0,0,240,0,246,26,0.9629237927751586,0.9825058692535299,0.9653181851157151,0.9881265084421327,0.0008836787501362853,0.002472397329099152,-0.4699364637024887,-0.080739724787575,/kaggle/input/datasets/hintrngia/locked-resnet-xai-inputs/R-C0/ResNet50/seed_3407/best_checkpoint.pt
E03_XAI_R_C0_ResNet50,R-C0,ResNet50,3407,89,pneumonia,E-6C94FB136A3DC9D9B1FE1032.jpeg,1,0.935019508689074,0.712890625,1,1,0.4842300074902997,0.48423001170158386,0.3358001708984375,1.4420183473842088,0.6692515902572702,0.669251561164856,1.9930055082065008,1,1,143,176,162,196,0.9236426335646075,0.9282482102078454,0.9286955055847714,0.9593245907120087,0.0023276780101153527,0.005136976952612393,0.23036158289540137,0.7695668298892062,/kaggle/input/datasets/hintrngia/locked-resnet-xai-inputs/R-C0/ResNet50/seed_3407/best_checkpoint.pt
E03_XAI_R_C0_ResNet50,R-C0,ResNet50,3407,90,pneumonia,E-6EBA6C5A4DF4C84E483A5386.jpeg,1,0.996814515253385,0.712890625,1,1,0.35240111817063563,0.35240110754966736,0.3423919677734375,1.029233017533347,0.32542142777145044,0.32542142271995544,0.9504353442858317,0,0,240,47,255,50,0.9830554129250124,0.9935168527444588,0.9799466089164947,0.9954521576600875,0.002158314391720928,6.468080269195209e-05,0.595312186866874,0.8145386200069179,/kaggle/input/datasets/hintrngia/locked-resnet-xai-inputs/R-C0/ResNet50/seed_3407/best_checkpoint.pt
E03_XAI_R_C0_ResNet50,R-C0,ResNet50,3407,91,pneumonia,E-73D66A02A1612F6E79C3F7EC.jpeg,1,0.9945289847600779,0.712890625,1,1,0.44925833206303284,0.44925832748413086,0.3591766357421875,1.2508005459060674,0.5792780789288527,0.5792780518531799,1.6127944339471216,1,0,112,143,255,77,0.9833174103930308,0.9866028975859542,0.9900837298291836,0.9952998309056948,0.0023603336167937194,0.0017351108949053007,0.8549777490774438,0.8907386783266376,/kaggle/input/datasets/hintrngia/locked-resnet-xai-inputs/R-C0/ResNet50/seed_3407/best_checkpoint.pt
E03_XAI_R_C0_ResNet50,R-C0,ResNet50,3407,92,pneumonia,E-7725ED8C0E93C0BF91B23FCE.jpeg,1,0.998415108909967,0.712890625,1,1,0.4231042639875485,0.42310425639152527,0.38677978515625,1.0939151429970009,0.45285683514860064,0.4528568387031555,1.1708389438337814,0,0,144,175,251,179,0.9904020541655292,0.99734271702687,0.9933018154923041,0.9984722817095908,0.0004249180721438428,0.0025618643995911072,0.008537555283996443,0.6635923301577151,/kaggle/input/datasets/hintrngia/locked-resnet-xai-inputs/R-C0/ResNet50/seed_3407/best_checkpoint.pt
E03_XAI_R_C0_ResNet50,R-C0,ResNet50,3407,93,pneumonia,E-77D4D0C371CD4C8665643C00.jpeg,1,0.978511378723937,0.712890625,1,1,0.33049613394609856,0.3304961323738098,0.29443359375,1.1224810652099666,0.3556807834012974,0.35568079352378845,1.2080169890644394,1,0,143,144,255,239,0.9595398093324012,0.9778226144001705,0.9698045285980845,0.98384661324843,1.3383996826377142e-06,0.007461149037031156,0.5000581518390455,0.4524094408166779,/kaggle/input/datasets/hintrngia/locked-resnet-xai-inputs/R-C0/ResNet50/seed_3407/best_checkpoint.pt
E03_XAI_R_C0_ResNet50,R-C0,ResNet50,3407,94,pneumonia,E-7B805F2D3984459EDD091000.jpeg,1,0.9971804255070396,0.712890625,1,1,0.3799941989100151,0.3799942135810852,0.3260345458984375,1.165502869835108,0.44822741834160185,0.4482274055480957,1.3747850464939027,0,0,240,112,242,115,0.9893107526628817,0.9902271153966362,0.9904318836543944,0.994239392375255,0.0018540405599973275,0.009721206467636245,0.0,0.0,/kaggle/input/datasets/hintrngia/locked-resnet-xai-inputs/R-C0/ResNet50/seed_3407/best_checkpoint.pt
E03_XAI_R_C0_ResNet50,R-C0,ResNet50,3407,95,pneumonia,E-8B99D004F7E59741CFAB602B.jpeg,1,0.9968454239261273,0.712890625,1,1,0.5451031587569753,0.545103132724762,0.44635009765625,1.221245747719716,0.5638832514847469,0.5638832449913025,1.2633205513915073,1,0,175,176,247,89,0.9921591978045474,0.9952589527888756,0.9937226508689003,0.9961892116137288,0.0012000087799419745,0.004662887639698243,0.720276791200257,0.35382327362513744,/kaggle/input/datasets/hintrngia/locked-resnet-xai-inputs/R-C0/ResNet50/seed_3407/best_checkpoint.pt
E03_XAI_R_C0_ResNet50,R-C0,ResNet50,3407,96,pneumonia,E-8E859FAC3770F43BC30CF790.jpeg,1,0.9986127898688159,0.712890625,1,1,0.34662551979815776,0.34662550687789917,0.32305908203125,1.0729477642873637,0.25494355287993736,0.2549435496330261,0.7891545759276202,0,0,240,47,249,55,0.9820158941527725,0.9967145169586176,0.9832856515577129,0.9969532173465092,0.0007172351055842463,0.0021852617017074083,-0.17022491069960208,-0.05679043009172347,/kaggle/input/datasets/hintrngia/locked-resnet-xai-inputs/R-C0/ResNet50/seed_3407/best_checkpoint.pt
E03_XAI_R_C0_ResNet50,R-C0,ResNet50,3407,97,pneumonia,E-9A9C78D1B9953A6FD2BA65F6.jpeg,1,0.9980382049994606,0.712890625,1,1,0.5237593877702116,0.5237593650817871,0.39300537109375,1.332702874549953,0.6222340785001376,0.6222341060638428,1.5832711821938583,0,1,144,143,163,160,0.995207308027009,0.9963005163468209,0.995727741952573,0.9984055119620541,0.00019278499964758833,0.005209505468452225,-0.5507271254918362,0.07072230705201828,/kaggle/input/datasets/hintrngia/locked-resnet-xai-inputs/R-C0/ResNet50/seed_3407/best_checkpoint.pt
E03_XAI_R_C0_ResNet50,R-C0,ResNet50,3407,98,pneumonia,E-9B56CC62692974C989F872CC.jpeg,1,0.9981069210900707,0.712890625,1,1,0.42584124774941995,0.42584124207496643,0.37744140625,1.1282314041278294,0.47950468155860043,0.47950467467308044,1.270408263689539,0,0,144,144,251,147,0.9917580868929259,0.9943789676086244,0.9916728563508391,0.9971220762365622,0.0021336388800969885,0.0006749553782807172,0.09752929764503104,0.6559889296948406,/kaggle/input/datasets/hintrngia/locked-resnet-xai-inputs/R-C0/ResNet50/seed_3407/best_checkpoint.pt
E03_XAI_R_C0_ResNet50,R-C0,ResNet50,3407,99,pneumonia,E-9FC76B9714A55204D742CE4C.jpeg,1,0.9866978033367491,0.712890625,1,1,0.3915939430692958,0.39159393310546875,0.32318115234375,1.2116855832384026,0.5177954739397924,0.5177955031394958,1.6021833890518524,0,0,240,79,251,72,0.9773064200698405,0.9840275119268159,0.9830069212304682,0.9900697171591912,0.002190873099986612,0.00427277963245265,0.5999044094502616,0.7730816214693251,/kaggle/input/datasets/hintrngia/locked-resnet-xai-inputs/R-C0/ResNet50/seed_3407/best_checkpoint.pt
E03_XAI_R_C0_ResNet50,R-C0,ResNet50,3407,100,pneumonia,E-A0A20FFCEFD96663F4AB4E87.jpeg,1,0.992214916169588,0.712890625,1,1,0.40359008893669224,0.4035900831222534,0.3404388427734375,1.1854995324528288,0.41004310028726115,0.4100430905818939,1.2044545121431558,0,0,144,207,255,233,0.9705831775686231,0.9860156234859883,0.9576506681921053,0.9912859603310129,0.0008094327960356251,0.007229907085357867,0.8969548445661387,0.5129231943116042,/kaggle/input/datasets/hintrngia/locked-resnet-xai-inputs/R-C0/ResNet50/seed_3407/best_checkpoint.pt
E03_XAI_R_C0_ResNet50,R-C0,ResNet50,3407,101,pneumonia,E-A0D5A9410E976B289DD85CF6.jpeg,1,0.937267897939048,0.712890625,1,1,0.3462587765939509,0.3462587893009186,0.2681732177734375,1.2911758283278045,0.24599903999420375,0.2459990382194519,0.9173139735453848,0,0,240,240,251,246,0.901944967415873,0.9774438272992465,0.9198607803956627,0.9753821983802207,0.0010354925773015111,0.0018257701932254677,0.6242163635717037,0.9796437426284477,/kaggle/input/datasets/hintrngia/locked-resnet-xai-inputs/R-C0/ResNet50/seed_3407/best_checkpoint.pt
E03_XAI_R_C0_ResNet50,R-C0,ResNet50,3407,102,pneumonia,E-A540763BCA2A1AF575A9EE6B.jpeg,1,0.9819016473068265,0.712890625,1,1,0.44102874403958936,0.44102874398231506,0.3713226318359375,1.187723845053566,0.45462636371061005,0.4546263515949249,1.2243432657546143,0,0,240,240,255,243,0.9565223092786516,0.9782027929927568,0.9492785775737371,0.9854802668552675,0.0021889153393942484,0.01124984610607871,-0.23681331371997777,0.057921300742475194,/kaggle/input/datasets/hintrngia/locked-resnet-xai-inputs/R-C0/ResNet50/seed_3407/best_checkpoint.pt
E03_XAI_R_C0_ResNet50,R-C0,ResNet50,3407,103,pneumonia,E-A9AC7ECA864D894719491A2C.jpeg,1,0.9974514511431886,0.712890625,1,1,0.33815025706562735,0.3381502628326416,0.3572845458984375,0.9464452379693766,0.2561629592408635,0.25616297125816345,0.7169718426995187,0,0,240,111,250,83,0.9837077989284583,0.9941853900731425,0.9822407387311207,0.9957120132842547,0.0005038857029428523,2.749744276331345e-05,0.6626869955092622,0.45402075990801144,/kaggle/input/datasets/hintrngia/locked-resnet-xai-inputs/R-C0/ResNet50/seed_3407/best_checkpoint.pt
E03_XAI_R_C0_ResNet50,R-C0,ResNet50,3407,104,pneumonia,E-B15903E1E2039605DB9FB6A1.jpeg,1,0.951629404101278,0.712890625,1,1,0.3189704347145506,0.3189704418182373,0.2703704833984375,1.1797531694482075,0.21055409824744728,0.2105540931224823,0.7787614076835434,0,0,240,0,247,93,0.9079143638643831,0.9717527419824029,0.902841621358246,0.9748761093399254,0.004441277221428008,0.00012362799684703663,0.6632024598625795,0.9258446963077288,/kaggle/input/datasets/hintrngia/locked-resnet-xai-inputs/R-C0/ResNet50/seed_3407/best_checkpoint.pt
E03_XAI_R_C0_ResNet50,R-C0,ResNet50,3407,105,pneumonia,E-B29F964F9024332A9FD3DA8C.jpeg,1,0.9558859693044875,0.712890625,1,1,0.5095085256847699,0.5095085501670837,0.444091796875,1.1473045196288167,0.6428813516110838,0.6428813338279724,1.4476316746558546,0,1,112,175,155,196,0.9530050336079956,0.9720502407884369,0.9715488465398374,0.9839495426725938,0.0007058491902018904,0.0010383685115054053,-0.3420639316381546,0.0015418123549599738,/kaggle/input/datasets/hintrngia/locked-resnet-xai-inputs/R-C0/ResNet50/seed_3407/best_checkpoint.pt
E03_XAI_R_C0_ResNet50,R-C0,ResNet50,3407,106,pneumonia,E-B352C843937DC9BD58C4B554.jpeg,1,0.9175797106631909,0.712890625,1,1,0.3589083073339847,0.3589082956314087,0.322052001953125,1.1144420936908945,0.3554049899678383,0.3554050028324127,1.1035639828736972,0,0,240,207,255,201,0.8699878626448765,0.9724101667487648,0.8425078731359609,0.9715269701448344,0.00030916490338323,0.008565262341724833,0.925533729445498,0.589888803886914,/kaggle/input/datasets/hintrngia/locked-resnet-xai-inputs/R-C0/ResNet50/seed_3407/best_checkpoint.pt
E03_XAI_R_C0_ResNet50,R-C0,ResNet50,3407,107,pneumonia,E-B41848B096ED1788DCCEEDA2.jpeg,1,0.9784360871981512,0.712890625,1,1,0.3441410437909094,0.34414103627204895,0.2685089111328125,1.2816745721362184,0.4969041648577184,0.4969041645526886,1.850605861687528,1,0,144,175,251,84,0.972381301346104,0.9765594570560362,0.9665367755581962,0.9833800163922857,0.0008880504242481657,0.0003578772904314076,0.41168389056624277,0.6695270640687166,/kaggle/input/datasets/hintrngia/locked-resnet-xai-inputs/R-C0/ResNet50/seed_3407/best_checkpoint.pt
E03_XAI_R_C0_ResNet50,R-C0,ResNet50,3407,108,pneumonia,E-B813D1454C73F6C74F660590.jpeg,1,0.8261197100464224,0.712890625,1,1,0.2634025472149343,0.2634025514125824,0.2771453857421875,0.9504128907271889,0.26813248623938146,0.2681324779987335,0.9674795253088203,0,0,143,176,254,7,0.7861243925203376,0.9194962280198662,0.8405187083026716,0.9162638788453751,0.00248619025926472,0.019272602682740975,0.21708043777502498,0.41766421033512285,/kaggle/input/datasets/hintrngia/locked-resnet-xai-inputs/R-C0/ResNet50/seed_3407/best_checkpoint.pt
E03_XAI_R_C0_ResNet50,R-C0,ResNet50,3407,109,pneumonia,E-BF1AD901130E35A45E611B5A.jpeg,1,0.993910852952705,0.712890625,1,1,0.4625079586843431,0.462507963180542,0.2906494140625,1.5912915571365553,0.6083804288386953,0.6083804368972778,2.0931761751560654,1,0,144,176,246,58,0.9882258100623382,0.9926444207461931,0.9882931375220491,0.9939735173945412,0.001964672989298255,0.0009528820090166645,-0.2509410074827397,-0.0742536543189281,/kaggle/input/datasets/hintrngia/locked-resnet-xai-inputs/R-C0/ResNet50/seed_3407/best_checkpoint.pt
E03_XAI_R_C0_ResNet50,R-C0,ResNet50,3407,110,pneumonia,E-BFFC08BEA9A0FA7A1279A0B5.jpeg,1,0.9948714317084102,0.712890625,1,1,0.38930106861221914,0.389301061630249,0.364898681640625,1.0668744180216774,0.3728368812939601,0.3728368878364563,1.0217545309225127,0,0,240,176,255,186,0.9705040366637039,0.9866989131099612,0.9673683959968442,0.9931882381665853,0.0005689602415379635,0.00862001339332169,0.965031644706997,0.8596677297860899,/kaggle/input/datasets/hintrngia/locked-resnet-xai-inputs/R-C0/ResNet50/seed_3407/best_checkpoint.pt
E03_XAI_R_C0_ResNet50,R-C0,ResNet50,3407,111,pneumonia,E-C378B1871ED2B8AC1E544A5B.jpeg,1,0.9924645076061492,0.712890625,1,1,0.37643136067691657,0.37643134593963623,0.2780303955078125,1.3539216098634765,0.48654435105918564,0.48654434084892273,1.7499682010325883,0,1,144,175,163,160,0.988328160934127,0.9898374126239854,0.9899990726677836,0.9947554404498462,0.0024405019331776856,0.002666566046216845,0.9307733329212757,0.6996655768923665,/kaggle/input/datasets/hintrngia/locked-resnet-xai-inputs/R-C0/ResNet50/seed_3407/best_checkpoint.pt
E03_XAI_R_C0_ResNet50,R-C0,ResNet50,3407,112,pneumonia,E-D2A52B478FEFC3F6A00973AF.jpeg,1,0.9720299830146706,0.712890625,1,1,0.42563280700954814,0.4256328046321869,0.35107421875,1.2123727242775446,0.5189003383798737,0.5189003348350525,1.478036012520141,0,0,144,175,251,214,0.9416920272720748,0.973786193451914,0.9508906600269426,0.980501454352134,0.0011887856208991354,0.0024283338127014664,0.7066522098099803,0.6055229743141671,/kaggle/input/datasets/hintrngia/locked-resnet-xai-inputs/R-C0/ResNet50/seed_3407/best_checkpoint.pt
E03_XAI_R_C0_ResNet50,R-C0,ResNet50,3407,113,pneumonia,E-D33BB0B839138FAFF4DA3ED6.jpeg,1,0.9705504745437491,0.712890625,1,1,0.2713867971510029,0.2713868021965027,0.3347625732421875,0.8106844039422091,0.12928973135762606,0.12928973138332367,0.38621322003069336,0,0,240,0,252,19,0.8819410975932158,0.9630751360479148,0.9026704219206257,0.9733727047088588,0.002580063885000927,0.0006228357738108925,-0.06464587409802648,-0.015678564934711228,/kaggle/input/datasets/hintrngia/locked-resnet-xai-inputs/R-C0/ResNet50/seed_3407/best_checkpoint.pt
E03_XAI_R_C0_ResNet50,R-C0,ResNet50,3407,114,pneumonia,E-DA47F22802134421DB0B257A.jpeg,1,0.9992367167772003,0.712890625,1,1,0.44368846049460015,0.44368845224380493,0.39227294921875,1.1310707541222231,0.3482696818972394,0.34826967120170593,0.8878248744677719,0,0,240,111,238,91,0.9952688797395142,0.9978079553287647,0.9965367501745335,0.997772335459582,0.0009225759685916324,0.0013666541285830558,0.9494455605077454,0.9568132027470656,/kaggle/input/datasets/hintrngia/locked-resnet-xai-inputs/R-C0/ResNet50/seed_3407/best_checkpoint.pt
E03_XAI_R_C0_ResNet50,R-C0,ResNet50,3407,115,pneumonia,E-E09BD72833F7B4079F215903.jpeg,1,0.9894399642585929,0.712890625,1,1,0.47841395704662115,0.47841396927833557,0.3171234130859375,1.5086049698795825,0.6405154745741967,0.6405154466629028,2.0197672204058392,1,0,112,175,131,159,0.9853431712354382,0.9803594122916803,0.9889938808726062,0.9860676996943203,0.001518188649050456,0.0013602190281650772,0.9351250097065105,0.8210299222763072,/kaggle/input/datasets/hintrngia/locked-resnet-xai-inputs/R-C0/ResNet50/seed_3407/best_checkpoint.pt
E03_XAI_R_C0_ResNet50,R-C0,ResNet50,3407,116,pneumonia,E-E0D541D212A934D795DA0D1B.jpeg,1,0.9546286907392788,0.712890625,1,1,0.5014252710096628,0.5014252662658691,0.306488037109375,1.6360353759279729,0.7813112723723701,0.7813112735748291,2.549239049397374,0,1,112,112,203,179,0.9391278289195537,0.9451258764161974,0.9310590976997628,0.964906890745215,0.002752647589464252,0.004052769849904547,0.7511515801487342,0.9165388172251883,/kaggle/input/datasets/hintrngia/locked-resnet-xai-inputs/R-C0/ResNet50/seed_3407/best_checkpoint.pt
E03_XAI_R_C0_ResNet50,R-C0,ResNet50,3407,117,pneumonia,E-E1AD2A3BA30BC31AC67A922E.jpeg,1,0.9974053952221071,0.712890625,1,1,0.44097561865105533,0.4409756064414978,0.3279571533203125,1.3446135087663686,0.5038620947640117,0.5038620829582214,1.5363656186876782,0,0,144,144,247,112,0.9938726786554614,0.9918808619291555,0.9917310618451176,0.9962073174012336,0.0021788898324489603,0.0049699962798746,0.8739432717844454,0.450170863540787,/kaggle/input/datasets/hintrngia/locked-resnet-xai-inputs/R-C0/ResNet50/seed_3407/best_checkpoint.pt
E03_XAI_R_C0_ResNet50,R-C0,ResNet50,3407,118,pneumonia,E-E280E4CD8F00E10AB30B96C9.jpeg,1,0.9615962456093088,0.712890625,1,1,0.46592258580244167,0.46592259407043457,0.3293609619140625,1.4146260172874134,0.6428305928930894,0.6428306102752686,1.9517510185703733,1,1,112,112,107,96,0.9254125462741518,0.944210002074203,0.9442123067644859,0.9719348840431272,0.0026991255128795966,0.006419698586416112,-0.11719968492894513,-0.038362072192677926,/kaggle/input/datasets/hintrngia/locked-resnet-xai-inputs/R-C0/ResNet50/seed_3407/best_checkpoint.pt
E03_XAI_R_C0_ResNet50,R-C0,ResNet50,3407,119,pneumonia,E-E2EF7E089A1E8F497DBAC1CB.jpeg,1,0.9966763893172862,0.712890625,1,1,0.4494153606550075,0.4494153559207916,0.3351898193359375,1.3407786714565744,0.6063981068630001,0.6063981056213379,1.8091185110107695,1,1,112,144,199,166,0.9957738146889076,0.9951033313300898,0.9944325623622297,0.9980020883943845,0.0012695455695000413,0.0020193032449987713,-0.23769815293928082,0.2635225887477801,/kaggle/input/datasets/hintrngia/locked-resnet-xai-inputs/R-C0/ResNet50/seed_3407/best_checkpoint.pt
E03_XAI_R_C0_ResNet50,R-C0,ResNet50,3407,120,pneumonia,E-E7BF66D9C027E263610D5923.jpeg,1,0.8970934291223881,0.712890625,1,1,0.3806091536535253,0.3806091547012329,0.3877410888671875,0.981606449720099,0.4171956776775646,0.4171956777572632,1.0759645796024113,0,0,112,207,251,174,0.8820019427053706,0.9242163807020953,0.9182471704599544,0.9261843138728457,0.0024921369268628424,0.00037950241127449047,0.8709853630550974,0.313268322016458,/kaggle/input/datasets/hintrngia/locked-resnet-xai-inputs/R-C0/ResNet50/seed_3407/best_checkpoint.pt
E03_XAI_R_C0_ResNet50,R-C0,ResNet50,3407,121,pneumonia,E-EB1401E2B7015C0BDE01BE91.jpeg,1,0.9902470503770695,0.712890625,1,1,0.35998179362722255,0.35998180508613586,0.329986572265625,1.0908983088483148,0.35490233985922665,0.35490232706069946,1.0755053983637417,0,0,240,0,251,18,0.9701089266197167,0.9770042293388577,0.9796818216177994,0.9836323919769174,0.0009943289291580726,0.010470062742434005,-0.24422004103258113,0.5856374978808079,/kaggle/input/datasets/hintrngia/locked-resnet-xai-inputs/R-C0/ResNet50/seed_3407/best_checkpoint.pt
E03_XAI_R_C0_ResNet50,R-C0,ResNet50,3407,122,pneumonia,E-EB344A640162B22F1A6C369F.jpeg,1,0.9878716061503097,0.712890625,1,1,0.26122698981117115,0.26122698187828064,0.2807464599609375,0.9304729607187843,0.17236833313016442,0.17236833274364471,0.6139644045882089,0,0,240,0,247,26,0.9452379867856694,0.9801236081134843,0.9587709084025032,0.9851573080890985,0.0010896773598644827,0.004431238887998817,0.8873806578408407,0.5224233260821041,/kaggle/input/datasets/hintrngia/locked-resnet-xai-inputs/R-C0/ResNet50/seed_3407/best_checkpoint.pt
E03_XAI_R_C0_ResNet50,R-C0,ResNet50,3407,123,pneumonia,E-EC00E01864643AB223676743.jpeg,1,0.9589668653934724,0.712890625,1,1,0.43960156115635723,0.4396015703678131,0.3099517822265625,1.4182901546764648,0.5972832120611143,0.5972831845283508,1.9270197698831877,0,1,112,143,163,132,0.9430988940127947,0.9634154933675084,0.967032238763854,0.9771283624864079,0.002218960789747093,0.00639361201148736,-0.09355973649763721,0.150866763094472,/kaggle/input/datasets/hintrngia/locked-resnet-xai-inputs/R-C0/ResNet50/seed_3407/best_checkpoint.pt
E03_XAI_R_C0_ResNet50,R-C0,ResNet50,3407,124,pneumonia,E-EF92BEF2BC79AC7D99E44B1F.jpeg,1,0.9392057597435453,0.712890625,1,1,0.3880297915526361,0.3880297839641571,0.343048095703125,1.1311235841648235,0.5172238497074119,0.5172238349914551,1.5077298378447177,0,1,112,143,102,147,0.9333477367145301,0.932075397621444,0.9546461989157442,0.9623290533635223,0.0005882552571828126,0.000592116094762285,0.8665519570329728,0.8431480280490421,/kaggle/input/datasets/hintrngia/locked-resnet-xai-inputs/R-C0/ResNet50/seed_3407/best_checkpoint.pt
E03_XAI_R_C0_ResNet50,R-C0,ResNet50,3407,125,pneumonia,E-F051ECCC0E91B0C03A0B3894.jpeg,1,0.9984592238336631,0.712890625,1,1,0.5054727580029452,0.5054727792739868,0.5049896240234375,1.0009567206067689,0.43358438947212286,0.43358439207077026,0.8586005906766896,0,0,240,240,255,203,0.9915835106737194,0.9969143413505253,0.9913496925191623,0.9972010358525155,0.0004211094286805661,0.0016846810767066622,-0.3432782669539813,0.7476060536431598,/kaggle/input/datasets/hintrngia/locked-resnet-xai-inputs/R-C0/ResNet50/seed_3407/best_checkpoint.pt
E03_XAI_R_C0_ResNet50,R-C0,ResNet50,3407,126,pneumonia,E-FA7B18636100FBD243EBAF3A.jpeg,1,0.9846329847774647,0.712890625,1,1,0.3665686410470065,0.3665686547756195,0.2697601318359375,1.3588688534225135,0.3304739234061969,0.330473929643631,1.2250658433366435,0,0,240,0,251,6,0.9506535412015591,0.9859917083742987,0.9569236151718425,0.9884009993789562,0.0004943087410037017,0.0023859068760765934,-0.46052522522017614,-0.017902424450196467,/kaggle/input/datasets/hintrngia/locked-resnet-xai-inputs/R-C0/ResNet50/seed_3407/best_checkpoint.pt
E03_XAI_R_C0_ResNet50,R-C0,ResNet50,3407,127,pneumonia,E-FDAF56855798F8C5BE7AC652.jpeg,1,0.9974344783135725,0.712890625,1,1,0.464187845797559,0.4641878604888916,0.37738037109375,1.2300264702486183,0.47014917413128593,0.4701491594314575,1.2458230743922025,1,0,144,176,253,18,0.994752970710481,0.9946237293143485,0.9942814886619349,0.9964979136572696,0.0004313447714284768,0.003879290268486435,-0.1891107297995299,0.011443875352697686,/kaggle/input/datasets/hintrngia/locked-resnet-xai-inputs/R-C0/ResNet50/seed_3407/best_checkpoint.pt
E03_XAI_R_C0_ResNet50,R-C0,ResNet50,42,0,normal,E-03B36F677CCFA6787A3BC686.jpeg,0,0.8058682532226082,0.4501953125,1,0,0.35370984736497546,0.3537098467350006,0.3590850830078125,0.9850307464798806,0.26578404704921654,0.26578405499458313,0.7401701146227618,0,0,240,240,7,136,0.8013201586659103,0.9430460826106181,0.8566946917949028,0.9477765738072158,0.0006569940797241935,0.001325569670946769,-0.4620810796741345,-0.1091734065602229,/kaggle/input/datasets/hintrngia/locked-resnet-xai-inputs/R-C0/ResNet50/seed_42/best_checkpoint.pt
E03_XAI_R_C0_ResNet50,R-C0,ResNet50,42,1,normal,E-06530ECE35CCF9FF05F7DDEB.jpeg,0,0.06448655602405795,0.4501953125,0,1,0.28132886418529685,0.28132885694503784,0.2779541015625,1.012141438474287,0.14250397506443122,0.14250397682189941,0.512688872959078,0,0,207,208,95,1,0.5525954128277029,0.6428181768585812,0.4404293485996801,0.7684270952035359,0.000510321585564466,0.0010560722621383578,0.44625058776817406,0.05499669512661857,/kaggle/input/datasets/hintrngia/locked-resnet-xai-inputs/R-C0/ResNet50/seed_42/best_checkpoint.pt
E03_XAI_R_C0_ResNet50,R-C0,ResNet50,42,2,normal,E-10FEC5D206E4A3A02E4F32C9.jpeg,0,0.48101288476081594,0.4501953125,1,0,0.1020897776556192,0.1020897775888443,0.2476806640625,0.41218307469434823,0.06166840797990163,0.061668407171964645,0.24898353778775462,0,0,143,240,253,118,0.5873934907070274,0.8348868097678364,0.6942876079308282,0.8308541338554125,0.0011793463936318194,0.005197629585640455,0.03135996681121424,0.20739068879540623,/kaggle/input/datasets/hintrngia/locked-resnet-xai-inputs/R-C0/ResNet50/seed_42/best_checkpoint.pt
E03_XAI_R_C0_ResNet50,R-C0,ResNet50,42,3,normal,E-16E04AC17A9CE052EFE7227B.jpeg,0,0.04931729846962919,0.4501953125,0,1,0.40132420113355255,0.40132421255111694,0.3753509521484375,1.0691972375091874,0.165446196088932,0.1654461920261383,0.4407773448873632,0,0,112,47,124,1,0.4189262690085833,0.8136923520027173,0.40972350915115885,0.8301886922410793,0.0020377695011070673,0.0029163724937008306,0.9764914787851909,0.9904946821054554,/kaggle/input/datasets/hintrngia/locked-resnet-xai-inputs/R-C0/ResNet50/seed_42/best_checkpoint.pt
E03_XAI_R_C0_ResNet50,R-C0,ResNet50,42,4,normal,E-256958BC036CED77CAAB2A55.jpeg,0,0.46945851237278485,0.4501953125,1,0,0.35787222218774567,0.35787221789360046,0.3496246337890625,1.0235898377906036,0.3466366660842845,0.34663665294647217,0.9914537838126684,0,0,240,240,222,195,0.5442635484404974,0.7446213644402784,0.7425198496799479,0.784148790873463,0.000268872906496076,0.015304904535569652,-0.2429317104959945,-0.03095197572138485,/kaggle/input/datasets/hintrngia/locked-resnet-xai-inputs/R-C0/ResNet50/seed_42/best_checkpoint.pt
E03_XAI_R_C0_ResNet50,R-C0,ResNet50,42,5,normal,E-280031A047E47DC7EA750C62.jpeg,0,0.11846111293751647,0.4501953125,0,1,0.5457641640359732,0.545764148235321,0.3791046142578125,1.439613614580863,0.6639792133668005,0.6639792323112488,1.751440600813308,0,0,112,47,107,2,0.34969996425547156,0.6047929037012951,0.3641701304736078,0.7246059341022544,0.0008231264003477623,0.012847962427267268,0.8503504480030413,0.85929660851627,/kaggle/input/datasets/hintrngia/locked-resnet-xai-inputs/R-C0/ResNet50/seed_42/best_checkpoint.pt
E03_XAI_R_C0_ResNet50,R-C0,ResNet50,42,6,normal,E-28020DB22FEE86C7B17E72DA.jpeg,0,0.16707774335544645,0.4501953125,0,1,0.2665091642659899,0.26650917530059814,0.3710174560546875,0.7183197445747858,0.06516903730946864,0.06516903638839722,0.17564951795654277,0,0,80,47,69,33,0.2763321732100015,0.47130424985858466,0.20469421690102596,0.5977811448497762,7.902360511224948e-05,9.415286663719269e-05,0.7343689657834376,0.8952016835884404,/kaggle/input/datasets/hintrngia/locked-resnet-xai-inputs/R-C0/ResNet50/seed_42/best_checkpoint.pt
E03_XAI_R_C0_ResNet50,R-C0,ResNet50,42,7,normal,E-28234EA54B2F1B13D8D5995E.jpeg,0,0.21952102346174215,0.4501953125,0,1,0.3743904406068756,0.37439045310020447,0.3462677001953125,1.0812167591597497,0.5038058005844237,0.5038058161735535,1.454960425994835,0,1,207,208,189,195,0.5691491388970751,0.6034308527790013,0.4747814775221806,0.6974724889699269,0.0015735474436520125,0.0004837073209196241,0.7778337632613916,0.9359451324286736,/kaggle/input/datasets/hintrngia/locked-resnet-xai-inputs/R-C0/ResNet50/seed_42/best_checkpoint.pt
E03_XAI_R_C0_ResNet50,R-C0,ResNet50,42,8,normal,E-28CAAFCB1AFEEA2D46764B17.jpeg,0,0.5289266629337278,0.4501953125,1,0,0.28942726429913535,0.289427250623703,0.38934326171875,0.7433729892266866,0.21159183260241843,0.21159183979034424,0.5434583140551847,0,0,0,111,7,86,0.6343921259827388,0.7704640076882259,0.7558386272228896,0.8004908632160317,0.00375280843615583,0.01690123720309214,-0.3694890071462446,-0.06052080540345871,/kaggle/input/datasets/hintrngia/locked-resnet-xai-inputs/R-C0/ResNet50/seed_42/best_checkpoint.pt
E03_XAI_R_C0_ResNet50,R-C0,ResNet50,42,9,normal,E-29AE82E82E5A6A48DC6D8B99.jpeg,0,0.05893344618812449,0.4501953125,0,1,0.31241993383830285,0.31241992115974426,0.3269195556640625,0.9556477378775736,0.07950142680132535,0.0795014277100563,0.24318345422878218,0,0,112,47,118,0,0.6098689021865261,0.8305045523863135,0.5602506532888325,0.8824719089467681,0.001325460511046872,0.0007836212493616684,0.37120880082085045,0.22662364742124622,/kaggle/input/datasets/hintrngia/locked-resnet-xai-inputs/R-C0/ResNet50/seed_42/best_checkpoint.pt
E03_XAI_R_C0_ResNet50,R-C0,ResNet50,42,10,normal,E-2B646E91E652E02CC65E6BA0.jpeg,0,0.005755401183430558,0.4501953125,0,1,0.3269535977969951,0.32695358991622925,0.2742767333984375,1.1920573566188524,0.21659664650868116,0.21659664809703827,0.7897011307701212,0,0,143,47,107,26,0.7849153134373097,0.890211771181276,0.7427117130694676,0.9422448994005472,0.00046141884654127274,0.002155916459479962,0.5476196871002607,0.8049527063384427,/kaggle/input/datasets/hintrngia/locked-resnet-xai-inputs/R-C0/ResNet50/seed_42/best_checkpoint.pt
E03_XAI_R_C0_ResNet50,R-C0,ResNet50,42,11,normal,E-2F227E134B6699426A9E9AB9.jpeg,0,0.541229522875531,0.4501953125,1,0,0.3496643288629976,0.3496643304824829,0.3509368896484375,0.9963738187036572,0.32079899595591516,0.32079899311065674,0.9141216139382954,0,0,143,175,226,226,0.709427951869978,0.7891446170159325,0.7847389101569996,0.8183217807943016,0.0009460428835682544,0.006404146731427973,0.7999271003757226,0.4141829104058195,/kaggle/input/datasets/hintrngia/locked-resnet-xai-inputs/R-C0/ResNet50/seed_42/best_checkpoint.pt
E03_XAI_R_C0_ResNet50,R-C0,ResNet50,42,12,normal,E-2F5E9CF0C3839769BD6D37AD.jpeg,0,0.34589956793466003,0.4501953125,0,1,0.372305003686163,0.3723050057888031,0.3790740966796875,0.9821430874522552,0.4255923804184492,0.4255923926830292,1.1227155433362914,0,0,207,240,142,1,0.36314150833357434,0.5333269903269094,0.3893370427697224,0.5746082203680474,0.0017252861082588389,0.007651672911506702,0.5704536660609346,0.5002336404858166,/kaggle/input/datasets/hintrngia/locked-resnet-xai-inputs/R-C0/ResNet50/seed_42/best_checkpoint.pt
E03_XAI_R_C0_ResNet50,R-C0,ResNet50,42,13,normal,E-306538194ADB5E9E447B7A10.jpeg,0,0.026820094772898484,0.4501953125,0,1,0.40710585743819416,0.40710586309432983,0.2563934326171875,1.5878170251186987,0.5135186987537036,0.5135186910629272,2.00285433800647,0,0,80,175,87,42,0.47177245214744995,0.8098211333263912,0.41813082497469145,0.8895994723000147,5.011393812937026e-05,0.0018939081101587707,0.01952711131008807,0.18268365599938455,/kaggle/input/datasets/hintrngia/locked-resnet-xai-inputs/R-C0/ResNet50/seed_42/best_checkpoint.pt
E03_XAI_R_C0_ResNet50,R-C0,ResNet50,42,14,normal,E-36FB7A78C2BFA1A3824C3EFA.jpeg,0,0.37877307090630635,0.4501953125,0,1,0.38941258139043455,0.3894125819206238,0.3275299072265625,1.1889374765433738,0.5623589948297526,0.5623589754104614,1.7169699084632037,0,1,207,240,202,215,0.2150372006684173,0.3616088869751648,0.1677424416583105,0.40070680636175354,0.002064227322527201,0.0062338999921499605,0.5264806481379296,0.7953662335368502,/kaggle/input/datasets/hintrngia/locked-resnet-xai-inputs/R-C0/ResNet50/seed_42/best_checkpoint.pt
E03_XAI_R_C0_ResNet50,R-C0,ResNet50,42,15,normal,E-3B865A0E9283DC8B3D382B5F.jpeg,0,0.9333028601593762,0.4501953125,1,0,0.22429065492212405,0.2242906540632248,0.360931396484375,0.6214218466634109,0.13366045941310065,0.1336604654788971,0.3703209549377257,0,0,240,240,255,211,0.8691964682317642,0.9492652434940673,0.8972373345191932,0.9569827877888898,0.0009155528627025067,0.004205171140816949,-0.21404145421850718,-0.052806736187624936,/kaggle/input/datasets/hintrngia/locked-resnet-xai-inputs/R-C0/ResNet50/seed_42/best_checkpoint.pt
E03_XAI_R_C0_ResNet50,R-C0,ResNet50,42,16,normal,E-3D66EC3C4F2D4073FE577EEA.jpeg,0,0.03340988359828369,0.4501953125,0,1,0.2566907424133771,0.25669074058532715,0.2598114013671875,0.9879887528515346,0.2502198187845246,0.25021982192993164,0.9630825185800554,0,0,80,207,122,31,0.4522643166133875,0.8155825190594559,0.416733773567549,0.8916240803384006,0.0007665789594307193,8.060816361427081e-05,0.43651043109329724,0.42289927897011437,/kaggle/input/datasets/hintrngia/locked-resnet-xai-inputs/R-C0/ResNet50/seed_42/best_checkpoint.pt
E03_XAI_R_C0_ResNet50,R-C0,ResNet50,42,17,normal,E-40D9418B91304B06987F2A6E.jpeg,0,0.5398951987631081,0.4501953125,1,0,0.3601737426176283,0.3601737320423126,0.3151092529296875,1.1430122704076746,0.3776517391168393,0.37765175104141235,1.1984787358850022,0,0,240,240,234,199,0.5991711979547526,0.8179787645048688,0.6926825879346227,0.8371433421710062,0.004148081005906967,0.0077302249408663926,0.3660905712516097,0.1652812052076966,/kaggle/input/datasets/hintrngia/locked-resnet-xai-inputs/R-C0/ResNet50/seed_42/best_checkpoint.pt
E03_XAI_R_C0_ResNet50,R-C0,ResNet50,42,18,normal,E-44BF14DBF8A5FE52BF53ED2E.jpeg,0,0.5045070735903439,0.4501953125,1,0,0.32069072831791123,0.32069072127342224,0.32672119140625,0.981542479499469,0.27469678183055846,0.2746967673301697,0.8407681811156118,0,0,0,80,7,65,0.6255506485739628,0.8266213599236192,0.7243238734327007,0.8029306226393378,0.0007229010935916325,0.004076754326179544,-0.13653156040929365,0.04633624785798372,/kaggle/input/datasets/hintrngia/locked-resnet-xai-inputs/R-C0/ResNet50/seed_42/best_checkpoint.pt
E03_XAI_R_C0_ResNet50,R-C0,ResNet50,42,19,normal,E-47080ACF9F207EB21662EAAE.jpeg,0,0.7433087813690534,0.4501953125,1,0,0.3232864306716173,0.3232864439487457,0.3899383544921875,0.8290706132066175,0.30430474853273326,0.30430474877357483,0.780391938948981,1,0,143,176,134,206,0.8202084250477002,0.947647977968098,0.8880369941693774,0.9580315268069262,0.00026640774041963855,2.5823956108395052e-05,-0.1587563220856395,-0.04043527176421772,/kaggle/input/datasets/hintrngia/locked-resnet-xai-inputs/R-C0/ResNet50/seed_42/best_checkpoint.pt
E03_XAI_R_C0_ResNet50,R-C0,ResNet50,42,20,normal,E-4F18C9F59223CD9D0CA81789.jpeg,0,0.48209952935540046,0.4501953125,1,0,0.5350299247101694,0.535029947757721,0.305145263671875,1.7533613934296262,0.6381702385772612,0.6381702423095703,2.0913653743074003,1,0,144,144,208,135,0.6670253523910863,0.8971470178621217,0.778688482624126,0.8978871800921926,0.0007413280867658578,0.008341913241300736,0.7541659933131418,0.30748700005628604,/kaggle/input/datasets/hintrngia/locked-resnet-xai-inputs/R-C0/ResNet50/seed_42/best_checkpoint.pt
E03_XAI_R_C0_ResNet50,R-C0,ResNet50,42,21,normal,E-57BEC1C15CFD6C2BBAF49905.jpeg,0,0.03673105590637787,0.4501953125,0,1,0.2927978464333508,0.29279783368110657,0.3210601806640625,0.9119718484794486,0.08923746277730771,0.08923746645450592,0.27794621741236814,0,0,112,47,110,5,0.47336036850636803,0.7747926829123466,0.4602433014122497,0.8627810682574361,0.000949028814714481,0.00039489839014789085,0.010698063570901658,-0.035252238594265684,/kaggle/input/datasets/hintrngia/locked-resnet-xai-inputs/R-C0/ResNet50/seed_42/best_checkpoint.pt
E03_XAI_R_C0_ResNet50,R-C0,ResNet50,42,22,normal,E-5822F4C00AF6A5D69871506D.jpeg,0,0.3411348897696215,0.4501953125,0,1,0.5564646944133793,0.556464672088623,0.414520263671875,1.3424306196376068,0.6932334363708554,0.6932334303855896,1.6723752663623788,0,1,111,208,86,103,0.29975818161198253,0.43054915618843,0.2994915295998244,0.5074039069491667,0.0005240769814007784,0.006847663792159953,0.5390014676054578,0.4883950505774536,/kaggle/input/datasets/hintrngia/locked-resnet-xai-inputs/R-C0/ResNet50/seed_42/best_checkpoint.pt
E03_XAI_R_C0_ResNet50,R-C0,ResNet50,42,23,normal,E-592EC4B388705AD74965EF2F.jpeg,0,0.07628498429673666,0.4501953125,0,1,0.2092307393144044,0.20923073589801788,0.3038330078125,0.6886372906643635,0.07787948865503488,0.07787948846817017,0.25632333108157723,0,0,79,47,98,11,0.47201053397131887,0.7022669290895067,0.4064295242753691,0.7576265067083914,8.766509641755516e-05,0.0006077021356677426,0.804871473730168,0.9445460412955626,/kaggle/input/datasets/hintrngia/locked-resnet-xai-inputs/R-C0/ResNet50/seed_42/best_checkpoint.pt
E03_XAI_R_C0_ResNet50,R-C0,ResNet50,42,24,normal,E-5EB53A5E9ABA53D43AB743A8.jpeg,0,0.21791867311682298,0.4501953125,0,1,0.27849268719710757,0.27849268913269043,0.2571563720703125,1.0829701980745055,0.15518205672529573,0.15518206357955933,0.6034540597845476,0,0,111,47,111,1,0.3888450356655211,0.5285181948912065,0.30717016779765943,0.6256502253140964,5.445732562048278e-05,0.002832243971443188,0.7642234299595455,0.8431753179993163,/kaggle/input/datasets/hintrngia/locked-resnet-xai-inputs/R-C0/ResNet50/seed_42/best_checkpoint.pt
E03_XAI_R_C0_ResNet50,R-C0,ResNet50,42,25,normal,E-5FBF0EE47B9EC5825E465989.jpeg,0,0.26903542972717054,0.4501953125,0,1,0.3229958105043823,0.3229958117008209,0.329376220703125,0.9806288074314462,0.5053555675221563,0.5053555965423584,1.534280666780878,0,1,207,207,195,183,0.43879325705175326,0.5881493136139865,0.4406295887330572,0.606213885725383,0.00014721881755813682,0.000918657822091884,-0.12425473124977901,0.16398477515102783,/kaggle/input/datasets/hintrngia/locked-resnet-xai-inputs/R-C0/ResNet50/seed_42/best_checkpoint.pt
E03_XAI_R_C0_ResNet50,R-C0,ResNet50,42,26,normal,E-67976418F9EE68ADAB32C212.jpeg,0,0.23858187093387084,0.4501953125,0,1,0.1728894965782679,0.17288950085639954,0.26171875,0.6605927033438296,0.0645066709948582,0.06450667232275009,0.24647325036841342,0,0,112,47,114,22,0.4471971187792059,0.48270021716444156,0.32125392953864407,0.5375205515238641,0.0004662112436355781,0.0008113764962900255,0.8549048170823568,0.9327313525133816,/kaggle/input/datasets/hintrngia/locked-resnet-xai-inputs/R-C0/ResNet50/seed_42/best_checkpoint.pt
E03_XAI_R_C0_ResNet50,R-C0,ResNet50,42,27,normal,E-74019A53B16F834307F73E46.jpeg,0,0.34550195450530424,0.4501953125,0,1,0.39850655998756307,0.3985065519809723,0.372467041015625,1.069910934672058,0.5624660250041743,0.562466025352478,1.5101095212893718,0,1,48,47,183,195,0.28558255421851714,0.43282646357812793,0.21808952817855798,0.4966974437971703,0.0009881013052390752,0.0006615977825464858,0.10001358415141756,0.4295421549944672,/kaggle/input/datasets/hintrngia/locked-resnet-xai-inputs/R-C0/ResNet50/seed_42/best_checkpoint.pt
E03_XAI_R_C0_ResNet50,R-C0,ResNet50,42,28,normal,E-778E5DF620CB9DE6A84B008B.jpeg,0,0.9226223702805901,0.4501953125,1,0,0.4452238374219661,0.4452238380908966,0.3386688232421875,1.3146289438741143,0.5273756555648752,0.5273756384849548,1.5572016653795748,1,1,144,176,143,179,0.9091511645715519,0.9457917613642015,0.9402986326588763,0.9563595995425365,0.00031122252829768327,0.006904502566606796,0.5615027619294878,0.4514699122212108,/kaggle/input/datasets/hintrngia/locked-resnet-xai-inputs/R-C0/ResNet50/seed_42/best_checkpoint.pt
E03_XAI_R_C0_ResNet50,R-C0,ResNet50,42,29,normal,E-77C42172A076E16EE5474210.jpeg,0,0.628536631213887,0.4501953125,1,0,0.2643350649424009,0.2643350660800934,0.39276123046875,0.6730172034213359,0.29955231049712905,0.299552321434021,0.7626829922587354,0,1,240,207,228,206,0.5378668048332211,0.8527473523969382,0.5536179388623699,0.8756771211992253,0.003427254250306433,0.010385202395100157,0.9360820517218915,0.9378609853139762,/kaggle/input/datasets/hintrngia/locked-resnet-xai-inputs/R-C0/ResNet50/seed_42/best_checkpoint.pt
E03_XAI_R_C0_ResNet50,R-C0,ResNet50,42,30,normal,E-7B1FB0C84C51C5CD8EDBCCFD.jpeg,0,0.9872645219055965,0.4501953125,1,0,0.304724641142155,0.30472463369369507,0.388427734375,0.7845079384778547,0.24181424051506387,0.2418142408132553,0.6225462785353247,0,0,240,240,255,219,0.9553126392566134,0.9914633316020647,0.9514155027061058,0.9930311910403066,0.0010273545917897642,0.00773376375171575,0.3099043883967179,0.20877865798810585,/kaggle/input/datasets/hintrngia/locked-resnet-xai-inputs/R-C0/ResNet50/seed_42/best_checkpoint.pt
E03_XAI_R_C0_ResNet50,R-C0,ResNet50,42,31,normal,E-7B7A8A9BEAA512F9DC3E0865.jpeg,0,0.4708406311300995,0.4501953125,1,0,0.1672305682755143,0.16723056137561798,0.356475830078125,0.46912175851828203,0.1877508652087493,0.18775086104869843,0.5266861014605169,0,1,240,208,212,227,0.5487554949572933,0.8908838378716694,0.7407552152536874,0.8743712785570382,0.0004719069767746831,0.0051108988680796386,0.24736493441365565,0.19763637749558363,/kaggle/input/datasets/hintrngia/locked-resnet-xai-inputs/R-C0/ResNet50/seed_42/best_checkpoint.pt
E03_XAI_R_C0_ResNet50,R-C0,ResNet50,42,32,normal,E-82FCB2C3D1996A8155B45525.jpeg,0,0.1552045346942606,0.4501953125,0,1,0.2838523971490569,0.28385239839553833,0.2450714111328125,1.1582436149405761,0.37674725158543415,0.3767472505569458,1.5372958022478682,0,1,112,47,177,189,0.2910826774136353,0.5795244737281745,0.2635248395473986,0.7166595452293145,0.0006633733759535687,0.0010847179362922232,0.6654562343512791,0.7628619153950488,/kaggle/input/datasets/hintrngia/locked-resnet-xai-inputs/R-C0/ResNet50/seed_42/best_checkpoint.pt
E03_XAI_R_C0_ResNet50,R-C0,ResNet50,42,33,normal,E-843CBB869621D4078F498542.jpeg,0,0.5818728015448145,0.4501953125,1,0,0.3650846696695902,0.3650846779346466,0.3597412109375,1.0148536185725425,0.406030687777006,0.40603068470954895,1.1286743787815519,0,1,240,240,223,226,0.5654922489093491,0.7775636519167134,0.7000652264487379,0.7489745581646636,0.0005082035047760947,0.01244505865711909,0.4677464036875328,0.703754813973135,/kaggle/input/datasets/hintrngia/locked-resnet-xai-inputs/R-C0/ResNet50/seed_42/best_checkpoint.pt
E03_XAI_R_C0_ResNet50,R-C0,ResNet50,42,34,normal,E-845A5BC2008587BFFF60937F.jpeg,0,0.7807261943927433,0.4501953125,1,0,0.19263260356028009,0.19263260066509247,0.3625030517578125,0.531395812052301,0.2023841080207399,0.2023841142654419,0.5582962875467108,0,1,143,240,99,192,0.7735219801472021,0.9310872532952762,0.8530981450415248,0.9376176403566483,0.0007718053278274184,0.00915682846533547,0.8296701173547938,0.740233080374889,/kaggle/input/datasets/hintrngia/locked-resnet-xai-inputs/R-C0/ResNet50/seed_42/best_checkpoint.pt
E03_XAI_R_C0_ResNet50,R-C0,ResNet50,42,35,normal,E-8BB569A271B438E1FF7419AA.jpeg,0,0.4937075816320841,0.4501953125,1,0,0.2911692930334986,0.29116928577423096,0.3291015625,0.8847399289801263,0.23989460783380848,0.23989461362361908,0.7289379181656376,0,0,0,144,7,133,0.641843864505892,0.8238219894789982,0.7458878546071287,0.8260978846356659,0.00027513574475213076,0.0021840045195789803,-0.07526412029693753,0.13960415600579285,/kaggle/input/datasets/hintrngia/locked-resnet-xai-inputs/R-C0/ResNet50/seed_42/best_checkpoint.pt
E03_XAI_R_C0_ResNet50,R-C0,ResNet50,42,36,normal,E-8E65534102472D38A215B619.jpeg,0,0.5334004271770674,0.4501953125,1,0,0.18570579291020323,0.18570579588413239,0.4018096923828125,0.4621735026074917,0.06519334374498645,0.06519334018230438,0.1622493060293712,0,0,240,111,254,79,0.6574833921876899,0.8592141138523528,0.7280809645417645,0.8487025596436759,0.0020011457409870315,0.004327057896609948,-0.15654856589303098,-0.032051659637560626,/kaggle/input/datasets/hintrngia/locked-resnet-xai-inputs/R-C0/ResNet50/seed_42/best_checkpoint.pt
E03_XAI_R_C0_ResNet50,R-C0,ResNet50,42,37,normal,E-91CCC5E035FBDB0CCBB30E2A.jpeg,0,0.10183307103064444,0.4501953125,0,1,0.4761063109263373,0.47610631585121155,0.4178619384765625,1.139386642062021,0.6477110564292019,0.6477110385894775,1.5500599523149234,0,1,79,207,68,185,0.5767796732070636,0.6800257339307018,0.5667501116627615,0.7738485578322103,0.0007439039403562275,0.00030596032638419146,0.7417142010543206,0.7636452372696998,/kaggle/input/datasets/hintrngia/locked-resnet-xai-inputs/R-C0/ResNet50/seed_42/best_checkpoint.pt
E03_XAI_R_C0_ResNet50,R-C0,ResNet50,42,38,normal,E-91CD2D4F539A3D56107014E7.jpeg,0,0.7746513983955413,0.4501953125,1,0,0.2725920237503638,0.27259203791618347,0.376434326171875,0.7241423132753888,0.22409036870961627,0.2240903675556183,0.595297381587086,0,0,240,208,241,206,0.7818340555808055,0.8893827302422569,0.8692346867448953,0.9044905631039892,0.0021093138217322394,0.004461829249779031,0.7744786846326638,0.9007790384778779,/kaggle/input/datasets/hintrngia/locked-resnet-xai-inputs/R-C0/ResNet50/seed_42/best_checkpoint.pt
E03_XAI_R_C0_ResNet50,R-C0,ResNet50,42,39,normal,E-93DEE19500CF7BC746908FEA.jpeg,0,0.20022901763417852,0.4501953125,0,1,0.40601379684528904,0.4060137867927551,0.3555908203125,1.1418005574173045,0.5694712103146794,0.5694712400436401,1.601478940919277,0,1,80,208,191,200,0.4188611868266636,0.6639301412426064,0.31186410768211514,0.7196542382299778,0.00040029257278173525,0.0006167435036515956,0.5973836010329452,0.5546368503431547,/kaggle/input/datasets/hintrngia/locked-resnet-xai-inputs/R-C0/ResNet50/seed_42/best_checkpoint.pt
E03_XAI_R_C0_ResNet50,R-C0,ResNet50,42,40,normal,E-9A48264C99FDAC90E29908DD.jpeg,0,0.9328061218716932,0.4501953125,1,0,0.20391261432893976,0.203912615776062,0.3754425048828125,0.5431260757025562,0.11357825308097824,0.11357825249433517,0.30251836593842674,0,0,240,240,255,211,0.8781061034737554,0.9380935424097032,0.9106404291494039,0.9555285708826637,0.0006517537835030451,0.00314084379558556,0.715774577293248,0.8891105076279648,/kaggle/input/datasets/hintrngia/locked-resnet-xai-inputs/R-C0/ResNet50/seed_42/best_checkpoint.pt
E03_XAI_R_C0_ResNet50,R-C0,ResNet50,42,41,normal,E-A5B76F5465A7745EBBAE1D8D.jpeg,0,0.36453706879069464,0.4501953125,0,1,0.44302169375664213,0.443021684885025,0.36846923828125,1.2023302021714137,0.6365309775858707,0.6365309953689575,1.727500999961389,0,1,176,208,179,186,0.2563723203427563,0.439028754736885,0.1694365631914853,0.510468210826692,0.00017001741207950394,0.0024715143536757633,0.4225242292259223,0.6528482487135571,/kaggle/input/datasets/hintrngia/locked-resnet-xai-inputs/R-C0/ResNet50/seed_42/best_checkpoint.pt
E03_XAI_R_C0_ResNet50,R-C0,ResNet50,42,42,normal,E-A92185A886C303721C499620.jpeg,0,0.9313625310225295,0.4501953125,1,0,0.32808893974662656,0.3280889391899109,0.4248199462890625,0.7723011657352437,0.3387647574574196,0.3387647569179535,0.7974313833816835,0,0,0,143,7,131,0.9250129425869074,0.9275152088736207,0.9606039858712561,0.9587594157790078,0.0006146992714023969,0.0040295522633287395,0.5695387082214299,0.8853461986781934,/kaggle/input/datasets/hintrngia/locked-resnet-xai-inputs/R-C0/ResNet50/seed_42/best_checkpoint.pt
E03_XAI_R_C0_ResNet50,R-C0,ResNet50,42,43,normal,E-B1906A980682154F21AC8637.jpeg,0,0.07626806811078314,0.4501953125,0,1,0.43152774653795656,0.4315277338027954,0.37506103515625,1.1505533928849276,0.6138912812523769,0.6138913035392761,1.6367770141641893,0,1,207,208,201,200,0.42737882873166905,0.6256952404325078,0.3982922453161394,0.747821348317119,0.0003644322534050448,0.00013972726962718784,0.7014572554226012,0.9176187050305753,/kaggle/input/datasets/hintrngia/locked-resnet-xai-inputs/R-C0/ResNet50/seed_42/best_checkpoint.pt
E03_XAI_R_C0_ResNet50,R-C0,ResNet50,42,44,normal,E-B701F1D8C0C0617522833A87.jpeg,0,0.05774315705789178,0.4501953125,0,1,0.28254108099606523,0.28254106640815735,0.2968597412109375,0.9517662443669047,0.286514099022511,0.2865141034126282,0.9651497298144067,0,0,80,207,75,26,0.4503257967872554,0.7103498285273551,0.4550169517054169,0.7888068244868499,7.014955375517218e-05,0.00017409002326584933,0.600920956349805,0.7123781830233683,/kaggle/input/datasets/hintrngia/locked-resnet-xai-inputs/R-C0/ResNet50/seed_42/best_checkpoint.pt
E03_XAI_R_C0_ResNet50,R-C0,ResNet50,42,45,normal,E-B80945974BB38152A2ADE2AF.jpeg,0,0.02706468144151805,0.4501953125,0,1,0.31467080450708074,0.3146708011627197,0.287933349609375,1.0928598751550633,0.19185401511655495,0.19185401499271393,0.6663139764005588,0,0,207,207,127,1,0.7090015048511471,0.8272360243147115,0.6647694119392455,0.8868573669198663,0.0005708664106049977,0.00010826985473036399,0.21025844537387545,0.04606005396733611,/kaggle/input/datasets/hintrngia/locked-resnet-xai-inputs/R-C0/ResNet50/seed_42/best_checkpoint.pt
E03_XAI_R_C0_ResNet50,R-C0,ResNet50,42,46,normal,E-BB74E7A26CC5772AE8204932.jpeg,0,0.7965321821097404,0.4501953125,1,0,0.313300900274003,0.3133009076118469,0.396759033203125,0.7896503269116629,0.14290747262216524,0.14290747046470642,0.36018706737044154,0,0,240,176,255,182,0.7379385387509538,0.902336013715175,0.821656868826353,0.9209500656359997,0.002378896529280694,0.0024406378101692328,0.8809812742062423,0.9022676905380368,/kaggle/input/datasets/hintrngia/locked-resnet-xai-inputs/R-C0/ResNet50/seed_42/best_checkpoint.pt
E03_XAI_R_C0_ResNet50,R-C0,ResNet50,42,47,normal,E-BB96C349B18A4710DE07EC01.jpeg,0,0.2310739031442968,0.4501953125,0,1,0.541608742239759,0.5416087508201599,0.3329010009765625,1.6269363584097192,0.5656947380829543,0.5656947493553162,1.6992881860477835,1,0,175,47,144,1,0.27197133584753264,0.5631707398061134,0.24579721390739756,0.6493467323171165,0.00039194215437909907,0.0029570038998825154,-0.20036840786016172,-0.07986184841866728,/kaggle/input/datasets/hintrngia/locked-resnet-xai-inputs/R-C0/ResNet50/seed_42/best_checkpoint.pt
E03_XAI_R_C0_ResNet50,R-C0,ResNet50,42,48,normal,E-BCDF7BD5461E233F18CDF83C.jpeg,0,0.02095802210821462,0.4501953125,0,1,0.3363114225020161,0.3363114297389984,0.2940521240234375,1.1437136311085117,0.1353976199273518,0.13539761304855347,0.4604544870301971,0,0,112,47,99,15,0.3691524633355439,0.825830074681471,0.37888343246633654,0.9013981556499986,0.0007171394984264445,0.0007232252689465812,0.16762513077354313,0.4730214694544679,/kaggle/input/datasets/hintrngia/locked-resnet-xai-inputs/R-C0/ResNet50/seed_42/best_checkpoint.pt
E03_XAI_R_C0_ResNet50,R-C0,ResNet50,42,49,normal,E-BF6060CF2B5D86362B50F1EF.jpeg,0,0.1997384014458272,0.4501953125,0,1,0.3356475048155348,0.33564749360084534,0.3540191650390625,0.9481054642295973,0.42695744765081217,0.42695745825767517,1.2060291922435942,1,1,176,208,175,197,0.4894974799118567,0.5687613262898118,0.4301923843569964,0.6503959417595228,0.0011242752385038912,0.0046446815857951185,-0.019523118850650882,0.7270308078352129,/kaggle/input/datasets/hintrngia/locked-resnet-xai-inputs/R-C0/ResNet50/seed_42/best_checkpoint.pt
E03_XAI_R_C0_ResNet50,R-C0,ResNet50,42,50,normal,E-C7B56CF9C42EB131FD94EA3C.jpeg,0,0.9664475229764468,0.4501953125,1,0,0.175623444850218,0.17562344670295715,0.32830810546875,0.5349348429867953,0.07462150880453218,0.07462150603532791,0.22729109504618986,0,0,240,240,255,58,0.8485003022470543,0.9778072789470953,0.8714450911641867,0.9786314715043447,0.0009355098129614214,0.00667166486009263,-0.3272833719547928,-0.06323281045727921,/kaggle/input/datasets/hintrngia/locked-resnet-xai-inputs/R-C0/ResNet50/seed_42/best_checkpoint.pt
E03_XAI_R_C0_ResNet50,R-C0,ResNet50,42,51,normal,E-D31B79C24E008C43E1511E9D.jpeg,0,0.016859174020264867,0.4501953125,0,1,0.40910733856545645,0.4091073274612427,0.29034423828125,1.4090423870204831,0.37061436552553245,0.3706143796443939,1.2764653699327988,0,0,112,47,99,30,0.6541876415538498,0.8487671988033483,0.5944155810123346,0.9131026529800653,0.0017994361847278872,0.0032208163414629842,0.8472785246016074,0.9688850225487574,/kaggle/input/datasets/hintrngia/locked-resnet-xai-inputs/R-C0/ResNet50/seed_42/best_checkpoint.pt
E03_XAI_R_C0_ResNet50,R-C0,ResNet50,42,52,normal,E-E13640D767DD410F37B990A9.jpeg,0,0.13277936815559155,0.4501953125,0,1,0.4001905016756502,0.4001905024051666,0.3385162353515625,1.182189980519063,0.7067599391657239,0.7067599296569824,2.0878169652091447,0,1,80,207,65,188,0.5302561332295683,0.6495826012283276,0.4358177898898734,0.7724726790103145,0.0002569148957825007,0.0016798413970701143,0.30818108425000956,0.46150338289209336,/kaggle/input/datasets/hintrngia/locked-resnet-xai-inputs/R-C0/ResNet50/seed_42/best_checkpoint.pt
E03_XAI_R_C0_ResNet50,R-C0,ResNet50,42,53,normal,E-E2352C479C37BA410D3419C8.jpeg,0,0.23443719682317804,0.4501953125,0,1,0.6289301407705998,0.6289301514625549,0.460540771484375,1.3656340105209075,0.7794675423597585,0.7794675230979919,1.6925049650814767,0,1,240,0,210,127,0.26257792629353666,0.549424450080575,0.19614953473380836,0.5486953132451372,9.701812935936083e-05,0.00023103541916136283,0.0,0.0,/kaggle/input/datasets/hintrngia/locked-resnet-xai-inputs/R-C0/ResNet50/seed_42/best_checkpoint.pt
E03_XAI_R_C0_ResNet50,R-C0,ResNet50,42,54,normal,E-E249A212D4F7D1C6D4206FBF.jpeg,0,0.2670742541902097,0.4501953125,0,1,0.5218072381092936,0.5218072533607483,0.44427490234375,1.1745143274052297,0.6033182537009211,0.6033182740211487,1.357984100650624,1,0,79,143,247,10,0.3017855406080977,0.46271466223313573,0.2896288600513278,0.5146737410612078,0.0007949537854795574,0.00113956343142807,-0.3507676528332115,0.1313541721645824,/kaggle/input/datasets/hintrngia/locked-resnet-xai-inputs/R-C0/ResNet50/seed_42/best_checkpoint.pt
E03_XAI_R_C0_ResNet50,R-C0,ResNet50,42,55,normal,E-E2DD25AE8644A21D4C1655DA.jpeg,0,0.38359571444345403,0.4501953125,0,1,0.3304500918944188,0.3304500877857208,0.3409881591796875,0.9690955037540893,0.46457398003674377,0.4645739793777466,1.3624343471467328,0,0,207,208,103,1,0.22804949400545912,0.40568089653970524,0.1863967356329787,0.4409204752844291,0.00020904515976249982,0.0006774024802531087,0.6737846469280991,0.8320187269212445,/kaggle/input/datasets/hintrngia/locked-resnet-xai-inputs/R-C0/ResNet50/seed_42/best_checkpoint.pt
E03_XAI_R_C0_ResNet50,R-C0,ResNet50,42,56,normal,E-E35138A3EAFB63D43C970EAE.jpeg,0,0.5520360301118584,0.4501953125,1,0,0.2835377050400424,0.28353771567344666,0.4013519287109375,0.7064565653159038,0.08612993384712761,0.08612993359565735,0.2145995264648654,0,0,144,144,44,3,0.6299781990854952,0.8480463168247737,0.6922451701017003,0.814705260871809,0.0014248191041089653,0.002838396726501949,0.5834605914975063,0.030868298942290887,/kaggle/input/datasets/hintrngia/locked-resnet-xai-inputs/R-C0/ResNet50/seed_42/best_checkpoint.pt
E03_XAI_R_C0_ResNet50,R-C0,ResNet50,42,57,normal,E-EACE2F51FB2EF2E191B9BC55.jpeg,0,0.8272879251467494,0.4501953125,1,0,0.3499258291605628,0.34992581605911255,0.4419708251953125,0.7917396561321127,0.38070713755263846,0.38070714473724365,0.8613852223942591,0,1,240,240,223,230,0.777441549758382,0.8458470245113627,0.8901997498385896,0.894178273272664,5.972601261206023e-05,0.008170982215291778,0.6569782505051117,0.613210781714535,/kaggle/input/datasets/hintrngia/locked-resnet-xai-inputs/R-C0/ResNet50/seed_42/best_checkpoint.pt
E03_XAI_R_C0_ResNet50,R-C0,ResNet50,42,58,normal,E-ED70ACD6E494856AB99B813B.jpeg,0,0.9722316110152842,0.4501953125,1,0,0.19712528853406588,0.19712528586387634,0.3370513916015625,0.5848523205834824,0.07712154224773288,0.0771215409040451,0.2288124130901092,0,0,240,240,255,147,0.8341683497198746,0.9915957743429735,0.8313709932876208,0.9920089924437525,0.0005232938126548681,0.006596903893376985,0.02614722212648098,0.23520788069805143,/kaggle/input/datasets/hintrngia/locked-resnet-xai-inputs/R-C0/ResNet50/seed_42/best_checkpoint.pt
E03_XAI_R_C0_ResNet50,R-C0,ResNet50,42,59,normal,E-EE1CB872F9ABCF62B8C9A410.jpeg,0,0.06236041644532658,0.4501953125,0,1,0.3807994948729295,0.3807995021343231,0.260040283203125,1.464386556507001,0.6747053461288156,0.6747053265571594,2.594618563777612,0,1,79,207,67,172,0.4311825595674522,0.7666781093126548,0.3742300541139909,0.8575823799082569,0.0012021271747360562,0.0011714670034201902,0.7776218338088347,0.8455593042485726,/kaggle/input/datasets/hintrngia/locked-resnet-xai-inputs/R-C0/ResNet50/seed_42/best_checkpoint.pt
E03_XAI_R_C0_ResNet50,R-C0,ResNet50,42,60,normal,E-EFAD2710B0F9E9CA19CFEDAD.jpeg,0,0.6313317671990063,0.4501953125,1,0,0.3211767944622027,0.32117679715156555,0.36236572265625,0.8863332660381892,0.36518523089382093,0.3651852309703827,1.0077808359380769,0,1,143,176,239,225,0.7081356243948735,0.8806464527216988,0.8081477129026476,0.9077191593498711,0.000627214505162621,0.005283587322059358,-0.32101117203539736,-0.09684968214347867,/kaggle/input/datasets/hintrngia/locked-resnet-xai-inputs/R-C0/ResNet50/seed_42/best_checkpoint.pt
E03_XAI_R_C0_ResNet50,R-C0,ResNet50,42,61,normal,E-F32C5A7DA665488BF8EB2294.jpeg,0,0.4471003700244687,0.4501953125,0,1,0.45256351875445733,0.4525635242462158,0.3988037109375,1.1348026769625081,0.5974552531955064,0.5974552631378174,1.4981185901982212,0,1,79,208,67,201,0.2431705085634847,0.28391837326920194,0.133461465002756,0.4137957310533352,0.0010982294883480348,0.0025326386118056377,0.81330596442445,0.6059172929867138,/kaggle/input/datasets/hintrngia/locked-resnet-xai-inputs/R-C0/ResNet50/seed_42/best_checkpoint.pt
E03_XAI_R_C0_ResNet50,R-C0,ResNet50,42,62,normal,E-F57AB9616B464FB4687D409D.jpeg,0,0.40105079979191044,0.4501953125,0,1,0.41028584457805245,0.4102858304977417,0.43695068359375,0.9389751749639351,0.47483156922082254,0.47483158111572266,1.0866937323807733,0,0,240,0,243,22,0.18300716349954282,0.34985534034109605,0.18372374140796532,0.4058514909765534,0.00211284557547875,0.005676523505381836,-0.3968461116266547,0.06526670131628765,/kaggle/input/datasets/hintrngia/locked-resnet-xai-inputs/R-C0/ResNet50/seed_42/best_checkpoint.pt
E03_XAI_R_C0_ResNet50,R-C0,ResNet50,42,63,normal,E-F803B5977A560D3CAEE3206F.jpeg,0,0.2369592984412975,0.4501953125,0,1,0.43323160665154603,0.4332315921783447,0.3428192138671875,1.263731987960819,0.6939075106954365,0.6939074993133545,2.0241208270323643,0,1,80,207,83,187,0.45494897458197586,0.5405697090871745,0.4039016302857018,0.62681079858003,0.001702574179620997,0.004006269703778376,0.08413281256860142,0.6458635954459012,/kaggle/input/datasets/hintrngia/locked-resnet-xai-inputs/R-C0/ResNet50/seed_42/best_checkpoint.pt
E03_XAI_R_C0_ResNet50,R-C0,ResNet50,42,64,pneumonia,E-018B83433C4DD934AA5C8B2B.jpeg,1,0.9849763567145173,0.4501953125,1,1,0.4110049281228425,0.4110049307346344,0.3726043701171875,1.1030598701608831,0.29475271275374165,0.29475271701812744,0.7910608044157915,0,0,240,240,255,221,0.9611251282350938,0.9879059586299995,0.9776459154092036,0.9887692807306778,0.0005264525821644384,0.0032296299723615918,0.565862751739312,0.7485842054703578,/kaggle/input/datasets/hintrngia/locked-resnet-xai-inputs/R-C0/ResNet50/seed_42/best_checkpoint.pt
E03_XAI_R_C0_ResNet50,R-C0,ResNet50,42,65,pneumonia,E-01E4EA18817F6CBD784D8ACE.jpeg,1,0.9864332441220781,0.4501953125,1,1,0.37958313374898717,0.37958312034606934,0.355072021484375,1.069031381752197,0.3898564264524075,0.3898564279079437,1.0979643645889547,0,0,0,143,7,136,0.9705850814514556,0.9874653035354677,0.9792633390861638,0.9837346621971428,0.0009501725861644772,0.007512463958011251,0.8539482600045589,0.2875362789519077,/kaggle/input/datasets/hintrngia/locked-resnet-xai-inputs/R-C0/ResNet50/seed_42/best_checkpoint.pt
E03_XAI_R_C0_ResNet50,R-C0,ResNet50,42,66,pneumonia,E-0981A556ADE7F427711A3360.jpeg,1,0.9934267892577927,0.4501953125,1,1,0.26708856558925553,0.26708856225013733,0.315826416015625,0.8456815264497753,0.1680950085710517,0.16809500753879547,0.5322385970486252,0,0,240,208,255,218,0.9626422277890581,0.9907142964635309,0.9822204770287897,0.9923081553255948,0.0007957569090242256,0.01337047274974118,0.6808933817759392,0.917516052144439,/kaggle/input/datasets/hintrngia/locked-resnet-xai-inputs/R-C0/ResNet50/seed_42/best_checkpoint.pt
E03_XAI_R_C0_ResNet50,R-C0,ResNet50,42,67,pneumonia,E-0B7E667233F7AB135F8A84DD.jpeg,1,0.9986888611394671,0.4501953125,1,1,0.397099025333361,0.39709901809692383,0.3825225830078125,1.038106096144527,0.37579676914661764,0.37579676508903503,0.9824172110093236,0,0,240,112,255,197,0.9903790876274146,0.9950901766817886,0.994744405089916,0.9961403428179327,0.0004895272414832674,0.0011443852698425627,0.6206222964923835,0.27056624167629906,/kaggle/input/datasets/hintrngia/locked-resnet-xai-inputs/R-C0/ResNet50/seed_42/best_checkpoint.pt
E03_XAI_R_C0_ResNet50,R-C0,ResNet50,42,68,pneumonia,E-122745006C7E29B76E58625B.jpeg,1,0.9746313885343569,0.4501953125,1,1,0.4332883009446604,0.4332883059978485,0.3352813720703125,1.2923124785286153,0.4687021892417371,0.46870219707489014,1.3979368622466883,1,0,144,144,10,101,0.9723778102543648,0.9710420227340707,0.9770588811362512,0.981457204894446,0.0005140065844349007,0.009443138344887358,-0.16538782838415678,-0.05287444663426752,/kaggle/input/datasets/hintrngia/locked-resnet-xai-inputs/R-C0/ResNet50/seed_42/best_checkpoint.pt
E03_XAI_R_C0_ResNet50,R-C0,ResNet50,42,69,pneumonia,E-1265B89238C345234A9C993B.jpeg,1,0.9330559834896861,0.4501953125,1,1,0.2165367904832091,0.21653679013252258,0.3254241943359375,0.6653985605620852,0.08531376311962119,0.08531375974416733,0.2621617095610022,0,0,240,144,251,79,0.9253331166901526,0.9873937029506069,0.9305243066128986,0.9848252063235522,8.223708832558185e-05,0.00031201056813161265,-0.28629180142108296,-0.023593944766704095,/kaggle/input/datasets/hintrngia/locked-resnet-xai-inputs/R-C0/ResNet50/seed_42/best_checkpoint.pt
E03_XAI_R_C0_ResNet50,R-C0,ResNet50,42,70,pneumonia,E-1777E855F7110F5A72B38BC0.jpeg,1,0.9875024877344046,0.4501953125,1,1,0.297708395681844,0.2977083921432495,0.3238525390625,0.9192714577556222,0.16884283334160183,0.1688428372144699,0.5213571393646447,0,0,240,80,250,85,0.9419200713985608,0.9790580651725843,0.964571986725604,0.9841057073556685,0.002157549208612164,0.002070875480868206,0.8367753873596754,0.9780113326814718,/kaggle/input/datasets/hintrngia/locked-resnet-xai-inputs/R-C0/ResNet50/seed_42/best_checkpoint.pt
E03_XAI_R_C0_ResNet50,R-C0,ResNet50,42,71,pneumonia,E-198E88DB173F06A1227B639B.jpeg,1,0.9847930948678585,0.4501953125,1,1,0.2418187278490822,0.24181872606277466,0.256744384765625,0.9418656928751605,0.14921929934914024,0.1492193043231964,0.581197908127021,0,0,240,240,254,195,0.9842382817979061,0.9898625494659536,0.9887197521332018,0.9919734424826604,0.0023248510624677143,0.001709081025183079,0.41894065592905677,-0.015081218967439022,/kaggle/input/datasets/hintrngia/locked-resnet-xai-inputs/R-C0/ResNet50/seed_42/best_checkpoint.pt
E03_XAI_R_C0_ResNet50,R-C0,ResNet50,42,72,pneumonia,E-1A06E979246F3D9634B22BF8.jpeg,1,0.9985608337310165,0.4501953125,1,1,0.3433247397129094,0.34332475066185,0.303802490234375,1.130091920734567,0.36068639959654203,0.36068639159202576,1.1872397731772466,1,0,143,207,255,147,0.9881035102457274,0.9941517579086344,0.9923252830548414,0.996345478589759,0.00047017484438310886,0.009227970710255828,-0.6949496828824548,-0.08002050378663605,/kaggle/input/datasets/hintrngia/locked-resnet-xai-inputs/R-C0/ResNet50/seed_42/best_checkpoint.pt
E03_XAI_R_C0_ResNet50,R-C0,ResNet50,42,73,pneumonia,E-220D81ED5B8FE3B14418B9F7.jpeg,1,0.9658768641675033,0.4501953125,1,1,0.14205829030804357,0.14205828309059143,0.2836456298828125,0.5008301744917931,0.10204231923744707,0.1020423173904419,0.359752834124769,0,0,240,208,254,139,0.8725510480689083,0.9795165311518296,0.8994287964155951,0.984652397940015,0.0006261215200062953,0.007901739467813515,0.5558633387905813,0.8020140129042455,/kaggle/input/datasets/hintrngia/locked-resnet-xai-inputs/R-C0/ResNet50/seed_42/best_checkpoint.pt
E03_XAI_R_C0_ResNet50,R-C0,ResNet50,42,74,pneumonia,E-227257A6740CF45FAF02E456.jpeg,1,0.9464086787995242,0.4501953125,1,1,0.20821441985480965,0.2082144170999527,0.381500244140625,0.5457779465484683,0.1856854815567659,0.18568548560142517,0.48672441081930284,0,0,240,208,255,186,0.8359123082999865,0.9643264626182971,0.8756957105515291,0.9739527206264887,0.00017416296280975407,0.0039860839765676614,0.3940081851770315,0.7523797814572906,/kaggle/input/datasets/hintrngia/locked-resnet-xai-inputs/R-C0/ResNet50/seed_42/best_checkpoint.pt
E03_XAI_R_C0_ResNet50,R-C0,ResNet50,42,75,pneumonia,E-2C0709EBA6450DCFB3BBB340.jpeg,1,0.9850191489168814,0.4501953125,1,1,0.31332190704328106,0.31332191824913025,0.3762359619140625,0.8327803260732639,0.23886269072600405,0.23886269330978394,0.6348746927614634,0,0,240,240,251,43,0.9441486510584042,0.9837780521521772,0.9664713826544125,0.9915175740738191,0.0012642668031143667,0.007666001423062868,0.8614574693290264,0.8166221811335869,/kaggle/input/datasets/hintrngia/locked-resnet-xai-inputs/R-C0/ResNet50/seed_42/best_checkpoint.pt
E03_XAI_R_C0_ResNet50,R-C0,ResNet50,42,76,pneumonia,E-30421FA65AB177DCD15E84C4.jpeg,1,0.9992818850401174,0.4501953125,1,1,0.4047632139670346,0.40476322174072266,0.41265869140625,0.9808668092938758,0.35500679631212817,0.35500678420066833,0.8602915768048969,1,0,143,176,255,207,0.9962658293247018,0.9987081784621012,0.9980008851886135,0.9988165941551326,0.00016703115949284753,0.007524098913370525,-0.0727790329652981,0.07045320903718891,/kaggle/input/datasets/hintrngia/locked-resnet-xai-inputs/R-C0/ResNet50/seed_42/best_checkpoint.pt
E03_XAI_R_C0_ResNet50,R-C0,ResNet50,42,77,pneumonia,E-386D019ED9E9E8244987AC20.jpeg,1,0.9990679409669839,0.4501953125,1,1,0.3486984131817085,0.3486984074115753,0.3555145263671875,0.9808274692594725,0.3655898130001527,0.36558982729911804,1.0283400139395684,0,0,144,175,247,197,0.9952518081683428,0.9981967544674032,0.9957978690670957,0.99883582340774,0.0003981252583183936,0.0010906617882630587,2.5988928470565218e-05,0.8194585888194826,/kaggle/input/datasets/hintrngia/locked-resnet-xai-inputs/R-C0/ResNet50/seed_42/best_checkpoint.pt
E03_XAI_R_C0_ResNet50,R-C0,ResNet50,42,78,pneumonia,E-3AC987E53985CBAF71C33ABC.jpeg,1,0.9762670378067247,0.4501953125,1,1,0.31098666422587107,0.3109866678714752,0.4218597412109375,0.7371802375196834,0.25042731150098585,0.2504273056983948,0.5936269499956093,0,0,143,207,255,221,0.9222993825875678,0.9824465128347393,0.9508533783327514,0.988224904189835,0.00040673230937599003,0.0024064660571964935,0.756936974054978,0.20854273595350173,/kaggle/input/datasets/hintrngia/locked-resnet-xai-inputs/R-C0/ResNet50/seed_42/best_checkpoint.pt
E03_XAI_R_C0_ResNet50,R-C0,ResNet50,42,79,pneumonia,E-3EB4BE73D28C1518A6A12685.jpeg,1,0.9917699643236467,0.4501953125,1,1,0.44075411232637085,0.44075411558151245,0.40576171875,1.0862387750233544,0.3431430756735262,0.3431430757045746,0.8456763164613498,0,0,240,240,254,151,0.9761374113344512,0.9906464455140603,0.9826712960354256,0.9932931707122112,0.0017582045929222523,0.0027890496546534305,0.5127079506291349,0.8041304815132037,/kaggle/input/datasets/hintrngia/locked-resnet-xai-inputs/R-C0/ResNet50/seed_42/best_checkpoint.pt
E03_XAI_R_C0_ResNet50,R-C0,ResNet50,42,80,pneumonia,E-401B5DEDAD367F085127D1DA.jpeg,1,0.9226274763607047,0.4501953125,1,1,0.4409802331196317,0.4409802258014679,0.364349365234375,1.2103224959262997,0.47512316303919877,0.47512316703796387,1.3040318122513164,0,0,144,144,12,35,0.9316578949686831,0.9406282921956334,0.9543558913519754,0.9453706273158703,0.0002683907986738565,0.001940969622597044,0.833829845646382,0.7433247964748716,/kaggle/input/datasets/hintrngia/locked-resnet-xai-inputs/R-C0/ResNet50/seed_42/best_checkpoint.pt
E03_XAI_R_C0_ResNet50,R-C0,ResNet50,42,81,pneumonia,E-4329094918EDAAADE18246AB.jpeg,1,0.9997780920249022,0.4501953125,1,1,0.4193995018714337,0.4193994998931885,0.4228057861328125,0.9919436195693198,0.3090080566167577,0.30900806188583374,0.7308510591661854,0,0,240,207,250,75,0.9985956832844787,0.9994488883217933,0.9989490901481561,0.9994726885144097,0.00015118431799171494,0.0019168376249030228,0.5800892858349631,0.16884572991367275,/kaggle/input/datasets/hintrngia/locked-resnet-xai-inputs/R-C0/ResNet50/seed_42/best_checkpoint.pt
E03_XAI_R_C0_ResNet50,R-C0,ResNet50,42,82,pneumonia,E-443A80FA1DE791815F946FF9.jpeg,1,0.9842921190214163,0.4501953125,1,1,0.37262277733788923,0.3726227879524231,0.309112548828125,1.2054598842736652,0.43710744807964735,0.4371074438095093,1.4140721550670239,0,0,144,207,254,102,0.9805212804658351,0.985525951235298,0.9894760922362014,0.9846092478331951,0.00016125640916081485,0.004222364531225098,0.3409107676127592,0.6792476098802517,/kaggle/input/datasets/hintrngia/locked-resnet-xai-inputs/R-C0/ResNet50/seed_42/best_checkpoint.pt
E03_XAI_R_C0_ResNet50,R-C0,ResNet50,42,83,pneumonia,E-4B97630FB65DE326125E1DE1.jpeg,1,0.9984760257488953,0.4501953125,1,1,0.32815754424769394,0.32815754413604736,0.3383941650390625,0.9697494169552632,0.20752690276566982,0.20752690732479095,0.6132697434121359,0,0,240,80,255,53,0.98906608295441,0.9965117393825689,0.9951095254577187,0.9971010733264691,0.00081967481012446,0.0017581635605957713,0.3845640938630441,0.9084812312360736,/kaggle/input/datasets/hintrngia/locked-resnet-xai-inputs/R-C0/ResNet50/seed_42/best_checkpoint.pt
E03_XAI_R_C0_ResNet50,R-C0,ResNet50,42,84,pneumonia,E-55F059ED3BB72FAD418A344C.jpeg,1,0.9376111105494679,0.4501953125,1,1,0.1766498714452073,0.17664986848831177,0.3324737548828125,0.5313197473510994,0.09880356111550553,0.0988035574555397,0.29717702424460835,0,0,240,240,255,211,0.7942362078983718,0.9650059246516334,0.8172943245641506,0.9596930543963453,0.0008694530280466684,0.003806455557190752,0.9811996908078101,0.7776876745863855,/kaggle/input/datasets/hintrngia/locked-resnet-xai-inputs/R-C0/ResNet50/seed_42/best_checkpoint.pt
E03_XAI_R_C0_ResNet50,R-C0,ResNet50,42,85,pneumonia,E-6060B7AB38566FD26078DE5E.jpeg,1,0.9970430013230093,0.4501953125,1,1,0.2750957565051215,0.27509576082229614,0.271087646484375,1.0147852920364542,0.2812719581823842,0.28127196431159973,1.0375683356659198,0,0,143,207,250,18,0.9816471921682686,0.9921072736102141,0.9908213523720146,0.9953802861260828,0.0017409252427876276,0.0038229468989690596,-0.06733125615048877,0.6910585256324657,/kaggle/input/datasets/hintrngia/locked-resnet-xai-inputs/R-C0/ResNet50/seed_42/best_checkpoint.pt
E03_XAI_R_C0_ResNet50,R-C0,ResNet50,42,86,pneumonia,E-638A63581494A3F6A20C2D9C.jpeg,1,0.8633490016029128,0.4501953125,1,1,0.3622598836760554,0.3622598946094513,0.312408447265625,1.1595713459311305,0.37807429463684017,0.3780742883682251,1.2101922913607481,0,1,240,240,218,231,0.8949346337473687,0.9265673861270114,0.9191349171271818,0.929672714158607,0.001600742234951713,0.012873633276731467,0.722111438136466,0.4868952855626586,/kaggle/input/datasets/hintrngia/locked-resnet-xai-inputs/R-C0/ResNet50/seed_42/best_checkpoint.pt
E03_XAI_R_C0_ResNet50,R-C0,ResNet50,42,87,pneumonia,E-63AE2F3741553AC167D0B283.jpeg,1,0.9950035647241195,0.4501953125,1,1,0.2888391044942592,0.28883910179138184,0.3596954345703125,0.8030102045618195,0.26944451901032657,0.2694445252418518,0.7490907393145023,0,0,240,175,255,166,0.974490090337341,0.9944126381773277,0.9877784116096471,0.9933393478929176,0.00041210092439469825,0.0010751198323666333,0.6110889486279779,0.18572500142573067,/kaggle/input/datasets/hintrngia/locked-resnet-xai-inputs/R-C0/ResNet50/seed_42/best_checkpoint.pt
E03_XAI_R_C0_ResNet50,R-C0,ResNet50,42,88,pneumonia,E-63E40A6B7E9FE7A4F927B234.jpeg,1,0.9924677806044137,0.4501953125,1,1,0.26215146242025317,0.26215144991874695,0.3593597412109375,0.7294959127499346,0.2267435222471382,0.22674351930618286,0.6309652869936924,0,0,240,240,255,59,0.9518009244290699,0.9831667775056466,0.961268851981465,0.9909340123307228,0.00030986221412365733,0.006047203656388445,0.9569402315099275,0.9157815831293399,/kaggle/input/datasets/hintrngia/locked-resnet-xai-inputs/R-C0/ResNet50/seed_42/best_checkpoint.pt
E03_XAI_R_C0_ResNet50,R-C0,ResNet50,42,89,pneumonia,E-6C94FB136A3DC9D9B1FE1032.jpeg,1,0.9350013555694545,0.4501953125,1,1,0.3623127166651244,0.3623127043247223,0.3358001708984375,1.0789533420895894,0.38116571569081414,0.3811657130718231,1.1350968484351887,1,0,144,207,2,98,0.8977286737171195,0.9634179406413035,0.9106119025942472,0.971082612191854,0.0019588113453951617,0.0016667753557225717,0.20586679932907168,0.5944836927535418,/kaggle/input/datasets/hintrngia/locked-resnet-xai-inputs/R-C0/ResNet50/seed_42/best_checkpoint.pt
E03_XAI_R_C0_ResNet50,R-C0,ResNet50,42,90,pneumonia,E-6EBA6C5A4DF4C84E483A5386.jpeg,1,0.9980678549907738,0.4501953125,1,1,0.2910032440422517,0.2910032570362091,0.3423919677734375,0.8499125897568076,0.2218689771353515,0.22186897695064545,0.6479970268524621,0,0,240,240,255,121,0.9842914475454838,0.9926636866289975,0.9897421325852166,0.9962166317209888,0.00039473229853104197,0.007170815540961273,0.5382826860075921,0.8715141328332541,/kaggle/input/datasets/hintrngia/locked-resnet-xai-inputs/R-C0/ResNet50/seed_42/best_checkpoint.pt
E03_XAI_R_C0_ResNet50,R-C0,ResNet50,42,91,pneumonia,E-73D66A02A1612F6E79C3F7EC.jpeg,1,0.997024612429246,0.4501953125,1,1,0.3493436230415536,0.3493436276912689,0.3591766357421875,0.9726234623242812,0.2992053715810341,0.29920536279678345,0.8330312771117996,1,0,144,176,255,77,0.9901512313124541,0.9957255732095904,0.9903618361458203,0.9938823635526197,0.0011966411158809698,0.003327446178942539,0.4889137728988176,0.8329282822590705,/kaggle/input/datasets/hintrngia/locked-resnet-xai-inputs/R-C0/ResNet50/seed_42/best_checkpoint.pt
E03_XAI_R_C0_ResNet50,R-C0,ResNet50,42,92,pneumonia,E-7725ED8C0E93C0BF91B23FCE.jpeg,1,0.9985183869217447,0.4501953125,1,1,0.3336317047014723,0.333631694316864,0.38677978515625,0.862588267291924,0.24433307496545262,0.24433307349681854,0.6317110778339871,0,0,144,175,251,57,0.9929492410305054,0.997214669588097,0.9957800749717567,0.9979542502429242,0.0010907301053553753,0.0020020483548979784,0.8412011157847114,0.9373639725827436,/kaggle/input/datasets/hintrngia/locked-resnet-xai-inputs/R-C0/ResNet50/seed_42/best_checkpoint.pt
E03_XAI_R_C0_ResNet50,R-C0,ResNet50,42,93,pneumonia,E-77D4D0C371CD4C8665643C00.jpeg,1,0.9821086223555188,0.4501953125,1,1,0.2941126039828262,0.29411259293556213,0.29443359375,0.9989098058985539,0.24812919525857963,0.24812918901443481,0.8427339832331195,0,0,240,112,255,110,0.9454570853646704,0.9929148080866355,0.9544511969371263,0.994255300740553,0.000459879944285313,0.009401096474986187,0.8005149612411137,0.7543104956220834,/kaggle/input/datasets/hintrngia/locked-resnet-xai-inputs/R-C0/ResNet50/seed_42/best_checkpoint.pt
E03_XAI_R_C0_ResNet50,R-C0,ResNet50,42,94,pneumonia,E-7B805F2D3984459EDD091000.jpeg,1,0.9981121377934938,0.4501953125,1,1,0.2945664171405487,0.29456642270088196,0.3260345458984375,0.9034822255685403,0.22869213533283622,0.22869212925434113,0.7014352871798921,0,0,240,144,255,180,0.9872208153014845,0.994959626960709,0.993211959189144,0.9968730081408193,0.00011328580420061352,0.009663288798254122,0.37773086735929473,0.1933156716153437,/kaggle/input/datasets/hintrngia/locked-resnet-xai-inputs/R-C0/ResNet50/seed_42/best_checkpoint.pt
E03_XAI_R_C0_ResNet50,R-C0,ResNet50,42,95,pneumonia,E-8B99D004F7E59741CFAB602B.jpeg,1,0.9978009595919942,0.4501953125,1,1,0.44875747701543744,0.44875746965408325,0.44635009765625,1.0053934778368558,0.3708053368171452,0.3708053231239319,0.8307499847411606,0,0,240,112,252,105,0.9921076508152744,0.9976192127337373,0.9966239219544659,0.9979050603065039,0.00010547512660979974,0.0018693446718225926,0.9506961645457268,0.9305525326071622,/kaggle/input/datasets/hintrngia/locked-resnet-xai-inputs/R-C0/ResNet50/seed_42/best_checkpoint.pt
E03_XAI_R_C0_ResNet50,R-C0,ResNet50,42,96,pneumonia,E-8E859FAC3770F43BC30CF790.jpeg,1,0.9962034150034895,0.4501953125,1,1,0.2903223158752692,0.29032230377197266,0.32305908203125,0.89866631840174,0.17689750460826473,0.17689751088619232,0.5475701332895918,0,0,240,175,246,115,0.981960311688607,0.9962019125537103,0.9864250136232044,0.9969410846633779,0.0008811097901148535,0.0017181070670780063,0.7622373303842902,0.941068544188902,/kaggle/input/datasets/hintrngia/locked-resnet-xai-inputs/R-C0/ResNet50/seed_42/best_checkpoint.pt
E03_XAI_R_C0_ResNet50,R-C0,ResNet50,42,97,pneumonia,E-9A9C78D1B9953A6FD2BA65F6.jpeg,1,0.9994957104458811,0.4501953125,1,1,0.4142691528070446,0.4142691493034363,0.39300537109375,1.0541055753363284,0.3950161065249138,0.3950161039829254,1.005116305218852,0,0,144,175,255,175,0.9968124544135502,0.9983144694178265,0.9981903813175868,0.9987961355216839,0.0017058636464790111,0.002845827399794887,0.8271014275995396,0.8536810188742459,/kaggle/input/datasets/hintrngia/locked-resnet-xai-inputs/R-C0/ResNet50/seed_42/best_checkpoint.pt
E03_XAI_R_C0_ResNet50,R-C0,ResNet50,42,98,pneumonia,E-9B56CC62692974C989F872CC.jpeg,1,0.9991342112526587,0.4501953125,1,1,0.3280890420524791,0.32808902859687805,0.37744140625,0.8692449652308889,0.2807214876201873,0.2807214856147766,0.7437485208876372,0,0,144,176,252,89,0.9917135500790011,0.9977701373881049,0.995819645413398,0.997787240364669,0.00013849716714642302,0.0019078356187529621,-0.015062499092261804,0.8948657805185947,/kaggle/input/datasets/hintrngia/locked-resnet-xai-inputs/R-C0/ResNet50/seed_42/best_checkpoint.pt
E03_XAI_R_C0_ResNet50,R-C0,ResNet50,42,99,pneumonia,E-9FC76B9714A55204D742CE4C.jpeg,1,0.9953875235890923,0.4501953125,1,1,0.3268042495468,0.3268042504787445,0.32318115234375,1.0112107317421664,0.3691472249496042,0.3691472113132477,1.1422300535551115,1,0,144,175,254,183,0.9855280281412633,0.9955961497611067,0.9914557250339773,0.9966214097245809,0.0012503439603703814,0.005123721485791655,-0.3396468052114021,-0.08862812610404854,/kaggle/input/datasets/hintrngia/locked-resnet-xai-inputs/R-C0/ResNet50/seed_42/best_checkpoint.pt
E03_XAI_R_C0_ResNet50,R-C0,ResNet50,42,100,pneumonia,E-A0A20FFCEFD96663F4AB4E87.jpeg,1,0.9896615875823511,0.4501953125,1,1,0.3323639461231369,0.33236393332481384,0.3404388427734375,0.9762809185211735,0.2437828902128587,0.2437828928232193,0.7160842406431763,0,0,240,240,255,233,0.9562519478243523,0.986101881999391,0.9743681888380697,0.9893155628006092,0.0005080523996260355,0.006766810310810445,0.0,0.0,/kaggle/input/datasets/hintrngia/locked-resnet-xai-inputs/R-C0/ResNet50/seed_42/best_checkpoint.pt
E03_XAI_R_C0_ResNet50,R-C0,ResNet50,42,101,pneumonia,E-A0D5A9410E976B289DD85CF6.jpeg,1,0.8240287447109863,0.4501953125,1,1,0.2326548637111433,0.232654869556427,0.2681732177734375,0.8675544323285057,0.19828401283366143,0.19828401505947113,0.7393878273153249,0,0,144,240,251,246,0.6308725525895384,0.9463904182670603,0.7423430736155874,0.9458769138694627,0.00015343451293958754,0.008383109551772905,0.06121111622318571,-0.048126361835333295,/kaggle/input/datasets/hintrngia/locked-resnet-xai-inputs/R-C0/ResNet50/seed_42/best_checkpoint.pt
E03_XAI_R_C0_ResNet50,R-C0,ResNet50,42,102,pneumonia,E-A540763BCA2A1AF575A9EE6B.jpeg,1,0.9837527398800465,0.4501953125,1,1,0.3198600709306933,0.3198600709438324,0.3713226318359375,0.8614074217593555,0.25749046969679773,0.25749045610427856,0.693441356977577,0,0,240,240,255,184,0.9192501366019019,0.9839574234130914,0.9319553498191079,0.9903950973232781,0.00012266809593919348,0.003638189754090082,0.9590999687849641,0.925633480503458,/kaggle/input/datasets/hintrngia/locked-resnet-xai-inputs/R-C0/ResNet50/seed_42/best_checkpoint.pt
E03_XAI_R_C0_ResNet50,R-C0,ResNet50,42,103,pneumonia,E-A9AC7ECA864D894719491A2C.jpeg,1,0.9960972088741011,0.4501953125,1,1,0.28911230661924164,0.28911229968070984,0.3572845458984375,0.8091934284261636,0.2222069893760094,0.2222069948911667,0.6219328317636623,0,0,240,240,255,235,0.97994464831762,0.9926566008384985,0.9886007760000941,0.9945699978683097,0.00010712604406654114,0.0019055294156795355,0.0,0.0,/kaggle/input/datasets/hintrngia/locked-resnet-xai-inputs/R-C0/ResNet50/seed_42/best_checkpoint.pt
E03_XAI_R_C0_ResNet50,R-C0,ResNet50,42,104,pneumonia,E-B15903E1E2039605DB9FB6A1.jpeg,1,0.9541472461981619,0.4501953125,1,1,0.18273559719335267,0.1827355921268463,0.2703704833984375,0.6758711043322738,0.09168347063922179,0.09168346971273422,0.3391031058080049,0,0,240,208,255,197,0.9311817674512116,0.9809968518382484,0.965045752305336,0.984273609676362,0.0031221882338677287,0.0008352253504762819,0.3488603114936857,0.5672682955859953,/kaggle/input/datasets/hintrngia/locked-resnet-xai-inputs/R-C0/ResNet50/seed_42/best_checkpoint.pt
E03_XAI_R_C0_ResNet50,R-C0,ResNet50,42,105,pneumonia,E-B29F964F9024332A9FD3DA8C.jpeg,1,0.9890672107182724,0.4501953125,1,1,0.42933938779067427,0.42933937907218933,0.444091796875,0.9667807214901604,0.5070034874878269,0.5070034861564636,1.1416637079440015,0,1,143,176,155,196,0.9851293845771767,0.990644737508779,0.9935148521352135,0.995350040818705,0.0005307411505244275,0.00036209668372344517,0.9936544877317305,0.6633641908565039,/kaggle/input/datasets/hintrngia/locked-resnet-xai-inputs/R-C0/ResNet50/seed_42/best_checkpoint.pt
E03_XAI_R_C0_ResNet50,R-C0,ResNet50,42,106,pneumonia,E-B352C843937DC9BD58C4B554.jpeg,1,0.9303398678276381,0.4501953125,1,1,0.2488231315722259,0.2488231360912323,0.322052001953125,0.7726178693602481,0.20875012480669008,0.20875012874603271,0.6481876328689112,0,0,143,144,255,201,0.8610356504269121,0.9808546167327117,0.8462475171755586,0.9861938631104554,0.0001342870424869691,0.005547619809233739,-0.4617723345383475,-0.05071117761245485,/kaggle/input/datasets/hintrngia/locked-resnet-xai-inputs/R-C0/ResNet50/seed_42/best_checkpoint.pt
E03_XAI_R_C0_ResNet50,R-C0,ResNet50,42,107,pneumonia,E-B41848B096ED1788DCCEEDA2.jpeg,1,0.9912466093850945,0.4501953125,1,1,0.25017932231577844,0.25017932057380676,0.2685089111328125,0.9317356405800339,0.31228441185082484,0.3122844099998474,1.1630318358274512,0,0,240,175,255,166,0.9813612140934642,0.9940722896162747,0.9858496840322766,0.9953053482595167,0.00019862779156415433,0.003736958925901923,-0.2072713487102071,-0.055688640019373584,/kaggle/input/datasets/hintrngia/locked-resnet-xai-inputs/R-C0/ResNet50/seed_42/best_checkpoint.pt
E03_XAI_R_C0_ResNet50,R-C0,ResNet50,42,108,pneumonia,E-B813D1454C73F6C74F660590.jpeg,1,0.9385241204867478,0.4501953125,1,1,0.11848717554687599,0.1184871718287468,0.2771453857421875,0.4275271451103928,0.0720443135717873,0.07204431295394897,0.25995133701704853,0,0,240,207,255,219,0.7078402137292906,0.9716781195556088,0.7922051966626751,0.9696606408145882,0.00016484335187329224,0.006359579663430273,-0.30681111071614126,-0.0362401357594702,/kaggle/input/datasets/hintrngia/locked-resnet-xai-inputs/R-C0/ResNet50/seed_42/best_checkpoint.pt
E03_XAI_R_C0_ResNet50,R-C0,ResNet50,42,109,pneumonia,E-BF1AD901130E35A45E611B5A.jpeg,1,0.9965523073277083,0.4501953125,1,1,0.3384773547663716,0.33847734332084656,0.2906494140625,1.164555434794673,0.2860653750891408,0.28606536984443665,0.9842282875809498,0,0,240,176,255,147,0.986092831345295,0.9973503243660701,0.9907271340763574,0.9978470140672028,0.0005127810843608138,0.004585788418003722,-0.2967835932432988,0.16579327679042724,/kaggle/input/datasets/hintrngia/locked-resnet-xai-inputs/R-C0/ResNet50/seed_42/best_checkpoint.pt
E03_XAI_R_C0_ResNet50,R-C0,ResNet50,42,110,pneumonia,E-BFFC08BEA9A0FA7A1279A0B5.jpeg,1,0.9963826223194802,0.4501953125,1,1,0.31984572977233305,0.3198457360267639,0.364898681640625,0.8765329826193702,0.30660479300683097,0.30660480260849,0.8402463709331636,0,0,240,240,255,186,0.9774558172166454,0.9905627546810509,0.9879419555096849,0.9946884979766571,0.0008295166395927978,0.002101349411066211,0.35833958873954214,0.6412004076804219,/kaggle/input/datasets/hintrngia/locked-resnet-xai-inputs/R-C0/ResNet50/seed_42/best_checkpoint.pt
E03_XAI_R_C0_ResNet50,R-C0,ResNet50,42,111,pneumonia,E-C378B1871ED2B8AC1E544A5B.jpeg,1,0.996042448646052,0.4501953125,1,1,0.22523465377606255,0.22523465752601624,0.2780303955078125,0.8101080220552129,0.14476120078693605,0.14476120471954346,0.5206668160239636,0,0,240,240,255,10,0.9930175986436667,0.9972730352958528,0.9963547105923847,0.9976690563150866,0.0010842296722863298,0.0005220202943319874,0.9750659602079471,0.9375315825428082,/kaggle/input/datasets/hintrngia/locked-resnet-xai-inputs/R-C0/ResNet50/seed_42/best_checkpoint.pt
E03_XAI_R_C0_ResNet50,R-C0,ResNet50,42,112,pneumonia,E-D2A52B478FEFC3F6A00973AF.jpeg,1,0.9576519385182574,0.4501953125,1,1,0.3411275334150837,0.34112754464149475,0.35107421875,0.9716678559584024,0.3271010111020496,0.3271010220050812,0.9317147019986057,0,0,144,175,251,214,0.929238199095689,0.9759924698169953,0.9435821904057261,0.985653929685393,0.000551812613460767,0.0004892764835043861,-0.2534358006549666,-0.047576232852202846,/kaggle/input/datasets/hintrngia/locked-resnet-xai-inputs/R-C0/ResNet50/seed_42/best_checkpoint.pt
E03_XAI_R_C0_ResNet50,R-C0,ResNet50,42,113,pneumonia,E-D33BB0B839138FAFF4DA3ED6.jpeg,1,0.9363771652073497,0.4501953125,1,1,0.17990117642443967,0.17990118265151978,0.3347625732421875,0.537399311643743,0.10043377876914657,0.10043378174304962,0.3000149562612147,0,0,240,176,255,54,0.804798352673322,0.9407218386012934,0.8483141301224095,0.9521187015706999,0.0006793232120747283,0.004261342397021833,0.9892797843663967,0.8261297198433747,/kaggle/input/datasets/hintrngia/locked-resnet-xai-inputs/R-C0/ResNet50/seed_42/best_checkpoint.pt
E03_XAI_R_C0_ResNet50,R-C0,ResNet50,42,114,pneumonia,E-DA47F22802134421DB0B257A.jpeg,1,0.9990249417686251,0.4501953125,1,1,0.4126135494166266,0.41261354088783264,0.39227294921875,1.0518531808996436,0.2828944880516863,0.282894492149353,0.7211674641728378,0,0,240,240,255,131,0.9959344251593234,0.9981698443341608,0.9976966643038307,0.9978790554769843,0.0001471259468076025,0.0014158605119969914,-0.3723114131045668,-0.0766572763287144,/kaggle/input/datasets/hintrngia/locked-resnet-xai-inputs/R-C0/ResNet50/seed_42/best_checkpoint.pt
E03_XAI_R_C0_ResNet50,R-C0,ResNet50,42,115,pneumonia,E-E09BD72833F7B4079F215903.jpeg,1,0.9887289007018359,0.4501953125,1,1,0.4458626592550429,0.44586265087127686,0.3171234130859375,1.405959449402805,0.48795095642490344,0.4879509508609772,1.5386784333475663,0,0,144,112,218,251,0.9756922580792007,0.9814781565119608,0.9853467577058763,0.9883405941155023,0.0006718003370965175,0.005716602155857176,-0.3031221287980805,0.5846205408102538,/kaggle/input/datasets/hintrngia/locked-resnet-xai-inputs/R-C0/ResNet50/seed_42/best_checkpoint.pt
E03_XAI_R_C0_ResNet50,R-C0,ResNet50,42,116,pneumonia,E-E0D541D212A934D795DA0D1B.jpeg,1,0.8349387531728582,0.4501953125,1,1,0.5155865301490881,0.5155865550041199,0.306488037109375,1.682240308665271,0.6954543442201101,0.6954543590545654,2.2691076323214743,0,1,143,143,91,130,0.8996807687027146,0.9286790372348628,0.9388643217109157,0.939146002699416,0.0008578753175282339,0.001821448002967907,-0.22903409455962437,0.07586066713471665,/kaggle/input/datasets/hintrngia/locked-resnet-xai-inputs/R-C0/ResNet50/seed_42/best_checkpoint.pt
E03_XAI_R_C0_ResNet50,R-C0,ResNet50,42,117,pneumonia,E-E1AD2A3BA30BC31AC67A922E.jpeg,1,0.9990035969032589,0.4501953125,1,1,0.3628694792934716,0.3628694713115692,0.3279571533203125,1.106453924299863,0.31422759078901347,0.3142275810241699,0.958136108963327,0,0,240,240,247,112,0.993769603908845,0.997011044236009,0.9963999754910076,0.9984074243025896,0.0011126389149070937,0.0040031773886499145,0.0,0.0,/kaggle/input/datasets/hintrngia/locked-resnet-xai-inputs/R-C0/ResNet50/seed_42/best_checkpoint.pt
E03_XAI_R_C0_ResNet50,R-C0,ResNet50,42,118,pneumonia,E-E280E4CD8F00E10AB30B96C9.jpeg,1,0.9793994174059392,0.4501953125,1,1,0.3032915255615654,0.30329152941703796,0.3293609619140625,0.9208484326709637,0.2861369831238202,0.2861369848251343,0.8687641105398508,0,0,143,112,254,118,0.9644890331780793,0.9850396272313069,0.973819224005408,0.9922769163873586,0.0019464722357568354,0.01062132563770568,0.26314142603660207,0.6084538881444969,/kaggle/input/datasets/hintrngia/locked-resnet-xai-inputs/R-C0/ResNet50/seed_42/best_checkpoint.pt
E03_XAI_R_C0_ResNet50,R-C0,ResNet50,42,119,pneumonia,E-E2EF7E089A1E8F497DBAC1CB.jpeg,1,0.9980523347479966,0.4501953125,1,1,0.36328038021177106,0.36328038573265076,0.3351898193359375,1.0838049345636012,0.4615051618755513,0.4615051746368408,1.3768471930020545,0,0,175,207,255,84,0.9906962441408713,0.9945147442771174,0.9951713520933689,0.9963753129164694,0.0003480638583124862,0.0056862362404229705,0.929430788179104,0.386913284706159,/kaggle/input/datasets/hintrngia/locked-resnet-xai-inputs/R-C0/ResNet50/seed_42/best_checkpoint.pt
E03_XAI_R_C0_ResNet50,R-C0,ResNet50,42,120,pneumonia,E-E7BF66D9C027E263610D5923.jpeg,1,0.94323765312506,0.4501953125,1,1,0.26375517804318316,0.2637551724910736,0.3877410888671875,0.6802353055069872,0.2531541903983171,0.2531541883945465,0.6528949282572157,0,0,143,207,246,178,0.8893856147913936,0.9480561595693561,0.9367032944142395,0.9660307844699851,0.0006004865688448713,0.0013461603826933066,-0.17877004657452436,-0.06811641417298468,/kaggle/input/datasets/hintrngia/locked-resnet-xai-inputs/R-C0/ResNet50/seed_42/best_checkpoint.pt
E03_XAI_R_C0_ResNet50,R-C0,ResNet50,42,121,pneumonia,E-EB1401E2B7015C0BDE01BE91.jpeg,1,0.9898633272800701,0.4501953125,1,1,0.22999387579457875,0.22999387979507446,0.329986572265625,0.6969794989398647,0.1850996144382373,0.18509961664676666,0.5609307468706335,0,0,240,176,254,151,0.9356663285428812,0.9849631812165179,0.9585619707955351,0.987140721666421,0.0001086289257187234,0.01732530308211952,0.5183960145049733,0.8775052549504936,/kaggle/input/datasets/hintrngia/locked-resnet-xai-inputs/R-C0/ResNet50/seed_42/best_checkpoint.pt
E03_XAI_R_C0_ResNet50,R-C0,ResNet50,42,122,pneumonia,E-EB344A640162B22F1A6C369F.jpeg,1,0.9920428094500415,0.4501953125,1,1,0.16632342872440845,0.16632342338562012,0.2807464599609375,0.5924328618339493,0.1196442025883801,0.11964420229196548,0.4261645992082221,0,0,240,240,255,59,0.9303165364762372,0.9797141667920412,0.9488761763996127,0.9850909166382116,0.0008146979160750523,0.008587437225239289,-0.20138731506921587,-0.04328123522322845,/kaggle/input/datasets/hintrngia/locked-resnet-xai-inputs/R-C0/ResNet50/seed_42/best_checkpoint.pt
E03_XAI_R_C0_ResNet50,R-C0,ResNet50,42,123,pneumonia,E-EC00E01864643AB223676743.jpeg,1,0.9645264371359242,0.4501953125,1,1,0.40412459323611916,0.40412458777427673,0.3099517822265625,1.3038305194861568,0.47688332325716015,0.47688332200050354,1.5385726122670826,0,0,144,175,250,74,0.9547104069570755,0.9745109763305875,0.9786799695843175,0.9716915994945503,0.0007245355562290334,0.0010501094631362728,-0.17519800002155145,-0.031087480865104357,/kaggle/input/datasets/hintrngia/locked-resnet-xai-inputs/R-C0/ResNet50/seed_42/best_checkpoint.pt
E03_XAI_R_C0_ResNet50,R-C0,ResNet50,42,124,pneumonia,E-EF92BEF2BC79AC7D99E44B1F.jpeg,1,0.9435679604024699,0.4501953125,1,1,0.23723751750136612,0.23723751306533813,0.343048095703125,0.6915575992780683,0.22369870982248025,0.2236987054347992,0.6520913907537614,0,0,111,208,10,75,0.8830405308040319,0.9726859494789404,0.9284362016963796,0.9793080170655788,0.0015264489767677358,0.0029559073504086264,0.501203637798793,0.48935232900825776,/kaggle/input/datasets/hintrngia/locked-resnet-xai-inputs/R-C0/ResNet50/seed_42/best_checkpoint.pt
E03_XAI_R_C0_ResNet50,R-C0,ResNet50,42,125,pneumonia,E-F051ECCC0E91B0C03A0B3894.jpeg,1,0.9992876246164311,0.4501953125,1,1,0.43556842317936445,0.4355684220790863,0.5049896240234375,0.8625294510192727,0.3341139387997814,0.3341139256954193,0.6616253540771256,0,0,240,240,255,203,0.9916484137495084,0.9965323620606679,0.994692184345505,0.9975436196395551,0.0008310236238021629,0.0024672989666305045,-0.40663441433037806,-0.07703842017719524,/kaggle/input/datasets/hintrngia/locked-resnet-xai-inputs/R-C0/ResNet50/seed_42/best_checkpoint.pt
E03_XAI_R_C0_ResNet50,R-C0,ResNet50,42,126,pneumonia,E-FA7B18636100FBD243EBAF3A.jpeg,1,0.9764225223853403,0.4501953125,1,1,0.2704825568343773,0.2704825699329376,0.2697601318359375,1.0026780273034532,0.18511149771397686,0.18511149287223816,0.686207767078635,0,0,240,207,251,6,0.9430446180967959,0.9863550798620726,0.958450450572831,0.9845914198341817,0.00017542018396166092,0.0016587470470882104,0.6261352990717292,0.8786454691963566,/kaggle/input/datasets/hintrngia/locked-resnet-xai-inputs/R-C0/ResNet50/seed_42/best_checkpoint.pt
E03_XAI_R_C0_ResNet50,R-C0,ResNet50,42,127,pneumonia,E-FDAF56855798F8C5BE7AC652.jpeg,1,0.9983663954152883,0.4501953125,1,1,0.3936716970584887,0.3936716914176941,0.37738037109375,1.0431695106916188,0.37799651101210185,0.3779965043067932,1.0016326761155228,1,0,144,207,255,214,0.9935464203510183,0.9975347290170415,0.9965998943399554,0.9975009149310616,0.0010576456455064775,0.0032213352296196485,0.6927458805730337,0.5323486184938995,/kaggle/input/datasets/hintrngia/locked-resnet-xai-inputs/R-C0/ResNet50/seed_42/best_checkpoint.pt
E03_XAI_R_C0_ResNet50,R-C0,ResNet50,2024,0,normal,E-03B36F677CCFA6787A3BC686.jpeg,0,0.8334906674367956,0.65234375,1,0,0.33208546722693644,0.3320854604244232,0.3590850830078125,0.9248099766364045,0.25939060609080683,0.25939059257507324,0.7223653066233424,0,0,0,144,7,136,0.7119702978363444,0.9069231336491057,0.75990988201092,0.9190090642254899,0.0027672581125600115,0.005198211362869576,-0.055114197841221235,0.2947163908964275,/kaggle/input/datasets/hintrngia/locked-resnet-xai-inputs/R-C0/ResNet50/seed_2024/best_checkpoint.pt
E03_XAI_R_C0_ResNet50,R-C0,ResNet50,2024,1,normal,E-06530ECE35CCF9FF05F7DDEB.jpeg,0,0.02307807527184635,0.65234375,0,1,0.30287054153746645,0.3028705418109894,0.2779541015625,1.0896422820706742,0.3900485929812445,0.3900485932826996,1.403284178174069,0,1,112,207,104,182,0.6322045751933938,0.9171492223709208,0.6938915184620789,0.937156138412129,0.0012886563441483756,0.0069830104304192675,-0.24346242206737678,-0.07161712734228128,/kaggle/input/datasets/hintrngia/locked-resnet-xai-inputs/R-C0/ResNet50/seed_2024/best_checkpoint.pt
E03_XAI_R_C0_ResNet50,R-C0,ResNet50,2024,2,normal,E-10FEC5D206E4A3A02E4F32C9.jpeg,0,0.6457162286292418,0.65234375,0,1,0.4463849936510662,0.446384996175766,0.2476806640625,1.8022601616508303,0.467975016577443,0.46797502040863037,1.8894289481529882,1,0,207,144,67,45,0.1444998942682749,0.2916335529372085,0.15399277551026602,0.3549929949578474,0.009215875642783478,0.016079371857297298,0.7471352571689313,0.6618156232006399,/kaggle/input/datasets/hintrngia/locked-resnet-xai-inputs/R-C0/ResNet50/seed_2024/best_checkpoint.pt
E03_XAI_R_C0_ResNet50,R-C0,ResNet50,2024,3,normal,E-16E04AC17A9CE052EFE7227B.jpeg,0,0.07834548394508944,0.65234375,0,1,0.41607479617524595,0.4160747826099396,0.3753509521484375,1.1084953795740038,0.34084624485539283,0.3408462405204773,0.9080734787122657,1,0,80,112,81,17,0.6269537090060386,0.8322865104974603,0.6958745549161724,0.8739469098804729,0.0015012450990867232,0.0019783319369417462,0.39748788236085114,0.42728013881737675,/kaggle/input/datasets/hintrngia/locked-resnet-xai-inputs/R-C0/ResNet50/seed_2024/best_checkpoint.pt
E03_XAI_R_C0_ResNet50,R-C0,ResNet50,2024,4,normal,E-256958BC036CED77CAAB2A55.jpeg,0,0.36071967868097626,0.65234375,0,1,0.3704687950827887,0.37046879529953003,0.3496246337890625,1.0596186860972217,0.2979182365281,0.2979182302951813,0.8521088268278079,0,0,80,0,68,2,0.45194552173996144,0.5413605476635457,0.5036650172178041,0.5756061922581315,0.0047795476860737485,0.008614486265032695,0.7417465290222405,0.8517149192789674,/kaggle/input/datasets/hintrngia/locked-resnet-xai-inputs/R-C0/ResNet50/seed_2024/best_checkpoint.pt
E03_XAI_R_C0_ResNet50,R-C0,ResNet50,2024,5,normal,E-280031A047E47DC7EA750C62.jpeg,0,0.3494747505049739,0.65234375,0,1,0.6702738864353224,0.6702739000320435,0.3791046142578125,1.7680446537100136,0.761379120787868,0.7613791227340698,2.0083615238459935,1,1,80,112,78,128,0.3294800650837912,0.4786590546908271,0.3221242297633908,0.5741039371955364,0.00011782981337227216,0.0020019528557676525,0.7358537699628093,0.6856891640047523,/kaggle/input/datasets/hintrngia/locked-resnet-xai-inputs/R-C0/ResNet50/seed_2024/best_checkpoint.pt
E03_XAI_R_C0_ResNet50,R-C0,ResNet50,2024,6,normal,E-28020DB22FEE86C7B17E72DA.jpeg,0,0.3847775772077589,0.65234375,0,1,0.18598935711076509,0.1859893500804901,0.3710174560546875,0.5012954352297389,0.05083445986371755,0.05083445832133293,0.13701366077024854,0,0,80,0,69,33,0.27134820717551045,0.4713721777446903,0.29673538520007986,0.479744102273163,0.00034959527575020855,0.002923999226643742,-0.07831645335574465,-0.017480696514579678,/kaggle/input/datasets/hintrngia/locked-resnet-xai-inputs/R-C0/ResNet50/seed_2024/best_checkpoint.pt
E03_XAI_R_C0_ResNet50,R-C0,ResNet50,2024,7,normal,E-28234EA54B2F1B13D8D5995E.jpeg,0,0.6113797428226025,0.65234375,0,1,0.5492354890061134,0.549235463142395,0.3462677001953125,1.5861585954922068,0.6215776270496438,0.6215776205062866,1.795078278161788,0,1,207,207,199,198,0.3010696413832006,0.37944359447866405,0.2765078051530625,0.4213916384029682,0.001667046560887564,0.012653898785101148,-0.0871937359780954,-0.021653844937247535,/kaggle/input/datasets/hintrngia/locked-resnet-xai-inputs/R-C0/ResNet50/seed_2024/best_checkpoint.pt
E03_XAI_R_C0_ResNet50,R-C0,ResNet50,2024,8,normal,E-28CAAFCB1AFEEA2D46764B17.jpeg,0,0.829860285091402,0.65234375,1,0,0.24550743478412754,0.24550743401050568,0.38934326171875,0.6305680845748778,0.1315254831370124,0.13152548670768738,0.33781368799448364,0,0,176,0,170,15,0.6481582392624392,0.9098871415580007,0.7252896619587563,0.9105809688866222,0.0005183816373636463,0.0006724099417769747,-0.29635735674302194,-0.040201901528616996,/kaggle/input/datasets/hintrngia/locked-resnet-xai-inputs/R-C0/ResNet50/seed_2024/best_checkpoint.pt
E03_XAI_R_C0_ResNet50,R-C0,ResNet50,2024,9,normal,E-29AE82E82E5A6A48DC6D8B99.jpeg,0,0.17841587523741181,0.65234375,0,1,0.18781019483181044,0.18781019747257233,0.3269195556640625,0.5744844307350072,0.12457976436371637,0.1245797649025917,0.38107161901239284,0,0,80,0,80,23,0.3663692305974943,0.7762234890630226,0.4419284732709463,0.7970700602038635,0.00027941761413602384,0.004597401057469905,0.7904023876977819,0.7705242978801878,/kaggle/input/datasets/hintrngia/locked-resnet-xai-inputs/R-C0/ResNet50/seed_2024/best_checkpoint.pt
E03_XAI_R_C0_ResNet50,R-C0,ResNet50,2024,10,normal,E-2B646E91E652E02CC65E6BA0.jpeg,0,0.01855118266111201,0.65234375,0,1,0.3086652002387768,0.3086651861667633,0.2742767333984375,1.1253787239415007,0.3367263243318405,0.3367263376712799,1.227688255433185,0,0,112,207,147,214,0.6908183517934069,0.9137088481312519,0.7747214299921314,0.9470199478672754,0.003934103096779107,0.0014845425217015484,0.7462461939565859,0.7032622826975148,/kaggle/input/datasets/hintrngia/locked-resnet-xai-inputs/R-C0/ResNet50/seed_2024/best_checkpoint.pt
E03_XAI_R_C0_ResNet50,R-C0,ResNet50,2024,11,normal,E-2F227E134B6699426A9E9AB9.jpeg,0,0.29381959372035044,0.65234375,0,1,0.267549638370945,0.26754963397979736,0.3509368896484375,0.7623867603060241,0.24897221310793047,0.24897220730781555,0.7094501047106975,0,0,143,240,103,206,0.3480862047042641,0.611365240404813,0.4126074487383584,0.6590891616079926,0.0005297930156589192,0.002910074333709295,0.7188840845737516,0.6233657414179079,/kaggle/input/datasets/hintrngia/locked-resnet-xai-inputs/R-C0/ResNet50/seed_2024/best_checkpoint.pt
E03_XAI_R_C0_ResNet50,R-C0,ResNet50,2024,12,normal,E-2F5E9CF0C3839769BD6D37AD.jpeg,0,0.6905192953857312,0.65234375,1,0,0.32161400544804714,0.32161399722099304,0.3790740966796875,0.8484198953847448,0.28082122275513666,0.2808212339878082,0.7408082620649936,0,0,0,0,7,11,0.5581399081012535,0.7575282381902868,0.5230832316422145,0.8049592313463213,0.0016997358548540564,0.002411417046628228,0.4966888718759086,0.8219493124657887,/kaggle/input/datasets/hintrngia/locked-resnet-xai-inputs/R-C0/ResNet50/seed_2024/best_checkpoint.pt
E03_XAI_R_C0_ResNet50,R-C0,ResNet50,2024,13,normal,E-306538194ADB5E9E447B7A10.jpeg,0,0.07384309681389466,0.65234375,0,1,0.32164434629118227,0.3216443359851837,0.2563934326171875,1.2544952614734821,0.29694811283422723,0.296948105096817,1.158173631060163,0,0,175,0,172,11,0.44633270687929305,0.8298757224676211,0.5117943408361673,0.8865600591327405,0.0007751270552381895,0.0031141835136883067,-0.36748368149307975,0.05452302713218456,/kaggle/input/datasets/hintrngia/locked-resnet-xai-inputs/R-C0/ResNet50/seed_2024/best_checkpoint.pt
E03_XAI_R_C0_ResNet50,R-C0,ResNet50,2024,14,normal,E-36FB7A78C2BFA1A3824C3EFA.jpeg,0,0.7513037849937552,0.65234375,1,0,0.29953971147472686,0.299539715051651,0.3275299072265625,0.914541557475318,0.27908115390094074,0.27908116579055786,0.8520783835104613,0,0,111,0,99,13,0.5555898967195416,0.8344382096198955,0.6158058029043945,0.8657582116229259,0.0016801583639836082,0.002622211129559293,0.10708469879885123,0.03943111685082448,/kaggle/input/datasets/hintrngia/locked-resnet-xai-inputs/R-C0/ResNet50/seed_2024/best_checkpoint.pt
E03_XAI_R_C0_ResNet50,R-C0,ResNet50,2024,15,normal,E-3B865A0E9283DC8B3D382B5F.jpeg,0,0.7804592664416261,0.65234375,1,0,0.24173228142252612,0.24173228442668915,0.360931396484375,0.6697457848696488,0.10381435159657125,0.10381434857845306,0.2876290414404707,0,0,240,240,11,40,0.747118574600858,0.8409252183590306,0.7696992124519833,0.8367368336787379,0.0020943738875557893,0.007279899879412105,0.11307090897303197,0.0007932634853808374,/kaggle/input/datasets/hintrngia/locked-resnet-xai-inputs/R-C0/ResNet50/seed_2024/best_checkpoint.pt
E03_XAI_R_C0_ResNet50,R-C0,ResNet50,2024,16,normal,E-3D66EC3C4F2D4073FE577EEA.jpeg,0,0.07710999445172029,0.65234375,0,1,0.3289448224872368,0.3289448320865631,0.2598114013671875,1.2660907903050185,0.3485171184541165,0.34851711988449097,1.3414234965060772,1,0,207,176,95,30,0.45944706496280985,0.7951597252727693,0.5729463831763769,0.8573392230350234,0.0014981689991147573,0.001995745073153865,0.7327764822155701,0.7748049097958745,/kaggle/input/datasets/hintrngia/locked-resnet-xai-inputs/R-C0/ResNet50/seed_2024/best_checkpoint.pt
E03_XAI_R_C0_ResNet50,R-C0,ResNet50,2024,17,normal,E-40D9418B91304B06987F2A6E.jpeg,0,0.7459462914035886,0.65234375,1,0,0.417708307987964,0.41770830750465393,0.3151092529296875,1.3255983570916279,0.46847265511611624,0.4684726595878601,1.486699139300266,0,0,143,143,31,63,0.6801126004969648,0.7934037206960212,0.6988658692409309,0.806221770288341,0.0023617523566712983,0.006329375957547123,-0.4621729828703327,-0.11329750187949969,/kaggle/input/datasets/hintrngia/locked-resnet-xai-inputs/R-C0/ResNet50/seed_2024/best_checkpoint.pt
E03_XAI_R_C0_ResNet50,R-C0,ResNet50,2024,18,normal,E-44BF14DBF8A5FE52BF53ED2E.jpeg,0,0.3069797298587704,0.65234375,0,1,0.32500664003800633,0.3250066339969635,0.32672119140625,0.9947522492775445,0.43780947963240285,0.43780946731567383,1.3400094366331567,0,1,111,207,81,184,0.35592918370526305,0.6047616573070916,0.358164526064206,0.5974628473732737,0.008437673670894374,0.011219250149834825,0.5393542798388624,0.8773181221728651,/kaggle/input/datasets/hintrngia/locked-resnet-xai-inputs/R-C0/ResNet50/seed_2024/best_checkpoint.pt
E03_XAI_R_C0_ResNet50,R-C0,ResNet50,2024,19,normal,E-47080ACF9F207EB21662EAAE.jpeg,0,0.7052455582443902,0.65234375,1,0,0.26562545328920806,0.2656254470348358,0.3899383544921875,0.6811985797989254,0.0968065339428512,0.09680653363466263,0.24826112339967507,0,0,112,0,107,10,0.6646482752279241,0.9109410848874383,0.6844784497456018,0.9057731146757827,0.0001784408050028996,0.0006360714483240326,0.8828003094764277,0.7847311898948635,/kaggle/input/datasets/hintrngia/locked-resnet-xai-inputs/R-C0/ResNet50/seed_2024/best_checkpoint.pt
E03_XAI_R_C0_ResNet50,R-C0,ResNet50,2024,20,normal,E-4F18C9F59223CD9D0CA81789.jpeg,0,0.8537632672601508,0.65234375,1,0,0.3675586117264314,0.3675585985183716,0.305145263671875,1.204536512556426,0.31804626468062824,0.3180462718009949,1.0422782279282754,0,0,79,0,78,17,0.803870790782232,0.947882983648858,0.7801928838623682,0.9416438206446296,0.0009252756231111214,0.007871742146354443,-0.18426839497425812,-0.016755574267492777,/kaggle/input/datasets/hintrngia/locked-resnet-xai-inputs/R-C0/ResNet50/seed_2024/best_checkpoint.pt
E03_XAI_R_C0_ResNet50,R-C0,ResNet50,2024,21,normal,E-57BEC1C15CFD6C2BBAF49905.jpeg,0,0.24350591049465287,0.65234375,0,1,0.27469599122632415,0.2746959924697876,0.3210601806640625,0.8555903465143472,0.14080312069398307,0.14080311357975006,0.43855678521937524,0,0,80,47,79,19,0.4039061091532991,0.7171166545675407,0.4516373713740306,0.7283190868814403,0.0016802825383593345,0.00025252077874377,0.7700579666550442,0.7674619286068185,/kaggle/input/datasets/hintrngia/locked-resnet-xai-inputs/R-C0/ResNet50/seed_2024/best_checkpoint.pt
E03_XAI_R_C0_ResNet50,R-C0,ResNet50,2024,22,normal,E-5822F4C00AF6A5D69871506D.jpeg,0,0.4611664622521494,0.65234375,0,1,0.35839673386102,0.3583967387676239,0.414520263671875,0.8646060645776267,0.2080999971442736,0.20809999108314514,0.5020261139971698,0,0,112,208,146,214,0.24155352569024907,0.42639451775931253,0.2997357381243074,0.42198731407294054,0.002933864020532251,0.0018690775706832752,0.8432953450728401,0.8849762584772715,/kaggle/input/datasets/hintrngia/locked-resnet-xai-inputs/R-C0/ResNet50/seed_2024/best_checkpoint.pt
E03_XAI_R_C0_ResNet50,R-C0,ResNet50,2024,23,normal,E-592EC4B388705AD74965EF2F.jpeg,0,0.12580977156143164,0.65234375,0,1,0.2999529874466775,0.29995298385620117,0.3038330078125,0.9872297602101976,0.348496195489638,0.3484961986541748,1.1469991295504678,0,1,79,47,87,199,0.44085716643163847,0.7362341179208358,0.5629690031343,0.7972988200678859,0.005449750859383262,0.0022429235482606114,0.37647421344950366,0.3441988158098462,/kaggle/input/datasets/hintrngia/locked-resnet-xai-inputs/R-C0/ResNet50/seed_2024/best_checkpoint.pt
E03_XAI_R_C0_ResNet50,R-C0,ResNet50,2024,24,normal,E-5EB53A5E9ABA53D43AB743A8.jpeg,0,0.2608774793527016,0.65234375,0,1,0.32113426073002305,0.3211342692375183,0.2571563720703125,1.2487898244349842,0.1951196589989455,0.19511966407299042,0.7587587950011804,0,0,80,47,82,40,0.4982128260630817,0.6649599454016254,0.5984866112947609,0.7647849934426676,0.0035733504169846997,0.011417341205021636,0.13242180289355715,0.17509852238291065,/kaggle/input/datasets/hintrngia/locked-resnet-xai-inputs/R-C0/ResNet50/seed_2024/best_checkpoint.pt
E03_XAI_R_C0_ResNet50,R-C0,ResNet50,2024,25,normal,E-5FBF0EE47B9EC5825E465989.jpeg,0,0.1283515001113317,0.65234375,0,1,0.2086351446384602,0.208635151386261,0.329376220703125,0.6334250365526789,0.2232107139132177,0.22321070730686188,0.6776770752810449,0,0,112,208,150,226,0.26395174337919547,0.8090506881092057,0.29638186406464806,0.8138939252390971,0.0006214999801987531,0.001325645414246318,-0.2047567650711655,0.15144259945885094,/kaggle/input/datasets/hintrngia/locked-resnet-xai-inputs/R-C0/ResNet50/seed_2024/best_checkpoint.pt
E03_XAI_R_C0_ResNet50,R-C0,ResNet50,2024,26,normal,E-67976418F9EE68ADAB32C212.jpeg,0,0.31574845384600336,0.65234375,0,1,0.18389974636276804,0.18389974534511566,0.26171875,0.7026617174458003,0.1323418686213697,0.13234186172485352,0.5056644532398604,0,0,111,47,91,38,0.6948146546897239,0.5591801688598104,0.7416817768178658,0.5903432213933546,0.002113156863631227,0.006932210183541537,0.4707361126056045,0.8701702413589855,/kaggle/input/datasets/hintrngia/locked-resnet-xai-inputs/R-C0/ResNet50/seed_2024/best_checkpoint.pt
E03_XAI_R_C0_ResNet50,R-C0,ResNet50,2024,27,normal,E-74019A53B16F834307F73E46.jpeg,0,0.29731259406218463,0.65234375,0,1,0.4569152946264335,0.4569152891635895,0.372467041015625,1.2267267820007353,0.5076693482233539,0.5076693296432495,1.3629913316331717,1,1,207,207,199,204,0.33334426901228703,0.5902871799678356,0.3212403734157462,0.5878716824934058,0.0027612364735175032,0.011413137327461687,0.4535855557476732,0.33329097743841624,/kaggle/input/datasets/hintrngia/locked-resnet-xai-inputs/R-C0/ResNet50/seed_2024/best_checkpoint.pt
E03_XAI_R_C0_ResNet50,R-C0,ResNet50,2024,28,normal,E-778E5DF620CB9DE6A84B008B.jpeg,0,0.8915360528528714,0.65234375,1,0,0.43062523058575514,0.43062523007392883,0.3386688232421875,1.2715230958174386,0.5378244119507304,0.5378243923187256,1.5880540960397866,1,0,144,143,130,128,0.8322103119908223,0.8574577932976408,0.7767197375456326,0.918425775912017,9.339438187822013e-05,0.0033974314001652406,-0.10108861065777311,-0.05097456728752368,/kaggle/input/datasets/hintrngia/locked-resnet-xai-inputs/R-C0/ResNet50/seed_2024/best_checkpoint.pt
E03_XAI_R_C0_ResNet50,R-C0,ResNet50,2024,29,normal,E-77C42172A076E16EE5474210.jpeg,0,0.32231473435416635,0.65234375,0,1,0.4822036735916354,0.4822036623954773,0.39276123046875,1.2277272708819509,0.5684693057546651,0.5684692859649658,1.44736613915842,0,1,112,207,102,191,0.2652646823717266,0.6768254370354805,0.2856000071516912,0.7037117440239022,0.00685432038874878,0.0051995096671725305,0.9506105582819564,0.8107892809922684,/kaggle/input/datasets/hintrngia/locked-resnet-xai-inputs/R-C0/ResNet50/seed_2024/best_checkpoint.pt
E03_XAI_R_C0_ResNet50,R-C0,ResNet50,2024,30,normal,E-7B1FB0C84C51C5CD8EDBCCFD.jpeg,0,0.9825873185793815,0.65234375,1,0,0.35164515049842854,0.3516451418399811,0.388427734375,0.9053039198249926,0.45597968015745477,0.45597967505455017,1.1739112318824227,0,1,80,0,97,165,0.9187595840689746,0.9666690068333217,0.8976079208679292,0.9706370751814051,0.0032743583384707287,0.005718069626249989,-0.0957624890540325,0.12897352290969333,/kaggle/input/datasets/hintrngia/locked-resnet-xai-inputs/R-C0/ResNet50/seed_2024/best_checkpoint.pt
E03_XAI_R_C0_ResNet50,R-C0,ResNet50,2024,31,normal,E-7B7A8A9BEAA512F9DC3E0865.jpeg,0,0.2231358764132656,0.65234375,0,1,0.541040810790885,0.54104083776474,0.356475830078125,1.5177489331389193,0.5309605515902874,0.5309605598449707,1.4894713941024347,1,0,80,112,129,3,0.24144907442873548,0.6403126410562232,0.29790829184627476,0.6992989460899515,0.0016214678726341747,0.007002022626675597,0.38521581794270554,0.6387647948997498,/kaggle/input/datasets/hintrngia/locked-resnet-xai-inputs/R-C0/ResNet50/seed_2024/best_checkpoint.pt
E03_XAI_R_C0_ResNet50,R-C0,ResNet50,2024,32,normal,E-82FCB2C3D1996A8155B45525.jpeg,0,0.18017053815786782,0.65234375,0,1,0.33159743402172076,0.3315974473953247,0.2450714111328125,1.3530645312276628,0.41504440356196765,0.4150443971157074,1.6935651598180133,0,1,111,47,88,189,0.4014325416278687,0.697155769795712,0.5071959540052529,0.7719063278722926,4.9061424311158675e-05,0.0036016007124839433,0.8282781244640987,0.737018191991646,/kaggle/input/datasets/hintrngia/locked-resnet-xai-inputs/R-C0/ResNet50/seed_2024/best_checkpoint.pt
E03_XAI_R_C0_ResNet50,R-C0,ResNet50,2024,33,normal,E-843CBB869621D4078F498542.jpeg,0,0.7406462192910263,0.65234375,1,0,0.2808948328393602,0.28089484572410583,0.3597412109375,0.7808247270512516,0.13113137814057396,0.1311313807964325,0.36451586349765247,0,0,0,112,175,7,0.5492707378110675,0.8395384997577034,0.5961042700636159,0.8624731782521031,0.0005650212335627791,0.0008014019770733183,0.09312063962055715,0.10699126865882684,/kaggle/input/datasets/hintrngia/locked-resnet-xai-inputs/R-C0/ResNet50/seed_2024/best_checkpoint.pt
E03_XAI_R_C0_ResNet50,R-C0,ResNet50,2024,34,normal,E-845A5BC2008587BFFF60937F.jpeg,0,0.7582458829728128,0.65234375,1,0,0.20825675801865973,0.20825675129890442,0.3625030517578125,0.5744965649497362,0.17333626609319744,0.17333626747131348,0.4781649844123327,0,0,0,0,25,6,0.669294709796193,0.8298605104292396,0.7376675094095548,0.8699131768378194,0.0010330483744594443,0.0032770899002542986,0.2889540176566128,0.10650727641369995,/kaggle/input/datasets/hintrngia/locked-resnet-xai-inputs/R-C0/ResNet50/seed_2024/best_checkpoint.pt
E03_XAI_R_C0_ResNet50,R-C0,ResNet50,2024,35,normal,E-8BB569A271B438E1FF7419AA.jpeg,0,0.47038333887714134,0.65234375,0,1,0.20780455692589117,0.20780456066131592,0.3291015625,0.6314298703030046,0.06550498954168059,0.06550499051809311,0.1990418673313974,0,0,112,0,183,19,0.1868389334532614,0.48672127516580865,0.2020805108659356,0.5560655474434186,0.0020842363510169826,0.0010730950443818693,0.8664263288499899,0.8795262766207573,/kaggle/input/datasets/hintrngia/locked-resnet-xai-inputs/R-C0/ResNet50/seed_2024/best_checkpoint.pt
E03_XAI_R_C0_ResNet50,R-C0,ResNet50,2024,36,normal,E-8E65534102472D38A215B619.jpeg,0,0.6433279945996816,0.65234375,0,1,0.41130882688229736,0.41130882501602173,0.4018096923828125,1.0236408794500529,0.19535258666949892,0.19535258412361145,0.48618186761752485,0,0,80,0,78,1,0.24531178041043505,0.34041705692679486,0.2935710965348327,0.3677069642491258,0.00854263659707527,0.007290492969750595,-0.15622552072022833,-0.03663044552925748,/kaggle/input/datasets/hintrngia/locked-resnet-xai-inputs/R-C0/ResNet50/seed_2024/best_checkpoint.pt
E03_XAI_R_C0_ResNet50,R-C0,ResNet50,2024,37,normal,E-91CCC5E035FBDB0CCBB30E2A.jpeg,0,0.26405889642246366,0.65234375,0,1,0.612597260004498,0.6125972867012024,0.4178619384765625,1.4660278996404885,0.7061250753881867,0.7061250805854797,1.6898525813635277,1,1,80,112,68,185,0.4195466030164946,0.6275336018061745,0.4847688592477431,0.6682647046810948,0.005651309765659529,0.009458209227199643,-0.23744340176089243,0.12139983243717377,/kaggle/input/datasets/hintrngia/locked-resnet-xai-inputs/R-C0/ResNet50/seed_2024/best_checkpoint.pt
E03_XAI_R_C0_ResNet50,R-C0,ResNet50,2024,38,normal,E-91CD2D4F539A3D56107014E7.jpeg,0,0.5280636841607549,0.65234375,0,1,0.5005380620319813,0.5005380511283875,0.376434326171875,1.3296823037425183,0.2974576960138395,0.2974576950073242,0.7901981177933921,1,0,80,143,79,18,0.21730720679665239,0.44684295711907457,0.23976896481078022,0.4769947131780364,0.003191485189602772,0.0003239814966065624,-0.1901820913596314,-0.02892759669154454,/kaggle/input/datasets/hintrngia/locked-resnet-xai-inputs/R-C0/ResNet50/seed_2024/best_checkpoint.pt
E03_XAI_R_C0_ResNet50,R-C0,ResNet50,2024,39,normal,E-93DEE19500CF7BC746908FEA.jpeg,0,0.2625358637894676,0.65234375,0,1,0.3953960577520554,0.39539605379104614,0.3555908203125,1.1119411277393882,0.41906606520442624,0.41906607151031494,1.1785064216116237,0,1,111,208,191,200,0.2937216942581925,0.637197786048347,0.3362162274343417,0.6561594971373317,0.0021671912677190264,0.0012862947755276632,-0.09799884434437828,0.16842874960242682,/kaggle/input/datasets/hintrngia/locked-resnet-xai-inputs/R-C0/ResNet50/seed_2024/best_checkpoint.pt
E03_XAI_R_C0_ResNet50,R-C0,ResNet50,2024,40,normal,E-9A48264C99FDAC90E29908DD.jpeg,0,0.9319271134695795,0.65234375,1,0,0.30630730600671685,0.306307315826416,0.3754425048828125,0.815856761083365,0.35696263594691197,0.3569626212120056,0.9507784315958879,0,0,240,0,253,9,0.8036972721660708,0.8993746139447338,0.8399233739123431,0.9251457072528526,0.0002060727119304051,0.003401487677452242,-0.2836501124066953,-0.039299432698176665,/kaggle/input/datasets/hintrngia/locked-resnet-xai-inputs/R-C0/ResNet50/seed_2024/best_checkpoint.pt
E03_XAI_R_C0_ResNet50,R-C0,ResNet50,2024,41,normal,E-A5B76F5465A7745EBBAE1D8D.jpeg,0,0.5445161899907319,0.65234375,0,1,0.25928176099071487,0.2592817544937134,0.36846923828125,0.7036727467404129,0.14392414436434048,0.14392414689064026,0.3906001625418841,0,0,112,208,143,223,0.1405600698700128,0.46297573707136375,0.14908057129230906,0.49802124968189854,3.630865063913857e-05,0.00042042993298505027,-0.29062027859096484,-0.04775041879948601,/kaggle/input/datasets/hintrngia/locked-resnet-xai-inputs/R-C0/ResNet50/seed_2024/best_checkpoint.pt
E03_XAI_R_C0_ResNet50,R-C0,ResNet50,2024,42,normal,E-A92185A886C303721C499620.jpeg,0,0.8952701839745801,0.65234375,1,0,0.2757842577065689,0.2757842540740967,0.4248199462890625,0.6491791642921483,0.13316245992605394,0.1331624537706375,0.31345623266814665,0,0,0,144,75,2,0.8035736441618054,0.9169812182592745,0.7668074214864509,0.9210408669939991,0.0008500743660355137,0.0006691060550860217,0.26500182428435964,0.7695973408469903,/kaggle/input/datasets/hintrngia/locked-resnet-xai-inputs/R-C0/ResNet50/seed_2024/best_checkpoint.pt
E03_XAI_R_C0_ResNet50,R-C0,ResNet50,2024,43,normal,E-B1906A980682154F21AC8637.jpeg,0,0.2806957951259063,0.65234375,0,1,0.35327262260700193,0.35327261686325073,0.37506103515625,0.9419070217726802,0.3631479001965202,0.36314791440963745,0.968236809897443,0,1,208,207,201,200,0.3301193356437866,0.6388770949924399,0.43589685511052584,0.6377288114399432,0.0024877527614142747,0.00031776829205837354,0.09064889007621228,0.3564438453559299,/kaggle/input/datasets/hintrngia/locked-resnet-xai-inputs/R-C0/ResNet50/seed_2024/best_checkpoint.pt
E03_XAI_R_C0_ResNet50,R-C0,ResNet50,2024,44,normal,E-B701F1D8C0C0617522833A87.jpeg,0,0.08456934055410933,0.65234375,0,1,0.2781844173764239,0.2781844139099121,0.2968597412109375,0.9370904126024835,0.23022672688064963,0.23022672533988953,0.7755404149498974,1,0,207,207,79,26,0.41581869610595756,0.7752040837156261,0.4350340819089445,0.8360815633535198,0.004100991791701758,0.0003257734761018538,0.48069328800099154,0.7537388675155652,/kaggle/input/datasets/hintrngia/locked-resnet-xai-inputs/R-C0/ResNet50/seed_2024/best_checkpoint.pt
E03_XAI_R_C0_ResNet50,R-C0,ResNet50,2024,45,normal,E-B80945974BB38152A2ADE2AF.jpeg,0,0.003908059265368137,0.65234375,0,1,0.2495958386637041,0.24959583580493927,0.287933349609375,0.8668528289700325,0.2514940419856659,0.25149405002593994,0.873445338398124,0,0,112,207,155,208,0.7490174584643909,0.9690993863575946,0.7825328581267128,0.9789578404085512,0.00042851560647549913,0.0014044224183408227,-0.11036534900013655,-0.040851510248107716,/kaggle/input/datasets/hintrngia/locked-resnet-xai-inputs/R-C0/ResNet50/seed_2024/best_checkpoint.pt
E03_XAI_R_C0_ResNet50,R-C0,ResNet50,2024,46,normal,E-BB74E7A26CC5772AE8204932.jpeg,0,0.8114056019442139,0.65234375,1,0,0.33553651015719865,0.33553650975227356,0.396759033203125,0.8456934362611404,0.3076077380998716,0.3076077401638031,0.7753011585306201,1,0,143,112,254,181,0.6696321037343198,0.8270428982075673,0.7155914851843749,0.8662428077464615,0.0014295630827695915,0.00031396842056213847,0.9147323209358806,0.5578999561143259,/kaggle/input/datasets/hintrngia/locked-resnet-xai-inputs/R-C0/ResNet50/seed_2024/best_checkpoint.pt
E03_XAI_R_C0_ResNet50,R-C0,ResNet50,2024,47,normal,E-BB96C349B18A4710DE07EC01.jpeg,0,0.41874581380094944,0.65234375,0,1,0.611319840756089,0.6113198399543762,0.3329010009765625,1.8363412514915456,0.6078176745761971,0.6078176498413086,1.825821108357045,1,0,80,112,86,10,0.25890274753259457,0.5610791910387695,0.33274386461557925,0.6077087630140745,0.004830273586463929,0.0015684243819519272,0.18839034768942434,0.6427382724250011,/kaggle/input/datasets/hintrngia/locked-resnet-xai-inputs/R-C0/ResNet50/seed_2024/best_checkpoint.pt
E03_XAI_R_C0_ResNet50,R-C0,ResNet50,2024,48,normal,E-BCDF7BD5461E233F18CDF83C.jpeg,0,0.09687222274391397,0.65234375,0,1,0.33024713529110733,0.3302471339702606,0.2940521240234375,1.1230904601960463,0.3017512234961562,0.3017512261867523,1.0261827711610239,0,0,111,47,90,22,0.5365898535598995,0.8346126321181877,0.6097385852878405,0.8790655966440009,0.0026667475803017204,0.00032773859071183464,0.6497656741623493,0.7388907079595592,/kaggle/input/datasets/hintrngia/locked-resnet-xai-inputs/R-C0/ResNet50/seed_2024/best_checkpoint.pt
E03_XAI_R_C0_ResNet50,R-C0,ResNet50,2024,49,normal,E-BF6060CF2B5D86362B50F1EF.jpeg,0,0.13437301526186532,0.65234375,0,1,0.3160838888898282,0.3160838782787323,0.3540191650390625,0.8928440042361873,0.32339910402360417,0.3233990967273712,0.9135073350843034,1,1,176,208,183,208,0.4696386525490369,0.7836925614158863,0.4566774939813288,0.7847250395217849,0.002915222424606456,0.0005822191479381567,0.3071502104116319,0.908254901363384,/kaggle/input/datasets/hintrngia/locked-resnet-xai-inputs/R-C0/ResNet50/seed_2024/best_checkpoint.pt
E03_XAI_R_C0_ResNet50,R-C0,ResNet50,2024,50,normal,E-C7B56CF9C42EB131FD94EA3C.jpeg,0,0.9340008415543929,0.65234375,1,0,0.2617837318461129,0.2617837190628052,0.32830810546875,0.7973721254074575,0.25976469455120316,0.259764701128006,0.7912223007114543,0,0,240,0,247,10,0.769805771433418,0.9193417113612904,0.7709443684550894,0.9489061181891971,0.0004897708741076756,0.01321044349863873,-0.3062190256118581,-0.07242378414709061,/kaggle/input/datasets/hintrngia/locked-resnet-xai-inputs/R-C0/ResNet50/seed_2024/best_checkpoint.pt
E03_XAI_R_C0_ResNet50,R-C0,ResNet50,2024,51,normal,E-D31B79C24E008C43E1511E9D.jpeg,0,0.05291954188425845,0.65234375,0,1,0.4406006598409773,0.4406006634235382,0.29034423828125,1.5175112909048922,0.48307928275618156,0.48307928442955017,1.663815633524759,1,0,80,144,84,11,0.6935737393416652,0.8835406256922597,0.7599587479533404,0.9282991629585278,0.0038684203722059163,0.007807015843505349,-0.6168096487345892,-0.005691216117819153,/kaggle/input/datasets/hintrngia/locked-resnet-xai-inputs/R-C0/ResNet50/seed_2024/best_checkpoint.pt
E03_XAI_R_C0_ResNet50,R-C0,ResNet50,2024,52,normal,E-E13640D767DD410F37B990A9.jpeg,0,0.29785120789534236,0.65234375,0,1,0.3092206244566151,0.3092206120491028,0.3385162353515625,0.913458771439654,0.23663995816407998,0.23663996160030365,0.6990505430805114,0,0,112,208,127,226,0.2958046214695734,0.7247604086166223,0.3062013481959587,0.7435411442754308,0.0015700198139743105,0.005234122431960003,0.6354068439178401,0.8279783221950909,/kaggle/input/datasets/hintrngia/locked-resnet-xai-inputs/R-C0/ResNet50/seed_2024/best_checkpoint.pt
E03_XAI_R_C0_ResNet50,R-C0,ResNet50,2024,53,normal,E-E2352C479C37BA410D3419C8.jpeg,0,0.32765201857612286,0.65234375,0,1,0.5936386158799942,0.5936385989189148,0.460540771484375,1.289003390441697,0.6303583667851923,0.6303583383560181,1.3687352039505123,1,1,240,207,55,150,0.29465070184158004,0.5464842150547342,0.2896840077321782,0.580202102305859,0.0007052396230891045,0.008893568070265312,-0.17660648581817018,-0.06521803350683877,/kaggle/input/datasets/hintrngia/locked-resnet-xai-inputs/R-C0/ResNet50/seed_2024/best_checkpoint.pt
E03_XAI_R_C0_ResNet50,R-C0,ResNet50,2024,54,normal,E-E249A212D4F7D1C6D4206FBF.jpeg,0,0.32436034138580655,0.65234375,0,1,0.5397222729400982,0.5397222638130188,0.44427490234375,1.2148385382402211,0.4063628154520566,0.4063628017902374,0.9146652518706547,0,0,143,240,136,210,0.26109731150272514,0.6103643974007678,0.3035570971873975,0.6224718385341628,0.0009960912444761938,0.004143065119133704,0.8950959244950706,0.893696077204049,/kaggle/input/datasets/hintrngia/locked-resnet-xai-inputs/R-C0/ResNet50/seed_2024/best_checkpoint.pt
E03_XAI_R_C0_ResNet50,R-C0,ResNet50,2024,55,normal,E-E2DD25AE8644A21D4C1655DA.jpeg,0,0.441129981377254,0.65234375,0,1,0.26144249780698,0.26144251227378845,0.3409881591796875,0.7667201654037786,0.23812076672028712,0.23812076449394226,0.6983256172095018,0,0,80,0,69,3,0.32312444775536114,0.4375916609321266,0.3157750756777985,0.4811112993516633,6.246747522842266e-05,0.010345038203999346,0.8445461664198541,0.6525090939656222,/kaggle/input/datasets/hintrngia/locked-resnet-xai-inputs/R-C0/ResNet50/seed_2024/best_checkpoint.pt
E03_XAI_R_C0_ResNet50,R-C0,ResNet50,2024,56,normal,E-E35138A3EAFB63D43C970EAE.jpeg,0,0.5568190355403919,0.65234375,0,1,0.5104758139996849,0.5104758143424988,0.4013519287109375,1.2718907708734117,0.6375420423950372,0.6375420689582825,1.5884863053796585,0,1,111,207,81,179,0.1719063406484083,0.4411532424538663,0.19139413264163455,0.4841777549373076,0.006218951148950214,0.009150705745039844,0.20935848228512813,0.4253385044042918,/kaggle/input/datasets/hintrngia/locked-resnet-xai-inputs/R-C0/ResNet50/seed_2024/best_checkpoint.pt
E03_XAI_R_C0_ResNet50,R-C0,ResNet50,2024,57,normal,E-EACE2F51FB2EF2E191B9BC55.jpeg,0,0.911984665102752,0.65234375,1,0,0.2939357007964344,0.2939356863498688,0.4419708251953125,0.6650567956980882,0.18062986552418855,0.18062986433506012,0.4086918303812609,0,0,80,0,65,3,0.7875220559880038,0.9206390381705077,0.7954034609208417,0.9234500339010643,0.0008078525304384687,0.00113934950697539,-0.07245022806919149,-0.022225038046923547,/kaggle/input/datasets/hintrngia/locked-resnet-xai-inputs/R-C0/ResNet50/seed_2024/best_checkpoint.pt
E03_XAI_R_C0_ResNet50,R-C0,ResNet50,2024,58,normal,E-ED70ACD6E494856AB99B813B.jpeg,0,0.9341594787975405,0.65234375,1,0,0.19269306109175385,0.1926930546760559,0.3370513916015625,0.5717023157095922,0.07609958357329948,0.07609958201646805,0.225780357148796,0,0,240,0,251,10,0.7620231826144159,0.936165004165809,0.6804903851042677,0.9479672740738223,0.002509143652100837,0.001400345186261573,0.9188739662887841,0.8947217920104795,/kaggle/input/datasets/hintrngia/locked-resnet-xai-inputs/R-C0/ResNet50/seed_2024/best_checkpoint.pt
E03_XAI_R_C0_ResNet50,R-C0,ResNet50,2024,59,normal,E-EE1CB872F9ABCF62B8C9A410.jpeg,0,0.10447828232972105,0.65234375,0,1,0.3396378838005611,0.3396378755569458,0.260040283203125,1.3060971923925344,0.4322052586448585,0.4322052597999573,1.6620704043275112,0,1,111,207,83,169,0.40896144509666543,0.7395459535136994,0.42891543009345495,0.8038239182284085,0.0015750138858164897,0.0008404571484110224,0.7777673176270237,0.878593591125011,/kaggle/input/datasets/hintrngia/locked-resnet-xai-inputs/R-C0/ResNet50/seed_2024/best_checkpoint.pt
E03_XAI_R_C0_ResNet50,R-C0,ResNet50,2024,60,normal,E-EFAD2710B0F9E9CA19CFEDAD.jpeg,0,0.7156636266610533,0.65234375,1,0,0.3927033099977152,0.3927033245563507,0.36236572265625,1.083720908034793,0.3900574069384512,0.39005741477012634,1.0764191603974371,0,0,0,79,8,58,0.6122790946742457,0.8738913127082304,0.6240517401183557,0.8807817231445041,0.0001518060680343325,0.0014797555997447254,-0.1399597655677474,-0.03733320256153324,/kaggle/input/datasets/hintrngia/locked-resnet-xai-inputs/R-C0/ResNet50/seed_2024/best_checkpoint.pt
E03_XAI_R_C0_ResNet50,R-C0,ResNet50,2024,61,normal,E-F32C5A7DA665488BF8EB2294.jpeg,0,0.6461904255062438,0.65234375,0,1,0.5307283279628042,0.5307283401489258,0.3988037109375,1.3308008762385346,0.40205770267263197,0.4020577073097229,1.0081593817857977,1,0,80,112,79,10,0.26507704927265474,0.3112430878083266,0.2660911914925249,0.3400963194643743,0.001255850787174495,0.013178950484104668,-0.2294557522089937,-0.07509014036975392,/kaggle/input/datasets/hintrngia/locked-resnet-xai-inputs/R-C0/ResNet50/seed_2024/best_checkpoint.pt
E03_XAI_R_C0_ResNet50,R-C0,ResNet50,2024,62,normal,E-F57AB9616B464FB4687D409D.jpeg,0,0.3808059589124613,0.65234375,0,1,0.4114835572559924,0.4114835560321808,0.43695068359375,0.9417162455765022,0.36638001450836927,0.3663800060749054,0.838492828286789,0,0,112,208,145,226,0.2313633316893269,0.5139427604097317,0.24780094996399404,0.5491242735316721,5.240493211300379e-05,0.0034062501623145502,0.7896785300008546,0.8773480241322135,/kaggle/input/datasets/hintrngia/locked-resnet-xai-inputs/R-C0/ResNet50/seed_2024/best_checkpoint.pt
E03_XAI_R_C0_ResNet50,R-C0,ResNet50,2024,63,normal,E-F803B5977A560D3CAEE3206F.jpeg,0,0.246979192008222,0.65234375,0,1,0.3990047529920113,0.3990047574043274,0.3428192138671875,1.163892619935214,0.4381367439632755,0.4381367564201355,1.2780402213191446,0,0,112,208,136,214,0.33430662439202324,0.6711243024697773,0.33897898763208606,0.7013216271613897,0.003238881892420442,0.0016017075788868351,0.7093266968789179,0.7605337818067127,/kaggle/input/datasets/hintrngia/locked-resnet-xai-inputs/R-C0/ResNet50/seed_2024/best_checkpoint.pt
E03_XAI_R_C0_ResNet50,R-C0,ResNet50,2024,64,pneumonia,E-018B83433C4DD934AA5C8B2B.jpeg,1,0.9971640904976484,0.65234375,1,1,0.4066257094527876,0.4066257178783417,0.3726043701171875,1.0913068714811371,0.5190725237424695,0.5190725326538086,1.3930929569591908,0,0,143,176,98,199,0.9546808160856557,0.9826539644821279,0.9578722602476403,0.9784720598965397,0.0008486719280730304,0.002311745329379722,0.14071348252271618,0.3347042487772511,/kaggle/input/datasets/hintrngia/locked-resnet-xai-inputs/R-C0/ResNet50/seed_2024/best_checkpoint.pt
E03_XAI_R_C0_ResNet50,R-C0,ResNet50,2024,65,pneumonia,E-01E4EA18817F6CBD784D8ACE.jpeg,1,0.9676248799012086,0.65234375,1,1,0.34900142086281916,0.349001407623291,0.355072021484375,0.9829031851167046,0.385191983865284,0.38519197702407837,1.0848277548171574,0,0,0,144,7,136,0.8737737932958693,0.9488340273687619,0.8864478648336895,0.9443071040059101,0.001096797681414241,0.005974415907452346,-0.13571096832815072,0.15789283104359525,/kaggle/input/datasets/hintrngia/locked-resnet-xai-inputs/R-C0/ResNet50/seed_2024/best_checkpoint.pt
E03_XAI_R_C0_ResNet50,R-C0,ResNet50,2024,66,pneumonia,E-0981A556ADE7F427711A3360.jpeg,1,0.9917912539401107,0.65234375,1,1,0.3253751645868047,0.32537516951560974,0.315826416015625,1.0302341668934598,0.40069015207935804,0.40069013833999634,1.268703730151358,1,0,143,175,254,139,0.9252391399840165,0.9832492828826207,0.9485928345385302,0.9866342514608043,0.0009214751295364421,0.013416432413377422,0.6478496181250744,0.4207731740927732,/kaggle/input/datasets/hintrngia/locked-resnet-xai-inputs/R-C0/ResNet50/seed_2024/best_checkpoint.pt
E03_XAI_R_C0_ResNet50,R-C0,ResNet50,2024,67,pneumonia,E-0B7E667233F7AB135F8A84DD.jpeg,1,0.997551751328575,0.65234375,1,1,0.455079539465822,0.4550795257091522,0.3825225830078125,1.1896801906111976,0.5390605661903592,0.5390605926513672,1.409225468341433,0,0,112,144,111,116,0.9566179969644171,0.9824854361404008,0.9660913505346987,0.9847961383640771,0.000569885192618913,0.002464668777513168,-0.15841031281629026,-0.008840007548682683,/kaggle/input/datasets/hintrngia/locked-resnet-xai-inputs/R-C0/ResNet50/seed_2024/best_checkpoint.pt
E03_XAI_R_C0_ResNet50,R-C0,ResNet50,2024,68,pneumonia,E-122745006C7E29B76E58625B.jpeg,1,0.9747848448570479,0.65234375,1,1,0.4075116364518544,0.4075116217136383,0.3352813720703125,1.2154317847589646,0.5596455609134929,0.5596455335617065,1.6691817903803154,0,0,0,112,11,95,0.9258279681502481,0.9512383786856893,0.9123016189489552,0.9512134066983529,0.0006947719793020668,0.0006308177912851543,0.09415183123906523,0.2609575105694103,/kaggle/input/datasets/hintrngia/locked-resnet-xai-inputs/R-C0/ResNet50/seed_2024/best_checkpoint.pt
E03_XAI_R_C0_ResNet50,R-C0,ResNet50,2024,69,pneumonia,E-1265B89238C345234A9C993B.jpeg,1,0.9576987696989246,0.65234375,1,1,0.2417676812420683,0.24176767468452454,0.3254241943359375,0.7429308743789651,0.13646098931609146,0.13646098971366882,0.41933264855907393,0,0,48,0,67,2,0.6331876357944167,0.9655370483290102,0.692675468830292,0.9618694452428124,0.0006116556926049066,0.00011383503676407059,-0.1386897848725018,0.0911528511721656,/kaggle/input/datasets/hintrngia/locked-resnet-xai-inputs/R-C0/ResNet50/seed_2024/best_checkpoint.pt
E03_XAI_R_C0_ResNet50,R-C0,ResNet50,2024,70,pneumonia,E-1777E855F7110F5A72B38BC0.jpeg,1,0.9763744808611188,0.65234375,1,1,0.35128214188103946,0.35128214955329895,0.3238525390625,1.084697816166406,0.4383283514601861,0.438328355550766,1.3534812872830173,0,0,176,0,127,166,0.8846079208449824,0.9525931500299277,0.8649306178968146,0.9679217588415836,0.0008245010948232379,0.004581407955732142,0.5809555161707338,0.8004709157947224,/kaggle/input/datasets/hintrngia/locked-resnet-xai-inputs/R-C0/ResNet50/seed_2024/best_checkpoint.pt
E03_XAI_R_C0_ResNet50,R-C0,ResNet50,2024,71,pneumonia,E-198E88DB173F06A1227B639B.jpeg,1,0.9710661241380527,0.65234375,1,1,0.2544298263137381,0.25442981719970703,0.256744384765625,0.99098496952913,0.25826635531077047,0.2582663595676422,1.0059279603974,0,0,240,0,213,3,0.9386063788706762,0.9719924644913454,0.9327571952631046,0.9728233680435097,0.0021394417883339734,0.004466232875263376,-0.25504729564000034,-0.03187185008483983,/kaggle/input/datasets/hintrngia/locked-resnet-xai-inputs/R-C0/ResNet50/seed_2024/best_checkpoint.pt
E03_XAI_R_C0_ResNet50,R-C0,ResNet50,2024,72,pneumonia,E-1A06E979246F3D9634B22BF8.jpeg,1,0.9974926400066327,0.65234375,1,1,0.41067990864037,0.4106799066066742,0.303802490234375,1.3517990202237715,0.6032468978466576,0.6032469272613525,1.9856548818321724,0,1,111,207,86,192,0.9643280583252324,0.9915935036275279,0.9567294159389107,0.9933002761706284,2.6366526298504667e-05,0.0016357319264268533,-0.08044753993170446,0.15059431887332236,/kaggle/input/datasets/hintrngia/locked-resnet-xai-inputs/R-C0/ResNet50/seed_2024/best_checkpoint.pt
E03_XAI_R_C0_ResNet50,R-C0,ResNet50,2024,73,pneumonia,E-220D81ED5B8FE3B14418B9F7.jpeg,1,0.9626880253489771,0.65234375,1,1,0.2162349081247827,0.21623490750789642,0.2836456298828125,0.762341757967925,0.29168618198652707,0.29168617725372314,1.0283471742788228,0,0,0,0,11,10,0.8452285968500752,0.9419267335652368,0.8228139725445044,0.9632746238970173,0.002875591543682665,0.012738073227207491,0.002840311275297662,0.10874182239945569,/kaggle/input/datasets/hintrngia/locked-resnet-xai-inputs/R-C0/ResNet50/seed_2024/best_checkpoint.pt
E03_XAI_R_C0_ResNet50,R-C0,ResNet50,2024,74,pneumonia,E-227257A6740CF45FAF02E456.jpeg,1,0.8434267666430509,0.65234375,1,1,0.24897332313283832,0.2489733248949051,0.381500244140625,0.6526164188798373,0.2282377461357736,0.22823774814605713,0.5982636961344716,0,0,240,240,10,35,0.7415035582078648,0.8879350892592598,0.7324839044257829,0.9044083450054912,0.00183071970988255,0.005111726629276531,0.4040300710046998,0.732525197061278,/kaggle/input/datasets/hintrngia/locked-resnet-xai-inputs/R-C0/ResNet50/seed_2024/best_checkpoint.pt
E03_XAI_R_C0_ResNet50,R-C0,ResNet50,2024,75,pneumonia,E-2C0709EBA6450DCFB3BBB340.jpeg,1,0.9847841303765821,0.65234375,1,1,0.3340398340374423,0.3340398371219635,0.3762359619140625,0.8878466384182107,0.4339537012046653,0.4339537024497986,1.1534083530903576,0,0,79,0,72,3,0.8484926255722542,0.9344117637741856,0.8656723435192555,0.975518984974233,0.0003807332064505453,0.002881728139715989,0.18482334786067983,0.6269124191615855,/kaggle/input/datasets/hintrngia/locked-resnet-xai-inputs/R-C0/ResNet50/seed_2024/best_checkpoint.pt
E03_XAI_R_C0_ResNet50,R-C0,ResNet50,2024,76,pneumonia,E-30421FA65AB177DCD15E84C4.jpeg,1,0.9994715916367184,0.65234375,1,1,0.49452808079908694,0.4945280849933624,0.41265869140625,1.1983949232084368,0.6064084750604526,0.6064084768295288,1.4695158194631646,0,1,111,144,95,160,0.9863334470429723,0.9959091369409787,0.9845319789727365,0.9957974530998788,0.001546944788290927,0.0015103219933365608,-0.24147407122951742,0.050471438335742365,/kaggle/input/datasets/hintrngia/locked-resnet-xai-inputs/R-C0/ResNet50/seed_2024/best_checkpoint.pt
E03_XAI_R_C0_ResNet50,R-C0,ResNet50,2024,77,pneumonia,E-386D019ED9E9E8244987AC20.jpeg,1,0.9973857651936406,0.65234375,1,1,0.3904508596232953,0.3904508650302887,0.3555145263671875,1.0982697770836636,0.5505279066506684,0.5505279302597046,1.5485384304158207,0,1,143,175,157,127,0.9401745373317969,0.9868978350457085,0.9330302497078096,0.989638244021978,0.00040171497710594917,0.000993112331413748,0.050300300858550334,0.11757348112407776,/kaggle/input/datasets/hintrngia/locked-resnet-xai-inputs/R-C0/ResNet50/seed_2024/best_checkpoint.pt
E03_XAI_R_C0_ResNet50,R-C0,ResNet50,2024,78,pneumonia,E-3AC987E53985CBAF71C33ABC.jpeg,1,0.9267443487614986,0.65234375,1,1,0.2759556712095876,0.2759556770324707,0.4218597412109375,0.6541408061775792,0.1819958463819023,0.18199585378170013,0.4314131655689351,0,0,207,0,187,6,0.8073071879865767,0.9485462383792247,0.8227390437453301,0.952828239077518,0.002422976103759966,0.0034086084246758297,0.25902145433337626,0.1359651400762129,/kaggle/input/datasets/hintrngia/locked-resnet-xai-inputs/R-C0/ResNet50/seed_2024/best_checkpoint.pt
E03_XAI_R_C0_ResNet50,R-C0,ResNet50,2024,79,pneumonia,E-3EB4BE73D28C1518A6A12685.jpeg,1,0.9790996947631119,0.65234375,1,1,0.4555692011862164,0.45556920766830444,0.40576171875,1.1227505704324563,0.5861597188581336,0.5861597061157227,1.444590979809215,1,1,175,176,160,195,0.93694583248715,0.9567028249679488,0.9446944924483931,0.9549150984450829,1.2315459755107838e-05,0.002799204646449338,0.27774830779481563,0.6160863578219771,/kaggle/input/datasets/hintrngia/locked-resnet-xai-inputs/R-C0/ResNet50/seed_2024/best_checkpoint.pt
E03_XAI_R_C0_ResNet50,R-C0,ResNet50,2024,80,pneumonia,E-401B5DEDAD367F085127D1DA.jpeg,1,0.8814733409042872,0.65234375,1,1,0.3893806744064933,0.38938066363334656,0.364349365234375,1.0687013936637886,0.26690362236673937,0.2669036090373993,0.7325486135952186,0,0,0,48,10,35,0.7724860624526102,0.8731048046552145,0.7431327860771324,0.8379097810969468,0.00036318729384748893,0.0038325865552817917,0.6455634641424477,0.9251298084035371,/kaggle/input/datasets/hintrngia/locked-resnet-xai-inputs/R-C0/ResNet50/seed_2024/best_checkpoint.pt
E03_XAI_R_C0_ResNet50,R-C0,ResNet50,2024,81,pneumonia,E-4329094918EDAAADE18246AB.jpeg,1,0.9995827029363137,0.65234375,1,1,0.4966460544480948,0.49664604663848877,0.4228057861328125,1.1746434668992147,0.629630315983861,0.6296303272247314,1.4891714745504463,0,1,143,143,94,128,0.9849783225374998,0.9922090774310118,0.9875084234629954,0.9945099823856792,0.0005514364358630841,0.00317391601587913,0.8296980607234149,0.8268031166499443,/kaggle/input/datasets/hintrngia/locked-resnet-xai-inputs/R-C0/ResNet50/seed_2024/best_checkpoint.pt
E03_XAI_R_C0_ResNet50,R-C0,ResNet50,2024,82,pneumonia,E-443A80FA1DE791815F946FF9.jpeg,1,0.9743236809504311,0.65234375,1,1,0.3741190719821726,0.3741190731525421,0.309112548828125,1.2103004986387433,0.518145994788749,0.5181459784507751,1.676237334113706,0,1,144,207,159,160,0.9605718469953581,0.9383492571338325,0.9371567235078064,0.9562939090611516,0.0020060303464060625,0.007792554390267159,-0.1167302932126312,0.48124592728784654,/kaggle/input/datasets/hintrngia/locked-resnet-xai-inputs/R-C0/ResNet50/seed_2024/best_checkpoint.pt
E03_XAI_R_C0_ResNet50,R-C0,ResNet50,2024,83,pneumonia,E-4B97630FB65DE326125E1DE1.jpeg,1,0.9974663665278927,0.65234375,1,1,0.42047956957840626,0.42047956585884094,0.3383941650390625,1.2425733449921286,0.5488616940167945,0.5488616824150085,1.6219596870218986,0,1,112,144,86,156,0.9791680095618229,0.9867381871735271,0.970141563219342,0.9936454450013215,0.000787885848715808,0.0025718477892779923,0.8173143148146812,0.659667018529346,/kaggle/input/datasets/hintrngia/locked-resnet-xai-inputs/R-C0/ResNet50/seed_2024/best_checkpoint.pt
E03_XAI_R_C0_ResNet50,R-C0,ResNet50,2024,84,pneumonia,E-55F059ED3BB72FAD418A344C.jpeg,1,0.9087585111429455,0.65234375,1,1,0.23932088270153254,0.23932088911533356,0.3324737548828125,0.7198188704726071,0.15270760209229498,0.15270760655403137,0.4593072380889735,0,0,240,0,249,7,0.7378985268733832,0.856485963076006,0.78229852888193,0.8898111121686222,0.0008487405919503366,0.007240219907495599,-0.14724285264894968,-0.018294659832260026,/kaggle/input/datasets/hintrngia/locked-resnet-xai-inputs/R-C0/ResNet50/seed_2024/best_checkpoint.pt
E03_XAI_R_C0_ResNet50,R-C0,ResNet50,2024,85,pneumonia,E-6060B7AB38566FD26078DE5E.jpeg,1,0.9884466490072371,0.65234375,1,1,0.380055525646549,0.3800555169582367,0.271087646484375,1.4019654918818099,0.5626358419204907,0.5626358389854431,2.075475770353556,1,1,112,143,99,134,0.9594691768239385,0.9759820644424305,0.9519649460322686,0.9755462723921298,0.0013411604746181305,0.003354648752866285,-0.03147784366679234,0.29758437509037605,/kaggle/input/datasets/hintrngia/locked-resnet-xai-inputs/R-C0/ResNet50/seed_2024/best_checkpoint.pt
E03_XAI_R_C0_ResNet50,R-C0,ResNet50,2024,86,pneumonia,E-638A63581494A3F6A20C2D9C.jpeg,1,0.9065482230515842,0.65234375,1,1,0.38847222440985724,0.38847222924232483,0.312408447265625,1.2434754175502787,0.46762358265759635,0.46762359142303467,1.4968339900873417,0,0,0,144,11,136,0.8433873550993882,0.8845061732119432,0.8306329813422733,0.9132060609472374,0.0008568835181227419,0.011547831745682802,0.39725488848344864,0.09911107187011842,/kaggle/input/datasets/hintrngia/locked-resnet-xai-inputs/R-C0/ResNet50/seed_2024/best_checkpoint.pt
E03_XAI_R_C0_ResNet50,R-C0,ResNet50,2024,87,pneumonia,E-63AE2F3741553AC167D0B283.jpeg,1,0.9913379592042156,0.65234375,1,1,0.2907857887943046,0.2907857894897461,0.3596954345703125,0.8084222396141156,0.3810015901816934,0.3810015916824341,1.059233878341639,0,0,79,0,78,6,0.9355699192535569,0.978845027096456,0.8955358191050051,0.9740006339643477,0.0004129378793270577,0.005458106882968439,0.5214016882157868,0.36315891109481174,/kaggle/input/datasets/hintrngia/locked-resnet-xai-inputs/R-C0/ResNet50/seed_2024/best_checkpoint.pt
E03_XAI_R_C0_ResNet50,R-C0,ResNet50,2024,88,pneumonia,E-63E40A6B7E9FE7A4F927B234.jpeg,1,0.9527280321518778,0.65234375,1,1,0.27420731191288894,0.27420732378959656,0.3593597412109375,0.7630440488099481,0.22040935604470552,0.2204093486070633,0.6133390326417486,0,0,240,240,255,59,0.8010425758091586,0.9360815101196773,0.7733957375076368,0.9513927484803387,0.0030905141822787363,0.0030812307445212406,0.10164923209821566,0.13417756909339967,/kaggle/input/datasets/hintrngia/locked-resnet-xai-inputs/R-C0/ResNet50/seed_2024/best_checkpoint.pt
E03_XAI_R_C0_ResNet50,R-C0,ResNet50,2024,89,pneumonia,E-6C94FB136A3DC9D9B1FE1032.jpeg,1,0.9509619538046957,0.65234375,1,1,0.3403889207313303,0.3403889238834381,0.3358001708984375,1.0136651206001936,0.45533120028901714,0.4553312063217163,1.3559588104758045,0,0,48,0,51,2,0.8577601590504509,0.9341530625389246,0.8392964593316298,0.946216681327527,0.00015373643892208078,0.00424699779796911,0.7882824485479494,0.3325169778922435,/kaggle/input/datasets/hintrngia/locked-resnet-xai-inputs/R-C0/ResNet50/seed_2024/best_checkpoint.pt
E03_XAI_R_C0_ResNet50,R-C0,ResNet50,2024,90,pneumonia,E-6EBA6C5A4DF4C84E483A5386.jpeg,1,0.9978156243956903,0.65234375,1,1,0.3935223363161439,0.39352232217788696,0.3423919677734375,1.1493328505198452,0.47143282989942464,0.4714328348636627,1.3768805178612546,0,0,112,207,11,8,0.9546142985585063,0.9836260278368912,0.947688335834002,0.9893336163243849,0.0003134372764195259,0.0042580306010460145,0.8610900168872717,0.5948181204485246,/kaggle/input/datasets/hintrngia/locked-resnet-xai-inputs/R-C0/ResNet50/seed_2024/best_checkpoint.pt
E03_XAI_R_C0_ResNet50,R-C0,ResNet50,2024,91,pneumonia,E-73D66A02A1612F6E79C3F7EC.jpeg,1,0.9958870814758871,0.65234375,1,1,0.4537744072976219,0.4537743926048279,0.3591766357421875,1.26337395627074,0.6445581316624721,0.6445581316947937,1.7945435964413006,1,1,112,144,99,147,0.9534898167437098,0.975372633565019,0.9260480538152605,0.9813611913036921,0.0008495852630907019,0.004695265425008421,-0.36052923823413663,-0.03506975210309628,/kaggle/input/datasets/hintrngia/locked-resnet-xai-inputs/R-C0/ResNet50/seed_2024/best_checkpoint.pt
E03_XAI_R_C0_ResNet50,R-C0,ResNet50,2024,92,pneumonia,E-7725ED8C0E93C0BF91B23FCE.jpeg,1,0.9985565382983452,0.65234375,1,1,0.41549234278484504,0.41549235582351685,0.38677978515625,1.0742348972994953,0.5289742315414138,0.5289742350578308,1.3676367065763806,0,0,143,175,117,170,0.978874317181365,0.9898072759367651,0.9818456407934815,0.9947886624055341,3.0061682776971743e-05,0.0062315860997786965,-0.0187187016448058,-0.011473726709899566,/kaggle/input/datasets/hintrngia/locked-resnet-xai-inputs/R-C0/ResNet50/seed_2024/best_checkpoint.pt
E03_XAI_R_C0_ResNet50,R-C0,ResNet50,2024,93,pneumonia,E-77D4D0C371CD4C8665643C00.jpeg,1,0.9769302119271082,0.65234375,1,1,0.3116070598601559,0.3116070628166199,0.29443359375,1.0583271286792693,0.44340025644424597,0.4434002637863159,1.5059431595320327,0,0,240,208,255,206,0.8992064043490577,0.9559095090042369,0.890044710715372,0.9680865175121622,0.0028544142185221166,0.016700755267197664,0.37963049630485307,0.4551807666472347,/kaggle/input/datasets/hintrngia/locked-resnet-xai-inputs/R-C0/ResNet50/seed_2024/best_checkpoint.pt
E03_XAI_R_C0_ResNet50,R-C0,ResNet50,2024,94,pneumonia,E-7B805F2D3984459EDD091000.jpeg,1,0.996042020065198,0.65234375,1,1,0.3282910183302478,0.32829102873802185,0.3260345458984375,1.006920961168677,0.44356672860378893,0.4435667395591736,1.360489967041602,0,0,207,0,125,204,0.9366327023922283,0.980534565455127,0.934319198348771,0.9848333481039754,0.00020532427156544353,0.006450473430629156,-0.5262706523333889,-0.01857601487877657,/kaggle/input/datasets/hintrngia/locked-resnet-xai-inputs/R-C0/ResNet50/seed_2024/best_checkpoint.pt
E03_XAI_R_C0_ResNet50,R-C0,ResNet50,2024,95,pneumonia,E-8B99D004F7E59741CFAB602B.jpeg,1,0.9980567991950621,0.65234375,1,1,0.5119850591073946,0.5119850635528564,0.44635009765625,1.1470481619602835,0.6095424483553427,0.6095424294471741,1.3656151338512148,0,1,112,112,74,187,0.9850477443429408,0.9938908322613866,0.9840579486854,0.9893918465337662,0.0012409455848552131,0.0005402776407302801,-0.261866312087902,-0.06128927597863956,/kaggle/input/datasets/hintrngia/locked-resnet-xai-inputs/R-C0/ResNet50/seed_2024/best_checkpoint.pt
E03_XAI_R_C0_ResNet50,R-C0,ResNet50,2024,96,pneumonia,E-8E859FAC3770F43BC30CF790.jpeg,1,0.994284963408313,0.65234375,1,1,0.2923889032934062,0.292388916015625,0.32305908203125,0.9050632517587696,0.37250977262538637,0.37250977754592896,1.1530701142441584,0,0,208,0,243,15,0.944461281854404,0.9821194246297431,0.9426952214308978,0.9849559431120987,0.0007679711967459868,0.00015661311337278327,0.21530116861881776,0.2575675258292765,/kaggle/input/datasets/hintrngia/locked-resnet-xai-inputs/R-C0/ResNet50/seed_2024/best_checkpoint.pt
E03_XAI_R_C0_ResNet50,R-C0,ResNet50,2024,97,pneumonia,E-9A9C78D1B9953A6FD2BA65F6.jpeg,1,0.998780926257332,0.65234375,1,1,0.4778815200536053,0.477881520986557,0.39300537109375,1.215966893082508,0.5602036765354379,0.5602036714553833,1.4254351663855591,0,1,143,112,162,160,0.9800559128686539,0.9923455072019207,0.9822472118301606,0.9764346110397181,0.0016549452408795573,0.008725569832088498,-0.34863283360895947,0.0015487736423035131,/kaggle/input/datasets/hintrngia/locked-resnet-xai-inputs/R-C0/ResNet50/seed_2024/best_checkpoint.pt
E03_XAI_R_C0_ResNet50,R-C0,ResNet50,2024,98,pneumonia,E-9B56CC62692974C989F872CC.jpeg,1,0.9963790612282988,0.65234375,1,1,0.3819515222365808,0.3819515109062195,0.37744140625,1.011949181811795,0.5056289286191578,0.5056289434432983,1.3396223102354916,0,0,144,176,131,159,0.9418842050196495,0.9820662569977474,0.9465728242663938,0.988509710149605,3.0512276260274973e-05,0.0033761670810222855,0.906344796527567,0.8174527024493798,/kaggle/input/datasets/hintrngia/locked-resnet-xai-inputs/R-C0/ResNet50/seed_2024/best_checkpoint.pt
E03_XAI_R_C0_ResNet50,R-C0,ResNet50,2024,99,pneumonia,E-9FC76B9714A55204D742CE4C.jpeg,1,0.944589489296247,0.65234375,1,1,0.3570063623376296,0.35700637102127075,0.32318115234375,1.1046633126609486,0.37862994023069635,0.3786299526691437,1.1715718490537732,0,0,80,0,85,2,0.850066309566833,0.9317219206752181,0.7842577927565124,0.9416462132925588,0.0010516545210990103,0.0006083339432441104,0.6105676721707182,0.339910849052824,/kaggle/input/datasets/hintrngia/locked-resnet-xai-inputs/R-C0/ResNet50/seed_2024/best_checkpoint.pt
E03_XAI_R_C0_ResNet50,R-C0,ResNet50,2024,100,pneumonia,E-A0A20FFCEFD96663F4AB4E87.jpeg,1,0.9911924300439621,0.65234375,1,1,0.36359608465542226,0.3635960817337036,0.3404388427734375,1.068021738334353,0.41314414896986584,0.41314414143562317,1.213563486481517,0,0,0,0,11,10,0.9165970574170561,0.9762147912868057,0.938926833261222,0.9807067416335393,0.0023921504598489185,0.0076163239720949405,-0.2935899346447149,0.010227755713452556,/kaggle/input/datasets/hintrngia/locked-resnet-xai-inputs/R-C0/ResNet50/seed_2024/best_checkpoint.pt
E03_XAI_R_C0_ResNet50,R-C0,ResNet50,2024,101,pneumonia,E-A0D5A9410E976B289DD85CF6.jpeg,1,0.8697393504422588,0.65234375,1,1,0.29258352416456435,0.29258352518081665,0.2681732177734375,1.0910244005490122,0.371855078572147,0.37185508012771606,1.3866227271296856,0,1,112,207,94,203,0.7919185076815535,0.8602493031507789,0.7884312241889819,0.8761349169123696,0.003538811635311001,0.005786611234448069,0.4184150210048513,0.5167378141348461,/kaggle/input/datasets/hintrngia/locked-resnet-xai-inputs/R-C0/ResNet50/seed_2024/best_checkpoint.pt
E03_XAI_R_C0_ResNet50,R-C0,ResNet50,2024,102,pneumonia,E-A540763BCA2A1AF575A9EE6B.jpeg,1,0.9828727674059381,0.65234375,1,1,0.3936179023418148,0.3936178982257843,0.3713226318359375,1.0600428538267177,0.5108749477647021,0.5108749270439148,1.3758249671957066,0,0,0,0,8,7,0.8837916118462356,0.9503008612203969,0.8745428806763809,0.9645807967212254,0.0018575633969470373,0.004451300416178361,0.144887338494786,0.11827937915064336,/kaggle/input/datasets/hintrngia/locked-resnet-xai-inputs/R-C0/ResNet50/seed_2024/best_checkpoint.pt
E03_XAI_R_C0_ResNet50,R-C0,ResNet50,2024,103,pneumonia,E-A9AC7ECA864D894719491A2C.jpeg,1,0.9879506374860333,0.65234375,1,1,0.3187895987544824,0.31878960132598877,0.3572845458984375,0.8922568927599298,0.40147465030407653,0.40147465467453003,1.1236832236740533,0,1,112,207,163,192,0.9303136686560574,0.9646236180494422,0.9567068346729226,0.9792456921900919,3.0466408771356868e-06,0.0010337960952753744,-0.023087140998487826,0.06636866461407953,/kaggle/input/datasets/hintrngia/locked-resnet-xai-inputs/R-C0/ResNet50/seed_2024/best_checkpoint.pt
E03_XAI_R_C0_ResNet50,R-C0,ResNet50,2024,104,pneumonia,E-B15903E1E2039605DB9FB6A1.jpeg,1,0.977647815070617,0.65234375,1,1,0.2523671561761125,0.25236716866493225,0.2703704833984375,0.9334123792063722,0.270913077672371,0.2709130644798279,1.002006854694763,0,0,79,0,82,1,0.8272371034891826,0.9593645383621598,0.7672827929751167,0.9635742489426979,0.0001910570688397062,0.00789100363519768,0.8560627748953704,0.6263317841463398,/kaggle/input/datasets/hintrngia/locked-resnet-xai-inputs/R-C0/ResNet50/seed_2024/best_checkpoint.pt
E03_XAI_R_C0_ResNet50,R-C0,ResNet50,2024,105,pneumonia,E-B29F964F9024332A9FD3DA8C.jpeg,1,0.9832523444970209,0.65234375,1,1,0.48250746557781216,0.48250746726989746,0.444091796875,1.0865038917024292,0.6097372453574448,0.6097372174263,1.372998217143537,0,1,112,144,151,144,0.9487922805674542,0.9673097796975911,0.9492840615400493,0.9741216172728597,0.0024862378850856737,0.00183566400849422,0.2066295079611601,0.15220876554573393,/kaggle/input/datasets/hintrngia/locked-resnet-xai-inputs/R-C0/ResNet50/seed_2024/best_checkpoint.pt
E03_XAI_R_C0_ResNet50,R-C0,ResNet50,2024,106,pneumonia,E-B352C843937DC9BD58C4B554.jpeg,1,0.8255087562181914,0.65234375,1,1,0.31878485735298623,0.3187848627567291,0.322052001953125,0.9898552265462572,0.5140257064473177,0.5140256881713867,1.5960953614010904,1,1,112,112,99,164,0.734262202496142,0.83806177716783,0.705575865858403,0.8922062740600004,3.811476015330717e-05,0.0001096321183130522,-0.38673201320723016,-0.017229945824895128,/kaggle/input/datasets/hintrngia/locked-resnet-xai-inputs/R-C0/ResNet50/seed_2024/best_checkpoint.pt
E03_XAI_R_C0_ResNet50,R-C0,ResNet50,2024,107,pneumonia,E-B41848B096ED1788DCCEEDA2.jpeg,1,0.9920829243681698,0.65234375,1,1,0.3187076863741623,0.318707674741745,0.2685089111328125,1.186953852032568,0.4807825599744659,0.48078256845474243,1.790564633203762,0,1,111,175,83,162,0.9487291574564335,0.986712908218956,0.9243560610559586,0.9886783612238009,0.0006708326645406548,0.00030908688808783946,0.34293628307908786,0.735218370062294,/kaggle/input/datasets/hintrngia/locked-resnet-xai-inputs/R-C0/ResNet50/seed_2024/best_checkpoint.pt
E03_XAI_R_C0_ResNet50,R-C0,ResNet50,2024,108,pneumonia,E-B813D1454C73F6C74F660590.jpeg,1,0.9324595404777974,0.65234375,1,1,0.1490218557521184,0.14902184903621674,0.2771453857421875,0.5377028210411734,0.06720757440818423,0.06720757484436035,0.24249934462449824,0,0,0,0,9,2,0.7539861158141211,0.951927253635859,0.7450403866067848,0.9475048299782812,0.0024621268983347766,0.0039458518829116745,0.5075058449691123,0.18406945274128714,/kaggle/input/datasets/hintrngia/locked-resnet-xai-inputs/R-C0/ResNet50/seed_2024/best_checkpoint.pt
E03_XAI_R_C0_ResNet50,R-C0,ResNet50,2024,109,pneumonia,E-BF1AD901130E35A45E611B5A.jpeg,1,0.9953305799379917,0.65234375,1,1,0.42069465775094445,0.42069464921951294,0.2906494140625,1.4474299186458366,0.6098707879163905,0.6098707914352417,2.0983038616594167,1,1,143,144,99,160,0.9400427802570805,0.9895399458734666,0.9316060527571155,0.9919110364530661,1.1338441468500271e-05,0.010434059155512765,0.2987292690738706,0.43489774878470255,/kaggle/input/datasets/hintrngia/locked-resnet-xai-inputs/R-C0/ResNet50/seed_2024/best_checkpoint.pt
E03_XAI_R_C0_ResNet50,R-C0,ResNet50,2024,110,pneumonia,E-BFFC08BEA9A0FA7A1279A0B5.jpeg,1,0.9951809900658185,0.65234375,1,1,0.3469001309466332,0.3469001352787018,0.364898681640625,0.9506752104089049,0.43603721105039,0.43603721261024475,1.1949541968469666,0,0,0,0,11,10,0.9295073070087331,0.9683074649339385,0.9273476247620652,0.9828865363206594,0.0026460163861769526,0.007966850427602534,0.7842252071673739,0.3065363568057929,/kaggle/input/datasets/hintrngia/locked-resnet-xai-inputs/R-C0/ResNet50/seed_2024/best_checkpoint.pt
E03_XAI_R_C0_ResNet50,R-C0,ResNet50,2024,111,pneumonia,E-C378B1871ED2B8AC1E544A5B.jpeg,1,0.9915837997419494,0.65234375,1,1,0.32168028582262725,0.3216802775859833,0.2780303955078125,1.1569968284765764,0.48130621123549283,0.4813062250614166,1.7311280313665143,0,0,112,175,24,7,0.9521432507569152,0.985138725936618,0.9519373389217535,0.9790641866009464,0.002903700668014597,0.011860616554947856,-0.003937227764704562,0.5500656729213823,/kaggle/input/datasets/hintrngia/locked-resnet-xai-inputs/R-C0/ResNet50/seed_2024/best_checkpoint.pt
E03_XAI_R_C0_ResNet50,R-C0,ResNet50,2024,112,pneumonia,E-D2A52B478FEFC3F6A00973AF.jpeg,1,0.9833764646518046,0.65234375,1,1,0.3916616634844798,0.391661673784256,0.35107421875,1.1156093001616336,0.5198494553369566,0.5198494791984558,1.4807394777887164,0,1,80,0,166,131,0.7803024508941325,0.9462997365254209,0.823994587461725,0.9602577533019696,1.3458087931295104e-05,0.0018318346315450151,0.304471113611225,0.25813440193638976,/kaggle/input/datasets/hintrngia/locked-resnet-xai-inputs/R-C0/ResNet50/seed_2024/best_checkpoint.pt
E03_XAI_R_C0_ResNet50,R-C0,ResNet50,2024,113,pneumonia,E-D33BB0B839138FAFF4DA3ED6.jpeg,1,0.8513115247732755,0.65234375,1,1,0.22214906172994053,0.222149059176445,0.3347625732421875,0.6636018464621625,0.1563236132413412,0.1563236117362976,0.4669686092066428,0,0,240,0,10,40,0.6618505967190675,0.9260840583469031,0.7036862519222843,0.9225456174282608,0.0015112970889553101,0.00017026573532577527,0.802895084147834,0.8726944680910836,/kaggle/input/datasets/hintrngia/locked-resnet-xai-inputs/R-C0/ResNet50/seed_2024/best_checkpoint.pt
E03_XAI_R_C0_ResNet50,R-C0,ResNet50,2024,114,pneumonia,E-DA47F22802134421DB0B257A.jpeg,1,0.9990072038652705,0.65234375,1,1,0.48853695930856234,0.4885369539260864,0.39227294921875,1.2454005821240837,0.6296345132679488,0.6296344995498657,1.6050928684272714,1,1,112,175,97,165,0.980904819482638,0.9941148965561027,0.9824839384428783,0.9948495533582644,0.0001395977061059983,0.004513972335976946,0.9323120161694001,0.5204394416417095,/kaggle/input/datasets/hintrngia/locked-resnet-xai-inputs/R-C0/ResNet50/seed_2024/best_checkpoint.pt
E03_XAI_R_C0_ResNet50,R-C0,ResNet50,2024,115,pneumonia,E-E09BD72833F7B4079F215903.jpeg,1,0.9762456114824378,0.65234375,1,1,0.46474986141453606,0.46474987268447876,0.3171234130859375,1.465517341945967,0.6174022375001889,0.6174022555351257,1.946883175519048,0,0,111,0,91,2,0.9186698133222614,0.9572352218689604,0.9370360701094463,0.9679535525696771,0.002075399063232841,5.577706755133249e-05,0.6860849740062115,0.41918349684186607,/kaggle/input/datasets/hintrngia/locked-resnet-xai-inputs/R-C0/ResNet50/seed_2024/best_checkpoint.pt
E03_XAI_R_C0_ResNet50,R-C0,ResNet50,2024,116,pneumonia,E-E0D541D212A934D795DA0D1B.jpeg,1,0.9360045100736342,0.65234375,1,1,0.4396188461778473,0.439618855714798,0.306488037109375,1.4343752217022503,0.6513259882591569,0.6513260006904602,2.125126952432147,1,1,144,143,163,134,0.8982006653463707,0.9259393384152798,0.8458533896294838,0.9236847734185567,0.0024116366045247584,0.007166006869894659,0.0,0.0,/kaggle/input/datasets/hintrngia/locked-resnet-xai-inputs/R-C0/ResNet50/seed_2024/best_checkpoint.pt
E03_XAI_R_C0_ResNet50,R-C0,ResNet50,2024,117,pneumonia,E-E1AD2A3BA30BC31AC67A922E.jpeg,1,0.999136840957117,0.65234375,1,1,0.43452961466516676,0.4345296025276184,0.3279571533203125,1.3249584900524063,0.5403877388188284,0.540387749671936,1.6477388382836615,0,1,143,175,159,164,0.9760436965851023,0.9921768668411042,0.9677333853609054,0.9945681458639619,0.000835617677227285,0.003379388969000807,0.8724370528257775,0.5021034672959026,/kaggle/input/datasets/hintrngia/locked-resnet-xai-inputs/R-C0/ResNet50/seed_2024/best_checkpoint.pt
E03_XAI_R_C0_ResNet50,R-C0,ResNet50,2024,118,pneumonia,E-E280E4CD8F00E10AB30B96C9.jpeg,1,0.965469259084759,0.65234375,1,1,0.36168048269011344,0.3616804778575897,0.3293609619140625,1.0981279644929012,0.4378974855173725,0.4378974735736847,1.329536697283601,0,0,80,0,66,2,0.8200571225745492,0.9638385557791658,0.7682476512014222,0.9760155296196369,0.0016786035994261206,0.0022809306892142,-0.14995655340004088,0.12424257386598929,/kaggle/input/datasets/hintrngia/locked-resnet-xai-inputs/R-C0/ResNet50/seed_2024/best_checkpoint.pt
E03_XAI_R_C0_ResNet50,R-C0,ResNet50,2024,119,pneumonia,E-E2EF7E089A1E8F497DBAC1CB.jpeg,1,0.9959997827104539,0.65234375,1,1,0.47957197370657234,0.47957196831703186,0.3351898193359375,1.4307474333697785,0.7244174894968545,0.724417507648468,2.1612156685785884,0,1,143,112,111,117,0.9671868617416792,0.9860554459672635,0.9648456784276325,0.9882651651224216,0.0009368452578604747,0.003921733374517733,0.6483903230178457,0.5340809282676767,/kaggle/input/datasets/hintrngia/locked-resnet-xai-inputs/R-C0/ResNet50/seed_2024/best_checkpoint.pt
E03_XAI_R_C0_ResNet50,R-C0,ResNet50,2024,120,pneumonia,E-E7BF66D9C027E263610D5923.jpeg,1,0.9069560779684289,0.65234375,1,1,0.25786305054239306,0.25786304473876953,0.3877410888671875,0.665039269621277,0.15249753399983734,0.1524975299835205,0.39329732746500884,0,0,48,0,59,1,0.8216766113513682,0.8907056836028978,0.8207263312808242,0.912967357701385,0.0006713140906317028,0.002120665113881648,0.7324379646112935,0.9376113004171027,/kaggle/input/datasets/hintrngia/locked-resnet-xai-inputs/R-C0/ResNet50/seed_2024/best_checkpoint.pt
E03_XAI_R_C0_ResNet50,R-C0,ResNet50,2024,121,pneumonia,E-EB1401E2B7015C0BDE01BE91.jpeg,1,0.9822748955834935,0.65234375,1,1,0.26587622180323395,0.26587623357772827,0.329986572265625,0.8057183053776352,0.3195839571983971,0.3195839524269104,0.9684756413092644,0,0,240,48,11,6,0.8513211201316202,0.9557516812442636,0.8881748969281513,0.9668513631737286,0.0009296810954196877,0.014712972246624267,0.6131623805853125,0.588657411122591,/kaggle/input/datasets/hintrngia/locked-resnet-xai-inputs/R-C0/ResNet50/seed_2024/best_checkpoint.pt
E03_XAI_R_C0_ResNet50,R-C0,ResNet50,2024,122,pneumonia,E-EB344A640162B22F1A6C369F.jpeg,1,0.9642966679828064,0.65234375,1,1,0.22145121411154872,0.22145120799541473,0.2807464599609375,0.7887943240401357,0.286064072826995,0.2860640585422516,1.0189409792265853,0,0,240,240,255,59,0.8748729680226308,0.9507942763685923,0.8694634585780172,0.9586795145568332,0.0005994213119576708,0.016112714283435747,0.2590453628601522,0.12348516151206212,/kaggle/input/datasets/hintrngia/locked-resnet-xai-inputs/R-C0/ResNet50/seed_2024/best_checkpoint.pt
E03_XAI_R_C0_ResNet50,R-C0,ResNet50,2024,123,pneumonia,E-EC00E01864643AB223676743.jpeg,1,0.9656049918371901,0.65234375,1,1,0.4203239582980635,0.4203239679336548,0.3099517822265625,1.356094665043169,0.5722342999848113,0.5722342729568481,1.8462042575594249,0,1,112,144,163,132,0.9303247484494257,0.9579695780535574,0.9451278434301493,0.9610399447722234,0.0005852804501924602,0.0014749705759218301,0.8055637869655012,0.6786529037392383,/kaggle/input/datasets/hintrngia/locked-resnet-xai-inputs/R-C0/ResNet50/seed_2024/best_checkpoint.pt
E03_XAI_R_C0_ResNet50,R-C0,ResNet50,2024,124,pneumonia,E-EF92BEF2BC79AC7D99E44B1F.jpeg,1,0.9812591170267853,0.65234375,1,1,0.3300214226907799,0.3300214111804962,0.343048095703125,0.9620266861250312,0.41833981846783813,0.4183398187160492,1.2194786203677714,0,0,79,0,65,6,0.8681980892263423,0.9383467100914062,0.8353303888373874,0.9609620701792365,0.0014038388572908955,0.0007442713432331272,0.5984778005490102,0.5763903096985628,/kaggle/input/datasets/hintrngia/locked-resnet-xai-inputs/R-C0/ResNet50/seed_2024/best_checkpoint.pt
E03_XAI_R_C0_ResNet50,R-C0,ResNet50,2024,125,pneumonia,E-F051ECCC0E91B0C03A0B3894.jpeg,1,0.9970348362468401,0.65234375,1,1,0.4930000020019684,0.49300000071525574,0.5049896240234375,0.9762576863937453,0.5833337937720753,0.5833337903022766,1.1551401573847024,0,1,112,144,99,133,0.9553548522306274,0.9828461159609274,0.9668398266466893,0.9893031651567316,0.0004932214076212582,0.001019635002878716,0.0,0.0,/kaggle/input/datasets/hintrngia/locked-resnet-xai-inputs/R-C0/ResNet50/seed_2024/best_checkpoint.pt
E03_XAI_R_C0_ResNet50,R-C0,ResNet50,2024,126,pneumonia,E-FA7B18636100FBD243EBAF3A.jpeg,1,0.9830275355345469,0.65234375,1,1,0.2753912706415657,0.27539128065109253,0.2697601318359375,1.0208746146708327,0.3976250176141492,0.39762502908706665,1.473994748252779,0,0,240,0,251,6,0.9026863199282007,0.9609790601298775,0.8954085340754898,0.9713390472088799,0.0010571862344522232,0.003323508623716942,0.06542997775236689,0.6487423161142393,/kaggle/input/datasets/hintrngia/locked-resnet-xai-inputs/R-C0/ResNet50/seed_2024/best_checkpoint.pt
E03_XAI_R_C0_ResNet50,R-C0,ResNet50,2024,127,pneumonia,E-FDAF56855798F8C5BE7AC652.jpeg,1,0.9963757222236039,0.65234375,1,1,0.4328162114678463,0.43281620740890503,0.37738037109375,1.1468964594354187,0.5316277581749866,0.5316277742385864,1.4087318761020509,0,1,48,0,155,194,0.9554834809304895,0.9809502237264972,0.9416142841284727,0.9855663612005706,0.00322031402895967,9.364902008934806e-05,0.15120156234481785,0.27362728669734526,/kaggle/input/datasets/hintrngia/locked-resnet-xai-inputs/R-C0/ResNet50/seed_2024/best_checkpoint.pt
