xai_id,condition,architecture,seed,sample_index,sampling_stratum,image_id,true_label,prob_pneumonia,threshold,pred_label,is_correct,gcam_lrr_plus,gcam_lrr_abs,gcam_lrr_chance,gcam_lrr_enrichment,guided_gcam_lrr_plus,guided_gcam_lrr_abs,guided_gcam_lrr_enrichment,gcam_pointing_inside_lung,guided_gcam_pointing_inside_lung,gcam_argmax_x,gcam_argmax_y,guided_gcam_argmax_x,guided_gcam_argmax_y,gcam_deletion_auc,gcam_insertion_auc,guided_gcam_deletion_auc,guided_gcam_insertion_auc,gcam_input_stability_lrr_delta,guided_gcam_input_stability_lrr_delta,gcam_head_randomization_corr,guided_gcam_head_randomization_corr,checkpoint_path,run_id,arch_code,method_group
E01_XAI_D_C0_DenseNet121,D-C0,DenseNet121,3407,0,normal,E-03B36F677CCFA6787A3BC686.jpeg,0,0.7837864143626458,0.65966796875,1,0,0.4038339934435544,0.4038339853286743,0.3590850830078125,1.1246192408242377,0.3823818302872047,0.3823818266391754,1.064878070356616,1,0,208,207,1,202,0.5644192703745887,0.7754711125707414,0.6975807167941623,0.8986147759690893,0.0014114201612688,0.0049607800012814,0.6228047187236737,0.7234964909810003,/kaggle/input/datasets/hintrngia/locked-densenet-xai-inputs/D-C0/DenseNet121/seed_3407/best_checkpoint.pt,E01_XAI_D_C0_DenseNet121,D,C0
E01_XAI_D_C0_DenseNet121,D-C0,DenseNet121,3407,1,normal,E-06530ECE35CCF9FF05F7DDEB.jpeg,0,0.0345004938081255,0.65966796875,0,1,0.3003671894786802,0.3003671765327453,0.2779541015625,1.0806359315807417,0.3078669110295216,0.3078669011592865,1.1076178019999303,0,0,80,0,74,1,0.7664149122638024,0.8241564043431828,0.7486185464343906,0.8699506395231621,0.001793132757329,0.0030568646403159,0.3595181560359559,0.6219048408143881,/kaggle/input/datasets/hintrngia/locked-densenet-xai-inputs/D-C0/DenseNet121/seed_3407/best_checkpoint.pt,E01_XAI_D_C0_DenseNet121,D,C0
E01_XAI_D_C0_DenseNet121,D-C0,DenseNet121,3407,2,normal,E-10FEC5D206E4A3A02E4F32C9.jpeg,0,0.3381351752436637,0.65966796875,0,1,0.251283132740611,0.2512831389904022,0.2476806640625,1.014544811932521,0.2768786736546553,0.27687868475914,1.1178857045731576,0,0,175,48,1,1,0.480056816707635,0.560514631206993,0.4648280123492073,0.5687979757949044,0.000253025501453,0.0048020759792339,-0.1406555946343686,0.3497996040628549,/kaggle/input/datasets/hintrngia/locked-densenet-xai-inputs/D-C0/DenseNet121/seed_3407/best_checkpoint.pt,E01_XAI_D_C0_DenseNet121,D,C0
E01_XAI_D_C0_DenseNet121,D-C0,DenseNet121,3407,3,normal,E-16E04AC17A9CE052EFE7227B.jpeg,0,0.1472351286030257,0.65966796875,0,1,0.3802974803273301,0.3802974820137024,0.3753509521484375,1.0131784085016424,0.3068074266314746,0.3068074285984039,0.8173881666620726,0,0,80,47,73,5,0.6010224632045902,0.8391538896539703,0.5726606331185471,0.8322014282026684,0.0017670340117023,0.0032217095716832,0.0613984200860349,0.0199685596122117,/kaggle/input/datasets/hintrngia/locked-densenet-xai-inputs/D-C0/DenseNet121/seed_3407/best_checkpoint.pt,E01_XAI_D_C0_DenseNet121,D,C0
E01_XAI_D_C0_DenseNet121,D-C0,DenseNet121,3407,4,normal,E-256958BC036CED77CAAB2A55.jpeg,0,0.0654125585301496,0.65966796875,0,1,0.345957757554643,0.3459577560424804,0.3496246337890625,0.9895119626020636,0.3527446938237035,0.3527446985244751,1.0089240280378051,0,0,80,0,68,2,0.5697361570552602,0.837542672061885,0.3978225504765215,0.834988191951725,0.0064612077693914,0.0067053378053563,-0.0044076062340938,0.1755599262425861,/kaggle/input/datasets/hintrngia/locked-densenet-xai-inputs/D-C0/DenseNet121/seed_3407/best_checkpoint.pt,E01_XAI_D_C0_DenseNet121,D,C0
E01_XAI_D_C0_DenseNet121,D-C0,DenseNet121,3407,5,normal,E-280031A047E47DC7EA750C62.jpeg,0,0.1807649829021565,0.65966796875,0,1,0.4842514177044997,0.4842514097690582,0.3791046142578125,1.2773556414039884,0.521103341875851,0.5211033225059509,1.374563437841649,1,0,80,111,46,14,0.467069047877933,0.7119303829530802,0.5527817333153447,0.6835210323924614,0.0036979405331286,0.0067038243605617,-0.1725904560848422,-0.0634023991834178,/kaggle/input/datasets/hintrngia/locked-densenet-xai-inputs/D-C0/DenseNet121/seed_3407/best_checkpoint.pt,E01_XAI_D_C0_DenseNet121,D,C0
E01_XAI_D_C0_DenseNet121,D-C0,DenseNet121,3407,6,normal,E-28020DB22FEE86C7B17E72DA.jpeg,0,0.2030354483979017,0.65966796875,0,1,0.1639368927954495,0.163936898112297,0.3710174560546875,0.4418576272359687,0.1110541625259835,0.1110541597008705,0.299323281731559,0,0,79,0,71,46,0.788846268293803,0.6757857404459484,0.7245610397158717,0.6824406748654326,0.000153484295761,0.0001142468073034,-0.3250902907745366,-0.1167771584732346,/kaggle/input/datasets/hintrngia/locked-densenet-xai-inputs/D-C0/DenseNet121/seed_3407/best_checkpoint.pt,E01_XAI_D_C0_DenseNet121,D,C0
E01_XAI_D_C0_DenseNet121,D-C0,DenseNet121,3407,7,normal,E-28234EA54B2F1B13D8D5995E.jpeg,0,0.4058191467723037,0.65966796875,0,1,0.2515288442883574,0.2515288591384887,0.3462677001953125,0.7263999620712023,0.2353389607132077,0.23533895611763,0.6796445656943013,0,0,111,47,27,55,0.4122495784427756,0.5914118531012698,0.4141461744805406,0.5616092753499937,0.0027112542428494,0.002275862604725,-0.35985079942217,0.2220051588736812,/kaggle/input/datasets/hintrngia/locked-densenet-xai-inputs/D-C0/DenseNet121/seed_3407/best_checkpoint.pt,E01_XAI_D_C0_DenseNet121,D,C0
E01_XAI_D_C0_DenseNet121,D-C0,DenseNet121,3407,8,normal,E-28CAAFCB1AFEEA2D46764B17.jpeg,0,0.8551669475485626,0.65966796875,1,0,0.3425136587821313,0.3425136506557464,0.38934326171875,0.8797215528274712,0.2710673983436785,0.2710674107074737,0.6962170017969632,1,0,143,47,1,1,0.4879593664195777,0.8880931483774358,0.552128057379141,0.8975390282392295,0.0007945571472846,0.004143448652094,-0.6240881745745682,0.2981015986674346,/kaggle/input/datasets/hintrngia/locked-densenet-xai-inputs/D-C0/DenseNet121/seed_3407/best_checkpoint.pt,E01_XAI_D_C0_DenseNet121,D,C0
E01_XAI_D_C0_DenseNet121,D-C0,DenseNet121,3407,9,normal,E-29AE82E82E5A6A48DC6D8B99.jpeg,0,0.1815745193277622,0.65966796875,0,1,0.2281427470087669,0.2281427532434463,0.3269195556640625,0.6978559191582986,0.2134272297844096,0.2134272307157516,0.6528432639977162,0,0,111,47,129,2,0.502687518024088,0.8080601846935929,0.430797838101408,0.8001351071022826,0.0011206832923775,0.0003032729970245,0.6267945629303866,0.8663744797016255,/kaggle/input/datasets/hintrngia/locked-densenet-xai-inputs/D-C0/DenseNet121/seed_3407/best_checkpoint.pt,E01_XAI_D_C0_DenseNet121,D,C0
E01_XAI_D_C0_DenseNet121,D-C0,DenseNet121,3407,10,normal,E-2B646E91E652E02CC65E6BA0.jpeg,0,0.0139030522629583,0.65966796875,0,1,0.3282623718916976,0.3282623589038849,0.2742767333984375,1.1968290850789596,0.3942677313410356,0.394267737865448,1.4374815043764178,0,0,143,48,141,16,0.8155778130533933,0.8851546741694541,0.7165339131011871,0.9346373138076198,0.0016084692370298,0.0045150066448111,-0.5061553570549087,-0.0537574656937845,/kaggle/input/datasets/hintrngia/locked-densenet-xai-inputs/D-C0/DenseNet121/seed_3407/best_checkpoint.pt,E01_XAI_D_C0_DenseNet121,D,C0
E01_XAI_D_C0_DenseNet121,D-C0,DenseNet121,3407,11,normal,E-2F227E134B6699426A9E9AB9.jpeg,0,0.3554137290837585,0.65966796875,0,1,0.152540247739917,0.1525402516126632,0.3509368896484375,0.4346657539842254,0.1354440733727884,0.1354440748691558,0.3859499453262778,0,0,111,208,15,59,0.5632442674360623,0.4971797109964322,0.5535353689713043,0.517888017504206,0.0009951904488293,0.002527410549191,-0.1819905113738637,0.4010163927312153,/kaggle/input/datasets/hintrngia/locked-densenet-xai-inputs/D-C0/DenseNet121/seed_3407/best_checkpoint.pt,E01_XAI_D_C0_DenseNet121,D,C0
E01_XAI_D_C0_DenseNet121,D-C0,DenseNet121,3407,12,normal,E-2F5E9CF0C3839769BD6D37AD.jpeg,0,0.5979888067809879,0.65966796875,0,1,0.1767669288515778,0.1767669320106506,0.3790740966796875,0.4663123394604921,0.177142713766019,0.177142709493637,0.4673036625757688,0,0,175,0,175,11,0.4085779494837275,0.4953956374482269,0.3778956949534206,0.4843243007534594,0.003420613210997,0.0036692893271619,0.8211368315221088,0.7724623492427422,/kaggle/input/datasets/hintrngia/locked-densenet-xai-inputs/D-C0/DenseNet121/seed_3407/best_checkpoint.pt,E01_XAI_D_C0_DenseNet121,D,C0
E01_XAI_D_C0_DenseNet121,D-C0,DenseNet121,3407,13,normal,E-306538194ADB5E9E447B7A10.jpeg,0,0.055498814977597,0.65966796875,0,1,0.3025005424119156,0.3025005459785461,0.2563934326171875,1.179829527316985,0.3574657278554074,0.3574657142162323,1.3942078165049088,0,0,112,207,116,3,0.6422769903441939,0.8491064254746722,0.5547542577825784,0.8133129390733327,0.001285462787113,0.0006256083388853,0.0772193816376705,0.3795291806352384,/kaggle/input/datasets/hintrngia/locked-densenet-xai-inputs/D-C0/DenseNet121/seed_3407/best_checkpoint.pt,E01_XAI_D_C0_DenseNet121,D,C0
E01_XAI_D_C0_DenseNet121,D-C0,DenseNet121,3407,14,normal,E-36FB7A78C2BFA1A3824C3EFA.jpeg,0,0.3091952754959562,0.65966796875,0,1,0.1565454549364688,0.1565454602241516,0.3275299072265625,0.4779577421251536,0.1305740880168275,0.1305740922689438,0.3986630995700355,0,0,111,240,23,29,0.4453690961058894,0.4954755839989664,0.446086683936933,0.518931269904789,0.0005723468906489,0.0024113647284555,0.0435447669807385,0.7229203293641341,/kaggle/input/datasets/hintrngia/locked-densenet-xai-inputs/D-C0/DenseNet121/seed_3407/best_checkpoint.pt,E01_XAI_D_C0_DenseNet121,D,C0
E01_XAI_D_C0_DenseNet121,D-C0,DenseNet121,3407,15,normal,E-3B865A0E9283DC8B3D382B5F.jpeg,0,0.95063218472795,0.65966796875,1,0,0.3136767624629925,0.3136767745018005,0.360931396484375,0.8690758562938479,0.073599036889995,0.0735990405082702,0.2039141997811243,0,0,208,240,244,250,0.7214931821953453,0.9254540598757286,0.7139993564561937,0.9253636266605992,0.0016892815081829,0.001565621898846,-0.1212154061656543,0.2257806110798003,/kaggle/input/datasets/hintrngia/locked-densenet-xai-inputs/D-C0/DenseNet121/seed_3407/best_checkpoint.pt,E01_XAI_D_C0_DenseNet121,D,C0
E01_XAI_D_C0_DenseNet121,D-C0,DenseNet121,3407,16,normal,E-3D66EC3C4F2D4073FE577EEA.jpeg,0,0.1139322278351037,0.65966796875,0,1,0.2141761801694747,0.2141761779785156,0.2598114013671875,0.8243525074051035,0.2421568745950978,0.2421568781137466,0.9320486834712124,0,0,111,0,75,6,0.5893212413693948,0.7789038845603785,0.492866759733225,0.7181539454812162,0.0002525343599932,0.0030065018171099,-0.3564385352144043,-0.0698943987451767,/kaggle/input/datasets/hintrngia/locked-densenet-xai-inputs/D-C0/DenseNet121/seed_3407/best_checkpoint.pt,E01_XAI_D_C0_DenseNet121,D,C0
E01_XAI_D_C0_DenseNet121,D-C0,DenseNet121,3407,17,normal,E-40D9418B91304B06987F2A6E.jpeg,0,0.7130702223121835,0.65966796875,1,0,0.4421422092368336,0.4421422183513641,0.3151092529296875,1.403139403638813,0.4266604364944685,0.4266604483127594,1.3540079592320706,1,0,208,208,1,174,0.6453474662691722,0.7776433831438829,0.6995701191311596,0.8497032094642554,0.0009593227451979,0.0272206907777787,-0.3645700912606521,-0.1239990707567494,/kaggle/input/datasets/hintrngia/locked-densenet-xai-inputs/D-C0/DenseNet121/seed_3407/best_checkpoint.pt,E01_XAI_D_C0_DenseNet121,D,C0
E01_XAI_D_C0_DenseNet121,D-C0,DenseNet121,3407,18,normal,E-44BF14DBF8A5FE52BF53ED2E.jpeg,0,0.3681229384023026,0.65966796875,0,1,0.1800038371211546,0.1800038367509842,0.32672119140625,0.5509401956646734,0.228264498030616,0.2282644957304,0.6986522577496008,0,1,79,240,82,185,0.2736034928678341,0.4404485578381891,0.2548573187552397,0.4467358026803354,0.0017126877527255,0.0007055529777191,-0.1751807116797062,0.2699170976265462,/kaggle/input/datasets/hintrngia/locked-densenet-xai-inputs/D-C0/DenseNet121/seed_3407/best_checkpoint.pt,E01_XAI_D_C0_DenseNet121,D,C0
E01_XAI_D_C0_DenseNet121,D-C0,DenseNet121,3407,19,normal,E-47080ACF9F207EB21662EAAE.jpeg,0,0.8750922255784342,0.65966796875,1,0,0.367301399867088,0.3673014044761657,0.3899383544921875,0.9419473504867728,0.2879419441871736,0.2879419326782226,0.7384293975445357,1,0,80,47,35,0,0.5559759364448797,0.8876307060913697,0.6797554565256039,0.9167015386141032,0.0013072090037611,0.001864365977014,-0.0851803399780334,0.3286236417054466,/kaggle/input/datasets/hintrngia/locked-densenet-xai-inputs/D-C0/DenseNet121/seed_3407/best_checkpoint.pt,E01_XAI_D_C0_DenseNet121,D,C0
E01_XAI_D_C0_DenseNet121,D-C0,DenseNet121,3407,20,normal,E-4F18C9F59223CD9D0CA81789.jpeg,0,0.9304731256882708,0.65966796875,1,0,0.4513813810488421,0.4513813853263855,0.305145263671875,1.4792344328641325,0.344510615841385,0.3445106148719787,1.129005286517702,0,0,48,47,79,15,0.8128958014661771,0.8939465852584261,0.8880432784065662,0.9417711855474228,0.0009218537545594,0.0134915249829559,0.8435409181574111,0.9130352061290704,/kaggle/input/datasets/hintrngia/locked-densenet-xai-inputs/D-C0/DenseNet121/seed_3407/best_checkpoint.pt,E01_XAI_D_C0_DenseNet121,D,C0
E01_XAI_D_C0_DenseNet121,D-C0,DenseNet121,3407,21,normal,E-57BEC1C15CFD6C2BBAF49905.jpeg,0,0.2222682646017711,0.65966796875,0,1,0.3640639581948032,0.364063948392868,0.3210601806640625,1.1339430428332602,0.2701233019553059,0.2701233029365539,0.8413478787578027,0,0,144,47,88,7,0.4569780207553702,0.7350390334673782,0.3755133408854404,0.6685509506641265,0.0064168534066109,0.0059215008235672,-0.3715301182600291,-0.0793145135316823,/kaggle/input/datasets/hintrngia/locked-densenet-xai-inputs/D-C0/DenseNet121/seed_3407/best_checkpoint.pt,E01_XAI_D_C0_DenseNet121,D,C0
E01_XAI_D_C0_DenseNet121,D-C0,DenseNet121,3407,22,normal,E-5822F4C00AF6A5D69871506D.jpeg,0,0.4022995163415309,0.65966796875,0,1,0.2419438369992961,0.2419438362121582,0.414520263671875,0.5836719171606372,0.1723902756298934,0.1723902821540832,0.415879006982283,0,0,47,47,19,3,0.3338794833629213,0.580351558001776,0.3444396712949591,0.5633726858093318,0.0077006384360339,0.0040702590929908,0.0247658662401847,0.0361331223190569,/kaggle/input/datasets/hintrngia/locked-densenet-xai-inputs/D-C0/DenseNet121/seed_3407/best_checkpoint.pt,E01_XAI_D_C0_DenseNet121,D,C0
E01_XAI_D_C0_DenseNet121,D-C0,DenseNet121,3407,23,normal,E-592EC4B388705AD74965EF2F.jpeg,0,0.1591722994481184,0.65966796875,0,1,0.1891981101650393,0.1891981065273285,0.3038330078125,0.6227042661599044,0.1525327856290782,0.1525327861309051,0.5020283567189269,0,0,80,47,111,2,0.7126667021077515,0.6590896660277141,0.6039138289273132,0.6635685252152118,0.0013258782892398,0.0015458967204717,-0.1638688900115766,-0.022736892072559,/kaggle/input/datasets/hintrngia/locked-densenet-xai-inputs/D-C0/DenseNet121/seed_3407/best_checkpoint.pt,E01_XAI_D_C0_DenseNet121,D,C0
E01_XAI_D_C0_DenseNet121,D-C0,DenseNet121,3407,24,normal,E-5EB53A5E9ABA53D43AB743A8.jpeg,0,0.102464856658255,0.65966796875,0,1,0.2339889929583554,0.2339890003204345,0.2571563720703125,0.909909371774686,0.2513468160421035,0.2513468265533447,0.9774084694793388,0,0,112,0,71,8,0.6109431551775648,0.7723965242964164,0.549549738678643,0.7279555356566646,0.0033575611938466,0.0033550642499025,0.2582938496491741,0.7602109846787736,/kaggle/input/datasets/hintrngia/locked-densenet-xai-inputs/D-C0/DenseNet121/seed_3407/best_checkpoint.pt,E01_XAI_D_C0_DenseNet121,D,C0
E01_XAI_D_C0_DenseNet121,D-C0,DenseNet121,3407,25,normal,E-5FBF0EE47B9EC5825E465989.jpeg,0,0.3766735888532119,0.65966796875,0,1,0.3150911579125775,0.3150911629199981,0.329376220703125,0.9566299511238154,0.2939352223472265,0.2939352095127105,0.8923996447580764,0,0,112,208,107,254,0.3274433913255273,0.6230691878749453,0.2454560211588643,0.6434320982378611,0.0003617777557732,0.0002238295398589,-0.394132170534473,0.0206641962609376,/kaggle/input/datasets/hintrngia/locked-densenet-xai-inputs/D-C0/DenseNet121/seed_3407/best_checkpoint.pt,E01_XAI_D_C0_DenseNet121,D,C0
E01_XAI_D_C0_DenseNet121,D-C0,DenseNet121,3407,26,normal,E-67976418F9EE68ADAB32C212.jpeg,0,0.1227483940413517,0.65966796875,0,1,0.156373677960097,0.1563736796379089,0.26171875,0.5974874859370872,0.1304699311779746,0.1304699331521988,0.4985119758442015,0,0,111,0,86,46,0.7562109556480896,0.8036792313874639,0.6620545643597641,0.8135696748720209,0.0001748463319792,0.0017829015228428,-0.5639225467294092,-0.051418412932279,/kaggle/input/datasets/hintrngia/locked-densenet-xai-inputs/D-C0/DenseNet121/seed_3407/best_checkpoint.pt,E01_XAI_D_C0_DenseNet121,D,C0
E01_XAI_D_C0_DenseNet121,D-C0,DenseNet121,3407,27,normal,E-74019A53B16F834307F73E46.jpeg,0,0.499562554638686,0.65966796875,0,1,0.1866350970935833,0.1866350919008255,0.372467041015625,0.5010781533439195,0.2111975087675514,0.2111975103616714,0.5670233484059913,0,0,175,240,154,232,0.3323155878714887,0.4977584013796131,0.3356204911410812,0.4256858664037556,0.0093594077849909,0.0123445041021844,-0.3018474558873399,-0.0369505372337892,/kaggle/input/datasets/hintrngia/locked-densenet-xai-inputs/D-C0/DenseNet121/seed_3407/best_checkpoint.pt,E01_XAI_D_C0_DenseNet121,D,C0
E01_XAI_D_C0_DenseNet121,D-C0,DenseNet121,3407,28,normal,E-778E5DF620CB9DE6A84B008B.jpeg,0,0.9781372178680529,0.65966796875,1,0,0.4640437215508126,0.4640437066555023,0.3386688232421875,1.3701991140146004,0.4379856180436615,0.4379856288433075,1.2932563849564949,1,0,207,208,171,250,0.8708885993240532,0.9524912227543614,0.8716822096036987,0.9768749394297392,0.0012378383243907,0.0165108273974233,-0.4780009854210306,-0.1069117291049125,/kaggle/input/datasets/hintrngia/locked-densenet-xai-inputs/D-C0/DenseNet121/seed_3407/best_checkpoint.pt,E01_XAI_D_C0_DenseNet121,D,C0
E01_XAI_D_C0_DenseNet121,D-C0,DenseNet121,3407,29,normal,E-77C42172A076E16EE5474210.jpeg,0,0.658593477141249,0.65966796875,0,1,0.2112530534438469,0.2112530469894409,0.39276123046875,0.537866360159128,0.2093244491543256,0.209324449300766,0.5329559867823576,0,0,112,240,100,218,0.2455864421852737,0.4659582555375617,0.2707468614770977,0.4313592699216003,0.0004256358994374,0.0019460081753114,-0.0499453646282801,0.1835389448429098,/kaggle/input/datasets/hintrngia/locked-densenet-xai-inputs/D-C0/DenseNet121/seed_3407/best_checkpoint.pt,E01_XAI_D_C0_DenseNet121,D,C0
E01_XAI_D_C0_DenseNet121,D-C0,DenseNet121,3407,30,normal,E-7B1FB0C84C51C5CD8EDBCCFD.jpeg,0,0.9979966419265696,0.65966796875,1,0,0.4618115936089629,0.4618116021156311,0.388427734375,1.1889253849291717,0.3097456975007853,0.3097456991672516,0.7974345549737377,0,0,208,240,244,250,0.8684003147006949,0.9767681650004888,0.9370209296982804,0.9849366196118444,0.0002203349524236,0.0047992357803025,-0.5403290326030603,-0.0047050718571277,/kaggle/input/datasets/hintrngia/locked-densenet-xai-inputs/D-C0/DenseNet121/seed_3407/best_checkpoint.pt,E01_XAI_D_C0_DenseNet121,D,C0
E01_XAI_D_C0_DenseNet121,D-C0,DenseNet121,3407,31,normal,E-7B7A8A9BEAA512F9DC3E0865.jpeg,0,0.2813534327528231,0.65966796875,0,1,0.516823703858645,0.5168237090110779,0.356475830078125,1.4498141535861722,0.6000953758231574,0.6000953912734985,1.683411118480714,1,0,80,111,55,3,0.2924155165556392,0.6547894033522794,0.243986808885775,0.6692919049900335,0.0050203709783515,0.0066819109916091,-0.3185124738632003,-0.0773655213941914,/kaggle/input/datasets/hintrngia/locked-densenet-xai-inputs/D-C0/DenseNet121/seed_3407/best_checkpoint.pt,E01_XAI_D_C0_DenseNet121,D,C0
E01_XAI_D_C0_DenseNet121,D-C0,DenseNet121,3407,32,normal,E-82FCB2C3D1996A8155B45525.jpeg,0,0.0351410791255401,0.65966796875,0,1,0.3292721865838046,0.3292721807956695,0.2450714111328125,1.3435764908758,0.3524533488436952,0.352453351020813,1.438165909334438,0,0,143,176,138,30,0.4945643215868993,0.8261825908150469,0.4288989515091016,0.827308693948126,0.0008191239698221,0.0008054991327449,0.522950649042088,0.748447694978762,/kaggle/input/datasets/hintrngia/locked-densenet-xai-inputs/D-C0/DenseNet121/seed_3407/best_checkpoint.pt,E01_XAI_D_C0_DenseNet121,D,C0
E01_XAI_D_C0_DenseNet121,D-C0,DenseNet121,3407,33,normal,E-843CBB869621D4078F498542.jpeg,0,0.6664739838036082,0.65966796875,1,0,0.3931509200509387,0.3931509256362915,0.3597412109375,1.0928715090116357,0.3831577680354726,0.3831577599048614,1.0650927844406488,1,1,208,207,219,202,0.4168414622095857,0.8103228996903218,0.4897047699673975,0.8660484403477972,0.0028452024710421,0.0009107623434364,0.0017296009384947,0.557889489410874,/kaggle/input/datasets/hintrngia/locked-densenet-xai-inputs/D-C0/DenseNet121/seed_3407/best_checkpoint.pt,E01_XAI_D_C0_DenseNet121,D,C0
E01_XAI_D_C0_DenseNet121,D-C0,DenseNet121,3407,34,normal,E-845A5BC2008587BFFF60937F.jpeg,0,0.7547197175409283,0.65966796875,1,0,0.3851684013216296,0.3851684033870697,0.3625030517578125,1.062524575872977,0.3008357958061663,0.3008357882499695,0.8298848639959976,1,0,48,176,10,195,0.6220340028353954,0.8020308272936061,0.7550110232376335,0.8516704279936049,0.0070664838156945,0.003655593745749,-0.0977423084801225,-0.0223518157490205,/kaggle/input/datasets/hintrngia/locked-densenet-xai-inputs/D-C0/DenseNet121/seed_3407/best_checkpoint.pt,E01_XAI_D_C0_DenseNet121,D,C0
E01_XAI_D_C0_DenseNet121,D-C0,DenseNet121,3407,35,normal,E-8BB569A271B438E1FF7419AA.jpeg,0,0.3430115308444902,0.65966796875,0,1,0.1135490896954511,0.1135490909218788,0.3291015625,0.3450275010330622,0.0776091014915703,0.0776090994477272,0.2358211273809139,0,0,144,0,189,1,0.5361334219281968,0.5139105478155808,0.4870765036128671,0.525125602932907,0.0029336985884732,0.0002288037253568,0.5221704131445473,0.8520386597079752,/kaggle/input/datasets/hintrngia/locked-densenet-xai-inputs/D-C0/DenseNet121/seed_3407/best_checkpoint.pt,E01_XAI_D_C0_DenseNet121,D,C0
E01_XAI_D_C0_DenseNet121,D-C0,DenseNet121,3407,36,normal,E-8E65534102472D38A215B619.jpeg,0,0.7445097033374521,0.65966796875,1,0,0.4010396835325986,0.4010396897792816,0.4018096923828125,0.998083647893988,0.3969667782068034,0.3969667851924896,0.9879472440117368,1,1,207,208,194,214,0.6026679785935957,0.8245292443108122,0.5987538698613832,0.8615945698270013,0.002955884003402,0.0019025546294551,0.8356330377249885,0.8498493345360356,/kaggle/input/datasets/hintrngia/locked-densenet-xai-inputs/D-C0/DenseNet121/seed_3407/best_checkpoint.pt,E01_XAI_D_C0_DenseNet121,D,C0
E01_XAI_D_C0_DenseNet121,D-C0,DenseNet121,3407,37,normal,E-91CCC5E035FBDB0CCBB30E2A.jpeg,0,0.2582980108683327,0.65966796875,0,1,0.4672892916924452,0.4672892987728119,0.4178619384765625,1.118286325373602,0.5419126705644153,0.5419126749038696,1.296870139788553,0,1,79,240,55,191,0.5233459249280719,0.7251670590135679,0.4341885372270314,0.6855118236820369,3.447137118750554e-06,0.0019463739901189,0.5161904773109857,0.6485985725644863,/kaggle/input/datasets/hintrngia/locked-densenet-xai-inputs/D-C0/DenseNet121/seed_3407/best_checkpoint.pt,E01_XAI_D_C0_DenseNet121,D,C0
E01_XAI_D_C0_DenseNet121,D-C0,DenseNet121,3407,38,normal,E-91CD2D4F539A3D56107014E7.jpeg,0,0.6980199044389691,0.65966796875,1,0,0.4456913788895711,0.4456913769245147,0.376434326171875,1.1839817676087123,0.4422503648407934,0.4422503709793091,1.174840693563285,1,0,47,208,7,251,0.6235997867891593,0.7047985454090058,0.6632514244647647,0.7818821618519138,0.003680658906599,0.0008587405244175,-0.1952498578613317,-0.0391632489789047,/kaggle/input/datasets/hintrngia/locked-densenet-xai-inputs/D-C0/DenseNet121/seed_3407/best_checkpoint.pt,E01_XAI_D_C0_DenseNet121,D,C0
E01_XAI_D_C0_DenseNet121,D-C0,DenseNet121,3407,39,normal,E-93DEE19500CF7BC746908FEA.jpeg,0,0.4016520789326072,0.65966796875,0,1,0.3213880841043741,0.3213880956172943,0.3555908203125,0.9038143443127472,0.33366510264668,0.3336651027202606,0.9383400346315148,1,0,79,47,58,2,0.4291199738449279,0.6556183965385263,0.3638320099464162,0.6559700225296599,0.0008373167069823,0.0030040521515865,0.7271993816867226,0.8405656249752377,/kaggle/input/datasets/hintrngia/locked-densenet-xai-inputs/D-C0/DenseNet121/seed_3407/best_checkpoint.pt,E01_XAI_D_C0_DenseNet121,D,C0
E01_XAI_D_C0_DenseNet121,D-C0,DenseNet121,3407,40,normal,E-9A48264C99FDAC90E29908DD.jpeg,0,0.9876173933556194,0.65966796875,1,0,0.2216911361640053,0.2216911315917968,0.3754425048828125,0.5904795894998681,0.0731558463861346,0.0731558427214622,0.1948523287446338,0,0,208,0,242,4,0.5316016297311438,0.9548447782861756,0.6149214888048218,0.9568700089254046,0.0003966060562057,0.0001247796562209,-0.0356874193782104,0.5810635423123461,/kaggle/input/datasets/hintrngia/locked-densenet-xai-inputs/D-C0/DenseNet121/seed_3407/best_checkpoint.pt,E01_XAI_D_C0_DenseNet121,D,C0
E01_XAI_D_C0_DenseNet121,D-C0,DenseNet121,3407,41,normal,E-A5B76F5465A7745EBBAE1D8D.jpeg,0,0.6538022829319516,0.65966796875,0,1,0.186049622956797,0.1860496252775192,0.36846923828125,0.5049257946867919,0.1591709889334245,0.1591709852218628,0.4319790430156083,0,0,143,240,111,247,0.2761822703154974,0.4007062079428458,0.2841872200685028,0.369983773645879,0.0021067700501299,0.0040589873521713,0.2747972476180123,0.4755277250024778,/kaggle/input/datasets/hintrngia/locked-densenet-xai-inputs/D-C0/DenseNet121/seed_3407/best_checkpoint.pt,E01_XAI_D_C0_DenseNet121,D,C0
E01_XAI_D_C0_DenseNet121,D-C0,DenseNet121,3407,42,normal,E-A92185A886C303721C499620.jpeg,0,0.943624579594475,0.65966796875,1,0,0.4503839690023808,0.4503839612007141,0.4248199462890625,1.0601761356467092,0.3889999940969944,0.3889999985694885,0.915682037755132,1,0,208,208,85,1,0.6397438869326233,0.9355825531896652,0.7978311783288481,0.951739279364416,1.2690176709961865e-05,0.0001283766278387,0.1225313528972846,0.6786415181546736,/kaggle/input/datasets/hintrngia/locked-densenet-xai-inputs/D-C0/DenseNet121/seed_3407/best_checkpoint.pt,E01_XAI_D_C0_DenseNet121,D,C0
E01_XAI_D_C0_DenseNet121,D-C0,DenseNet121,3407,43,normal,E-B1906A980682154F21AC8637.jpeg,0,0.1059571854759008,0.65966796875,0,1,0.2983981327338728,0.2983981370925903,0.37506103515625,0.7955988619547228,0.3030238481737884,0.3030238449573517,0.8079320957655574,0,1,176,208,169,202,0.648220202790543,0.7464351505617386,0.6020247437657198,0.5992628675764619,0.002210500091995,0.0008964002190551,0.1722504377609444,0.4933709885943425,/kaggle/input/datasets/hintrngia/locked-densenet-xai-inputs/D-C0/DenseNet121/seed_3407/best_checkpoint.pt,E01_XAI_D_C0_DenseNet121,D,C0
E01_XAI_D_C0_DenseNet121,D-C0,DenseNet121,3407,44,normal,E-B701F1D8C0C0617522833A87.jpeg,0,0.0186845516307007,0.65966796875,0,1,0.2826084565080945,0.2826084494590759,0.2968597412109375,0.951993205125391,0.3277841834661772,0.3277841806411743,1.10417189656332,0,1,112,0,173,44,0.7628372809581339,0.8570756705167829,0.6253637411652284,0.869590047765558,0.0002043151308536,0.0007734727500969,0.6586742265659687,0.8554346237594812,/kaggle/input/datasets/hintrngia/locked-densenet-xai-inputs/D-C0/DenseNet121/seed_3407/best_checkpoint.pt,E01_XAI_D_C0_DenseNet121,D,C0
E01_XAI_D_C0_DenseNet121,D-C0,DenseNet121,3407,45,normal,E-B80945974BB38152A2ADE2AF.jpeg,0,0.0220924388792944,0.65966796875,0,1,0.3467604068809038,0.3467603921890259,0.287933349609375,1.2043078974746642,0.3203553306240914,0.3203553259372711,1.1126023819703474,0,0,112,207,115,211,0.7384335371018554,0.9099501394447416,0.6771322981994273,0.9000335287366845,0.001595677433581,0.0036652451342668,0.4221216454659087,0.5957362603858061,/kaggle/input/datasets/hintrngia/locked-densenet-xai-inputs/D-C0/DenseNet121/seed_3407/best_checkpoint.pt,E01_XAI_D_C0_DenseNet121,D,C0
E01_XAI_D_C0_DenseNet121,D-C0,DenseNet121,3407,46,normal,E-BB74E7A26CC5772AE8204932.jpeg,0,0.7328242509734976,0.65966796875,1,0,0.4713903746141439,0.4713903665542602,0.396759033203125,1.1881024379167964,0.4678915459195415,0.4678915441036224,1.1792839148289775,1,0,176,47,173,10,0.5865399719662827,0.7846333459909898,0.5628609263088276,0.8158424843705908,0.0038885624937871,0.008507419915669,0.1460059345686372,0.6016548602820289,/kaggle/input/datasets/hintrngia/locked-densenet-xai-inputs/D-C0/DenseNet121/seed_3407/best_checkpoint.pt,E01_XAI_D_C0_DenseNet121,D,C0
E01_XAI_D_C0_DenseNet121,D-C0,DenseNet121,3407,47,normal,E-BB96C349B18A4710DE07EC01.jpeg,0,0.4593073149921365,0.65966796875,0,1,0.4922976031870858,0.4922975897789001,0.3329010009765625,1.4788108228660612,0.4692330508894399,0.4692330360412597,1.4095273054540192,1,0,79,47,54,11,0.3859557758279128,0.5463652911483667,0.3060855119385106,0.5574745407359761,0.0010691225937973,0.0028444116593562,0.1044757905023865,0.2748607123762834,/kaggle/input/datasets/hintrngia/locked-densenet-xai-inputs/D-C0/DenseNet121/seed_3407/best_checkpoint.pt,E01_XAI_D_C0_DenseNet121,D,C0
E01_XAI_D_C0_DenseNet121,D-C0,DenseNet121,3407,48,normal,E-BCDF7BD5461E233F18CDF83C.jpeg,0,0.1805569581516716,0.65966796875,0,1,0.3882467929120607,0.3882468044757843,0.2940521240234375,1.3203332375219143,0.3091956810385838,0.3091956675052643,1.0514995668384948,0,0,143,47,90,21,0.5949977693010061,0.8105399625068707,0.5310354892182781,0.7562022693419285,0.0009956007095005,0.0023862899178096,-0.171179230304498,0.0206400718610901,/kaggle/input/datasets/hintrngia/locked-densenet-xai-inputs/D-C0/DenseNet121/seed_3407/best_checkpoint.pt,E01_XAI_D_C0_DenseNet121,D,C0
E01_XAI_D_C0_DenseNet121,D-C0,DenseNet121,3407,49,normal,E-BF6060CF2B5D86362B50F1EF.jpeg,0,0.1331761491000173,0.65966796875,0,1,0.2604883814493547,0.2604883909225464,0.3540191650390625,0.7358030501558085,0.216676545612556,0.2166765481233596,0.6120475019725216,0,0,143,208,139,216,0.6387541635214531,0.7789947580561756,0.5703114887109336,0.7452980839552016,0.0019810563000728,0.0003984729121871,-0.3108039964691887,-0.06385840943567,/kaggle/input/datasets/hintrngia/locked-densenet-xai-inputs/D-C0/DenseNet121/seed_3407/best_checkpoint.pt,E01_XAI_D_C0_DenseNet121,D,C0
E01_XAI_D_C0_DenseNet121,D-C0,DenseNet121,3407,50,normal,E-C7B56CF9C42EB131FD94EA3C.jpeg,0,0.9851872975607484,0.65966796875,1,0,0.201873773616782,0.201873779296875,0.32830810546875,0.6148912264244946,0.055768199483226,0.0557681992650032,0.1698654360165784,0,0,208,0,242,10,0.6236733426933146,0.9789759062333548,0.6070099891340865,0.980303303692352,0.0022695962334862,0.0006135257418046,0.9091898206765904,0.9946514055510716,/kaggle/input/datasets/hintrngia/locked-densenet-xai-inputs/D-C0/DenseNet121/seed_3407/best_checkpoint.pt,E01_XAI_D_C0_DenseNet121,D,C0
E01_XAI_D_C0_DenseNet121,D-C0,DenseNet121,3407,51,normal,E-D31B79C24E008C43E1511E9D.jpeg,0,0.0182150271155767,0.65966796875,0,1,0.3971247519309241,0.3971247375011444,0.29034423828125,1.3677721117587265,0.4291904902616125,0.4291904866695404,1.4782125273168507,0,0,143,48,130,43,0.7548174395670393,0.9440576081231736,0.6803820199274553,0.9056584195983188,0.0032496844158963,0.0037083533433293,0.0177109756351308,0.7142295322314166,/kaggle/input/datasets/hintrngia/locked-densenet-xai-inputs/D-C0/DenseNet121/seed_3407/best_checkpoint.pt,E01_XAI_D_C0_DenseNet121,D,C0
E01_XAI_D_C0_DenseNet121,D-C0,DenseNet121,3407,52,normal,E-E13640D767DD410F37B990A9.jpeg,0,0.2569727918943917,0.65966796875,0,1,0.329694778746433,0.3296947777271271,0.3385162353515625,0.9739408167647616,0.3339474174978653,0.3339474201202392,0.9865034010881272,1,1,111,176,66,187,0.3543597169194981,0.7103534008711242,0.2535474794097647,0.7291700375567269,6.468027766592943e-05,0.0038939969995481,0.3570184224032264,0.5468259011981744,/kaggle/input/datasets/hintrngia/locked-densenet-xai-inputs/D-C0/DenseNet121/seed_3407/best_checkpoint.pt,E01_XAI_D_C0_DenseNet121,D,C0
E01_XAI_D_C0_DenseNet121,D-C0,DenseNet121,3407,53,normal,E-E2352C479C37BA410D3419C8.jpeg,0,0.5110297467597982,0.65966796875,0,1,0.6185639916661491,0.6185640096664429,0.460540771484375,1.3431253647151529,0.6814556604379333,0.681455671787262,1.4796858446246235,1,1,207,80,205,73,0.2167803358498828,0.5467826928967682,0.2366770491882968,0.4938658922710469,0.0011122195293551,0.0033334904258804,0.2545531148687385,0.5034118127469711,/kaggle/input/datasets/hintrngia/locked-densenet-xai-inputs/D-C0/DenseNet121/seed_3407/best_checkpoint.pt,E01_XAI_D_C0_DenseNet121,D,C0
E01_XAI_D_C0_DenseNet121,D-C0,DenseNet121,3407,54,normal,E-E249A212D4F7D1C6D4206FBF.jpeg,0,0.2793345580452099,0.65966796875,0,1,0.4557930001867766,0.4557929933071136,0.44427490234375,1.0259256099821608,0.5186893710692861,0.5186893939971924,1.1674964494572309,0,1,111,208,88,106,0.3712269981572981,0.6709359008578846,0.5160769223195432,0.6748492475924274,0.0031691500844053,0.0003686143230147,0.0515406287958563,0.32220404898601,/kaggle/input/datasets/hintrngia/locked-densenet-xai-inputs/D-C0/DenseNet121/seed_3407/best_checkpoint.pt,E01_XAI_D_C0_DenseNet121,D,C0
E01_XAI_D_C0_DenseNet121,D-C0,DenseNet121,3407,55,normal,E-E2DD25AE8644A21D4C1655DA.jpeg,0,0.4146894586915011,0.65966796875,0,1,0.1806978423062326,0.1806978434324264,0.3409881591796875,0.5299240968980742,0.2061744326761922,0.2061744332313537,0.6046380999627212,0,0,176,240,73,28,0.3098889112976772,0.5196343123219269,0.2790020098931942,0.530561170623818,0.0003272044823961,0.0001338615403681,-0.2521187853279524,0.060223833062532,/kaggle/input/datasets/hintrngia/locked-densenet-xai-inputs/D-C0/DenseNet121/seed_3407/best_checkpoint.pt,E01_XAI_D_C0_DenseNet121,D,C0
E01_XAI_D_C0_DenseNet121,D-C0,DenseNet121,3407,56,normal,E-E35138A3EAFB63D43C970EAE.jpeg,0,0.4444006768082379,0.65966796875,0,1,0.29054971574394,0.2905497252941131,0.4013519287109375,0.7239275432838403,0.2181769369246979,0.218176931142807,0.5436050541115843,0,0,0,47,43,3,0.3442740023850936,0.551188297740564,0.3377170990548774,0.4713791869454826,0.0015742181568503,0.0032806510535245,-0.4230184198493156,0.1627527157201661,/kaggle/input/datasets/hintrngia/locked-densenet-xai-inputs/D-C0/DenseNet121/seed_3407/best_checkpoint.pt,E01_XAI_D_C0_DenseNet121,D,C0
E01_XAI_D_C0_DenseNet121,D-C0,DenseNet121,3407,57,normal,E-EACE2F51FB2EF2E191B9BC55.jpeg,0,0.9086112451812036,0.65966796875,1,0,0.4637868010855401,0.4637868106365204,0.4419708251953125,1.0493606696337634,0.3197970540871178,0.3197970688343048,0.7235705070482773,1,0,112,47,1,182,0.5238385735304807,0.9107761037170043,0.7280898278551079,0.9441003432121796,0.0005146531669472,0.0079553834090237,-0.3788870886887315,0.1746523275804223,/kaggle/input/datasets/hintrngia/locked-densenet-xai-inputs/D-C0/DenseNet121/seed_3407/best_checkpoint.pt,E01_XAI_D_C0_DenseNet121,D,C0
E01_XAI_D_C0_DenseNet121,D-C0,DenseNet121,3407,58,normal,E-ED70ACD6E494856AB99B813B.jpeg,0,0.9944756520031436,0.65966796875,1,0,0.1944623500531306,0.1944623440504074,0.3370513916015625,0.576951630815427,0.0450117787012635,0.0450117774307727,0.1335457435359685,0,0,208,0,227,4,0.8119990185960202,0.9677841736572498,0.7298621876214829,0.972231187960682,0.0007084514392544,0.0007407165332169,-0.2715936633140122,-0.0370868136962014,/kaggle/input/datasets/hintrngia/locked-densenet-xai-inputs/D-C0/DenseNet121/seed_3407/best_checkpoint.pt,E01_XAI_D_C0_DenseNet121,D,C0
E01_XAI_D_C0_DenseNet121,D-C0,DenseNet121,3407,59,normal,E-EE1CB872F9ABCF62B8C9A410.jpeg,0,0.0575174169564543,0.65966796875,0,1,0.3709439004279521,0.3709439039230346,0.260040283203125,1.4264862961181946,0.5174370982579478,0.5174371004104614,1.9898343898270665,0,1,111,48,91,103,0.4677253585677029,0.8720221537318371,0.3538585042490991,0.8472403004479775,0.0014054993826898,0.000156319724306,-0.230876813234873,-0.0720312778444893,/kaggle/input/datasets/hintrngia/locked-densenet-xai-inputs/D-C0/DenseNet121/seed_3407/best_checkpoint.pt,E01_XAI_D_C0_DenseNet121,D,C0
E01_XAI_D_C0_DenseNet121,D-C0,DenseNet121,3407,60,normal,E-EFAD2710B0F9E9CA19CFEDAD.jpeg,0,0.552340095691678,0.65966796875,0,1,0.2310755204598451,0.2310755252838134,0.36236572265625,0.6376859233980299,0.2279896700222939,0.2279896736145019,0.6291700780941997,0,0,48,47,10,52,0.2483955604392392,0.6161238072756474,0.1921369205987124,0.5846699519921998,0.0005748455215386,0.0048749264064034,0.5116460997418284,0.8818059912655979,/kaggle/input/datasets/hintrngia/locked-densenet-xai-inputs/D-C0/DenseNet121/seed_3407/best_checkpoint.pt,E01_XAI_D_C0_DenseNet121,D,C0
E01_XAI_D_C0_DenseNet121,D-C0,DenseNet121,3407,61,normal,E-F32C5A7DA665488BF8EB2294.jpeg,0,0.4972613518194299,0.65966796875,0,1,0.2494327999867503,0.2494328022003173,0.3988037109375,0.6254525550938044,0.2753754996442592,0.275375485420227,0.6905038546329267,0,1,79,240,63,203,0.3634895701741835,0.550915530894529,0.2996441051114585,0.5256179370643137,0.0017327049642908,0.0027839999481805,0.5645117346679285,0.5402404357206322,/kaggle/input/datasets/hintrngia/locked-densenet-xai-inputs/D-C0/DenseNet121/seed_3407/best_checkpoint.pt,E01_XAI_D_C0_DenseNet121,D,C0
E01_XAI_D_C0_DenseNet121,D-C0,DenseNet121,3407,62,normal,E-F57AB9616B464FB4687D409D.jpeg,0,0.4991509917901299,0.65966796875,0,1,0.2368294039744146,0.236829400062561,0.43695068359375,0.5420048826256195,0.1814943946413358,0.1814943999052047,0.415365855818361,0,0,47,47,26,6,0.2906753230727891,0.4871339261967659,0.2989834955576207,0.3788502366822259,6.823651407464326e-05,0.001494925313735,0.3648144754087535,0.3354097216431636,/kaggle/input/datasets/hintrngia/locked-densenet-xai-inputs/D-C0/DenseNet121/seed_3407/best_checkpoint.pt,E01_XAI_D_C0_DenseNet121,D,C0
E01_XAI_D_C0_DenseNet121,D-C0,DenseNet121,3407,63,normal,E-F803B5977A560D3CAEE3206F.jpeg,0,0.4118367572771271,0.65966796875,0,1,0.2951052502074164,0.2951052486896515,0.3428192138671875,0.8608188755772128,0.3365856388364828,0.3365856409072876,0.9818167279471108,0,0,111,208,111,193,0.3722329865811909,0.6203631198310392,0.3133318676835341,0.5639739499824157,0.0020248632538253,0.0019057005716153,0.2713937173686289,0.5705770393258294,/kaggle/input/datasets/hintrngia/locked-densenet-xai-inputs/D-C0/DenseNet121/seed_3407/best_checkpoint.pt,E01_XAI_D_C0_DenseNet121,D,C0
E01_XAI_D_C0_DenseNet121,D-C0,DenseNet121,3407,64,pneumonia,E-018B83433C4DD934AA5C8B2B.jpeg,1,0.998571003945064,0.65966796875,1,1,0.4788157186790739,0.4788157045841217,0.3726043701171875,1.2850512690671931,0.4408063813407426,0.4408063888549804,1.1830413615441626,0,0,144,144,251,11,0.9772859222518406,0.9846796645515364,0.9732551485549594,0.9926340445281128,0.0011569760317092,0.0070709640866155,0.665482529131956,0.8126352573314782,/kaggle/input/datasets/hintrngia/locked-densenet-xai-inputs/D-C0/DenseNet121/seed_3407/best_checkpoint.pt,E01_XAI_D_C0_DenseNet121,D,C0
E01_XAI_D_C0_DenseNet121,D-C0,DenseNet121,3407,65,pneumonia,E-01E4EA18817F6CBD784D8ACE.jpeg,1,0.9801400001964704,0.65966796875,1,1,0.4710631313408113,0.4710631370544433,0.355072021484375,1.3266692469080967,0.5436701445789267,0.543670117855072,1.5311545593091769,0,0,48,48,87,1,0.8993931723047921,0.9551915945570506,0.9200657922974742,0.9771550707038484,0.0009482836190969,0.0129785461502649,0.0317196610913531,0.3456951993505368,/kaggle/input/datasets/hintrngia/locked-densenet-xai-inputs/D-C0/DenseNet121/seed_3407/best_checkpoint.pt,E01_XAI_D_C0_DenseNet121,D,C0
E01_XAI_D_C0_DenseNet121,D-C0,DenseNet121,3407,66,pneumonia,E-0981A556ADE7F427711A3360.jpeg,1,0.9874427991351106,0.65966796875,1,1,0.3271330026928525,0.3271329998970032,0.315826416015625,1.035800003115218,0.2254739246799217,0.2254739254713058,0.7139172445561578,0,0,0,0,0,166,0.847456259616873,0.9579755179971456,0.8672693790609518,0.979305350813457,0.0014634296859292,0.0005182896717802,0.3051811156136105,0.1701865934846207,/kaggle/input/datasets/hintrngia/locked-densenet-xai-inputs/D-C0/DenseNet121/seed_3407/best_checkpoint.pt,E01_XAI_D_C0_DenseNet121,D,C0
E01_XAI_D_C0_DenseNet121,D-C0,DenseNet121,3407,67,pneumonia,E-0B7E667233F7AB135F8A84DD.jpeg,1,0.9984950219526668,0.65966796875,1,1,0.4983415080937302,0.4983415007591247,0.3825225830078125,1.3027766992871954,0.6499900113258676,0.6499900221824646,1.6992199681779114,1,1,176,207,68,107,0.9773564329276192,0.9797182031106608,0.961000052379528,0.9861523283265758,0.0014263617313877,0.0007959156711222,0.5737223913286743,0.6209590700435853,/kaggle/input/datasets/hintrngia/locked-densenet-xai-inputs/D-C0/DenseNet121/seed_3407/best_checkpoint.pt,E01_XAI_D_C0_DenseNet121,D,C0
E01_XAI_D_C0_DenseNet121,D-C0,DenseNet121,3407,68,pneumonia,E-122745006C7E29B76E58625B.jpeg,1,0.9810862284903672,0.65966796875,1,1,0.4079117532698079,0.4079117476940155,0.3352813720703125,1.2166251609834855,0.4518321295846016,0.451832115650177,1.3476207365610728,1,0,79,143,1,174,0.8412969440847564,0.9543710239130164,0.8392384453303643,0.9703028948954384,0.0004198817569333,0.0209528885191323,0.1987925029793455,0.6610097209885567,/kaggle/input/datasets/hintrngia/locked-densenet-xai-inputs/D-C0/DenseNet121/seed_3407/best_checkpoint.pt,E01_XAI_D_C0_DenseNet121,D,C0
E01_XAI_D_C0_DenseNet121,D-C0,DenseNet121,3407,69,pneumonia,E-1265B89238C345234A9C993B.jpeg,1,0.978274222308359,0.65966796875,1,1,0.3944583448979541,0.3944583535194397,0.3254241943359375,1.2121358883683744,0.2526460819396772,0.2526460886001587,0.7763592453696575,0,0,47,47,21,2,0.8400765512352186,0.9417939789678504,0.7954436629170184,0.9629369609277102,0.0021936801177371,0.0056137349247599,0.068479990890129,0.5441950728394586,/kaggle/input/datasets/hintrngia/locked-densenet-xai-inputs/D-C0/DenseNet121/seed_3407/best_checkpoint.pt,E01_XAI_D_C0_DenseNet121,D,C0
E01_XAI_D_C0_DenseNet121,D-C0,DenseNet121,3407,70,pneumonia,E-1777E855F7110F5A72B38BC0.jpeg,1,0.999541387519669,0.65966796875,1,1,0.4198205664898948,0.4198205769062042,0.3238525390625,1.29633248423868,0.4885541185603289,0.4885541200637817,1.5085696717852295,1,0,111,144,14,4,0.969921205432842,0.9857384561579984,0.9707705071996922,0.9942472049258684,0.0015067814894629,0.0080179987867123,-0.167177775212897,-0.0259213863665862,/kaggle/input/datasets/hintrngia/locked-densenet-xai-inputs/D-C0/DenseNet121/seed_3407/best_checkpoint.pt,E01_XAI_D_C0_DenseNet121,D,C0
E01_XAI_D_C0_DenseNet121,D-C0,DenseNet121,3407,71,pneumonia,E-198E88DB173F06A1227B639B.jpeg,1,0.99583388631766,0.65966796875,1,1,0.3439358276009221,0.3439358174800873,0.256744384765625,1.3396040887705951,0.4240720610515618,0.4240720570087433,1.6517286695040505,1,0,111,111,218,7,0.982274171080328,0.9861215482761008,0.968093147533128,0.9906062371716058,0.0010519987244516,0.0018898308907657,0.6283075140614537,0.4616107720748693,/kaggle/input/datasets/hintrngia/locked-densenet-xai-inputs/D-C0/DenseNet121/seed_3407/best_checkpoint.pt,E01_XAI_D_C0_DenseNet121,D,C0
E01_XAI_D_C0_DenseNet121,D-C0,DenseNet121,3407,72,pneumonia,E-1A06E979246F3D9634B22BF8.jpeg,1,0.9996557987890696,0.65966796875,1,1,0.3771340474174744,0.3771340548992157,0.303802490234375,1.2413790523129886,0.3749325284889896,0.3749325275421142,1.2341325056280477,0,0,47,48,22,6,0.9802055918033152,0.972681828170158,0.9677808883998984,0.9935983205416016,0.0012298518041348,0.0036352551649797,-0.5054308970074739,-0.1069715331516718,/kaggle/input/datasets/hintrngia/locked-densenet-xai-inputs/D-C0/DenseNet121/seed_3407/best_checkpoint.pt,E01_XAI_D_C0_DenseNet121,D,C0
E01_XAI_D_C0_DenseNet121,D-C0,DenseNet121,3407,73,pneumonia,E-220D81ED5B8FE3B14418B9F7.jpeg,1,0.9951275218648,0.65966796875,1,1,0.2873440577649379,0.2873440682888031,0.2836456298828125,1.0130389030976903,0.2299826990930749,0.229982703924179,0.8108099503880658,0,0,0,0,6,2,0.872482470795308,0.9701865658089852,0.8199264026527393,0.9822288134541792,0.0017017641687176,0.0109988606053464,-0.3409709758069371,0.4292650319864936,/kaggle/input/datasets/hintrngia/locked-densenet-xai-inputs/D-C0/DenseNet121/seed_3407/best_checkpoint.pt,E01_XAI_D_C0_DenseNet121,D,C0
E01_XAI_D_C0_DenseNet121,D-C0,DenseNet121,3407,74,pneumonia,E-227257A6740CF45FAF02E456.jpeg,1,0.9426640446947332,0.65966796875,1,1,0.2756572500557929,0.2756572365760803,0.381500244140625,0.7225611366953222,0.0683508348235722,0.0683508366346359,0.1791632793775549,0,0,208,0,11,255,0.5473951174835454,0.9330577739164586,0.6096341021496143,0.9422946537270128,0.0036692379135243,0.0024830876130379,0.2491451535061279,0.7026656545990311,/kaggle/input/datasets/hintrngia/locked-densenet-xai-inputs/D-C0/DenseNet121/seed_3407/best_checkpoint.pt,E01_XAI_D_C0_DenseNet121,D,C0
E01_XAI_D_C0_DenseNet121,D-C0,DenseNet121,3407,75,pneumonia,E-2C0709EBA6450DCFB3BBB340.jpeg,1,0.9991207042622204,0.65966796875,1,1,0.481706335829704,0.4817063212394714,0.3762359619140625,1.280330389947499,0.5461247108036287,0.5461246967315674,1.451548406019654,0,1,48,48,91,63,0.961889949448746,0.9684369862855616,0.9578313438420026,0.9900064072641688,6.168048147070504e-05,0.0030523382349877,-0.0841931528585872,0.5476679698313522,/kaggle/input/datasets/hintrngia/locked-densenet-xai-inputs/D-C0/DenseNet121/seed_3407/best_checkpoint.pt,E01_XAI_D_C0_DenseNet121,D,C0
E01_XAI_D_C0_DenseNet121,D-C0,DenseNet121,3407,76,pneumonia,E-30421FA65AB177DCD15E84C4.jpeg,1,0.9999488234263104,0.65966796875,1,1,0.5030703334909771,0.5030703544616699,0.41265869140625,1.2190954509563925,0.4782843789545822,0.4782843887805938,1.1590313954728406,0,0,111,48,73,2,0.9879622903210946,0.9851704363866298,0.97559514060864,0.9958688253295076,0.0001915837551484,0.0011914373109405,-0.5294191079944683,0.0950046948358192,/kaggle/input/datasets/hintrngia/locked-densenet-xai-inputs/D-C0/DenseNet121/seed_3407/best_checkpoint.pt,E01_XAI_D_C0_DenseNet121,D,C0
E01_XAI_D_C0_DenseNet121,D-C0,DenseNet121,3407,77,pneumonia,E-386D019ED9E9E8244987AC20.jpeg,1,0.9989004103142716,0.65966796875,1,1,0.507968950893169,0.5079689621925354,0.3555145263671875,1.4288275533600034,0.5901783410353643,0.590178370475769,1.6600681470489562,1,1,175,48,86,50,0.9844607054038502,0.9738155031890172,0.973978271580196,0.993089789465371,0.0007917861466583,0.0029113876295318,-0.1016048863660069,-0.0316373407240023,/kaggle/input/datasets/hintrngia/locked-densenet-xai-inputs/D-C0/DenseNet121/seed_3407/best_checkpoint.pt,E01_XAI_D_C0_DenseNet121,D,C0
E01_XAI_D_C0_DenseNet121,D-C0,DenseNet121,3407,78,pneumonia,E-3AC987E53985CBAF71C33ABC.jpeg,1,0.987793224328568,0.65966796875,1,1,0.5306294869360271,0.5306295156478882,0.4218597412109375,1.257833908049317,0.5397433838431658,0.5397433638572693,1.2794380006346335,0,0,112,47,119,35,0.8556429540135851,0.9336016200631334,0.884786909590882,0.9657674330532028,0.000586490045771,0.0029484177574388,0.8847483579294255,0.7195066695029863,/kaggle/input/datasets/hintrngia/locked-densenet-xai-inputs/D-C0/DenseNet121/seed_3407/best_checkpoint.pt,E01_XAI_D_C0_DenseNet121,D,C0
E01_XAI_D_C0_DenseNet121,D-C0,DenseNet121,3407,79,pneumonia,E-3EB4BE73D28C1518A6A12685.jpeg,1,0.9904498603779874,0.65966796875,1,1,0.5085077912085451,0.5085077881813049,0.40576171875,1.2532177573948258,0.4960525926749402,0.4960525929927826,1.222521913114654,1,0,207,208,255,250,0.9171430212438012,0.9707480460306254,0.9287405951103608,0.9751721979117272,0.0004901842096809,0.0063827802964014,0.192204906307712,0.6225099238206463,/kaggle/input/datasets/hintrngia/locked-densenet-xai-inputs/D-C0/DenseNet121/seed_3407/best_checkpoint.pt,E01_XAI_D_C0_DenseNet121,D,C0
E01_XAI_D_C0_DenseNet121,D-C0,DenseNet121,3407,80,pneumonia,E-401B5DEDAD367F085127D1DA.jpeg,1,0.9483109134573278,0.65966796875,1,1,0.5517255218104641,0.5517255067825317,0.364349365234375,1.514276061536585,0.4942022730484608,0.4942022860050201,1.3563966901124018,1,0,48,112,20,163,0.7740577435667428,0.9123644118638676,0.84345297682262,0.9327901311141372,0.0003408339346687,0.0289769305730062,-0.382070164981604,-0.0925191025324476,/kaggle/input/datasets/hintrngia/locked-densenet-xai-inputs/D-C0/DenseNet121/seed_3407/best_checkpoint.pt,E01_XAI_D_C0_DenseNet121,D,C0
E01_XAI_D_C0_DenseNet121,D-C0,DenseNet121,3407,81,pneumonia,E-4329094918EDAAADE18246AB.jpeg,1,0.999830276063002,0.65966796875,1,1,0.5061408309204741,0.5061408281326294,0.4228057861328125,1.197100057569894,0.5135190117268533,0.5135189890861511,1.2145505775210603,1,0,48,207,1,240,0.9918229045634808,0.9935460351889888,0.9821660563659178,0.9969824400823296,0.0007734285576662,0.0035521620825013,-0.2120123042682236,0.4845680218116852,/kaggle/input/datasets/hintrngia/locked-densenet-xai-inputs/D-C0/DenseNet121/seed_3407/best_checkpoint.pt,E01_XAI_D_C0_DenseNet121,D,C0
E01_XAI_D_C0_DenseNet121,D-C0,DenseNet121,3407,82,pneumonia,E-443A80FA1DE791815F946FF9.jpeg,1,0.9687455299710804,0.65966796875,1,1,0.414184121568762,0.4141841232776642,0.309112548828125,1.3399136435546644,0.4468856645394114,0.4468856751918793,1.4457053465917102,1,0,207,208,179,241,0.8528545758838304,0.951294816193904,0.9066047526947156,0.9722093739597846,0.0004103974553917,0.0088046602266984,0.4107939005292805,0.7193664877969929,/kaggle/input/datasets/hintrngia/locked-densenet-xai-inputs/D-C0/DenseNet121/seed_3407/best_checkpoint.pt,E01_XAI_D_C0_DenseNet121,D,C0
E01_XAI_D_C0_DenseNet121,D-C0,DenseNet121,3407,83,pneumonia,E-4B97630FB65DE326125E1DE1.jpeg,1,0.9920468999750328,0.65966796875,1,1,0.4544949861488785,0.4544949829578399,0.3383941650390625,1.3430934487195247,0.5435133645076567,0.5435133576393127,1.6061546582663928,1,1,175,207,90,90,0.94722107475367,0.9372183251091654,0.9506277975757508,0.97655303551101,0.0034943123578379,0.0053224925538405,0.1797269237587477,0.3999133686929778,/kaggle/input/datasets/hintrngia/locked-densenet-xai-inputs/D-C0/DenseNet121/seed_3407/best_checkpoint.pt,E01_XAI_D_C0_DenseNet121,D,C0
E01_XAI_D_C0_DenseNet121,D-C0,DenseNet121,3407,84,pneumonia,E-55F059ED3BB72FAD418A344C.jpeg,1,0.9906161061115532,0.65966796875,1,1,0.2791031632603259,0.27910315990448,0.3324737548828125,0.8394742717622985,0.1257030872049949,0.1257030814886093,0.378084240812637,0,0,208,240,243,248,0.6669725302582868,0.9629962771024164,0.7459227197442806,0.9660161127023736,0.0030807900544392,0.0002833310948575,0.5561779784870731,0.7493981917781456,/kaggle/input/datasets/hintrngia/locked-densenet-xai-inputs/D-C0/DenseNet121/seed_3407/best_checkpoint.pt,E01_XAI_D_C0_DenseNet121,D,C0
E01_XAI_D_C0_DenseNet121,D-C0,DenseNet121,3407,85,pneumonia,E-6060B7AB38566FD26078DE5E.jpeg,1,0.9913048079745675,0.65966796875,1,1,0.4720907387728225,0.4720907509326935,0.271087646484375,1.7414690226396317,0.5704571544203445,0.5704571604728699,2.1043273709384045,0,1,143,112,175,114,0.957845652208214,0.9175160700359212,0.9603485696198302,0.9761735965327836,0.0013531796015966,0.0056665415352112,0.8316460980511713,0.5888980294487671,/kaggle/input/datasets/hintrngia/locked-densenet-xai-inputs/D-C0/DenseNet121/seed_3407/best_checkpoint.pt,E01_XAI_D_C0_DenseNet121,D,C0
E01_XAI_D_C0_DenseNet121,D-C0,DenseNet121,3407,86,pneumonia,E-638A63581494A3F6A20C2D9C.jpeg,1,0.968924770314212,0.65966796875,1,1,0.4385684341543033,0.4385684430599212,0.312408447265625,1.4038302676925087,0.4634035729988208,0.463403582572937,1.483326001760805,1,1,80,144,79,138,0.8188433680245865,0.9602094979217456,0.7929412360906377,0.9716399731408646,0.0002063701402979,0.0157816393558367,0.2385009030764376,0.3231004955623308,/kaggle/input/datasets/hintrngia/locked-densenet-xai-inputs/D-C0/DenseNet121/seed_3407/best_checkpoint.pt,E01_XAI_D_C0_DenseNet121,D,C0
E01_XAI_D_C0_DenseNet121,D-C0,DenseNet121,3407,87,pneumonia,E-63AE2F3741553AC167D0B283.jpeg,1,0.9995291670665988,0.65966796875,1,1,0.4711572286596936,0.4711572229862213,0.3596954345703125,1.3098782563713436,0.4887726025192477,0.4887726008892059,1.3588512823442676,1,0,176,176,64,1,0.9456367538377276,0.9602099273651176,0.95728158242711,0.988045990125159,0.0031277239603558,0.0001947647139735,0.2371860913069428,0.7794443704655745,/kaggle/input/datasets/hintrngia/locked-densenet-xai-inputs/D-C0/DenseNet121/seed_3407/best_checkpoint.pt,E01_XAI_D_C0_DenseNet121,D,C0
E01_XAI_D_C0_DenseNet121,D-C0,DenseNet121,3407,88,pneumonia,E-63E40A6B7E9FE7A4F927B234.jpeg,1,0.999099513849102,0.65966796875,1,1,0.348645879617447,0.3486458659172058,0.3593597412109375,0.970186249696786,0.2408012594982614,0.2408012598752975,0.6700841298661653,0,0,208,0,246,26,0.9247823338896648,0.9767442297918,0.8499532653649484,0.9851815142382432,0.0004607098791682,0.0043116899659341,-0.0994535269789449,-0.0081776945718767,/kaggle/input/datasets/hintrngia/locked-densenet-xai-inputs/D-C0/DenseNet121/seed_3407/best_checkpoint.pt,E01_XAI_D_C0_DenseNet121,D,C0
E01_XAI_D_C0_DenseNet121,D-C0,DenseNet121,3407,89,pneumonia,E-6C94FB136A3DC9D9B1FE1032.jpeg,1,0.936021359927584,0.65966796875,1,1,0.5093414178484312,0.5093414187431335,0.3358001708984375,1.5167991620900072,0.52987657743182,0.5298765897750854,1.5779520779102902,1,0,144,144,18,11,0.7565231599302908,0.8269570927024632,0.8216357028778498,0.909625934947497,0.0024273846577055,0.0003910950345072,-0.1131374293787545,0.1147200353650633,/kaggle/input/datasets/hintrngia/locked-densenet-xai-inputs/D-C0/DenseNet121/seed_3407/best_checkpoint.pt,E01_XAI_D_C0_DenseNet121,D,C0
E01_XAI_D_C0_DenseNet121,D-C0,DenseNet121,3407,90,pneumonia,E-6EBA6C5A4DF4C84E483A5386.jpeg,1,0.9996778682947772,0.65966796875,1,1,0.3770874678222148,0.3770874738693237,0.3423919677734375,1.1013326926866915,0.3098887399070222,0.3098887503147125,0.905070121598405,0,0,0,0,12,7,0.9801952266800034,0.9885072111083236,0.9847905733536262,0.9943606469355012,0.0028753866451471,0.0005461494080397,0.144674540283759,0.0974364357238346,/kaggle/input/datasets/hintrngia/locked-densenet-xai-inputs/D-C0/DenseNet121/seed_3407/best_checkpoint.pt,E01_XAI_D_C0_DenseNet121,D,C0
E01_XAI_D_C0_DenseNet121,D-C0,DenseNet121,3407,91,pneumonia,E-73D66A02A1612F6E79C3F7EC.jpeg,1,0.9997029392695188,0.65966796875,1,1,0.4762058812916419,0.4762058854103088,0.3591766357421875,1.3258264427685562,0.5438283370996514,0.5438283085823059,1.514097196149486,1,0,112,48,1,66,0.9633802049797672,0.9764744591479642,0.9578009972527668,0.9906498667220408,0.0006570904533336,0.0049542244923121,0.6193830308529641,0.6706140088426774,/kaggle/input/datasets/hintrngia/locked-densenet-xai-inputs/D-C0/DenseNet121/seed_3407/best_checkpoint.pt,E01_XAI_D_C0_DenseNet121,D,C0
E01_XAI_D_C0_DenseNet121,D-C0,DenseNet121,3407,92,pneumonia,E-7725ED8C0E93C0BF91B23FCE.jpeg,1,0.9989322146819576,0.65966796875,1,1,0.4790622755528393,0.4790622889995575,0.38677978515625,1.2385918135801988,0.5686620681794659,0.5686620473861694,1.4702476447928623,0,0,48,48,0,150,0.9714157435992522,0.9138745388445196,0.9306452909724514,0.9869822600939632,0.0022115923181131,0.0027148176547505,0.2346897236792895,0.1194981398979973,/kaggle/input/datasets/hintrngia/locked-densenet-xai-inputs/D-C0/DenseNet121/seed_3407/best_checkpoint.pt,E01_XAI_D_C0_DenseNet121,D,C0
E01_XAI_D_C0_DenseNet121,D-C0,DenseNet121,3407,93,pneumonia,E-77D4D0C371CD4C8665643C00.jpeg,1,0.9916193326646592,0.65966796875,1,1,0.3524020600212889,0.3524020612239837,0.29443359375,1.196881291747263,0.402216015469817,0.4022160172462463,1.3660669978145692,0,0,47,111,0,110,0.9497363251324332,0.9804948246830628,0.936064636136014,0.9905004850468532,0.0029820522702638,0.0052995381403135,-0.2681338408594512,-0.0152360735533515,/kaggle/input/datasets/hintrngia/locked-densenet-xai-inputs/D-C0/DenseNet121/seed_3407/best_checkpoint.pt,E01_XAI_D_C0_DenseNet121,D,C0
E01_XAI_D_C0_DenseNet121,D-C0,DenseNet121,3407,94,pneumonia,E-7B805F2D3984459EDD091000.jpeg,1,0.9995340202317566,0.65966796875,1,1,0.4832460258315324,0.4832460284233093,0.3260345458984375,1.4821927059903266,0.6074998190920089,0.6074998378753662,1.863298925633636,0,0,112,112,0,180,0.9412209526917104,0.9807758626427324,0.9413608883845516,0.9920353384387856,0.0004711320287896,0.0016367659829075,-0.2802902976807898,-0.0850406221442961,/kaggle/input/datasets/hintrngia/locked-densenet-xai-inputs/D-C0/DenseNet121/seed_3407/best_checkpoint.pt,E01_XAI_D_C0_DenseNet121,D,C0
E01_XAI_D_C0_DenseNet121,D-C0,DenseNet121,3407,95,pneumonia,E-8B99D004F7E59741CFAB602B.jpeg,1,0.9991512300641152,0.65966796875,1,1,0.5597436162420361,0.5597436428070068,0.44635009765625,1.2540461381798875,0.4643290460593818,0.4643290340900421,1.0402799248785604,1,1,176,175,210,230,0.8915462914991248,0.9283405324889034,0.923146873879267,0.9827375943008858,0.0031314920857349,0.0074259380310957,-0.0165359734402042,0.7464688018826242,/kaggle/input/datasets/hintrngia/locked-densenet-xai-inputs/D-C0/DenseNet121/seed_3407/best_checkpoint.pt,E01_XAI_D_C0_DenseNet121,D,C0
E01_XAI_D_C0_DenseNet121,D-C0,DenseNet121,3407,96,pneumonia,E-8E859FAC3770F43BC30CF790.jpeg,1,0.9955226554607072,0.65966796875,1,1,0.3846133854702097,0.3846133947372436,0.32305908203125,1.1905357467492756,0.2955280066902868,0.2955279946327209,0.9147800607620744,0,0,208,0,244,7,0.9594795854979788,0.9862976488884914,0.9718881760076772,0.9921454695083188,0.0002594006805747,0.0027610877539552,-0.0086335364062355,0.7712010306878339,/kaggle/input/datasets/hintrngia/locked-densenet-xai-inputs/D-C0/DenseNet121/seed_3407/best_checkpoint.pt,E01_XAI_D_C0_DenseNet121,D,C0
E01_XAI_D_C0_DenseNet121,D-C0,DenseNet121,3407,97,pneumonia,E-9A9C78D1B9953A6FD2BA65F6.jpeg,1,0.999957337074391,0.65966796875,1,1,0.5162204763283359,0.5162204504013062,0.39300537109375,1.3135201559502183,0.5593209601577548,0.5593209862709045,1.4231890994292056,0,1,143,48,106,34,0.9896742991334908,0.9887624576165732,0.98144574330327,0.9971837457824132,0.0012811537701218,0.0032925344775921,0.3646474132599867,0.681460700075416,/kaggle/input/datasets/hintrngia/locked-densenet-xai-inputs/D-C0/DenseNet121/seed_3407/best_checkpoint.pt,E01_XAI_D_C0_DenseNet121,D,C0
E01_XAI_D_C0_DenseNet121,D-C0,DenseNet121,3407,98,pneumonia,E-9B56CC62692974C989F872CC.jpeg,1,0.9999155348017286,0.65966796875,1,1,0.5626743240001945,0.562674343585968,0.37744140625,1.4907593991622228,0.7136473045925222,0.7136473059654236,1.8907499091920896,0,1,143,111,78,78,0.9788208384848598,0.9798752618368816,0.9724099574062028,0.9939451173889464,0.0016462398389212,0.0002412853696908,0.8690448180116571,0.762384037520967,/kaggle/input/datasets/hintrngia/locked-densenet-xai-inputs/D-C0/DenseNet121/seed_3407/best_checkpoint.pt,E01_XAI_D_C0_DenseNet121,D,C0
E01_XAI_D_C0_DenseNet121,D-C0,DenseNet121,3407,99,pneumonia,E-9FC76B9714A55204D742CE4C.jpeg,1,0.9945526191327324,0.65966796875,1,1,0.4357010878510993,0.4357011020183563,0.32318115234375,1.3481636682440816,0.5063122718426731,0.5063122510910034,1.5666516075298125,1,0,176,207,50,98,0.9630658096297524,0.9428174774479589,0.9571645644305616,0.9749493466180223,0.0008764961475299,0.0013606575649349,0.3304209216957302,0.582033676949707,/kaggle/input/datasets/hintrngia/locked-densenet-xai-inputs/D-C0/DenseNet121/seed_3407/best_checkpoint.pt,E01_XAI_D_C0_DenseNet121,D,C0
E01_XAI_D_C0_DenseNet121,D-C0,DenseNet121,3407,100,pneumonia,E-A0A20FFCEFD96663F4AB4E87.jpeg,1,0.9954000161251978,0.65966796875,1,1,0.368704409217659,0.3687044084072113,0.3404388427734375,1.0830268550261533,0.2411058233251253,0.2411058247089386,0.7082206641313887,0,0,0,0,7,15,0.8909608629015594,0.9508851317264774,0.8819881902169924,0.9739243681682368,0.0038539311102983,0.0020089582925113,0.6564727765338619,0.9747048089637868,/kaggle/input/datasets/hintrngia/locked-densenet-xai-inputs/D-C0/DenseNet121/seed_3407/best_checkpoint.pt,E01_XAI_D_C0_DenseNet121,D,C0
E01_XAI_D_C0_DenseNet121,D-C0,DenseNet121,3407,101,pneumonia,E-A0D5A9410E976B289DD85CF6.jpeg,1,0.967897974681727,0.65966796875,1,1,0.3098025180577017,0.3098025321960449,0.2681732177734375,1.1552328775777834,0.1504891705438656,0.1504891663789749,0.5611640558044255,0,0,208,240,244,251,0.7352160682530946,0.948616854869602,0.7913650658246587,0.9597938535246228,0.0024419893328898,0.0038313944455701,0.4964783836019026,0.9757548584054904,/kaggle/input/datasets/hintrngia/locked-densenet-xai-inputs/D-C0/DenseNet121/seed_3407/best_checkpoint.pt,E01_XAI_D_C0_DenseNet121,D,C0
E01_XAI_D_C0_DenseNet121,D-C0,DenseNet121,3407,102,pneumonia,E-A540763BCA2A1AF575A9EE6B.jpeg,1,0.9860073448603672,0.65966796875,1,1,0.5248629553126252,0.5248629450798035,0.3713226318359375,1.4134957320471833,0.5745729795602287,0.5745729804039001,1.5473685961972117,1,0,208,207,255,243,0.8427372667961626,0.9286329211140576,0.7858711046547733,0.9577970949682088,0.0009184595395936,0.0023502322644153,0.746429424572508,0.9092991124919524,/kaggle/input/datasets/hintrngia/locked-densenet-xai-inputs/D-C0/DenseNet121/seed_3407/best_checkpoint.pt,E01_XAI_D_C0_DenseNet121,D,C0
E01_XAI_D_C0_DenseNet121,D-C0,DenseNet121,3407,103,pneumonia,E-A9AC7ECA864D894719491A2C.jpeg,1,0.9978271532064712,0.65966796875,1,1,0.46400084346379,0.4640008509159088,0.3572845458984375,1.2986871354790923,0.5861165407681376,0.5861165523529053,1.640475490744423,0,0,48,48,11,2,0.9186066977236514,0.9450836496318586,0.9007936119514456,0.9796540603806764,0.0005298324804605,0.0052747578006377,0.3491788797870357,0.5425645971323904,/kaggle/input/datasets/hintrngia/locked-densenet-xai-inputs/D-C0/DenseNet121/seed_3407/best_checkpoint.pt,E01_XAI_D_C0_DenseNet121,D,C0
E01_XAI_D_C0_DenseNet121,D-C0,DenseNet121,3407,104,pneumonia,E-B15903E1E2039605DB9FB6A1.jpeg,1,0.9944666094370604,0.65966796875,1,1,0.2734148397951608,0.2734148502349853,0.2703704833984375,1.0112599436094396,0.2049716314437333,0.2049716264009475,0.7581139363562563,0,0,47,47,250,2,0.8333665927858023,0.9667447692648444,0.8712234728384902,0.9710914294749412,0.0005091204748261,0.0002905448705952,0.954311946901714,0.9685176852598136,/kaggle/input/datasets/hintrngia/locked-densenet-xai-inputs/D-C0/DenseNet121/seed_3407/best_checkpoint.pt,E01_XAI_D_C0_DenseNet121,D,C0
E01_XAI_D_C0_DenseNet121,D-C0,DenseNet121,3407,105,pneumonia,E-B29F964F9024332A9FD3DA8C.jpeg,1,0.991922099234887,0.65966796875,1,1,0.6247806224856071,0.6247805953025818,0.444091796875,1.406872693623445,0.6916397005155046,0.6916397213935852,1.557425076037112,1,1,48,144,75,132,0.9171049486078195,0.979188073963545,0.9203288802470574,0.9900127397172466,0.000878595009951,0.0007396572224636,0.8517623086942155,0.9446231457449484,/kaggle/input/datasets/hintrngia/locked-densenet-xai-inputs/D-C0/DenseNet121/seed_3407/best_checkpoint.pt,E01_XAI_D_C0_DenseNet121,D,C0
E01_XAI_D_C0_DenseNet121,D-C0,DenseNet121,3407,106,pneumonia,E-B352C843937DC9BD58C4B554.jpeg,1,0.8768748818083286,0.65966796875,1,1,0.3122703576908302,0.3122703433036804,0.322052001953125,0.969627127908,0.125494664145315,0.1254946589469909,0.3896720510483921,0,0,240,0,234,10,0.4923938447014406,0.9048000102541114,0.592400297500981,0.910874417202918,0.0016759122444262,0.0023670360755456,0.8209029099060737,0.985773265776594,/kaggle/input/datasets/hintrngia/locked-densenet-xai-inputs/D-C0/DenseNet121/seed_3407/best_checkpoint.pt,E01_XAI_D_C0_DenseNet121,D,C0
E01_XAI_D_C0_DenseNet121,D-C0,DenseNet121,3407,107,pneumonia,E-B41848B096ED1788DCCEEDA2.jpeg,1,0.9940504822196246,0.65966796875,1,1,0.4265801430544118,0.4265801310539245,0.2685089111328125,1.5887001338417872,0.474552758085755,0.4745527505874634,1.7673631615564038,1,0,144,144,52,70,0.9723927657443394,0.9172122240264065,0.966923452682948,0.9836899133885438,4.205852424021828e-05,0.0073840261052187,-0.1175415040749221,0.6005577094233527,/kaggle/input/datasets/hintrngia/locked-densenet-xai-inputs/D-C0/DenseNet121/seed_3407/best_checkpoint.pt,E01_XAI_D_C0_DenseNet121,D,C0
E01_XAI_D_C0_DenseNet121,D-C0,DenseNet121,3407,108,pneumonia,E-B813D1454C73F6C74F660590.jpeg,1,0.9807004669686882,0.65966796875,1,1,0.2267275418924452,0.226727545261383,0.2771453857421875,0.8180816046613054,0.0943832531695264,0.0943832546472549,0.3405550228331269,0,0,0,0,0,50,0.7477262449799865,0.9308962773509766,0.7453575236809243,0.9546959082046572,0.0031348876055639,0.0108797643378235,-0.1393968939003969,0.3080065208175118,/kaggle/input/datasets/hintrngia/locked-densenet-xai-inputs/D-C0/DenseNet121/seed_3407/best_checkpoint.pt,E01_XAI_D_C0_DenseNet121,D,C0
E01_XAI_D_C0_DenseNet121,D-C0,DenseNet121,3407,109,pneumonia,E-BF1AD901130E35A45E611B5A.jpeg,1,0.994352055956757,0.65966796875,1,1,0.3758084974215323,0.3758085072040558,0.2906494140625,1.292995888650648,0.3939591048219157,0.393959105014801,1.3554443455275658,0,0,48,143,203,2,0.9740476000771334,0.9476158172738822,0.9550179251378084,0.9900920254718972,0.0017735482176918,0.0086986614985037,-0.1366127285022497,0.6799532555752256,/kaggle/input/datasets/hintrngia/locked-densenet-xai-inputs/D-C0/DenseNet121/seed_3407/best_checkpoint.pt,E01_XAI_D_C0_DenseNet121,D,C0
E01_XAI_D_C0_DenseNet121,D-C0,DenseNet121,3407,110,pneumonia,E-BFFC08BEA9A0FA7A1279A0B5.jpeg,1,0.9920828719342504,0.65966796875,1,1,0.4647617962415299,0.4647617936134338,0.364898681640625,1.2736735417949696,0.3280179946818217,0.3280179798603058,0.8989289662736418,1,0,208,207,12,12,0.8795430145777826,0.9453102507617108,0.8933467663970338,0.9675906772654764,0.0002804548431689,0.0169184682460257,-0.2043651503202619,0.2544256695762512,/kaggle/input/datasets/hintrngia/locked-densenet-xai-inputs/D-C0/DenseNet121/seed_3407/best_checkpoint.pt,E01_XAI_D_C0_DenseNet121,D,C0
E01_XAI_D_C0_DenseNet121,D-C0,DenseNet121,3407,111,pneumonia,E-C378B1871ED2B8AC1E544A5B.jpeg,1,0.9947967641665824,0.65966796875,1,1,0.3911290489534103,0.3911290466785431,0.2780303955078125,1.406785212239213,0.5112373736609468,0.511237382888794,1.8387823127294776,0,0,112,112,255,55,0.9914757374750028,0.9614286634017536,0.9916673936036848,0.992845232482795,0.0009383849089708,0.0016284060955706,0.9086277143542612,0.6895666560665458,/kaggle/input/datasets/hintrngia/locked-densenet-xai-inputs/D-C0/DenseNet121/seed_3407/best_checkpoint.pt,E01_XAI_D_C0_DenseNet121,D,C0
E01_XAI_D_C0_DenseNet121,D-C0,DenseNet121,3407,112,pneumonia,E-D2A52B478FEFC3F6A00973AF.jpeg,1,0.9937856522993488,0.65966796875,1,1,0.4616988682681417,0.4616988599300384,0.35107421875,1.3151033132310908,0.4168899899719017,0.4168899953365326,1.1874696793636366,0,0,48,47,78,2,0.9245580284514257,0.9581125677034164,0.8968850705212463,0.976268074307412,0.0018999162489636,0.0029006046982292,0.5383041129434869,0.4916849920146914,/kaggle/input/datasets/hintrngia/locked-densenet-xai-inputs/D-C0/DenseNet121/seed_3407/best_checkpoint.pt,E01_XAI_D_C0_DenseNet121,D,C0
E01_XAI_D_C0_DenseNet121,D-C0,DenseNet121,3407,113,pneumonia,E-D33BB0B839138FAFF4DA3ED6.jpeg,1,0.975490049432137,0.65966796875,1,1,0.2114683150923955,0.2114683091640472,0.3347625732421875,0.6316964081268625,0.0682706833667667,0.0682706832885742,0.2039376227323226,0,0,208,0,251,2,0.6712022371188598,0.9611407188454324,0.6678154704955842,0.9641018146586372,0.0006097257394641,0.0006401820188999,0.6252481742524758,0.7755679922620314,/kaggle/input/datasets/hintrngia/locked-densenet-xai-inputs/D-C0/DenseNet121/seed_3407/best_checkpoint.pt,E01_XAI_D_C0_DenseNet121,D,C0
E01_XAI_D_C0_DenseNet121,D-C0,DenseNet121,3407,114,pneumonia,E-DA47F22802134421DB0B257A.jpeg,1,0.9999603732785092,0.65966796875,1,1,0.5103202214147863,0.510320246219635,0.39227294921875,1.3009314622156307,0.6763595868303024,0.6763595938682556,1.7242065459199742,0,1,111,80,75,109,0.9955049886346132,0.994523825561678,0.9907993245921892,0.9985792071590628,0.0004379483501449,0.0040471251453536,0.2503773419052565,0.4425664292130284,/kaggle/input/datasets/hintrngia/locked-densenet-xai-inputs/D-C0/DenseNet121/seed_3407/best_checkpoint.pt,E01_XAI_D_C0_DenseNet121,D,C0
E01_XAI_D_C0_DenseNet121,D-C0,DenseNet121,3407,115,pneumonia,E-E09BD72833F7B4079F215903.jpeg,1,0.998050419739168,0.65966796875,1,1,0.4532125561696558,0.453212559223175,0.3171234130859375,1.4291362210044058,0.5430089604329148,0.5430089831352234,1.7122953967632923,1,1,112,48,83,39,0.9578413865511068,0.9908545842127412,0.9445902447479044,0.993314051412086,0.0001532680397675,0.009965994585587,0.7989819172010758,0.8746739247235994,/kaggle/input/datasets/hintrngia/locked-densenet-xai-inputs/D-C0/DenseNet121/seed_3407/best_checkpoint.pt,E01_XAI_D_C0_DenseNet121,D,C0
E01_XAI_D_C0_DenseNet121,D-C0,DenseNet121,3407,116,pneumonia,E-E0D541D212A934D795DA0D1B.jpeg,1,0.9738907323576091,0.65966796875,1,1,0.4410840584276587,0.4410840570926666,0.306488037109375,1.4391558724044131,0.4779405098292261,0.4779404997825622,1.5594099996100848,1,1,79,112,54,110,0.8403749377647973,0.9477020116329328,0.8200555689791507,0.9706810348671726,0.0029643287390378,0.0206582912846021,-0.2500364175721015,0.1093590409376101,/kaggle/input/datasets/hintrngia/locked-densenet-xai-inputs/D-C0/DenseNet121/seed_3407/best_checkpoint.pt,E01_XAI_D_C0_DenseNet121,D,C0
E01_XAI_D_C0_DenseNet121,D-C0,DenseNet121,3407,117,pneumonia,E-E1AD2A3BA30BC31AC67A922E.jpeg,1,0.9993554623342764,0.65966796875,1,1,0.3557189915666315,0.3557190001010895,0.3279571533203125,1.084650808696355,0.2898762500445006,0.289876252412796,0.8838845169551199,1,0,207,208,248,22,0.9596212775543927,0.9773788925603026,0.9321549242931252,0.9878464931211208,0.0021839835030689,0.0043708180323096,0.2788153805829053,0.6374689300174974,/kaggle/input/datasets/hintrngia/locked-densenet-xai-inputs/D-C0/DenseNet121/seed_3407/best_checkpoint.pt,E01_XAI_D_C0_DenseNet121,D,C0
E01_XAI_D_C0_DenseNet121,D-C0,DenseNet121,3407,118,pneumonia,E-E280E4CD8F00E10AB30B96C9.jpeg,1,0.9974179945393152,0.65966796875,1,1,0.504938675109514,0.5049386620521545,0.3293609619140625,1.5330859861930557,0.6458406584796157,0.6458406448364258,1.9608901271308825,1,1,111,48,178,95,0.9370740843053376,0.9520256945413952,0.9433193855975928,0.989556373946606,0.0009390317789593,0.0027080413194719,-0.557566299799415,-0.1583280333452775,/kaggle/input/datasets/hintrngia/locked-densenet-xai-inputs/D-C0/DenseNet121/seed_3407/best_checkpoint.pt,E01_XAI_D_C0_DenseNet121,D,C0
E01_XAI_D_C0_DenseNet121,D-C0,DenseNet121,3407,119,pneumonia,E-E2EF7E089A1E8F497DBAC1CB.jpeg,1,0.999629280996079,0.65966796875,1,1,0.5158563767862178,0.5158563852310181,0.3351898193359375,1.538997747032438,0.624274123673648,0.6242741346359253,1.8624495365355396,1,1,80,80,78,64,0.9793666514786024,0.9840318617152912,0.9800928129467674,0.994114024191173,0.001026151072888,0.0012387147535347,0.7299636578264468,0.7524806384812132,/kaggle/input/datasets/hintrngia/locked-densenet-xai-inputs/D-C0/DenseNet121/seed_3407/best_checkpoint.pt,E01_XAI_D_C0_DenseNet121,D,C0
E01_XAI_D_C0_DenseNet121,D-C0,DenseNet121,3407,120,pneumonia,E-E7BF66D9C027E263610D5923.jpeg,1,0.8603540104846622,0.65966796875,1,1,0.4040914382512479,0.4040914475917816,0.3877410888671875,1.0421682144438935,0.2976999416676977,0.2976999282836914,0.7677802281348328,0,0,0,47,14,3,0.7398084464284693,0.9040548065029776,0.7999082178661512,0.917326543629894,0.0001697599164247,0.0013242743492837,-0.3145146359702867,-0.0937889775205121,/kaggle/input/datasets/hintrngia/locked-densenet-xai-inputs/D-C0/DenseNet121/seed_3407/best_checkpoint.pt,E01_XAI_D_C0_DenseNet121,D,C0
E01_XAI_D_C0_DenseNet121,D-C0,DenseNet121,3407,121,pneumonia,E-EB1401E2B7015C0BDE01BE91.jpeg,1,0.9846231404678876,0.65966796875,1,1,0.369723070667448,0.3697230815887451,0.329986572265625,1.1204185313632606,0.3403878456866039,0.3403878509998321,1.0315202929306055,1,0,47,175,0,200,0.8626949372668545,0.96529540912076,0.836619766846144,0.9811890961150898,0.0023910737948411,0.0207718400268905,0.8573413600231211,0.9636999322812804,/kaggle/input/datasets/hintrngia/locked-densenet-xai-inputs/D-C0/DenseNet121/seed_3407/best_checkpoint.pt,E01_XAI_D_C0_DenseNet121,D,C0
E01_XAI_D_C0_DenseNet121,D-C0,DenseNet121,3407,122,pneumonia,E-EB344A640162B22F1A6C369F.jpeg,1,0.9874128760479308,0.65966796875,1,1,0.2510561626450922,0.2510561645030975,0.2807464599609375,0.8942451587101886,0.0984518586599304,0.0984518602490425,0.3506788960887657,0,0,208,0,11,254,0.7723803073386932,0.9635809914137998,0.7725574856536834,0.967720017150028,0.0020448020285818,0.0033368766262057,0.7997808372877335,0.981155161022156,/kaggle/input/datasets/hintrngia/locked-densenet-xai-inputs/D-C0/DenseNet121/seed_3407/best_checkpoint.pt,E01_XAI_D_C0_DenseNet121,D,C0
E01_XAI_D_C0_DenseNet121,D-C0,DenseNet121,3407,123,pneumonia,E-EC00E01864643AB223676743.jpeg,1,0.9525348189083442,0.65966796875,1,1,0.4750597496202272,0.4750597476959228,0.3099517822265625,1.532689201551283,0.5004323170715514,0.5004323124885559,1.614548925889883,1,0,79,112,1,131,0.8169377053222617,0.8723068361660383,0.8143644138371338,0.9276466133416228,0.0040361696651117,0.0120828747765163,-0.282188870619847,0.4285703820996313,/kaggle/input/datasets/hintrngia/locked-densenet-xai-inputs/D-C0/DenseNet121/seed_3407/best_checkpoint.pt,E01_XAI_D_C0_DenseNet121,D,C0
E01_XAI_D_C0_DenseNet121,D-C0,DenseNet121,3407,124,pneumonia,E-EF92BEF2BC79AC7D99E44B1F.jpeg,1,0.9904778831123832,0.65966796875,1,1,0.3423707533877702,0.3423707485198974,0.343048095703125,0.9980255179263816,0.2415146497305168,0.241514652967453,0.7040256242655971,0,0,48,47,28,8,0.8640548819424478,0.9551218422026362,0.8844611995852252,0.9723106350588122,0.0003308851519798,0.0001382118455962,0.2779202352289395,0.6930614548215653,/kaggle/input/datasets/hintrngia/locked-densenet-xai-inputs/D-C0/DenseNet121/seed_3407/best_checkpoint.pt,E01_XAI_D_C0_DenseNet121,D,C0
E01_XAI_D_C0_DenseNet121,D-C0,DenseNet121,3407,125,pneumonia,E-F051ECCC0E91B0C03A0B3894.jpeg,1,0.998852369430675,0.65966796875,1,1,0.6028398647673465,0.6028398871421814,0.5049896240234375,1.193766834186216,0.6214452240403422,0.6214452385902405,1.2306098867716533,1,1,207,208,68,99,0.9817508193051822,0.9793020268798516,0.9792134996593757,0.9905256131561254,0.0033168411596276,0.0009400280072883,-0.4488109763348766,0.0898378946185889,/kaggle/input/datasets/hintrngia/locked-densenet-xai-inputs/D-C0/DenseNet121/seed_3407/best_checkpoint.pt,E01_XAI_D_C0_DenseNet121,D,C0
E01_XAI_D_C0_DenseNet121,D-C0,DenseNet121,3407,126,pneumonia,E-FA7B18636100FBD243EBAF3A.jpeg,1,0.9926364680935152,0.65966796875,1,1,0.3606989751203382,0.3606989681720733,0.2697601318359375,1.3371100194290677,0.3923089762929521,0.3923089802265167,1.4542881990120995,0,0,48,112,251,6,0.9477082479357046,0.9193846306756808,0.9363574495292812,0.9795575250577966,0.000989735304525,0.0017343791127535,0.4159926278650219,0.8939003378087562,/kaggle/input/datasets/hintrngia/locked-densenet-xai-inputs/D-C0/DenseNet121/seed_3407/best_checkpoint.pt,E01_XAI_D_C0_DenseNet121,D,C0
E01_XAI_D_C0_DenseNet121,D-C0,DenseNet121,3407,127,pneumonia,E-FDAF56855798F8C5BE7AC652.jpeg,1,0.9999647695596238,0.65966796875,1,1,0.471719487228637,0.4717194736003876,0.37738037109375,1.2499841628261343,0.532763710464159,0.5327637195587158,1.4117419751325864,0,0,111,48,17,4,0.9826018060991196,0.9922547514857976,0.981542125830019,0.9951971568710818,0.0012224336524545,0.0027671807256283,-0.4898436187368595,0.0080338564925281,/kaggle/input/datasets/hintrngia/locked-densenet-xai-inputs/D-C0/DenseNet121/seed_3407/best_checkpoint.pt,E01_XAI_D_C0_DenseNet121,D,C0
E01_XAI_D_C0_DenseNet121,D-C0,DenseNet121,42,0,normal,E-03B36F677CCFA6787A3BC686.jpeg,0,0.4899083596994191,0.5126953125,0,1,0.4260852545781119,0.4260852634906769,0.3590850830078125,1.186585783539334,0.400880529480662,0.4008805155754089,1.116394271025567,1,0,144,47,132,13,0.1602078340192411,0.5561250291180422,0.1397081247393017,0.4948081887503408,0.000492359224804,0.0007645271004225,-0.3620330499350536,0.0861979568733472,/kaggle/input/datasets/hintrngia/locked-densenet-xai-inputs/D-C0/DenseNet121/seed_42/best_checkpoint.pt,E01_XAI_D_C0_DenseNet121,D,C0
E01_XAI_D_C0_DenseNet121,D-C0,DenseNet121,42,1,normal,E-06530ECE35CCF9FF05F7DDEB.jpeg,0,0.0150124491976834,0.5126953125,0,1,0.3430501883525472,0.3430501818656921,0.2779541015625,1.2341972520790807,0.3448120971969016,0.3448120951652527,1.2405361002358444,0,0,111,0,84,52,0.5404096183366902,0.8593139288083922,0.4691141775871162,0.9278755604112182,0.0002314523078673,0.0032794584332309,0.4156072544534661,0.6101232721686273,/kaggle/input/datasets/hintrngia/locked-densenet-xai-inputs/D-C0/DenseNet121/seed_42/best_checkpoint.pt,E01_XAI_D_C0_DenseNet121,D,C0
E01_XAI_D_C0_DenseNet121,D-C0,DenseNet121,42,2,normal,E-10FEC5D206E4A3A02E4F32C9.jpeg,0,0.3962157104975455,0.5126953125,0,1,0.3166968416094807,0.3166968524456024,0.2476806640625,1.2786498405445372,0.3256923487342174,0.325692355632782,1.314968812632188,0,0,143,79,1,1,0.2870374492774757,0.4789764090371522,0.3106708142094917,0.5333044643673075,0.0027188519860726,0.0170556972742008,-0.2005658862259474,0.3336637409959738,/kaggle/input/datasets/hintrngia/locked-densenet-xai-inputs/D-C0/DenseNet121/seed_42/best_checkpoint.pt,E01_XAI_D_C0_DenseNet121,D,C0
E01_XAI_D_C0_DenseNet121,D-C0,DenseNet121,42,3,normal,E-16E04AC17A9CE052EFE7227B.jpeg,0,0.0429724325013405,0.5126953125,0,1,0.3723711824270061,0.3723711967468261,0.3753509521484375,0.992061376947692,0.3387629859621953,0.3387629985809326,0.9025233159079,0,1,80,0,97,57,0.715505789699454,0.886468388060348,0.6576055888169132,0.8724322049160373,0.0006497933754052,0.0029698939914537,0.9396089484126195,0.9474948045474644,/kaggle/input/datasets/hintrngia/locked-densenet-xai-inputs/D-C0/DenseNet121/seed_42/best_checkpoint.pt,E01_XAI_D_C0_DenseNet121,D,C0
E01_XAI_D_C0_DenseNet121,D-C0,DenseNet121,42,4,normal,E-256958BC036CED77CAAB2A55.jpeg,0,0.1354797220101712,0.5126953125,0,1,0.3277414557214269,0.3277414441108703,0.3496246337890625,0.937409507360862,0.3514455829222522,0.351445585489273,1.0052082975774763,0,0,111,0,123,51,0.3359259170699323,0.7960176325447368,0.3497547299011487,0.8170893327330957,0.0012494935580162,0.0010820434654375,0.6397002221226104,0.8614988018525848,/kaggle/input/datasets/hintrngia/locked-densenet-xai-inputs/D-C0/DenseNet121/seed_42/best_checkpoint.pt,E01_XAI_D_C0_DenseNet121,D,C0
E01_XAI_D_C0_DenseNet121,D-C0,DenseNet121,42,5,normal,E-280031A047E47DC7EA750C62.jpeg,0,0.0994447170609315,0.5126953125,0,1,0.4838242590884072,0.4838242530822754,0.3791046142578125,1.2762288848306642,0.5090447078037197,0.5090447068214417,1.3427552413211743,1,0,80,79,46,14,0.4627006551654346,0.700866146129524,0.5729278479696728,0.7106868482225451,0.0022216081543374,0.0069644315223336,0.5033979639190326,0.7985277181004049,/kaggle/input/datasets/hintrngia/locked-densenet-xai-inputs/D-C0/DenseNet121/seed_42/best_checkpoint.pt,E01_XAI_D_C0_DenseNet121,D,C0
E01_XAI_D_C0_DenseNet121,D-C0,DenseNet121,42,6,normal,E-28020DB22FEE86C7B17E72DA.jpeg,0,0.3972411767222815,0.5126953125,0,1,0.2238221505854224,0.223822146654129,0.3710174560546875,0.6032658219521384,0.1725679796315429,0.1725679785013198,0.465120917669455,0,0,111,0,106,33,0.2994454319706723,0.6023282076187829,0.2843946944563155,0.5501707909492414,0.0020236165432356,0.0066197486234202,0.6289646108022207,0.8273873972246751,/kaggle/input/datasets/hintrngia/locked-densenet-xai-inputs/D-C0/DenseNet121/seed_42/best_checkpoint.pt,E01_XAI_D_C0_DenseNet121,D,C0
E01_XAI_D_C0_DenseNet121,D-C0,DenseNet121,42,7,normal,E-28234EA54B2F1B13D8D5995E.jpeg,0,0.4369510843788966,0.5126953125,0,1,0.3490690047925823,0.3490689992904663,0.3462677001953125,1.008089996831035,0.3237216769365135,0.3237216770648956,0.9348884598647754,0,1,176,240,182,194,0.222754437601291,0.5734531123422557,0.2581693670101288,0.5469209928462844,0.0010774645885459,0.0018742493014102,-0.0263292708687676,0.132932954216123,/kaggle/input/datasets/hintrngia/locked-densenet-xai-inputs/D-C0/DenseNet121/seed_42/best_checkpoint.pt,E01_XAI_D_C0_DenseNet121,D,C0
E01_XAI_D_C0_DenseNet121,D-C0,DenseNet121,42,8,normal,E-28CAAFCB1AFEEA2D46764B17.jpeg,0,0.8519345325700095,0.5126953125,1,0,0.3510279860998015,0.3510279953479767,0.38934326171875,0.9015899865588884,0.2755146112396179,0.2755146026611328,0.7076393463787272,1,0,79,47,7,87,0.4966587982617253,0.9274251957634724,0.5401418570322309,0.9466987634217372,0.0038232353903427,0.0073995415250603,0.4616729894508132,0.4888747949178617,/kaggle/input/datasets/hintrngia/locked-densenet-xai-inputs/D-C0/DenseNet121/seed_42/best_checkpoint.pt,E01_XAI_D_C0_DenseNet121,D,C0
E01_XAI_D_C0_DenseNet121,D-C0,DenseNet121,42,9,normal,E-29AE82E82E5A6A48DC6D8B99.jpeg,0,0.0719352471223154,0.5126953125,0,1,0.3010125387993464,0.3010125458240509,0.3269195556640625,0.9207541536874664,0.2667937629237085,0.2667937576770782,0.8160838294967636,0,0,111,0,90,54,0.3555457454639138,0.8521456904369968,0.3760827354271184,0.8925738030276829,0.0019294000157206,0.0035108351791727,-0.229590999430962,0.1197145898874834,/kaggle/input/datasets/hintrngia/locked-densenet-xai-inputs/D-C0/DenseNet121/seed_42/best_checkpoint.pt,E01_XAI_D_C0_DenseNet121,D,C0
E01_XAI_D_C0_DenseNet121,D-C0,DenseNet121,42,10,normal,E-2B646E91E652E02CC65E6BA0.jpeg,0,0.0108642913176911,0.5126953125,0,1,0.3597384196294309,0.3597384095191955,0.2742767333984375,1.3115892666945417,0.3780068167290842,0.3780068159103393,1.3781949786457448,1,1,80,79,104,66,0.7639196368244722,0.9276783256999712,0.7500549203165598,0.9194901462511544,0.0005535703054238,0.0041097285159454,0.8034846272305503,0.9205420416255308,/kaggle/input/datasets/hintrngia/locked-densenet-xai-inputs/D-C0/DenseNet121/seed_42/best_checkpoint.pt,E01_XAI_D_C0_DenseNet121,D,C0
E01_XAI_D_C0_DenseNet121,D-C0,DenseNet121,42,11,normal,E-2F227E134B6699426A9E9AB9.jpeg,0,0.4845899771792005,0.5126953125,0,1,0.3142244936220594,0.3142244815826416,0.3509368896484375,0.8953874696297789,0.2714526877227519,0.2714526951313019,0.7735085587459571,0,0,144,0,153,11,0.1919993512213481,0.6525409398490442,0.1723988244925478,0.6427266083967799,0.0043248380342778,0.0080391687786652,-0.1806862280174547,0.1387774938713866,/kaggle/input/datasets/hintrngia/locked-densenet-xai-inputs/D-C0/DenseNet121/seed_42/best_checkpoint.pt,E01_XAI_D_C0_DenseNet121,D,C0
E01_XAI_D_C0_DenseNet121,D-C0,DenseNet121,42,12,normal,E-2F5E9CF0C3839769BD6D37AD.jpeg,0,0.4227273651740773,0.5126953125,0,1,0.343742361346642,0.3437423706054687,0.3790740966796875,0.9067946461060874,0.3350601228091556,0.3350601196289062,0.883890842829804,1,0,176,208,175,11,0.2917853493658378,0.6455284309651459,0.2829025704221198,0.6225618987820113,0.0018431854121042,0.0082900635430319,-0.4085755974220211,0.0076742121232714,/kaggle/input/datasets/hintrngia/locked-densenet-xai-inputs/D-C0/DenseNet121/seed_42/best_checkpoint.pt,E01_XAI_D_C0_DenseNet121,D,C0
E01_XAI_D_C0_DenseNet121,D-C0,DenseNet121,42,13,normal,E-306538194ADB5E9E447B7A10.jpeg,0,0.0337902688962012,0.5126953125,0,1,0.369903157865437,0.3699031472206116,0.2563934326171875,1.442716976365487,0.4442006987380352,0.4442006945610046,1.7324963990058844,1,1,143,79,155,49,0.5864851512847241,0.8696613683852854,0.5929008862991133,0.9030074761043084,0.0003043632107944,0.0015449638815788,-0.3311879558527456,0.1118182904554458,/kaggle/input/datasets/hintrngia/locked-densenet-xai-inputs/D-C0/DenseNet121/seed_42/best_checkpoint.pt,E01_XAI_D_C0_DenseNet121,D,C0
E01_XAI_D_C0_DenseNet121,D-C0,DenseNet121,42,14,normal,E-36FB7A78C2BFA1A3824C3EFA.jpeg,0,0.3237328394114927,0.5126953125,0,1,0.2536186751262561,0.2536186873912811,0.3275299072265625,0.7743374560015988,0.2801368243794049,0.2801368236541748,0.8553015104835165,1,0,175,208,171,3,0.210340510521208,0.5380960621287282,0.2320775847891135,0.5152592353280342,0.0022996091133568,0.0041569965305879,-0.5084176231779072,-0.1062927560851316,/kaggle/input/datasets/hintrngia/locked-densenet-xai-inputs/D-C0/DenseNet121/seed_42/best_checkpoint.pt,E01_XAI_D_C0_DenseNet121,D,C0
E01_XAI_D_C0_DenseNet121,D-C0,DenseNet121,42,15,normal,E-3B865A0E9283DC8B3D382B5F.jpeg,0,0.9653252777079018,0.5126953125,1,0,0.2795910603170064,0.2795910537242889,0.360931396484375,0.7746376819538062,0.048370047585003,0.0483700484037399,0.1340145192580855,0,0,208,240,244,250,0.8754444937321431,0.9649740774364984,0.8150188493682707,0.9697916497077907,0.0013622748406544,0.0005379378567149,0.8347033403175234,0.9994872230190548,/kaggle/input/datasets/hintrngia/locked-densenet-xai-inputs/D-C0/DenseNet121/seed_42/best_checkpoint.pt,E01_XAI_D_C0_DenseNet121,D,C0
E01_XAI_D_C0_DenseNet121,D-C0,DenseNet121,42,16,normal,E-3D66EC3C4F2D4073FE577EEA.jpeg,0,0.1188772351255687,0.5126953125,0,1,0.2010225489800978,0.2010225504636764,0.2598114013671875,0.773724893989528,0.1840673255473812,0.1840673238039016,0.7084651581061361,0,0,112,0,75,6,0.4375661067788305,0.604869843766873,0.478867602567533,0.629292975233304,7.534812747320152e-05,0.0015902908817677,-0.0549704384679375,-0.0208877016258801,/kaggle/input/datasets/hintrngia/locked-densenet-xai-inputs/D-C0/DenseNet121/seed_42/best_checkpoint.pt,E01_XAI_D_C0_DenseNet121,D,C0
E01_XAI_D_C0_DenseNet121,D-C0,DenseNet121,42,17,normal,E-40D9418B91304B06987F2A6E.jpeg,0,0.6618857141075759,0.5126953125,1,0,0.4181105117304844,0.4181105196475982,0.3151092529296875,1.326874751671543,0.5274682799477788,0.5274682641029358,1.6739219018283682,0,0,48,144,31,63,0.5530257706367228,0.8897877946933868,0.7220291762292904,0.9224166133835544,0.000643635263323,0.0122034550870708,-0.6225037527865714,-0.1434162624788379,/kaggle/input/datasets/hintrngia/locked-densenet-xai-inputs/D-C0/DenseNet121/seed_42/best_checkpoint.pt,E01_XAI_D_C0_DenseNet121,D,C0
E01_XAI_D_C0_DenseNet121,D-C0,DenseNet121,42,18,normal,E-44BF14DBF8A5FE52BF53ED2E.jpeg,0,0.5771834480571034,0.5126953125,1,0,0.3708363474962231,0.3708363473415375,0.32672119140625,1.1350238590282309,0.2523695270263401,0.2523695230484009,0.7724308482719142,0,0,0,144,5,55,0.5629214094666203,0.8060260537173534,0.5487987177439562,0.870615358746599,0.003800356840886,0.0009641572753881,0.1324779291835952,0.8560095862924126,/kaggle/input/datasets/hintrngia/locked-densenet-xai-inputs/D-C0/DenseNet121/seed_42/best_checkpoint.pt,E01_XAI_D_C0_DenseNet121,D,C0
E01_XAI_D_C0_DenseNet121,D-C0,DenseNet121,42,19,normal,E-47080ACF9F207EB21662EAAE.jpeg,0,0.8740982664899926,0.5126953125,1,0,0.4099796917743197,0.4099797010421753,0.3899383544921875,1.0513961682692945,0.3401911424263827,0.3401911556720733,0.8724228804560915,0,0,0,144,35,0,0.8196402526996267,0.9159838572339132,0.8105252180336541,0.9399705538375552,0.0017955606166709,0.0017279040947761,-0.4612580191349614,-0.0684835533634798,/kaggle/input/datasets/hintrngia/locked-densenet-xai-inputs/D-C0/DenseNet121/seed_42/best_checkpoint.pt,E01_XAI_D_C0_DenseNet121,D,C0
E01_XAI_D_C0_DenseNet121,D-C0,DenseNet121,42,20,normal,E-4F18C9F59223CD9D0CA81789.jpeg,0,0.8798686446887228,0.5126953125,1,0,0.3973626258448312,0.397362619638443,0.305145263671875,1.3022080731756605,0.2509782129108568,0.2509782016277313,0.822487656831979,0,0,48,47,52,1,0.8972270124076096,0.9679380767870852,0.9091204341000614,0.9736159505839096,0.0014158559728995,0.0041115062784933,0.909475121507753,0.9725190453316388,/kaggle/input/datasets/hintrngia/locked-densenet-xai-inputs/D-C0/DenseNet121/seed_42/best_checkpoint.pt,E01_XAI_D_C0_DenseNet121,D,C0
E01_XAI_D_C0_DenseNet121,D-C0,DenseNet121,42,21,normal,E-57BEC1C15CFD6C2BBAF49905.jpeg,0,0.1647423291116796,0.5126953125,0,1,0.3755509246493294,0.3755509257316589,0.3210601806640625,1.169721277402141,0.2481750902634794,0.2481750845909118,0.7729862038642358,0,0,143,48,145,27,0.4543802167199259,0.8239819001948827,0.4965482087165233,0.8244811627942383,0.0016079449278904,0.0001048901974156,0.2709506600201322,0.3741739574507324,/kaggle/input/datasets/hintrngia/locked-densenet-xai-inputs/D-C0/DenseNet121/seed_42/best_checkpoint.pt,E01_XAI_D_C0_DenseNet121,D,C0
E01_XAI_D_C0_DenseNet121,D-C0,DenseNet121,42,22,normal,E-5822F4C00AF6A5D69871506D.jpeg,0,0.3039675698095056,0.5126953125,0,1,0.5007874887977253,0.5007874965667725,0.414520263671875,1.2081134088878644,0.3737981199207015,0.373798131942749,0.9017607887478132,0,0,48,47,14,2,0.406223725514383,0.5183889827120731,0.3907352852977332,0.5329748534874423,0.0006984722588102,0.0019610261046584,-0.382697685166313,-0.0190776138437224,/kaggle/input/datasets/hintrngia/locked-densenet-xai-inputs/D-C0/DenseNet121/seed_42/best_checkpoint.pt,E01_XAI_D_C0_DenseNet121,D,C0
E01_XAI_D_C0_DenseNet121,D-C0,DenseNet121,42,23,normal,E-592EC4B388705AD74965EF2F.jpeg,0,0.3104882001007069,0.5126953125,0,1,0.1917875149290075,0.1917875111103058,0.3038330078125,0.6312267265160424,0.147829452657487,0.147829458117485,0.4865483632664257,0,0,112,0,119,35,0.4270458482102065,0.5303099357909684,0.3731959459846988,0.544581753864865,0.0019329305940479,0.0009473302190279,-0.2294618959265471,0.1205509820715733,/kaggle/input/datasets/hintrngia/locked-densenet-xai-inputs/D-C0/DenseNet121/seed_42/best_checkpoint.pt,E01_XAI_D_C0_DenseNet121,D,C0
E01_XAI_D_C0_DenseNet121,D-C0,DenseNet121,42,24,normal,E-5EB53A5E9ABA53D43AB743A8.jpeg,0,0.1214009011921796,0.5126953125,0,1,0.2869393050903167,0.2869392931461334,0.2571563720703125,1.1158164302141456,0.249083379752963,0.2490833848714828,0.9686066798487027,0,0,111,0,71,8,0.310107537884156,0.693070818642039,0.403442957530162,0.6696787545239938,0.0015230436275486,0.0006148476248714,-0.2885638006394649,0.4149525107468531,/kaggle/input/datasets/hintrngia/locked-densenet-xai-inputs/D-C0/DenseNet121/seed_42/best_checkpoint.pt,E01_XAI_D_C0_DenseNet121,D,C0
E01_XAI_D_C0_DenseNet121,D-C0,DenseNet121,42,25,normal,E-5FBF0EE47B9EC5825E465989.jpeg,0,0.3064007647504629,0.5126953125,0,1,0.3755739947991615,0.375573992729187,0.329376220703125,1.140258376871947,0.401105813090169,0.4011058211326599,1.217774046450353,1,1,176,176,202,185,0.3126630599323419,0.687885823985302,0.2902448090157504,0.6816580755296087,0.0021181584521033,0.0068484027390787,-0.0618607280791428,0.0811923366408523,/kaggle/input/datasets/hintrngia/locked-densenet-xai-inputs/D-C0/DenseNet121/seed_42/best_checkpoint.pt,E01_XAI_D_C0_DenseNet121,D,C0
E01_XAI_D_C0_DenseNet121,D-C0,DenseNet121,42,26,normal,E-67976418F9EE68ADAB32C212.jpeg,0,0.0750369019148566,0.5126953125,0,1,0.2158816259264382,0.2158816307783126,0.26171875,0.8248611378681818,0.2264676690300709,0.2264676690101623,0.8653093025626589,0,0,143,0,170,30,0.6351432330102655,0.8475911019911605,0.6565461168447144,0.870778826509377,0.0004420618435048,0.0026938552267732,0.8916827304062569,0.942551129551638,/kaggle/input/datasets/hintrngia/locked-densenet-xai-inputs/D-C0/DenseNet121/seed_42/best_checkpoint.pt,E01_XAI_D_C0_DenseNet121,D,C0
E01_XAI_D_C0_DenseNet121,D-C0,DenseNet121,42,27,normal,E-74019A53B16F834307F73E46.jpeg,0,0.6810318330963209,0.5126953125,1,0,0.2993306732943555,0.2993306815624237,0.372467041015625,0.8036433840646817,0.2670466204688285,0.2670466303825378,0.7169671167163106,1,0,79,47,11,38,0.5638143101922846,0.8198003594091196,0.5500821839205265,0.8483758120276415,0.0013858359471965,0.0015591234968417,-0.1538137377270717,0.0375591878022523,/kaggle/input/datasets/hintrngia/locked-densenet-xai-inputs/D-C0/DenseNet121/seed_42/best_checkpoint.pt,E01_XAI_D_C0_DenseNet121,D,C0
E01_XAI_D_C0_DenseNet121,D-C0,DenseNet121,42,28,normal,E-778E5DF620CB9DE6A84B008B.jpeg,0,0.9646014344760394,0.5126953125,1,0,0.4551784685795166,0.4551784694194793,0.3386688232421875,1.3440223526392072,0.5606984392212753,0.5606984496116638,1.6555950850554402,1,1,48,144,42,150,0.9252840240678644,0.9738281954830266,0.9557713064135144,0.9806526369663175,0.0003922165228462,0.0075402809577415,0.5352675220210078,0.7420015325990766,/kaggle/input/datasets/hintrngia/locked-densenet-xai-inputs/D-C0/DenseNet121/seed_42/best_checkpoint.pt,E01_XAI_D_C0_DenseNet121,D,C0
E01_XAI_D_C0_DenseNet121,D-C0,DenseNet121,42,29,normal,E-77C42172A076E16EE5474210.jpeg,0,0.6575084014925677,0.5126953125,1,0,0.2162444969462622,0.2162445038557052,0.39276123046875,0.5505749553951143,0.1176230543780368,0.1176230534911155,0.2994772529805369,0,0,47,47,70,11,0.4458339035338864,0.8565624035200994,0.4098782215451399,0.889268362783396,0.0017357359756385,0.0010725002786087,0.6908215881964016,0.8342215071695684,/kaggle/input/datasets/hintrngia/locked-densenet-xai-inputs/D-C0/DenseNet121/seed_42/best_checkpoint.pt,E01_XAI_D_C0_DenseNet121,D,C0
E01_XAI_D_C0_DenseNet121,D-C0,DenseNet121,42,30,normal,E-7B1FB0C84C51C5CD8EDBCCFD.jpeg,0,0.999432655919292,0.5126953125,1,0,0.4361748560053602,0.4361748695373535,0.388427734375,1.122924079319897,0.1747189985396264,0.1747190058231353,0.4498108221359584,0,0,208,240,244,251,0.9760715387858774,0.9902587926420684,0.9533867733803676,0.9910176120396648,0.0045383609562236,0.0027325867800409,0.49693109368348,0.0633251005007081,/kaggle/input/datasets/hintrngia/locked-densenet-xai-inputs/D-C0/DenseNet121/seed_42/best_checkpoint.pt,E01_XAI_D_C0_DenseNet121,D,C0
E01_XAI_D_C0_DenseNet121,D-C0,DenseNet121,42,31,normal,E-7B7A8A9BEAA512F9DC3E0865.jpeg,0,0.328941775634356,0.5126953125,0,1,0.4942401051348736,0.4942401051521301,0.356475830078125,1.386461755419873,0.4514259659927848,0.4514259696006775,1.266357850667886,1,1,111,79,108,60,0.2603765429968786,0.5714662438179434,0.2842316197958892,0.5568056754624953,0.0002703689680318,0.0009436700279073,0.5041579566801314,0.7830808016125257,/kaggle/input/datasets/hintrngia/locked-densenet-xai-inputs/D-C0/DenseNet121/seed_42/best_checkpoint.pt,E01_XAI_D_C0_DenseNet121,D,C0
E01_XAI_D_C0_DenseNet121,D-C0,DenseNet121,42,32,normal,E-82FCB2C3D1996A8155B45525.jpeg,0,0.0217984396076554,0.5126953125,0,1,0.2991897963998578,0.299189805984497,0.2450714111328125,1.220827003104482,0.2584960887694751,0.2584960758686065,1.0547786360498304,0,0,112,0,138,30,0.4877563347072986,0.8206448276614815,0.4973306629636366,0.8727430225503474,0.0019366707901097,0.0037829888705501,0.8663286226679433,0.9494499072983412,/kaggle/input/datasets/hintrngia/locked-densenet-xai-inputs/D-C0/DenseNet121/seed_42/best_checkpoint.pt,E01_XAI_D_C0_DenseNet121,D,C0
E01_XAI_D_C0_DenseNet121,D-C0,DenseNet121,42,33,normal,E-843CBB869621D4078F498542.jpeg,0,0.5527697834600994,0.5126953125,1,0,0.2505100334078566,0.250510036945343,0.3597412109375,0.696361789507011,0.1892682390033929,0.1892682462930679,0.5261233165645725,0,0,0,112,11,107,0.5114091022653624,0.8319186877409577,0.5169377705566995,0.8814252570440619,0.0061372200397984,0.0038266045179462,0.3420338221079412,0.6538280744357123,/kaggle/input/datasets/hintrngia/locked-densenet-xai-inputs/D-C0/DenseNet121/seed_42/best_checkpoint.pt,E01_XAI_D_C0_DenseNet121,D,C0
E01_XAI_D_C0_DenseNet121,D-C0,DenseNet121,42,34,normal,E-845A5BC2008587BFFF60937F.jpeg,0,0.6435395179541871,0.5126953125,1,0,0.301222868908015,0.3012228608131408,0.3625030517578125,0.830952642873918,0.3293814916249275,0.3293814957141876,0.9086309481471252,0,1,112,208,100,191,0.733214756112941,0.8792701204109326,0.8094825497579354,0.9068814508382406,0.0025931409363815,0.0110867706204406,-0.6180499333638673,0.0638933126106105,/kaggle/input/datasets/hintrngia/locked-densenet-xai-inputs/D-C0/DenseNet121/seed_42/best_checkpoint.pt,E01_XAI_D_C0_DenseNet121,D,C0
E01_XAI_D_C0_DenseNet121,D-C0,DenseNet121,42,35,normal,E-8BB569A271B438E1FF7419AA.jpeg,0,0.4113537296266799,0.5126953125,0,1,0.1689941822737564,0.1689941883087158,0.3291015625,0.5135016102324232,0.1279152962059019,0.1279152929782867,0.3886803065722361,0,0,144,0,189,1,0.1519118942444451,0.4118331367293477,0.1873214270792288,0.4022800494007256,0.0015567004772043,0.0010157404842006,-0.3624037375014149,-0.0046759150585021,/kaggle/input/datasets/hintrngia/locked-densenet-xai-inputs/D-C0/DenseNet121/seed_42/best_checkpoint.pt,E01_XAI_D_C0_DenseNet121,D,C0
E01_XAI_D_C0_DenseNet121,D-C0,DenseNet121,42,36,normal,E-8E65534102472D38A215B619.jpeg,0,0.7894993487904742,0.5126953125,1,0,0.2700809755023377,0.2700809836387634,0.4018096923828125,0.6721614252277068,0.1561814373100299,0.1561814397573471,0.3886950471100947,0,0,0,112,5,119,0.6302625823257227,0.8592611604548858,0.6372170180255992,0.9029111748333508,0.0013766609342474,0.0013314859151106,-0.4282412952671699,0.2149456636241004,/kaggle/input/datasets/hintrngia/locked-densenet-xai-inputs/D-C0/DenseNet121/seed_42/best_checkpoint.pt,E01_XAI_D_C0_DenseNet121,D,C0
E01_XAI_D_C0_DenseNet121,D-C0,DenseNet121,42,37,normal,E-91CCC5E035FBDB0CCBB30E2A.jpeg,0,0.3708986226360894,0.5126953125,0,1,0.5491794253559678,0.5491794347763062,0.4178619384765625,1.3142604644925582,0.5694675574427919,0.5694675445556641,1.3628127020109844,1,1,111,80,91,175,0.3245149856246568,0.5940202857527885,0.3281678386129127,0.5116746358685873,0.000154791098489,0.0007903370671511,0.4546403442445973,0.5454810803669763,/kaggle/input/datasets/hintrngia/locked-densenet-xai-inputs/D-C0/DenseNet121/seed_42/best_checkpoint.pt,E01_XAI_D_C0_DenseNet121,D,C0
E01_XAI_D_C0_DenseNet121,D-C0,DenseNet121,42,38,normal,E-91CD2D4F539A3D56107014E7.jpeg,0,0.660864654266503,0.5126953125,1,0,0.3766267649143655,0.3766267597675323,0.376434326171875,1.000511214650501,0.4886969514090171,0.4886969625949859,1.2982263237754903,1,1,175,208,103,193,0.6474137115238476,0.7962860478003726,0.6271351948837518,0.8577100528017868,0.0025689615456325,0.0024709995834636,-0.3699508390372885,0.2484080861115971,/kaggle/input/datasets/hintrngia/locked-densenet-xai-inputs/D-C0/DenseNet121/seed_42/best_checkpoint.pt,E01_XAI_D_C0_DenseNet121,D,C0
E01_XAI_D_C0_DenseNet121,D-C0,DenseNet121,42,39,normal,E-93DEE19500CF7BC746908FEA.jpeg,0,0.3921819633541449,0.5126953125,0,1,0.4990700169688404,0.4990700185298919,0.3555908203125,1.4034952210809273,0.4630343323676656,0.4630343317985534,1.3021549092879907,0,0,111,79,58,2,0.2478609915098294,0.5947867882606216,0.2795344749930258,0.5586137106504468,0.0025205215929956,0.0043697888271357,0.0433745056854517,0.0956299908588072,/kaggle/input/datasets/hintrngia/locked-densenet-xai-inputs/D-C0/DenseNet121/seed_42/best_checkpoint.pt,E01_XAI_D_C0_DenseNet121,D,C0
E01_XAI_D_C0_DenseNet121,D-C0,DenseNet121,42,40,normal,E-9A48264C99FDAC90E29908DD.jpeg,0,0.9921445383823204,0.5126953125,1,0,0.2504539335273298,0.250453919172287,0.3754425048828125,0.6670899812089855,0.0272741513777965,0.0272741522639989,0.0726453478843841,0,0,208,240,242,4,0.7647801274828373,0.9741691563625368,0.7565181098306243,0.9757170037379086,0.0012036330936204,0.0004365621384405,0.3231978628078595,0.8890541174830058,/kaggle/input/datasets/hintrngia/locked-densenet-xai-inputs/D-C0/DenseNet121/seed_42/best_checkpoint.pt,E01_XAI_D_C0_DenseNet121,D,C0
E01_XAI_D_C0_DenseNet121,D-C0,DenseNet121,42,41,normal,E-A5B76F5465A7745EBBAE1D8D.jpeg,0,0.3923686687177577,0.5126953125,0,1,0.5070663766453684,0.5070663690567017,0.36846923828125,1.3761430370975178,0.4216335572669661,0.4216335713863373,1.1442842806463431,1,0,144,176,1,1,0.1997089821554395,0.5694303651448192,0.2362038532573696,0.5215403251965154,0.0023478229929886,0.0109320208919665,-0.387488436386485,0.0017387794299931,/kaggle/input/datasets/hintrngia/locked-densenet-xai-inputs/D-C0/DenseNet121/seed_42/best_checkpoint.pt,E01_XAI_D_C0_DenseNet121,D,C0
E01_XAI_D_C0_DenseNet121,D-C0,DenseNet121,42,42,normal,E-A92185A886C303721C499620.jpeg,0,0.9245938963896094,0.5126953125,1,0,0.3798172259076272,0.3798172175884247,0.4248199462890625,0.8940663667642059,0.3388436088373328,0.3388436138629913,0.7976169946756023,1,0,207,208,3,11,0.8183323397925064,0.88102866572989,0.783765289789651,0.9584352265514888,0.0024015287424416,0.0042138163035185,0.5084147840107016,0.7426306972363591,/kaggle/input/datasets/hintrngia/locked-densenet-xai-inputs/D-C0/DenseNet121/seed_42/best_checkpoint.pt,E01_XAI_D_C0_DenseNet121,D,C0
E01_XAI_D_C0_DenseNet121,D-C0,DenseNet121,42,43,normal,E-B1906A980682154F21AC8637.jpeg,0,0.2219870221344722,0.5126953125,0,1,0.3030064226825174,0.3030064105987549,0.37506103515625,0.8078856353507511,0.3148559704570322,0.3148559629917145,0.8394792872201815,0,0,176,240,171,3,0.406273234295729,0.5222692559085731,0.5086927066504527,0.448557175077363,0.0005095286365196,0.0014355860621489,-0.1392451355757829,0.2842919169872495,/kaggle/input/datasets/hintrngia/locked-densenet-xai-inputs/D-C0/DenseNet121/seed_42/best_checkpoint.pt,E01_XAI_D_C0_DenseNet121,D,C0
E01_XAI_D_C0_DenseNet121,D-C0,DenseNet121,42,44,normal,E-B701F1D8C0C0617522833A87.jpeg,0,0.059519094679061,0.5126953125,0,1,0.2606654398600618,0.2606654465198517,0.2968597412109375,0.8780760866959143,0.2876500309393988,0.2876500189304352,0.9689762234718292,0,1,143,0,173,44,0.4539162423544906,0.7495204214403347,0.4276926224545278,0.7292978076613775,0.0013639326521147,0.0013624695743,0.4016195702140976,0.6853929958607802,/kaggle/input/datasets/hintrngia/locked-densenet-xai-inputs/D-C0/DenseNet121/seed_42/best_checkpoint.pt,E01_XAI_D_C0_DenseNet121,D,C0
E01_XAI_D_C0_DenseNet121,D-C0,DenseNet121,42,45,normal,E-B80945974BB38152A2ADE2AF.jpeg,0,0.0121779750719286,0.5126953125,0,1,0.3741736923714702,0.3741737008094787,0.287933349609375,1.2995149498281229,0.3386253436986767,0.3386253416538238,1.1760546117984354,0,0,143,47,143,27,0.5486333131512774,0.905207173290106,0.6163261194423453,0.9424608956960948,0.0006900441368981,0.0007051478552631,0.7187183444580252,0.8154225176553568,/kaggle/input/datasets/hintrngia/locked-densenet-xai-inputs/D-C0/DenseNet121/seed_42/best_checkpoint.pt,E01_XAI_D_C0_DenseNet121,D,C0
E01_XAI_D_C0_DenseNet121,D-C0,DenseNet121,42,46,normal,E-BB74E7A26CC5772AE8204932.jpeg,0,0.7532059523499605,0.5126953125,1,0,0.3694408871724445,0.369440883398056,0.396759033203125,0.9311467572391864,0.2797172549337823,0.2797172665596008,0.705005384945018,0,0,79,207,16,4,0.6585797020364548,0.8760539288361724,0.6401438972859095,0.8947207879919552,0.0059042811741495,0.0122686949909657,-0.2590935246096338,0.2339424899983349,/kaggle/input/datasets/hintrngia/locked-densenet-xai-inputs/D-C0/DenseNet121/seed_42/best_checkpoint.pt,E01_XAI_D_C0_DenseNet121,D,C0
E01_XAI_D_C0_DenseNet121,D-C0,DenseNet121,42,47,normal,E-BB96C349B18A4710DE07EC01.jpeg,0,0.2664115125616753,0.5126953125,0,1,0.4576182369193251,0.457618236541748,0.3329010009765625,1.3746376117131087,0.333276436856167,0.3332764506340027,1.0011277703536583,1,0,80,47,54,11,0.36313999138552,0.6147264040539329,0.399518291152625,0.6097479420620937,0.0042982882366542,0.0066809360053394,-0.4377295835588179,0.1926896845200715,/kaggle/input/datasets/hintrngia/locked-densenet-xai-inputs/D-C0/DenseNet121/seed_42/best_checkpoint.pt,E01_XAI_D_C0_DenseNet121,D,C0
E01_XAI_D_C0_DenseNet121,D-C0,DenseNet121,42,48,normal,E-BCDF7BD5461E233F18CDF83C.jpeg,0,0.1169366346828843,0.5126953125,0,1,0.4228979744115025,0.4228979647159576,0.2940521240234375,1.4381735068772887,0.346277131100165,0.346277117729187,1.177604590513228,0,0,112,0,90,21,0.5499457627333236,0.7949855728469765,0.6028288975733566,0.7770421827416616,0.0015141673999709,0.0001516797931435,-0.3241121673772713,-0.05148177893787,/kaggle/input/datasets/hintrngia/locked-densenet-xai-inputs/D-C0/DenseNet121/seed_42/best_checkpoint.pt,E01_XAI_D_C0_DenseNet121,D,C0
E01_XAI_D_C0_DenseNet121,D-C0,DenseNet121,42,49,normal,E-BF6060CF2B5D86362B50F1EF.jpeg,0,0.1789223304496113,0.5126953125,0,1,0.3046705295881984,0.3046705424785614,0.3540191650390625,0.8606046216582119,0.2669259051299045,0.2669259011745453,0.7539871608376115,0,0,144,208,139,216,0.2964472499865287,0.7499133332797556,0.3877979795886068,0.7117526222533852,0.0008789238614445,0.0007262242342943,-0.3099216096092716,0.0735132339563273,/kaggle/input/datasets/hintrngia/locked-densenet-xai-inputs/D-C0/DenseNet121/seed_42/best_checkpoint.pt,E01_XAI_D_C0_DenseNet121,D,C0
E01_XAI_D_C0_DenseNet121,D-C0,DenseNet121,42,50,normal,E-C7B56CF9C42EB131FD94EA3C.jpeg,0,0.987120687652018,0.5126953125,1,0,0.146028765517381,0.1460287719964981,0.32830810546875,0.4447918375602846,0.009808475025013,0.009808475151658,0.0298758235377977,0,0,208,240,251,246,0.6548180952361985,0.9799672338050328,0.6506919567428251,0.9804391445362132,0.0019392086132717,0.000117979740303,-0.2587411901041478,-0.0659886928566752,/kaggle/input/datasets/hintrngia/locked-densenet-xai-inputs/D-C0/DenseNet121/seed_42/best_checkpoint.pt,E01_XAI_D_C0_DenseNet121,D,C0
E01_XAI_D_C0_DenseNet121,D-C0,DenseNet121,42,51,normal,E-D31B79C24E008C43E1511E9D.jpeg,0,0.0141011848390854,0.5126953125,0,1,0.4010160093315864,0.4010159969329834,0.29034423828125,1.381174331908495,0.3661404929754899,0.3661404848098755,1.261056513960569,0,0,143,48,130,43,0.7380587742832563,0.9233695009565852,0.7935697623291118,0.9255871145701164,0.0018396765210447,0.0010434705449001,0.4220127566359808,0.6310189637400256,/kaggle/input/datasets/hintrngia/locked-densenet-xai-inputs/D-C0/DenseNet121/seed_42/best_checkpoint.pt,E01_XAI_D_C0_DenseNet121,D,C0
E01_XAI_D_C0_DenseNet121,D-C0,DenseNet121,42,52,normal,E-E13640D767DD410F37B990A9.jpeg,0,0.1001391280938292,0.5126953125,0,1,0.3856916965712618,0.3856917023658752,0.3385162353515625,1.1393595233939249,0.3323199546167302,0.3323199450969696,0.981695764965609,1,0,143,176,149,250,0.4354214785134999,0.8026902830623237,0.3544691467854078,0.8307840221679059,0.0003125660270279,0.0009798226938426,0.131185796427086,0.2418759570663549,/kaggle/input/datasets/hintrngia/locked-densenet-xai-inputs/D-C0/DenseNet121/seed_42/best_checkpoint.pt,E01_XAI_D_C0_DenseNet121,D,C0
E01_XAI_D_C0_DenseNet121,D-C0,DenseNet121,42,53,normal,E-E2352C479C37BA410D3419C8.jpeg,0,0.5230591259220903,0.5126953125,1,0,0.1935749586993305,0.1935749650001526,0.460540771484375,0.4203210023629755,0.0985072339033766,0.0985072329640388,0.2138947081403382,0,0,47,47,5,25,0.5218249540266898,0.7613180700859996,0.5327869125950992,0.7934463975532066,0.0002015507216083,0.000160328649286,0.822536964651042,0.8266039853453967,/kaggle/input/datasets/hintrngia/locked-densenet-xai-inputs/D-C0/DenseNet121/seed_42/best_checkpoint.pt,E01_XAI_D_C0_DenseNet121,D,C0
E01_XAI_D_C0_DenseNet121,D-C0,DenseNet121,42,54,normal,E-E249A212D4F7D1C6D4206FBF.jpeg,0,0.3356856117581677,0.5126953125,0,1,0.4701845269546006,0.4701845347881317,0.44427490234375,1.0583189022701165,0.3581874894326876,0.3581874966621399,0.8062294033335834,0,1,143,208,143,203,0.2599482592004574,0.6838867726530449,0.264130615570503,0.629170487729743,0.0049490683711224,0.0089363251769614,-0.2511929675941293,0.0613613367966886,/kaggle/input/datasets/hintrngia/locked-densenet-xai-inputs/D-C0/DenseNet121/seed_42/best_checkpoint.pt,E01_XAI_D_C0_DenseNet121,D,C0
E01_XAI_D_C0_DenseNet121,D-C0,DenseNet121,42,55,normal,E-E2DD25AE8644A21D4C1655DA.jpeg,0,0.4382547812253352,0.5126953125,0,1,0.2235361976293575,0.2235361933708191,0.3409881591796875,0.6555541346864265,0.2064891806746027,0.2064891755580902,0.6055611466725183,0,0,111,0,115,11,0.2008258417468953,0.4158660681219712,0.1795783949520246,0.3785332714928299,0.0009382252784693,0.0018790753098544,0.0908001060729847,0.6801728970382775,/kaggle/input/datasets/hintrngia/locked-densenet-xai-inputs/D-C0/DenseNet121/seed_42/best_checkpoint.pt,E01_XAI_D_C0_DenseNet121,D,C0
E01_XAI_D_C0_DenseNet121,D-C0,DenseNet121,42,56,normal,E-E35138A3EAFB63D43C970EAE.jpeg,0,0.5408844522712103,0.5126953125,1,0,0.3583721603198815,0.358372151851654,0.4013519287109375,0.892912515634101,0.2914243758783774,0.2914243638515472,0.7261068280259037,1,0,208,111,7,143,0.5329033137598285,0.8164545432109223,0.5130115639239897,0.8636420146538124,0.0007392403298213,0.0092272030740885,0.7001369718462069,0.5362777519807268,/kaggle/input/datasets/hintrngia/locked-densenet-xai-inputs/D-C0/DenseNet121/seed_42/best_checkpoint.pt,E01_XAI_D_C0_DenseNet121,D,C0
E01_XAI_D_C0_DenseNet121,D-C0,DenseNet121,42,57,normal,E-EACE2F51FB2EF2E191B9BC55.jpeg,0,0.8622624421009514,0.5126953125,1,0,0.4169053771293653,0.4169053733348846,0.4419708251953125,0.9432870980683612,0.3092621577676553,0.3092621564865112,0.6997343266515125,1,0,79,47,10,34,0.6310313266624188,0.8694018056292983,0.7237191211684971,0.9178129566217508,0.0005462483569178,0.0016453798679629,0.2514904082235739,0.105968605847644,/kaggle/input/datasets/hintrngia/locked-densenet-xai-inputs/D-C0/DenseNet121/seed_42/best_checkpoint.pt,E01_XAI_D_C0_DenseNet121,D,C0
E01_XAI_D_C0_DenseNet121,D-C0,DenseNet121,42,58,normal,E-ED70ACD6E494856AB99B813B.jpeg,0,0.9915555429792744,0.5126953125,1,0,0.1926004721228492,0.1926004737615585,0.3370513916015625,0.5714276128861899,0.0246656220481315,0.0246656220406293,0.0731805969734414,0,0,208,240,244,250,0.834441155347502,0.9776810309922804,0.8505372277470343,0.978548527137364,0.0002204941775878,0.0007585228727358,-0.1993870335421326,-0.0492446438266143,/kaggle/input/datasets/hintrngia/locked-densenet-xai-inputs/D-C0/DenseNet121/seed_42/best_checkpoint.pt,E01_XAI_D_C0_DenseNet121,D,C0
E01_XAI_D_C0_DenseNet121,D-C0,DenseNet121,42,59,normal,E-EE1CB872F9ABCF62B8C9A410.jpeg,0,0.0677466105568904,0.5126953125,0,1,0.3405143567050305,0.3405143618583679,0.260040283203125,1.3094677198111069,0.3776075934320117,0.3776075839996338,1.452111914280033,1,1,144,176,163,189,0.4460890851466417,0.6923038419782963,0.4629425842149328,0.7372600590355258,0.0011160768322666,0.0049233330752964,0.1076494912936021,0.5041164830515336,/kaggle/input/datasets/hintrngia/locked-densenet-xai-inputs/D-C0/DenseNet121/seed_42/best_checkpoint.pt,E01_XAI_D_C0_DenseNet121,D,C0
E01_XAI_D_C0_DenseNet121,D-C0,DenseNet121,42,60,normal,E-EFAD2710B0F9E9CA19CFEDAD.jpeg,0,0.7822230037027378,0.5126953125,1,0,0.4620871312744625,0.4620871245861053,0.36236572265625,1.2751954789962596,0.5477086786142671,0.5477086901664734,1.5114803756806725,1,0,48,176,6,62,0.7321144447583461,0.9099287315024946,0.786862459365626,0.9502381146676896,0.0007845073009332,0.0043140606611067,0.8438892130131788,0.7852548517965056,/kaggle/input/datasets/hintrngia/locked-densenet-xai-inputs/D-C0/DenseNet121/seed_42/best_checkpoint.pt,E01_XAI_D_C0_DenseNet121,D,C0
E01_XAI_D_C0_DenseNet121,D-C0,DenseNet121,42,61,normal,E-F32C5A7DA665488BF8EB2294.jpeg,0,0.6803744003405493,0.5126953125,1,0,0.3522594631926966,0.3522594571113586,0.3988037109375,0.8832903343968688,0.2011181410936701,0.2011181414127349,0.5043035848911372,1,0,80,47,10,71,0.5833881207283986,0.8509931489913833,0.5209303523718403,0.8730437449321531,0.0019222487191292,0.0017332839781582,0.3451243838068698,0.7825103733143545,/kaggle/input/datasets/hintrngia/locked-densenet-xai-inputs/D-C0/DenseNet121/seed_42/best_checkpoint.pt,E01_XAI_D_C0_DenseNet121,D,C0
E01_XAI_D_C0_DenseNet121,D-C0,DenseNet121,42,62,normal,E-F57AB9616B464FB4687D409D.jpeg,0,0.3077483721690522,0.5126953125,0,1,0.4764010793817619,0.4764010906219482,0.43695068359375,1.0902856941738774,0.4653208927967323,0.465320885181427,1.064927714426828,0,0,48,47,26,6,0.367721739609102,0.5081572378339767,0.3467010540607556,0.4529985880054239,0.0010901990101178,9.426834613196489e-05,-0.3748105234268563,-0.1124881957760186,/kaggle/input/datasets/hintrngia/locked-densenet-xai-inputs/D-C0/DenseNet121/seed_42/best_checkpoint.pt,E01_XAI_D_C0_DenseNet121,D,C0
E01_XAI_D_C0_DenseNet121,D-C0,DenseNet121,42,63,normal,E-F803B5977A560D3CAEE3206F.jpeg,0,0.4397231790435295,0.5126953125,0,1,0.444190297758229,0.4441902935504913,0.3428192138671875,1.295698373342382,0.3964231780393122,0.396423190832138,1.1563621932605317,0,0,144,240,1,1,0.2709076010114466,0.490067813920937,0.2995776892499162,0.4851745914286429,0.0171866541498571,0.0063358676843792,-0.4929971582544366,0.1479867650265276,/kaggle/input/datasets/hintrngia/locked-densenet-xai-inputs/D-C0/DenseNet121/seed_42/best_checkpoint.pt,E01_XAI_D_C0_DenseNet121,D,C0
E01_XAI_D_C0_DenseNet121,D-C0,DenseNet121,42,64,pneumonia,E-018B83433C4DD934AA5C8B2B.jpeg,1,0.9999196152010694,0.5126953125,1,1,0.4336926557243692,0.4336926639080047,0.3726043701171875,1.1639494608932497,0.3804789733570149,0.3804789781570434,1.02113395298437,0,0,143,207,251,11,0.9986384749388444,0.9991894265995406,0.9992304360455916,0.9993260157068494,0.0017052661330638,0.0026130818782665,0.7793355050834749,0.5824492844234944,/kaggle/input/datasets/hintrngia/locked-densenet-xai-inputs/D-C0/DenseNet121/seed_42/best_checkpoint.pt,E01_XAI_D_C0_DenseNet121,D,C0
E01_XAI_D_C0_DenseNet121,D-C0,DenseNet121,42,65,pneumonia,E-01E4EA18817F6CBD784D8ACE.jpeg,1,0.9857351738500756,0.5126953125,1,1,0.4514934397727381,0.4514934420585632,0.355072021484375,1.2715545366972998,0.5086946101025004,0.508694589138031,1.4326519109444549,1,1,48,207,195,114,0.9242066118759084,0.9801858665378596,0.9556438505407752,0.9924692389217066,0.0004476281985206,0.0108544139019301,-0.2781739068272613,0.2817327794883392,/kaggle/input/datasets/hintrngia/locked-densenet-xai-inputs/D-C0/DenseNet121/seed_42/best_checkpoint.pt,E01_XAI_D_C0_DenseNet121,D,C0
E01_XAI_D_C0_DenseNet121,D-C0,DenseNet121,42,66,pneumonia,E-0981A556ADE7F427711A3360.jpeg,1,0.9912310265957494,0.5126953125,1,1,0.3652936541183732,0.3652936518192291,0.315826416015625,1.1566279310224037,0.3006272399508346,0.3006272315979004,0.9518749056632476,1,0,47,175,255,218,0.8337055705602356,0.9852023496254028,0.8361677829178276,0.9862831385717044,0.0025836255971887,0.0207906294719371,-0.6195628480760003,0.5517439373237424,/kaggle/input/datasets/hintrngia/locked-densenet-xai-inputs/D-C0/DenseNet121/seed_42/best_checkpoint.pt,E01_XAI_D_C0_DenseNet121,D,C0
E01_XAI_D_C0_DenseNet121,D-C0,DenseNet121,42,67,pneumonia,E-0B7E667233F7AB135F8A84DD.jpeg,1,0.9998905778463976,0.5126953125,1,1,0.5093564238432623,0.5093564391136169,0.3825225830078125,1.3315721645455358,0.5353343930741067,0.5353344082832336,1.399484414396452,1,0,143,144,19,5,0.994802829542428,0.9962379433766252,0.984852588409404,0.9977818295580698,0.0006230839353104,0.0012630648057749,0.0,0.0,/kaggle/input/datasets/hintrngia/locked-densenet-xai-inputs/D-C0/DenseNet121/seed_42/best_checkpoint.pt,E01_XAI_D_C0_DenseNet121,D,C0
E01_XAI_D_C0_DenseNet121,D-C0,DenseNet121,42,68,pneumonia,E-122745006C7E29B76E58625B.jpeg,1,0.9915285580662068,0.5126953125,1,1,0.4334183130901494,0.4334183037281036,0.3352813720703125,1.2927002487906083,0.4889555727745777,0.4889555871486664,1.4583439865905758,1,1,79,143,211,209,0.9389190049285006,0.9873719978063222,0.9668860834007802,0.9914458631781512,0.0015662077685444,0.0063165095458371,0.7323284314539997,0.8787084174720542,/kaggle/input/datasets/hintrngia/locked-densenet-xai-inputs/D-C0/DenseNet121/seed_42/best_checkpoint.pt,E01_XAI_D_C0_DenseNet121,D,C0
E01_XAI_D_C0_DenseNet121,D-C0,DenseNet121,42,69,pneumonia,E-1265B89238C345234A9C993B.jpeg,1,0.9559147941303936,0.5126953125,1,1,0.3331464278918609,0.3331464231014251,0.3254241943359375,1.0237297462522152,0.1623482781990235,0.1623482853174209,0.4988820162259673,0,0,47,47,19,2,0.9308717992829388,0.9858677188787306,0.9409309038709112,0.9846291199503492,5.6086814341604896e-05,0.0010613624529821,-0.3604553653407396,-0.028330719074606,/kaggle/input/datasets/hintrngia/locked-densenet-xai-inputs/D-C0/DenseNet121/seed_42/best_checkpoint.pt,E01_XAI_D_C0_DenseNet121,D,C0
E01_XAI_D_C0_DenseNet121,D-C0,DenseNet121,42,70,pneumonia,E-1777E855F7110F5A72B38BC0.jpeg,1,0.99753093911088,0.5126953125,1,1,0.3539762103303333,0.3539762198925018,0.3238525390625,1.0930166283551035,0.2808384906331118,0.2808384895324707,0.8671801414498499,0,0,48,47,15,9,0.9675449672418652,0.992987247138644,0.9864115421276908,0.993406957911603,0.0005322634913147,0.0013749408728145,0.8194268008355097,0.930644564023443,/kaggle/input/datasets/hintrngia/locked-densenet-xai-inputs/D-C0/DenseNet121/seed_42/best_checkpoint.pt,E01_XAI_D_C0_DenseNet121,D,C0
E01_XAI_D_C0_DenseNet121,D-C0,DenseNet121,42,71,pneumonia,E-198E88DB173F06A1227B639B.jpeg,1,0.9987234421124502,0.5126953125,1,1,0.3659973387731199,0.3659973442554474,0.256744384765625,1.4255320096181616,0.4163183092847622,0.4163182973861694,1.6215283916133472,0,0,207,48,218,7,0.996937318104249,0.997806501375342,0.9988309288894008,0.9986443650119118,0.0027519262638167,0.0028848674268696,-0.3930503946227324,-0.0210126164667538,/kaggle/input/datasets/hintrngia/locked-densenet-xai-inputs/D-C0/DenseNet121/seed_42/best_checkpoint.pt,E01_XAI_D_C0_DenseNet121,D,C0
E01_XAI_D_C0_DenseNet121,D-C0,DenseNet121,42,72,pneumonia,E-1A06E979246F3D9634B22BF8.jpeg,1,0.9999810546090312,0.5126953125,1,1,0.3642758506789904,0.3642758429050445,0.303802490234375,1.1990548543494883,0.3250876169736938,0.3250876069068908,1.0700623840275238,0,0,47,47,22,6,0.999033209805037,0.9990364023079842,0.9969841494790056,0.9992404026305728,0.0024549276275118,0.0035442445531645,0.7940284807637215,0.887996581046165,/kaggle/input/datasets/hintrngia/locked-densenet-xai-inputs/D-C0/DenseNet121/seed_42/best_checkpoint.pt,E01_XAI_D_C0_DenseNet121,D,C0
E01_XAI_D_C0_DenseNet121,D-C0,DenseNet121,42,73,pneumonia,E-220D81ED5B8FE3B14418B9F7.jpeg,1,0.9906015604603804,0.5126953125,1,1,0.2880428887396125,0.2880429029464721,0.2836456298828125,1.0155026497627222,0.2790564650219758,0.2790564596652984,0.983820780659541,1,0,48,176,6,2,0.8859107051403641,0.98318726464587,0.9028230988480808,0.987941935827165,0.0009863743710508,0.0138918339368308,0.0299829489736234,0.8993759455863948,/kaggle/input/datasets/hintrngia/locked-densenet-xai-inputs/D-C0/DenseNet121/seed_42/best_checkpoint.pt,E01_XAI_D_C0_DenseNet121,D,C0
E01_XAI_D_C0_DenseNet121,D-C0,DenseNet121,42,74,pneumonia,E-227257A6740CF45FAF02E456.jpeg,1,0.9366789795364344,0.5126953125,1,1,0.2525832065644212,0.2525832056999206,0.381500244140625,0.662078754715859,0.034115281543814,0.0341152809560298,0.0894240097294375,0,0,208,0,11,18,0.6849713439765844,0.954663250844079,0.6362728373267105,0.955113614250626,0.0025400735325568,0.0023866295139352,-0.3593946514374349,-0.0435978171911804,/kaggle/input/datasets/hintrngia/locked-densenet-xai-inputs/D-C0/DenseNet121/seed_42/best_checkpoint.pt,E01_XAI_D_C0_DenseNet121,D,C0
E01_XAI_D_C0_DenseNet121,D-C0,DenseNet121,42,75,pneumonia,E-2C0709EBA6450DCFB3BBB340.jpeg,1,0.9994797285109398,0.5126953125,1,1,0.332557558096088,0.3325575590133667,0.3762359619140625,0.8839068875931875,0.2050781698442064,0.2050781697034835,0.5450785958920351,0,0,47,48,27,68,0.965007695990668,0.9910937035190096,0.9722129216851134,0.994541962186414,0.0009011753943093,0.0029455251054161,-0.4407920018334261,0.0304566516643088,/kaggle/input/datasets/hintrngia/locked-densenet-xai-inputs/D-C0/DenseNet121/seed_42/best_checkpoint.pt,E01_XAI_D_C0_DenseNet121,D,C0
E01_XAI_D_C0_DenseNet121,D-C0,DenseNet121,42,76,pneumonia,E-30421FA65AB177DCD15E84C4.jpeg,1,0.9999977434900624,0.5126953125,1,1,0.5183079466655848,0.5183079242706299,0.41265869140625,1.25602091379514,0.4402816009680284,0.4402815997600555,1.0669388774234845,1,0,144,111,251,0,0.9995003844963456,0.9994638096359206,0.9991544531475476,0.9996793388043164,0.0022264737621342,0.0051676090022245,0.1745650549515652,0.7498152692874902,/kaggle/input/datasets/hintrngia/locked-densenet-xai-inputs/D-C0/DenseNet121/seed_42/best_checkpoint.pt,E01_XAI_D_C0_DenseNet121,D,C0
E01_XAI_D_C0_DenseNet121,D-C0,DenseNet121,42,77,pneumonia,E-386D019ED9E9E8244987AC20.jpeg,1,0.9985059802400802,0.5126953125,1,1,0.4474093680385799,0.4474093616008758,0.3555145263671875,1.2584840698646451,0.4176495900398699,0.4176495969295501,1.1747750346732873,1,0,207,176,19,4,0.997179160517878,0.9985516772700576,0.9911188288240697,0.9984738226170412,0.0013157110487322,0.0011311953665738,0.1825505933356293,0.387324311995012,/kaggle/input/datasets/hintrngia/locked-densenet-xai-inputs/D-C0/DenseNet121/seed_42/best_checkpoint.pt,E01_XAI_D_C0_DenseNet121,D,C0
E01_XAI_D_C0_DenseNet121,D-C0,DenseNet121,42,78,pneumonia,E-3AC987E53985CBAF71C33ABC.jpeg,1,0.961848515443551,0.5126953125,1,1,0.4309161062572215,0.4309161007404327,0.4218597412109375,1.021467715834386,0.2963678327561,0.2963678240776062,0.7025269391797944,0,0,208,48,15,3,0.8960060004315378,0.9749333514979296,0.950574262187834,0.9779928668687492,9.298997082318738e-05,0.0003798748351882,0.5202603841311102,0.3605241026905345,/kaggle/input/datasets/hintrngia/locked-densenet-xai-inputs/D-C0/DenseNet121/seed_42/best_checkpoint.pt,E01_XAI_D_C0_DenseNet121,D,C0
E01_XAI_D_C0_DenseNet121,D-C0,DenseNet121,42,79,pneumonia,E-3EB4BE73D28C1518A6A12685.jpeg,1,0.9947811295674924,0.5126953125,1,1,0.4652249711555488,0.4652249813079834,0.40576171875,1.1465472213316052,0.433597241437382,0.4335972368717193,1.0686006624112614,1,0,207,207,255,250,0.9716535907939472,0.9843194415322758,0.9742763886863552,0.9948524863536448,0.0011177613635947,0.0021815614227305,-0.2534947775582242,-0.0443715757518552,/kaggle/input/datasets/hintrngia/locked-densenet-xai-inputs/D-C0/DenseNet121/seed_42/best_checkpoint.pt,E01_XAI_D_C0_DenseNet121,D,C0
E01_XAI_D_C0_DenseNet121,D-C0,DenseNet121,42,80,pneumonia,E-401B5DEDAD367F085127D1DA.jpeg,1,0.978352687280746,0.5126953125,1,1,0.5072325653415944,0.5072325468063354,0.364349365234375,1.3921598711042271,0.5419879905491019,0.5419880151748657,1.487550253313759,1,0,47,143,83,38,0.9414073885720776,0.9855192675943876,0.9555389853420572,0.9917422425742763,0.0003783145018686,0.0098417624794858,-0.2505113282797701,-0.113236664211194,/kaggle/input/datasets/hintrngia/locked-densenet-xai-inputs/D-C0/DenseNet121/seed_42/best_checkpoint.pt,E01_XAI_D_C0_DenseNet121,D,C0
E01_XAI_D_C0_DenseNet121,D-C0,DenseNet121,42,81,pneumonia,E-4329094918EDAAADE18246AB.jpeg,1,0.9999999442706472,0.5126953125,1,1,0.4868133691976076,0.4868133664131164,0.4228057861328125,1.1513876705667625,0.4788177567864177,0.4788177609443664,1.132476830948597,0,0,112,79,22,6,0.9995253986785488,0.9997077229564084,0.9994073213149725,0.9997317717542412,0.0014367780199135,0.0013281008782811,0.7776744399060204,0.8289964104745353,/kaggle/input/datasets/hintrngia/locked-densenet-xai-inputs/D-C0/DenseNet121/seed_42/best_checkpoint.pt,E01_XAI_D_C0_DenseNet121,D,C0
E01_XAI_D_C0_DenseNet121,D-C0,DenseNet121,42,82,pneumonia,E-443A80FA1DE791815F946FF9.jpeg,1,0.9925142908497292,0.5126953125,1,1,0.4219084397844725,0.421908438205719,0.309112548828125,1.3649023353596206,0.5045906696318392,0.5045906901359558,1.6323849405169422,1,1,176,207,205,220,0.952088566379608,0.990819454185681,0.979978414417641,0.9929198575137232,0.0004943087019148,0.0039069055786004,0.133048339692052,0.2997661153891398,/kaggle/input/datasets/hintrngia/locked-densenet-xai-inputs/D-C0/DenseNet121/seed_42/best_checkpoint.pt,E01_XAI_D_C0_DenseNet121,D,C0
E01_XAI_D_C0_DenseNet121,D-C0,DenseNet121,42,83,pneumonia,E-4B97630FB65DE326125E1DE1.jpeg,1,0.9998676260868096,0.5126953125,1,1,0.4261073615106587,0.4261073470115661,0.3383941650390625,1.2592042225712463,0.4254509023352218,0.4254508912563324,1.2572642979411597,1,0,79,80,242,1,0.994444466351302,0.99700889591057,0.9971250673941432,0.997879055935178,0.0046923328332418,0.0084275427754921,0.1630157702967996,0.3738493063625665,/kaggle/input/datasets/hintrngia/locked-densenet-xai-inputs/D-C0/DenseNet121/seed_42/best_checkpoint.pt,E01_XAI_D_C0_DenseNet121,D,C0
E01_XAI_D_C0_DenseNet121,D-C0,DenseNet121,42,84,pneumonia,E-55F059ED3BB72FAD418A344C.jpeg,1,0.9950548915823448,0.5126953125,1,1,0.2679326032283107,0.2679325938224792,0.3324737548828125,0.8058759504874282,0.0675131081588332,0.067513108253479,0.2030629701361832,0,0,208,240,241,248,0.8402964076758208,0.9863114936052788,0.8700807620774031,0.9870714229159898,0.0005782240698827,0.000804280630996,0.8964568844868531,0.9722258879200602,/kaggle/input/datasets/hintrngia/locked-densenet-xai-inputs/D-C0/DenseNet121/seed_42/best_checkpoint.pt,E01_XAI_D_C0_DenseNet121,D,C0
E01_XAI_D_C0_DenseNet121,D-C0,DenseNet121,42,85,pneumonia,E-6060B7AB38566FD26078DE5E.jpeg,1,0.9999592467412518,0.5126953125,1,1,0.4178506459151261,0.4178506433963775,0.271087646484375,1.5413857891868574,0.5148501929701098,0.5148501992225647,1.899201972671908,0,0,144,143,17,4,0.9961112420489276,0.9968027181758922,0.9975517004342904,0.9988602011635674,0.0011440100678008,0.0024323126427802,0.8928562972519356,0.4443276398501282,/kaggle/input/datasets/hintrngia/locked-densenet-xai-inputs/D-C0/DenseNet121/seed_42/best_checkpoint.pt,E01_XAI_D_C0_DenseNet121,D,C0
E01_XAI_D_C0_DenseNet121,D-C0,DenseNet121,42,86,pneumonia,E-638A63581494A3F6A20C2D9C.jpeg,1,0.95505091977817,0.5126953125,1,1,0.4238551294551843,0.4238551259040832,0.312408447265625,1.3567338948898582,0.4748100705333308,0.4748100638389587,1.5198374905964818,1,0,79,144,11,131,0.931402930070564,0.9760786186438069,0.9484914634561415,0.985211100895552,0.0003264539047678,0.0113917637387853,0.2941116284414715,0.4975672503739497,/kaggle/input/datasets/hintrngia/locked-densenet-xai-inputs/D-C0/DenseNet121/seed_42/best_checkpoint.pt,E01_XAI_D_C0_DenseNet121,D,C0
E01_XAI_D_C0_DenseNet121,D-C0,DenseNet121,42,87,pneumonia,E-63AE2F3741553AC167D0B283.jpeg,1,0.999997223562582,0.5126953125,1,1,0.465699226871902,0.4656992256641388,0.3596954345703125,1.2947043029006478,0.4608010399039031,0.4608010351657867,1.2810867072982732,1,0,79,47,64,1,0.9989279839381028,0.9992929152064924,0.9980884231720624,0.999581688087341,0.0013981273302734,0.0034499038490953,0.9202985573278708,0.8185452081773742,/kaggle/input/datasets/hintrngia/locked-densenet-xai-inputs/D-C0/DenseNet121/seed_42/best_checkpoint.pt,E01_XAI_D_C0_DenseNet121,D,C0
E01_XAI_D_C0_DenseNet121,D-C0,DenseNet121,42,88,pneumonia,E-63E40A6B7E9FE7A4F927B234.jpeg,1,0.9997065563872072,0.5126953125,1,1,0.3369373521473159,0.3369373381137848,0.3593597412109375,0.9376046159537388,0.1569500176349222,0.1569500118494033,0.4367490278851115,0,0,208,0,239,8,0.9760243778952438,0.9904365873919796,0.949147457119376,0.992638108870846,0.0004095464374888,0.0043269336713731,0.2889186202370739,0.1591689013284195,/kaggle/input/datasets/hintrngia/locked-densenet-xai-inputs/D-C0/DenseNet121/seed_42/best_checkpoint.pt,E01_XAI_D_C0_DenseNet121,D,C0
E01_XAI_D_C0_DenseNet121,D-C0,DenseNet121,42,89,pneumonia,E-6C94FB136A3DC9D9B1FE1032.jpeg,1,0.9288002213590704,0.5126953125,1,1,0.3930918410482412,0.3930918276309967,0.3358001708984375,1.1706123912817528,0.3405362479579502,0.3405362367630005,1.0141038554174682,0,0,0,47,18,11,0.8591667743596145,0.9706538775871992,0.915867246105766,0.9749573306160056,0.0041855842287196,0.0074981904614286,0.3590124923652099,0.4587532943903408,/kaggle/input/datasets/hintrngia/locked-densenet-xai-inputs/D-C0/DenseNet121/seed_42/best_checkpoint.pt,E01_XAI_D_C0_DenseNet121,D,C0
E01_XAI_D_C0_DenseNet121,D-C0,DenseNet121,42,90,pneumonia,E-6EBA6C5A4DF4C84E483A5386.jpeg,1,0.9997492216889018,0.5126953125,1,1,0.3974316224531285,0.3974316120147705,0.3423919677734375,1.160750426003308,0.3334579098170381,0.3334579169750213,0.9739069289081248,1,0,111,143,12,7,0.9891325280235524,0.9960630286539358,0.9938846529402704,0.996632329622383,0.0011264931824668,0.000981099031143,-0.1898578096562239,0.0520878540224348,/kaggle/input/datasets/hintrngia/locked-densenet-xai-inputs/D-C0/DenseNet121/seed_42/best_checkpoint.pt,E01_XAI_D_C0_DenseNet121,D,C0
E01_XAI_D_C0_DenseNet121,D-C0,DenseNet121,42,91,pneumonia,E-73D66A02A1612F6E79C3F7EC.jpeg,1,0.999991955528172,0.5126953125,1,1,0.4567187225344181,0.4567187130451202,0.3591766357421875,1.2715713581722088,0.5254350710267865,0.5254350900650024,1.4628876679048168,1,0,111,48,1,66,0.9955245295154148,0.9986476625424254,0.9981174731694008,0.9987996252860782,0.0006850519454474,0.0036691305341534,-0.2647417056346681,-0.0594984165103785,/kaggle/input/datasets/hintrngia/locked-densenet-xai-inputs/D-C0/DenseNet121/seed_42/best_checkpoint.pt,E01_XAI_D_C0_DenseNet121,D,C0
E01_XAI_D_C0_DenseNet121,D-C0,DenseNet121,42,92,pneumonia,E-7725ED8C0E93C0BF91B23FCE.jpeg,1,0.9999841504692264,0.5126953125,1,1,0.4758602353889605,0.4758602380752563,0.38677978515625,1.2303130971457674,0.5145692610344269,0.5145692825317383,1.3303933679640287,0,0,144,144,117,170,0.9974477790069802,0.9974227841567028,0.9972801730253308,0.9985934583682808,0.0013567960193451,0.0001756525236794,0.4985380911025709,0.5437589457361893,/kaggle/input/datasets/hintrngia/locked-densenet-xai-inputs/D-C0/DenseNet121/seed_42/best_checkpoint.pt,E01_XAI_D_C0_DenseNet121,D,C0
E01_XAI_D_C0_DenseNet121,D-C0,DenseNet121,42,93,pneumonia,E-77D4D0C371CD4C8665643C00.jpeg,1,0.9944799020880776,0.5126953125,1,1,0.3330503148582023,0.3330503106117248,0.29443359375,1.13115596157479,0.3339265634109405,0.3339265584945678,1.1341320097273735,0,0,48,80,22,8,0.9705177472778258,0.994826409538754,0.9913048767007294,0.9954088105277936,0.0021003805395621,0.0075731377642194,0.8014153415965944,0.8218416906447679,/kaggle/input/datasets/hintrngia/locked-densenet-xai-inputs/D-C0/DenseNet121/seed_42/best_checkpoint.pt,E01_XAI_D_C0_DenseNet121,D,C0
E01_XAI_D_C0_DenseNet121,D-C0,DenseNet121,42,94,pneumonia,E-7B805F2D3984459EDD091000.jpeg,1,0.9998257744212192,0.5126953125,1,1,0.3932619514695938,0.3932619392871856,0.3260345458984375,1.2061971849820423,0.4029765081805697,0.4029765129089355,1.2359932812337633,0,0,80,207,19,4,0.9866545302413268,0.9953230098007002,0.988288724493916,0.9955678116691268,0.0018246801098781,0.0007670009595265,0.5342772638066766,0.5855234018999319,/kaggle/input/datasets/hintrngia/locked-densenet-xai-inputs/D-C0/DenseNet121/seed_42/best_checkpoint.pt,E01_XAI_D_C0_DenseNet121,D,C0
E01_XAI_D_C0_DenseNet121,D-C0,DenseNet121,42,95,pneumonia,E-8B99D004F7E59741CFAB602B.jpeg,1,0.9999998800406048,0.5126953125,1,1,0.514394830645804,0.5143948197364807,0.44635009765625,1.1524469992206827,0.4371488317581339,0.4371488392353058,0.9793855407528056,1,1,143,175,210,230,0.9998905515840312,0.9998388849394562,0.9996644204134644,0.9998978430971982,0.0004104014813863,0.0024315698657211,0.5462749816553473,0.7321980659248207,/kaggle/input/datasets/hintrngia/locked-densenet-xai-inputs/D-C0/DenseNet121/seed_42/best_checkpoint.pt,E01_XAI_D_C0_DenseNet121,D,C0
E01_XAI_D_C0_DenseNet121,D-C0,DenseNet121,42,96,pneumonia,E-8E859FAC3770F43BC30CF790.jpeg,1,0.999071222750712,0.5126953125,1,1,0.3334780205334442,0.333478033542633,0.32305908203125,1.032250876330994,0.2141742655537964,0.2141742706298828,0.6629569557591914,0,0,47,47,17,4,0.9785519757556423,0.9973996962625592,0.991376946408258,0.997550746017402,0.0004150517972314,0.0021467860165465,0.9702610537793832,0.9738680303114898,/kaggle/input/datasets/hintrngia/locked-densenet-xai-inputs/D-C0/DenseNet121/seed_42/best_checkpoint.pt,E01_XAI_D_C0_DenseNet121,D,C0
E01_XAI_D_C0_DenseNet121,D-C0,DenseNet121,42,97,pneumonia,E-9A9C78D1B9953A6FD2BA65F6.jpeg,1,0.999997222195976,0.5126953125,1,1,0.5072848984764827,0.5072848796844482,0.39300537109375,1.290783627370507,0.5214010218080014,0.521401047706604,1.3267020253614374,0,0,143,80,18,4,0.9993760342012614,0.9994584106696008,0.998790264381364,0.9996742765425948,0.0010593448969847,8.497220852987653e-05,0.8998271340610394,0.6826783963374361,/kaggle/input/datasets/hintrngia/locked-densenet-xai-inputs/D-C0/DenseNet121/seed_42/best_checkpoint.pt,E01_XAI_D_C0_DenseNet121,D,C0
E01_XAI_D_C0_DenseNet121,D-C0,DenseNet121,42,98,pneumonia,E-9B56CC62692974C989F872CC.jpeg,1,0.9999742028524004,0.5126953125,1,1,0.5013148669165,0.5013148784637451,0.37744140625,1.3281925581435858,0.5811498964132386,0.5811498761177063,1.5397089105489166,1,0,144,111,18,10,0.9956357518973176,0.996786686475763,0.9966391222281652,0.9980040050637567,0.000800446558371,0.0034920839455877,-0.2141925775673601,0.2441047999361763,/kaggle/input/datasets/hintrngia/locked-densenet-xai-inputs/D-C0/DenseNet121/seed_42/best_checkpoint.pt,E01_XAI_D_C0_DenseNet121,D,C0
E01_XAI_D_C0_DenseNet121,D-C0,DenseNet121,42,99,pneumonia,E-9FC76B9714A55204D742CE4C.jpeg,1,0.9999784377724592,0.5126953125,1,1,0.4260674306699126,0.426067441701889,0.32318115234375,1.3183548223032764,0.4507527573851108,0.4507527649402618,1.3947371439089056,1,0,79,175,19,4,0.9983327353539744,0.997876339616106,0.9983640606652636,0.9986376255116018,0.0025160399273186,0.0047257218055777,0.3732319543665852,0.3418101165165892,/kaggle/input/datasets/hintrngia/locked-densenet-xai-inputs/D-C0/DenseNet121/seed_42/best_checkpoint.pt,E01_XAI_D_C0_DenseNet121,D,C0
E01_XAI_D_C0_DenseNet121,D-C0,DenseNet121,42,100,pneumonia,E-A0A20FFCEFD96663F4AB4E87.jpeg,1,0.9990104937983718,0.5126953125,1,1,0.4088319276810688,0.408831924200058,0.3404388427734375,1.200896831720072,0.417297846755474,0.4172978401184082,1.2257644966593495,1,0,207,208,255,233,0.9744512189429504,0.9913509841113414,0.9426171727027206,0.993642371673682,0.0007021333092522,0.0074174465912734,0.7814139423106835,0.9515741925012988,/kaggle/input/datasets/hintrngia/locked-densenet-xai-inputs/D-C0/DenseNet121/seed_42/best_checkpoint.pt,E01_XAI_D_C0_DenseNet121,D,C0
E01_XAI_D_C0_DenseNet121,D-C0,DenseNet121,42,101,pneumonia,E-A0D5A9410E976B289DD85CF6.jpeg,1,0.9923390061850196,0.5126953125,1,1,0.3319974567236791,0.3319974541664123,0.2681732177734375,1.2379963199910686,0.1395807400803568,0.1395807415246963,0.5204872479036281,0,0,208,240,244,251,0.8624839688090369,0.9712492787140138,0.8430188630446229,0.9784847178222438,0.0004363620823893,0.0066144740005465,0.9050486195438942,0.9975282938297708,/kaggle/input/datasets/hintrngia/locked-densenet-xai-inputs/D-C0/DenseNet121/seed_42/best_checkpoint.pt,E01_XAI_D_C0_DenseNet121,D,C0
E01_XAI_D_C0_DenseNet121,D-C0,DenseNet121,42,102,pneumonia,E-A540763BCA2A1AF575A9EE6B.jpeg,1,0.9857700177997374,0.5126953125,1,1,0.4253249888608391,0.4253249764442444,0.3713226318359375,1.1454324417499055,0.2164006401781633,0.2164006382226944,0.5827833307875945,1,0,208,207,6,10,0.9169591158560936,0.9690232743976168,0.8974992034919119,0.9813087776339824,0.0009533265385596,0.0011108426354071,-0.3535944242415623,0.2272178012988717,/kaggle/input/datasets/hintrngia/locked-densenet-xai-inputs/D-C0/DenseNet121/seed_42/best_checkpoint.pt,E01_XAI_D_C0_DenseNet121,D,C0
E01_XAI_D_C0_DenseNet121,D-C0,DenseNet121,42,103,pneumonia,E-A9AC7ECA864D894719491A2C.jpeg,1,0.9994629146045008,0.5126953125,1,1,0.4437955766592141,0.4437955617904663,0.3572845458984375,1.2421348243407329,0.5017131537143584,0.5017131567001343,1.404239728457151,1,0,207,175,11,2,0.9557415913268466,0.9867808928113532,0.9477469134111234,0.9897736236434176,0.0018548968348141,0.0149173724138182,0.6566677147671319,0.7641257422917499,/kaggle/input/datasets/hintrngia/locked-densenet-xai-inputs/D-C0/DenseNet121/seed_42/best_checkpoint.pt,E01_XAI_D_C0_DenseNet121,D,C0
E01_XAI_D_C0_DenseNet121,D-C0,DenseNet121,42,104,pneumonia,E-B15903E1E2039605DB9FB6A1.jpeg,1,0.9989517140057832,0.5126953125,1,1,0.2758563676110609,0.2758563756942749,0.2703704833984375,1.0202902481945082,0.2535161980960057,0.2535161972045898,0.937662258503292,0,0,47,47,22,7,0.9692658550076676,0.9898004746372612,0.985903331055698,0.9928729957330292,0.004320918609925,0.0063208396407156,-0.2298771026881274,0.174755858084094,/kaggle/input/datasets/hintrngia/locked-densenet-xai-inputs/D-C0/DenseNet121/seed_42/best_checkpoint.pt,E01_XAI_D_C0_DenseNet121,D,C0
E01_XAI_D_C0_DenseNet121,D-C0,DenseNet121,42,105,pneumonia,E-B29F964F9024332A9FD3DA8C.jpeg,1,0.9806130682727906,0.5126953125,1,1,0.5864311636509074,0.5864311456680298,0.444091796875,1.320517892421175,0.6480435683639797,0.6480435729026794,1.4592558856618256,1,1,79,143,79,122,0.9788627384943762,0.9904036660623554,0.9779835986804504,0.9921156793625991,0.0015237937369125,0.0018499648178281,0.1106917143838057,0.4271234133856518,/kaggle/input/datasets/hintrngia/locked-densenet-xai-inputs/D-C0/DenseNet121/seed_42/best_checkpoint.pt,E01_XAI_D_C0_DenseNet121,D,C0
E01_XAI_D_C0_DenseNet121,D-C0,DenseNet121,42,106,pneumonia,E-B352C843937DC9BD58C4B554.jpeg,1,0.902030924329931,0.5126953125,1,1,0.3516788976139237,0.3516789078712463,0.322052001953125,1.0919941359815266,0.1555612235656024,0.1555612236261367,0.4830313819575153,0,0,240,0,251,22,0.788078408236851,0.9709287250978748,0.7374677448189525,0.973207586966365,0.0018611479505817,0.0106080975195953,0.5613547730949552,0.9854280136481948,/kaggle/input/datasets/hintrngia/locked-densenet-xai-inputs/D-C0/DenseNet121/seed_42/best_checkpoint.pt,E01_XAI_D_C0_DenseNet121,D,C0
E01_XAI_D_C0_DenseNet121,D-C0,DenseNet121,42,107,pneumonia,E-B41848B096ED1788DCCEEDA2.jpeg,1,0.9994854089491916,0.5126953125,1,1,0.3858095642837726,0.3858095705509186,0.2685089111328125,1.436859442228864,0.3338404274240445,0.3338404297828674,1.24331228343821,0,0,47,47,22,6,0.9977102667330512,0.9989850021155996,0.9946358678334468,0.999363055860658,0.0004348938258067,0.0001766345102818,0.0028587437645339,-0.0472751935919365,/kaggle/input/datasets/hintrngia/locked-densenet-xai-inputs/D-C0/DenseNet121/seed_42/best_checkpoint.pt,E01_XAI_D_C0_DenseNet121,D,C0
E01_XAI_D_C0_DenseNet121,D-C0,DenseNet121,42,108,pneumonia,E-B813D1454C73F6C74F660590.jpeg,1,0.9496407790438174,0.5126953125,1,1,0.2523757011842012,0.2523756921291351,0.2771453857421875,0.9106256649676712,0.2467185859499234,0.2467185854911804,0.8902135797398109,0,0,0,144,255,219,0.6933850920922484,0.962747917187248,0.788201329834042,0.9631118123997358,0.0008397022696907,0.0174146350671068,0.930921434039532,0.837308530722611,/kaggle/input/datasets/hintrngia/locked-densenet-xai-inputs/D-C0/DenseNet121/seed_42/best_checkpoint.pt,E01_XAI_D_C0_DenseNet121,D,C0
E01_XAI_D_C0_DenseNet121,D-C0,DenseNet121,42,109,pneumonia,E-BF1AD901130E35A45E611B5A.jpeg,1,0.9997352573051126,0.5126953125,1,1,0.3561143241885343,0.3561143279075622,0.2906494140625,1.2252366836423658,0.3514742570086606,0.35147425532341,1.2092722021902342,1,0,111,112,18,21,0.9959641346822076,0.9989586157868078,0.994414927723336,0.9991670532028818,0.0001627747453321,0.0020886559380922,0.5250830363343395,0.7368348029941694,/kaggle/input/datasets/hintrngia/locked-densenet-xai-inputs/D-C0/DenseNet121/seed_42/best_checkpoint.pt,E01_XAI_D_C0_DenseNet121,D,C0
E01_XAI_D_C0_DenseNet121,D-C0,DenseNet121,42,110,pneumonia,E-BFFC08BEA9A0FA7A1279A0B5.jpeg,1,0.9987501721647164,0.5126953125,1,1,0.4432165535837166,0.4432165622711181,0.364898681640625,1.2146290898913796,0.4473309114276816,0.4473309218883514,1.2259044330235236,1,0,207,207,255,231,0.9742588419925368,0.984641842266058,0.9690892236051388,0.993609615232354,0.0003450780287754,0.0025202383410197,0.8645780026956208,0.91067175216471,/kaggle/input/datasets/hintrngia/locked-densenet-xai-inputs/D-C0/DenseNet121/seed_42/best_checkpoint.pt,E01_XAI_D_C0_DenseNet121,D,C0
E01_XAI_D_C0_DenseNet121,D-C0,DenseNet121,42,111,pneumonia,E-C378B1871ED2B8AC1E544A5B.jpeg,1,0.9978875427700692,0.5126953125,1,1,0.351864608324706,0.351864606142044,0.2780303955078125,1.2655616580411575,0.3845433643243705,0.3845433592796325,1.3830982890270536,0,0,47,47,23,5,0.9976914329686816,0.9977917936169726,0.997487771315539,0.998642442316084,0.001403087341861,0.0035522883958059,-0.1635739442097097,0.1369603333589908,/kaggle/input/datasets/hintrngia/locked-densenet-xai-inputs/D-C0/DenseNet121/seed_42/best_checkpoint.pt,E01_XAI_D_C0_DenseNet121,D,C0
E01_XAI_D_C0_DenseNet121,D-C0,DenseNet121,42,112,pneumonia,E-D2A52B478FEFC3F6A00973AF.jpeg,1,0.9990202731907394,0.5126953125,1,1,0.4066859998407718,0.406686007976532,0.35107421875,1.1584046281973583,0.2895745214105084,0.289574533700943,0.8248242278841742,1,0,208,207,3,1,0.9857807656709736,0.995484441740932,0.9789766143652447,0.99637898350804,0.0002976531809561,0.0031601884311479,0.6300104683955045,0.8769735595975078,/kaggle/input/datasets/hintrngia/locked-densenet-xai-inputs/D-C0/DenseNet121/seed_42/best_checkpoint.pt,E01_XAI_D_C0_DenseNet121,D,C0
E01_XAI_D_C0_DenseNet121,D-C0,DenseNet121,42,113,pneumonia,E-D33BB0B839138FAFF4DA3ED6.jpeg,1,0.9623760098232336,0.5126953125,1,1,0.2129533390544846,0.2129533439874649,0.3347625732421875,0.636132459468285,0.0177049226830187,0.0177049227058887,0.0528879991318799,0,0,208,0,251,2,0.7885987614990528,0.9661067763973806,0.7987665612127333,0.9665433653455988,0.0010172915371773,0.0005955302520988,-0.0204564906816183,0.5902343299228608,/kaggle/input/datasets/hintrngia/locked-densenet-xai-inputs/D-C0/DenseNet121/seed_42/best_checkpoint.pt,E01_XAI_D_C0_DenseNet121,D,C0
E01_XAI_D_C0_DenseNet121,D-C0,DenseNet121,42,114,pneumonia,E-DA47F22802134421DB0B257A.jpeg,1,0.999992907133052,0.5126953125,1,1,0.5070339410511505,0.5070339441299438,0.39227294921875,1.292553927210526,0.5334780366756982,0.5334780216217041,1.359966415574084,0,0,111,80,21,6,0.9994992157058228,0.999732270737458,0.999452758198078,0.9997789132430374,0.0015883584234135,0.003473671995558,0.8008675370135867,0.7695552194982135,/kaggle/input/datasets/hintrngia/locked-densenet-xai-inputs/D-C0/DenseNet121/seed_42/best_checkpoint.pt,E01_XAI_D_C0_DenseNet121,D,C0
E01_XAI_D_C0_DenseNet121,D-C0,DenseNet121,42,115,pneumonia,E-E09BD72833F7B4079F215903.jpeg,1,0.9969124442600168,0.5126953125,1,1,0.4427424883059102,0.4427424967288971,0.3171234130859375,1.3961204693074212,0.5172250670277541,0.5172250866889954,1.6309898471217288,1,1,111,48,98,36,0.9922902517203296,0.9976861795180026,0.996399250221208,0.9984373976281872,0.0010186336576786,0.0110403822578557,0.9252543286593208,0.9467788925844348,/kaggle/input/datasets/hintrngia/locked-densenet-xai-inputs/D-C0/DenseNet121/seed_42/best_checkpoint.pt,E01_XAI_D_C0_DenseNet121,D,C0
E01_XAI_D_C0_DenseNet121,D-C0,DenseNet121,42,116,pneumonia,E-E0D541D212A934D795DA0D1B.jpeg,1,0.9823925920189548,0.5126953125,1,1,0.4433117913107251,0.4433117806911468,0.306488037109375,1.446424452620715,0.5351173675987351,0.5351173877716064,1.745964940901658,0,1,48,112,54,110,0.9836972548777988,0.9910449349778248,0.9599925259812048,0.9911359211801916,0.0015299883879998,0.0039829493742241,0.44161901066795,0.604578892461165,/kaggle/input/datasets/hintrngia/locked-densenet-xai-inputs/D-C0/DenseNet121/seed_42/best_checkpoint.pt,E01_XAI_D_C0_DenseNet121,D,C0
E01_XAI_D_C0_DenseNet121,D-C0,DenseNet121,42,117,pneumonia,E-E1AD2A3BA30BC31AC67A922E.jpeg,1,0.9999610856669466,0.5126953125,1,1,0.3774126398816217,0.3774126470088959,0.3279571533203125,1.1507986212851609,0.3015048924475926,0.3015048801898956,0.9193423268713268,0,0,208,0,252,2,0.9948439544175196,0.9962922564469348,0.9909106511633468,0.996528848152026,0.0033728883685604,0.0135825811956837,0.6196473661095641,0.942640693005874,/kaggle/input/datasets/hintrngia/locked-densenet-xai-inputs/D-C0/DenseNet121/seed_42/best_checkpoint.pt,E01_XAI_D_C0_DenseNet121,D,C0
E01_XAI_D_C0_DenseNet121,D-C0,DenseNet121,42,118,pneumonia,E-E280E4CD8F00E10AB30B96C9.jpeg,1,0.995811662833998,0.5126953125,1,1,0.432053940732743,0.4320539534091949,0.3293609619140625,1.3117946286708848,0.4546050189152679,0.4546050131320953,1.3802638183753069,0,1,48,47,171,88,0.941730698651694,0.9820684607216872,0.9503722994462728,0.9896913486694552,0.00113839274895,0.0032126163065777,0.8249529847936689,0.931534249559862,/kaggle/input/datasets/hintrngia/locked-densenet-xai-inputs/D-C0/DenseNet121/seed_42/best_checkpoint.pt,E01_XAI_D_C0_DenseNet121,D,C0
E01_XAI_D_C0_DenseNet121,D-C0,DenseNet121,42,119,pneumonia,E-E2EF7E089A1E8F497DBAC1CB.jpeg,1,0.999990798836185,0.5126953125,1,1,0.5125250369390754,0.5125250220298767,0.3351898193359375,1.5290590804770448,0.642842382945381,0.6428424119949341,1.9178457872585464,1,1,111,79,91,61,0.9983530962496828,0.999137594464457,0.9975104102788864,0.9991877155102248,0.0012580762580478,6.998789191170474e-05,0.0,0.0,/kaggle/input/datasets/hintrngia/locked-densenet-xai-inputs/D-C0/DenseNet121/seed_42/best_checkpoint.pt,E01_XAI_D_C0_DenseNet121,D,C0
E01_XAI_D_C0_DenseNet121,D-C0,DenseNet121,42,120,pneumonia,E-E7BF66D9C027E263610D5923.jpeg,1,0.914922280999121,0.5126953125,1,1,0.2442912294615681,0.2442912310361862,0.3877410888671875,0.6300369924046016,0.0859799984903906,0.0859799981117248,0.2217459045714942,0,0,0,47,14,3,0.8044722072021906,0.9641721116787384,0.7585777189227516,0.9644946112474576,0.0011276572116857,0.0017582787640235,0.8345808522550785,0.8895978259430475,/kaggle/input/datasets/hintrngia/locked-densenet-xai-inputs/D-C0/DenseNet121/seed_42/best_checkpoint.pt,E01_XAI_D_C0_DenseNet121,D,C0
E01_XAI_D_C0_DenseNet121,D-C0,DenseNet121,42,121,pneumonia,E-EB1401E2B7015C0BDE01BE91.jpeg,1,0.993191214252788,0.5126953125,1,1,0.326250359784953,0.3262503743171692,0.329986572265625,0.9886776832917176,0.3099177707771371,0.3099177777767181,0.9391829753838188,1,0,208,175,0,2,0.8893610006557986,0.9840334562440558,0.9069373554757691,0.9832960774153116,0.0002814557827316,0.0209107063610173,-0.3660864891500655,0.6729735936146951,/kaggle/input/datasets/hintrngia/locked-densenet-xai-inputs/D-C0/DenseNet121/seed_42/best_checkpoint.pt,E01_XAI_D_C0_DenseNet121,D,C0
E01_XAI_D_C0_DenseNet121,D-C0,DenseNet121,42,122,pneumonia,E-EB344A640162B22F1A6C369F.jpeg,1,0.9881141066448348,0.5126953125,1,1,0.1995588595424576,0.1995588541030883,0.2807464599609375,0.7108152301198165,0.0250950393201737,0.0250950399786233,0.0893868415069789,0,0,208,0,247,26,0.8675604355991473,0.986553591610436,0.8974314056157554,0.9865440834596242,0.0008294798152763,0.0014115956052518,-0.286684840169504,-0.0651641231050613,/kaggle/input/datasets/hintrngia/locked-densenet-xai-inputs/D-C0/DenseNet121/seed_42/best_checkpoint.pt,E01_XAI_D_C0_DenseNet121,D,C0
E01_XAI_D_C0_DenseNet121,D-C0,DenseNet121,42,123,pneumonia,E-EC00E01864643AB223676743.jpeg,1,0.9814012247381452,0.5126953125,1,1,0.5065931692857805,0.5065931677818298,0.3099517822265625,1.6344257343727124,0.6552625232834817,0.6552625298500061,2.1140789014870407,1,1,48,112,71,123,0.941448522919902,0.984460747168104,0.9540625647948882,0.9882020654269198,0.0006418709238309,0.0033525879825958,0.9782427425477294,0.9201147101900128,/kaggle/input/datasets/hintrngia/locked-densenet-xai-inputs/D-C0/DenseNet121/seed_42/best_checkpoint.pt,E01_XAI_D_C0_DenseNet121,D,C0
E01_XAI_D_C0_DenseNet121,D-C0,DenseNet121,42,124,pneumonia,E-EF92BEF2BC79AC7D99E44B1F.jpeg,1,0.9897855477081564,0.5126953125,1,1,0.2321088186130045,0.2321088165044784,0.343048095703125,0.6766072207375617,0.1017696666494456,0.1017696633934974,0.2966629691992737,0,0,0,47,17,10,0.9012754175690536,0.9823724766663856,0.9222650051887864,0.9845516779568786,0.0011640051860909,0.0006789727951915,-0.0009156116007312,-0.0284790982784721,/kaggle/input/datasets/hintrngia/locked-densenet-xai-inputs/D-C0/DenseNet121/seed_42/best_checkpoint.pt,E01_XAI_D_C0_DenseNet121,D,C0
E01_XAI_D_C0_DenseNet121,D-C0,DenseNet121,42,125,pneumonia,E-F051ECCC0E91B0C03A0B3894.jpeg,1,0.9998642232363344,0.5126953125,1,1,0.5807775503991456,0.5807775259017944,0.5049896240234375,1.1500781853137454,0.5811050814296136,0.5811050534248352,1.150726774937941,1,0,79,112,255,235,0.9964428265112756,0.9965798851632092,0.9959132539377832,0.9981649752047694,0.0020664276362523,0.0073594114773261,0.8797528832028079,0.6875796751095588,/kaggle/input/datasets/hintrngia/locked-densenet-xai-inputs/D-C0/DenseNet121/seed_42/best_checkpoint.pt,E01_XAI_D_C0_DenseNet121,D,C0
E01_XAI_D_C0_DenseNet121,D-C0,DenseNet121,42,126,pneumonia,E-FA7B18636100FBD243EBAF3A.jpeg,1,0.9986164919657058,0.5126953125,1,1,0.263669946868427,0.2636699378490448,0.2697601318359375,0.9774237025832476,0.2242673428392146,0.2242673486471176,0.8313583675723044,0,0,208,0,251,6,0.9823330865081766,0.9909894162053468,0.9857542736293744,0.9925079863154328,0.000417113083104,0.0025678953447481,-0.1778134761582697,0.300380070438235,/kaggle/input/datasets/hintrngia/locked-densenet-xai-inputs/D-C0/DenseNet121/seed_42/best_checkpoint.pt,E01_XAI_D_C0_DenseNet121,D,C0
E01_XAI_D_C0_DenseNet121,D-C0,DenseNet121,42,127,pneumonia,E-FDAF56855798F8C5BE7AC652.jpeg,1,0.9999561668411432,0.5126953125,1,1,0.4401101189931009,0.4401101171970367,0.37738037109375,1.1662241936896272,0.4050794340748316,0.4050794243812561,1.0733982610192532,1,0,144,111,17,4,0.994566417675204,0.998862445174362,0.997533590062612,0.9989633141469298,0.0008668234197568,0.0013997849544488,0.0,0.0,/kaggle/input/datasets/hintrngia/locked-densenet-xai-inputs/D-C0/DenseNet121/seed_42/best_checkpoint.pt,E01_XAI_D_C0_DenseNet121,D,C0
E01_XAI_D_C0_DenseNet121,D-C0,DenseNet121,2024,0,normal,E-03B36F677CCFA6787A3BC686.jpeg,0,0.7674221675774076,0.57861328125,1,0,0.3577921774030506,0.3577921688556671,0.3590850830078125,0.996399444961812,0.3169715063927801,0.3169715106487274,0.8827197825588425,1,0,208,207,5,127,0.7003753076612562,0.895927880434002,0.8555407759607445,0.9225118304853736,0.0029818983420726,0.0010271031556225,0.3346153124337835,0.8902252763584905,/kaggle/input/datasets/hintrngia/locked-densenet-xai-inputs/D-C0/DenseNet121/seed_2024/best_checkpoint.pt,E01_XAI_D_C0_DenseNet121,D,C0
E01_XAI_D_C0_DenseNet121,D-C0,DenseNet121,2024,1,normal,E-06530ECE35CCF9FF05F7DDEB.jpeg,0,0.0709979141616027,0.57861328125,0,1,0.3626409868657584,0.3626409769058227,0.2779541015625,1.3046793870901596,0.4061032593717268,0.406103253364563,1.4610443130317023,0,0,80,0,75,27,0.4047571992605895,0.7216312067346946,0.3859062591417938,0.8581857537739429,0.0014028482791127,0.0044161379954467,0.3790589919379964,0.5717758023022692,/kaggle/input/datasets/hintrngia/locked-densenet-xai-inputs/D-C0/DenseNet121/seed_2024/best_checkpoint.pt,E01_XAI_D_C0_DenseNet121,D,C0
E01_XAI_D_C0_DenseNet121,D-C0,DenseNet121,2024,2,normal,E-10FEC5D206E4A3A02E4F32C9.jpeg,0,0.3274484992743973,0.57861328125,0,1,0.3306550750318401,0.3306550681591034,0.2476806640625,1.3350056060427966,0.3796886964831038,0.3796887099742889,1.5329767380924526,1,1,175,79,163,79,0.3244444467762823,0.5643613231135922,0.2997211528839506,0.627926940149482,0.000274336083446,0.0045221082401894,-0.4001021551061707,-0.1322591436644388,/kaggle/input/datasets/hintrngia/locked-densenet-xai-inputs/D-C0/DenseNet121/seed_2024/best_checkpoint.pt,E01_XAI_D_C0_DenseNet121,D,C0
E01_XAI_D_C0_DenseNet121,D-C0,DenseNet121,2024,3,normal,E-16E04AC17A9CE052EFE7227B.jpeg,0,0.0966983167456508,0.57861328125,0,1,0.3980558018940163,0.3980557918548584,0.3753509521484375,1.0604896553894976,0.307163590822657,0.3071635961532593,0.8183370498050185,0,0,80,47,51,3,0.6025453526095021,0.8592006539229393,0.5728895957666841,0.8711741134588695,0.0005903489660739,0.0020609649123994,0.3068704364231284,0.3278004643829672,/kaggle/input/datasets/hintrngia/locked-densenet-xai-inputs/D-C0/DenseNet121/seed_2024/best_checkpoint.pt,E01_XAI_D_C0_DenseNet121,D,C0
E01_XAI_D_C0_DenseNet121,D-C0,DenseNet121,2024,4,normal,E-256958BC036CED77CAAB2A55.jpeg,0,0.135083038751764,0.57861328125,0,1,0.2827991691093256,0.2827991545200348,0.3496246337890625,0.808865113549023,0.2828807335852107,0.2828807234764099,0.8090984051080335,0,0,111,0,70,35,0.3624176392462034,0.7023311452749614,0.327123068761834,0.7912010467972528,0.0042231556244291,0.0016133914083358,0.2956195848387904,0.5905199113356003,/kaggle/input/datasets/hintrngia/locked-densenet-xai-inputs/D-C0/DenseNet121/seed_2024/best_checkpoint.pt,E01_XAI_D_C0_DenseNet121,D,C0
E01_XAI_D_C0_DenseNet121,D-C0,DenseNet121,2024,5,normal,E-280031A047E47DC7EA750C62.jpeg,0,0.0416361074240106,0.57861328125,0,1,0.5340885477372042,0.5340885519981384,0.3791046142578125,1.4088157401692658,0.5001885055631153,0.5001885294914246,1.3193944013115044,1,0,111,79,115,31,0.5043582764488223,0.8606738417539077,0.5761837409467767,0.920044879792359,0.0005973843222483,0.0008292211652582,-0.3796063813160328,-0.039564871031998,/kaggle/input/datasets/hintrngia/locked-densenet-xai-inputs/D-C0/DenseNet121/seed_2024/best_checkpoint.pt,E01_XAI_D_C0_DenseNet121,D,C0
E01_XAI_D_C0_DenseNet121,D-C0,DenseNet121,2024,6,normal,E-28020DB22FEE86C7B17E72DA.jpeg,0,0.2277836523993971,0.57861328125,0,1,0.2195694980168046,0.2195695042610168,0.3710174560546875,0.5918036858741234,0.1644617009169142,0.1644617021083831,0.4432721378281264,0,0,80,0,71,46,0.3391951948224934,0.4399967033699343,0.2392413586283694,0.5759518226397775,0.0038779647826817,0.0037645324404289,0.5608267379727679,0.8011500600395749,/kaggle/input/datasets/hintrngia/locked-densenet-xai-inputs/D-C0/DenseNet121/seed_2024/best_checkpoint.pt,E01_XAI_D_C0_DenseNet121,D,C0
E01_XAI_D_C0_DenseNet121,D-C0,DenseNet121,2024,7,normal,E-28234EA54B2F1B13D8D5995E.jpeg,0,0.3410467037922827,0.57861328125,0,1,0.2769718532949004,0.2769718468189239,0.3462677001953125,0.7998778203646321,0.213393282182074,0.213393285870552,0.616266784518768,1,0,47,79,26,54,0.2484654516526028,0.5447307681296881,0.2645728527257986,0.5710400860227207,0.0031829213858312,0.0029306905882426,0.3750280182668113,0.8382345230709629,/kaggle/input/datasets/hintrngia/locked-densenet-xai-inputs/D-C0/DenseNet121/seed_2024/best_checkpoint.pt,E01_XAI_D_C0_DenseNet121,D,C0
E01_XAI_D_C0_DenseNet121,D-C0,DenseNet121,2024,8,normal,E-28CAAFCB1AFEEA2D46764B17.jpeg,0,0.902934118789392,0.57861328125,1,0,0.3322144872069983,0.3322144746780395,0.38934326171875,0.8532688757484654,0.2530478004712969,0.2530477941036224,0.6499349683213244,0,0,0,111,7,78,0.6913359668845918,0.9576591744683656,0.5483791085402545,0.9568301938936724,0.0023478418854464,0.0026532705218063,-0.1222287612913586,0.1598487566770197,/kaggle/input/datasets/hintrngia/locked-densenet-xai-inputs/D-C0/DenseNet121/seed_2024/best_checkpoint.pt,E01_XAI_D_C0_DenseNet121,D,C0
E01_XAI_D_C0_DenseNet121,D-C0,DenseNet121,2024,9,normal,E-29AE82E82E5A6A48DC6D8B99.jpeg,0,0.1913984022939646,0.57861328125,0,1,0.3130388931349041,0.3130388855934143,0.3269195556640625,0.957541045530412,0.3071612407486879,0.3071612417697906,0.9395621504646914,0,0,111,47,84,35,0.4163730704886348,0.7873081421250685,0.344030484580722,0.8415222974001191,3.972913098171382e-06,0.0003367271375713,-0.3868789423198179,-0.0812798487248426,/kaggle/input/datasets/hintrngia/locked-densenet-xai-inputs/D-C0/DenseNet121/seed_2024/best_checkpoint.pt,E01_XAI_D_C0_DenseNet121,D,C0
E01_XAI_D_C0_DenseNet121,D-C0,DenseNet121,2024,10,normal,E-2B646E91E652E02CC65E6BA0.jpeg,0,0.0025723699944431,0.57861328125,0,1,0.3707173142955354,0.370717316865921,0.2742767333984375,1.351617797478287,0.3944767742620715,0.3944767713546753,1.4382436649813142,0,0,143,79,131,39,0.7325375780757619,0.9207830566044866,0.6671798198322048,0.9622508930040846,0.0005281161427334,0.0027998411154779,0.7275232561832288,0.8838689569360233,/kaggle/input/datasets/hintrngia/locked-densenet-xai-inputs/D-C0/DenseNet121/seed_2024/best_checkpoint.pt,E01_XAI_D_C0_DenseNet121,D,C0
E01_XAI_D_C0_DenseNet121,D-C0,DenseNet121,2024,11,normal,E-2F227E134B6699426A9E9AB9.jpeg,0,0.2981621277208409,0.57861328125,0,1,0.2008663862968101,0.2008663862943649,0.3509368896484375,0.5723718201812144,0.1509455213442188,0.1509455144405365,0.4301215568857223,0,0,47,79,15,59,0.3283305910535948,0.4879766791753307,0.250309932725439,0.5135424500640973,0.0043061708285075,0.0049923753671485,-0.1913668137089053,0.2857222766183948,/kaggle/input/datasets/hintrngia/locked-densenet-xai-inputs/D-C0/DenseNet121/seed_2024/best_checkpoint.pt,E01_XAI_D_C0_DenseNet121,D,C0
E01_XAI_D_C0_DenseNet121,D-C0,DenseNet121,2024,12,normal,E-2F5E9CF0C3839769BD6D37AD.jpeg,0,0.6057827600579446,0.57861328125,1,0,0.4360822403435025,0.4360822439193725,0.3790740966796875,1.150387863911435,0.4667876007927432,0.4667876064777374,1.231388809948606,0,1,0,207,57,211,0.4858882707191209,0.6791473718891003,0.4722133177073255,0.7210805190067631,0.000290982389291,0.0148044516010275,-0.2899971892390828,-0.1125988070125935,/kaggle/input/datasets/hintrngia/locked-densenet-xai-inputs/D-C0/DenseNet121/seed_2024/best_checkpoint.pt,E01_XAI_D_C0_DenseNet121,D,C0
E01_XAI_D_C0_DenseNet121,D-C0,DenseNet121,2024,13,normal,E-306538194ADB5E9E447B7A10.jpeg,0,0.0184150282187586,0.57861328125,0,1,0.3999607487200099,0.3999607563018799,0.2563934326171875,1.559949272636706,0.4961243671940172,0.4961243569850921,1.935011993597995,1,1,144,175,146,174,0.5373615878968181,0.859811233328766,0.5208066638739164,0.9571496064209684,0.0040183005731619,0.0067882651164158,0.0154585773986818,0.2655456460989786,/kaggle/input/datasets/hintrngia/locked-densenet-xai-inputs/D-C0/DenseNet121/seed_2024/best_checkpoint.pt,E01_XAI_D_C0_DenseNet121,D,C0
E01_XAI_D_C0_DenseNet121,D-C0,DenseNet121,2024,14,normal,E-36FB7A78C2BFA1A3824C3EFA.jpeg,0,0.2325423015308332,0.57861328125,0,1,0.2750217671039067,0.2750217616558075,0.3275299072265625,0.8396844411330833,0.2613921834125919,0.2613921761512756,0.7980711918065514,0,0,47,79,23,31,0.2310216883832967,0.6054222473562508,0.2668432887243858,0.6502990109288269,0.0066979842840713,0.012297183223006,0.1193370818168517,0.6963890847538233,/kaggle/input/datasets/hintrngia/locked-densenet-xai-inputs/D-C0/DenseNet121/seed_2024/best_checkpoint.pt,E01_XAI_D_C0_DenseNet121,D,C0
E01_XAI_D_C0_DenseNet121,D-C0,DenseNet121,2024,15,normal,E-3B865A0E9283DC8B3D382B5F.jpeg,0,0.9724401026292264,0.57861328125,1,0,0.2900928383218555,0.2900928258895874,0.360931396484375,0.8037340091426872,0.0763275764034478,0.0763275772333145,0.2114739176112438,0,0,240,240,243,248,0.8598659883996413,0.9771701872341672,0.93363664132593,0.9708853762440792,0.002567462963731,0.0015515563700263,0.5194789952766914,0.236934406876238,/kaggle/input/datasets/hintrngia/locked-densenet-xai-inputs/D-C0/DenseNet121/seed_2024/best_checkpoint.pt,E01_XAI_D_C0_DenseNet121,D,C0
E01_XAI_D_C0_DenseNet121,D-C0,DenseNet121,2024,16,normal,E-3D66EC3C4F2D4073FE577EEA.jpeg,0,0.1181720340310407,0.57861328125,0,1,0.2285438958909558,0.2285438925027847,0.2598114013671875,0.8796530663716262,0.1956197769414973,0.1956197768449783,0.7529299172865432,0,0,112,0,75,6,0.3876157913771317,0.7452310761913009,0.3216446225540789,0.8072133874697718,0.0008511682025666,0.000353930399559,0.8374736051142684,0.9454582642206224,/kaggle/input/datasets/hintrngia/locked-densenet-xai-inputs/D-C0/DenseNet121/seed_2024/best_checkpoint.pt,E01_XAI_D_C0_DenseNet121,D,C0
E01_XAI_D_C0_DenseNet121,D-C0,DenseNet121,2024,17,normal,E-40D9418B91304B06987F2A6E.jpeg,0,0.6326343359125418,0.57861328125,1,0,0.4743415102715889,0.4743415117263794,0.3151092529296875,1.5053239657720618,0.5000504549227662,0.50005042552948,1.5869113657362068,1,0,111,112,31,63,0.7886174438715203,0.8788260682622293,0.8757596987101408,0.851986952339115,0.0038972617836051,0.019003489933588,-0.1021551972628647,0.3557648853965429,/kaggle/input/datasets/hintrngia/locked-densenet-xai-inputs/D-C0/DenseNet121/seed_2024/best_checkpoint.pt,E01_XAI_D_C0_DenseNet121,D,C0
E01_XAI_D_C0_DenseNet121,D-C0,DenseNet121,2024,18,normal,E-44BF14DBF8A5FE52BF53ED2E.jpeg,0,0.3600605305452033,0.57861328125,0,1,0.3006885004698396,0.3006885051727295,0.32672119140625,0.9203213883239028,0.4534650299171616,0.4534650444984436,1.3879265925953252,1,1,111,176,93,176,0.1676958190043216,0.4057656850704573,0.1624451896907501,0.4712658525720964,0.0001336724443367,0.002494212004401,-0.3555347764918067,-0.0548351462213363,/kaggle/input/datasets/hintrngia/locked-densenet-xai-inputs/D-C0/DenseNet121/seed_2024/best_checkpoint.pt,E01_XAI_D_C0_DenseNet121,D,C0
E01_XAI_D_C0_DenseNet121,D-C0,DenseNet121,2024,19,normal,E-47080ACF9F207EB21662EAAE.jpeg,0,0.9668044328185192,0.57861328125,1,0,0.442966015454832,0.4429660141468048,0.3899383544921875,1.135989856734411,0.3190177422975233,0.3190177381038666,0.8181235280458026,1,0,175,47,169,3,0.9270435567727372,0.9819712426145328,0.931211294701782,0.9799610843750513,0.0001598327584418,0.0037753014522667,0.0434423798188594,0.0017343740612643,/kaggle/input/datasets/hintrngia/locked-densenet-xai-inputs/D-C0/DenseNet121/seed_2024/best_checkpoint.pt,E01_XAI_D_C0_DenseNet121,D,C0
E01_XAI_D_C0_DenseNet121,D-C0,DenseNet121,2024,20,normal,E-4F18C9F59223CD9D0CA81789.jpeg,0,0.9119488904845768,0.57861328125,1,0,0.4675000273672101,0.4675000309944153,0.305145263671875,1.5320572954064149,0.3567984000284018,0.3567984104156494,1.1692739246055277,1,0,79,48,79,15,0.8792784096264079,0.924426795910586,0.9247945796651152,0.9399224736100584,0.0029047644299557,0.0021395911043917,-0.485500979144676,-0.1406425204181454,/kaggle/input/datasets/hintrngia/locked-densenet-xai-inputs/D-C0/DenseNet121/seed_2024/best_checkpoint.pt,E01_XAI_D_C0_DenseNet121,D,C0
E01_XAI_D_C0_DenseNet121,D-C0,DenseNet121,2024,21,normal,E-57BEC1C15CFD6C2BBAF49905.jpeg,0,0.1105302315904657,0.57861328125,0,1,0.3574943516272036,0.3574943542480469,0.3210601806640625,1.1134808149917028,0.2910458415498974,0.2910458445549011,0.9065149124002696,0,0,143,48,87,33,0.4542501996802491,0.7010574835304968,0.2572788322850062,0.810969021252806,0.0001083277290356,0.0011181390891745,0.3945540394769321,0.3509957618826629,/kaggle/input/datasets/hintrngia/locked-densenet-xai-inputs/D-C0/DenseNet121/seed_2024/best_checkpoint.pt,E01_XAI_D_C0_DenseNet121,D,C0
E01_XAI_D_C0_DenseNet121,D-C0,DenseNet121,2024,22,normal,E-5822F4C00AF6A5D69871506D.jpeg,0,0.2207294189726267,0.57861328125,0,1,0.4917521513786857,0.4917521476745605,0.414520263671875,1.1863163142440385,0.5193305115933213,0.5193305015563965,1.2528471032827766,0,1,48,48,108,173,0.3360785701691675,0.5985408813276762,0.3218145662933644,0.6796779023436137,0.0043902448451513,0.0013870925949939,0.2613811909848504,0.4923690602708191,/kaggle/input/datasets/hintrngia/locked-densenet-xai-inputs/D-C0/DenseNet121/seed_2024/best_checkpoint.pt,E01_XAI_D_C0_DenseNet121,D,C0
E01_XAI_D_C0_DenseNet121,D-C0,DenseNet121,2024,23,normal,E-592EC4B388705AD74965EF2F.jpeg,0,0.1925514378121762,0.57861328125,0,1,0.204492785862263,0.2044927924871444,0.3038330078125,0.6730433514598871,0.1626866815409615,0.162686675786972,0.5354476879001836,0,0,111,47,78,49,0.429269103957278,0.5577503294021978,0.3217004212317463,0.5686366280911874,0.0014284876208402,0.000871784311862,-0.0021851105607936,0.0906216657639337,/kaggle/input/datasets/hintrngia/locked-densenet-xai-inputs/D-C0/DenseNet121/seed_2024/best_checkpoint.pt,E01_XAI_D_C0_DenseNet121,D,C0
E01_XAI_D_C0_DenseNet121,D-C0,DenseNet121,2024,24,normal,E-5EB53A5E9ABA53D43AB743A8.jpeg,0,0.1167164193584712,0.57861328125,0,1,0.2477574475496971,0.2477574497461319,0.2571563720703125,0.9634505478322524,0.2500149372121557,0.2500149309635162,0.9722292129078406,0,0,111,0,71,8,0.3936959477551675,0.761632536953325,0.3287807573084643,0.7873260214215982,3.7383315116823464e-06,0.0005757956138135,0.8426013492526456,0.8936669404852271,/kaggle/input/datasets/hintrngia/locked-densenet-xai-inputs/D-C0/DenseNet121/seed_2024/best_checkpoint.pt,E01_XAI_D_C0_DenseNet121,D,C0
E01_XAI_D_C0_DenseNet121,D-C0,DenseNet121,2024,25,normal,E-5FBF0EE47B9EC5825E465989.jpeg,0,0.086440135719288,0.57861328125,0,1,0.3700823375382368,0.3700823485851288,0.329376220703125,1.1235854754426893,0.4789090920055898,0.4789091050624847,1.4539880595607493,1,1,176,176,202,185,0.4026220920554606,0.7144522492686449,0.3782506631908117,0.8041371857258193,0.0033022624514173,0.003655839146042,-0.1336774284898433,0.1169014179907349,/kaggle/input/datasets/hintrngia/locked-densenet-xai-inputs/D-C0/DenseNet121/seed_2024/best_checkpoint.pt,E01_XAI_D_C0_DenseNet121,D,C0
E01_XAI_D_C0_DenseNet121,D-C0,DenseNet121,2024,26,normal,E-67976418F9EE68ADAB32C212.jpeg,0,0.0453828660888007,0.57861328125,0,1,0.2737590270115514,0.2737590372562408,0.26171875,1.046004640521749,0.2316504264893924,0.2316504269838333,0.885112077332604,0,0,143,47,167,34,0.5719030694496494,0.8467602997324115,0.4155444097557323,0.8908117786689094,0.0007946251277753,0.0001825079185416,0.2888496854062592,0.701160212866497,/kaggle/input/datasets/hintrngia/locked-densenet-xai-inputs/D-C0/DenseNet121/seed_2024/best_checkpoint.pt,E01_XAI_D_C0_DenseNet121,D,C0
E01_XAI_D_C0_DenseNet121,D-C0,DenseNet121,2024,27,normal,E-74019A53B16F834307F73E46.jpeg,0,0.5242306403449665,0.57861328125,0,1,0.4821753303893983,0.4821753203868866,0.372467041015625,1.2945449591314877,0.550559109942935,0.5505591034889221,1.4781418201237275,0,1,144,208,182,195,0.1692456328425255,0.4344705778883093,0.1195222215273443,0.4540772370113709,0.0020277286607096,0.0043546776871091,0.2717514842025052,0.37698871579265,/kaggle/input/datasets/hintrngia/locked-densenet-xai-inputs/D-C0/DenseNet121/seed_2024/best_checkpoint.pt,E01_XAI_D_C0_DenseNet121,D,C0
E01_XAI_D_C0_DenseNet121,D-C0,DenseNet121,2024,28,normal,E-778E5DF620CB9DE6A84B008B.jpeg,0,0.986648665327144,0.57861328125,1,0,0.4332600353975909,0.4332600235939026,0.3386688232421875,1.2793029817443802,0.4896069196697966,0.4896069169044494,1.4456805175706149,1,1,207,208,220,205,0.883252455989069,0.9945350784599614,0.927172591150321,0.9934369879862804,0.001129252710799,0.0104289715558163,-0.3650981573161582,0.3710091885373775,/kaggle/input/datasets/hintrngia/locked-densenet-xai-inputs/D-C0/DenseNet121/seed_2024/best_checkpoint.pt,E01_XAI_D_C0_DenseNet121,D,C0
E01_XAI_D_C0_DenseNet121,D-C0,DenseNet121,2024,29,normal,E-77C42172A076E16EE5474210.jpeg,0,0.3656184280705666,0.57861328125,0,1,0.4109355738649226,0.4109355807304382,0.39276123046875,1.0462732621915916,0.475466577765978,0.4754665791988373,1.2105741119064155,1,1,112,176,102,191,0.1824367187403905,0.6180231428871414,0.1208044203893948,0.711002736758425,0.0045905918565493,0.010053938626586,-0.4446472742655556,-0.087088468901283,/kaggle/input/datasets/hintrngia/locked-densenet-xai-inputs/D-C0/DenseNet121/seed_2024/best_checkpoint.pt,E01_XAI_D_C0_DenseNet121,D,C0
E01_XAI_D_C0_DenseNet121,D-C0,DenseNet121,2024,30,normal,E-7B1FB0C84C51C5CD8EDBCCFD.jpeg,0,0.9997846203840242,0.57861328125,1,0,0.3988353217406373,0.3988353312015533,0.388427734375,1.0267941406974548,0.3628849466760618,0.3628849387168884,0.9342405666782836,0,0,208,240,244,250,0.9924868173301158,0.9993585341139596,0.998069649583068,0.999602086410612,0.0009973576541076,0.0044811552101513,0.513263098744916,0.4509171734956413,/kaggle/input/datasets/hintrngia/locked-densenet-xai-inputs/D-C0/DenseNet121/seed_2024/best_checkpoint.pt,E01_XAI_D_C0_DenseNet121,D,C0
E01_XAI_D_C0_DenseNet121,D-C0,DenseNet121,2024,31,normal,E-7B7A8A9BEAA512F9DC3E0865.jpeg,0,0.1660939555599392,0.57861328125,0,1,0.5204585845415184,0.5204585790634155,0.356475830078125,1.4600108636466462,0.5010292591362726,0.5010292530059814,1.4055069568853165,0,1,143,48,108,60,0.2223619982038148,0.7077063648030562,0.2071290240714131,0.7902468511810447,0.001619827934861,0.00422500755536,-0.1091599477819024,0.2362151863987664,/kaggle/input/datasets/hintrngia/locked-densenet-xai-inputs/D-C0/DenseNet121/seed_2024/best_checkpoint.pt,E01_XAI_D_C0_DenseNet121,D,C0
E01_XAI_D_C0_DenseNet121,D-C0,DenseNet121,2024,32,normal,E-82FCB2C3D1996A8155B45525.jpeg,0,0.0355100777734826,0.57861328125,0,1,0.3839900805562561,0.383990079164505,0.2450714111328125,1.5668497552664715,0.3875552202180122,0.3875552117824554,1.581397105548076,1,0,80,79,43,70,0.3002823282506255,0.8770530421949366,0.2120205165907267,0.8899479300610916,0.0025410921683454,0.0057172225791958,0.2981129728116309,0.730431045966174,/kaggle/input/datasets/hintrngia/locked-densenet-xai-inputs/D-C0/DenseNet121/seed_2024/best_checkpoint.pt,E01_XAI_D_C0_DenseNet121,D,C0
E01_XAI_D_C0_DenseNet121,D-C0,DenseNet121,2024,33,normal,E-843CBB869621D4078F498542.jpeg,0,0.7162858406208409,0.57861328125,1,0,0.3451800375712412,0.3451800346374511,0.3597412109375,0.9595231991121846,0.2607792096056303,0.2607792019844055,0.724907799487385,0,0,240,207,162,10,0.616020162884526,0.9360332499054416,0.6606743275030834,0.9309694262992848,0.0022272083133086,0.0020421143102445,-0.4860100396801047,-0.0623065057725416,/kaggle/input/datasets/hintrngia/locked-densenet-xai-inputs/D-C0/DenseNet121/seed_2024/best_checkpoint.pt,E01_XAI_D_C0_DenseNet121,D,C0
E01_XAI_D_C0_DenseNet121,D-C0,DenseNet121,2024,34,normal,E-845A5BC2008587BFFF60937F.jpeg,0,0.6145408684563675,0.57861328125,1,0,0.333511744890387,0.3335117399692535,0.3625030517578125,0.9200246543392012,0.2958778839411465,0.2958778738975525,0.8162079808884531,0,0,79,207,27,5,0.6161794252758978,0.808594181467497,0.6764823644199016,0.804848092307901,0.0045716830863841,0.001545461556939,0.3557376282294006,0.8726236154110398,/kaggle/input/datasets/hintrngia/locked-densenet-xai-inputs/D-C0/DenseNet121/seed_2024/best_checkpoint.pt,E01_XAI_D_C0_DenseNet121,D,C0
E01_XAI_D_C0_DenseNet121,D-C0,DenseNet121,2024,35,normal,E-8BB569A271B438E1FF7419AA.jpeg,0,0.4372769505737934,0.57861328125,0,1,0.1944473028850915,0.1944473087787628,0.3291015625,0.5908428431879338,0.1506938839281278,0.150693878531456,0.4578947689685545,0,0,144,0,189,1,0.2421890731076308,0.4106046548500718,0.1419998722045808,0.4453549842196951,0.0042715779875112,0.0017123395561535,-0.3430475127832246,-0.076248354747499,/kaggle/input/datasets/hintrngia/locked-densenet-xai-inputs/D-C0/DenseNet121/seed_2024/best_checkpoint.pt,E01_XAI_D_C0_DenseNet121,D,C0
E01_XAI_D_C0_DenseNet121,D-C0,DenseNet121,2024,36,normal,E-8E65534102472D38A215B619.jpeg,0,0.4406134385857696,0.57861328125,0,1,0.4854639211790793,0.4854639172554016,0.4018096923828125,1.208193655808003,0.4488495092693566,0.4488494992256164,1.1170698909914003,1,0,143,48,53,0,0.2303850791266551,0.5157955491627317,0.1880277685658341,0.612460492149681,0.0025121271976172,0.0037764601473562,0.4922701664797965,0.4856678513172366,/kaggle/input/datasets/hintrngia/locked-densenet-xai-inputs/D-C0/DenseNet121/seed_2024/best_checkpoint.pt,E01_XAI_D_C0_DenseNet121,D,C0
E01_XAI_D_C0_DenseNet121,D-C0,DenseNet121,2024,37,normal,E-91CCC5E035FBDB0CCBB30E2A.jpeg,0,0.2199190868296957,0.57861328125,0,1,0.5121963015359278,0.5121963024139404,0.4178619384765625,1.2257548591367011,0.5629904941674176,0.5629904866218567,1.347312215656596,1,1,144,48,91,175,0.3622809695187683,0.726214776902975,0.3809474821360272,0.7223177674940942,0.0053369554289035,0.0018184693245741,0.0374927338818178,0.1775072397099955,/kaggle/input/datasets/hintrngia/locked-densenet-xai-inputs/D-C0/DenseNet121/seed_2024/best_checkpoint.pt,E01_XAI_D_C0_DenseNet121,D,C0
E01_XAI_D_C0_DenseNet121,D-C0,DenseNet121,2024,38,normal,E-91CD2D4F539A3D56107014E7.jpeg,0,0.6365547700543512,0.57861328125,1,0,0.3988772637339383,0.3988772630691528,0.376434326171875,1.0596197955438744,0.3636692241003096,0.363669216632843,0.9660894313189254,1,0,208,208,7,249,0.6991587293710916,0.8184619666863118,0.74135653746298,0.8194870994444161,0.0012078782817028,0.0059464633027148,-0.4120394472694283,-0.0733471585093916,/kaggle/input/datasets/hintrngia/locked-densenet-xai-inputs/D-C0/DenseNet121/seed_2024/best_checkpoint.pt,E01_XAI_D_C0_DenseNet121,D,C0
E01_XAI_D_C0_DenseNet121,D-C0,DenseNet121,2024,39,normal,E-93DEE19500CF7BC746908FEA.jpeg,0,0.4268971208223016,0.57861328125,0,1,0.3770154073189846,0.3770154118537903,0.3555908203125,1.060250675165507,0.3448354826929882,0.344835489988327,0.9697536128461928,1,0,79,47,58,2,0.2216809656872628,0.4511851400876676,0.1902571202131973,0.5335529173636426,0.003882325798179,0.0061968502707144,0.1516481419939402,0.7626163991991466,/kaggle/input/datasets/hintrngia/locked-densenet-xai-inputs/D-C0/DenseNet121/seed_2024/best_checkpoint.pt,E01_XAI_D_C0_DenseNet121,D,C0
E01_XAI_D_C0_DenseNet121,D-C0,DenseNet121,2024,40,normal,E-9A48264C99FDAC90E29908DD.jpeg,0,0.9983124502150214,0.57861328125,1,0,0.2043574355022503,0.2043574303388595,0.3754425048828125,0.5443108674283875,0.0624980839464277,0.0624980852007865,0.1664651261740738,0,0,240,47,242,4,0.8401577896058064,0.9907190894396296,0.846656137967585,0.99077240472135,3.686542795153236e-05,0.0012846874541562,-0.3255111804995024,-0.0652310511536992,/kaggle/input/datasets/hintrngia/locked-densenet-xai-inputs/D-C0/DenseNet121/seed_2024/best_checkpoint.pt,E01_XAI_D_C0_DenseNet121,D,C0
E01_XAI_D_C0_DenseNet121,D-C0,DenseNet121,2024,41,normal,E-A5B76F5465A7745EBBAE1D8D.jpeg,0,0.6088872371195888,0.57861328125,1,0,0.23222940829618,0.2322294116020202,0.36846923828125,0.6302545346239216,0.177198486294367,0.1771984845399856,0.4809044226349029,1,0,111,47,81,9,0.5176800943541876,0.9238139766582808,0.5182083051784742,0.917463618747036,0.0012643693244425,0.0086376626827007,0.6644971086948701,0.935582152967385,/kaggle/input/datasets/hintrngia/locked-densenet-xai-inputs/D-C0/DenseNet121/seed_2024/best_checkpoint.pt,E01_XAI_D_C0_DenseNet121,D,C0
E01_XAI_D_C0_DenseNet121,D-C0,DenseNet121,2024,42,normal,E-A92185A886C303721C499620.jpeg,0,0.9021823294187856,0.57861328125,1,0,0.4415018624443672,0.4415018558502197,0.4248199462890625,1.039268203626093,0.4101082009479471,0.410108208656311,0.965369457179148,1,0,208,208,75,2,0.8180113370154131,0.8678720064392224,0.8723322204143035,0.8951249236264741,0.0011179328892479,0.0027892101954386,-0.3706472734541831,-0.0340739002584166,/kaggle/input/datasets/hintrngia/locked-densenet-xai-inputs/D-C0/DenseNet121/seed_2024/best_checkpoint.pt,E01_XAI_D_C0_DenseNet121,D,C0
E01_XAI_D_C0_DenseNet121,D-C0,DenseNet121,2024,43,normal,E-B1906A980682154F21AC8637.jpeg,0,0.1804118978670309,0.57861328125,0,1,0.3241081218871979,0.3241081237792969,0.37506103515625,0.8641476759967209,0.3058236560082172,0.3058236539363861,0.8153970349940817,0,0,207,240,74,29,0.6320547504142873,0.536197153526274,0.5537668565348419,0.6019271997196955,0.0030166038326545,0.0051227298582025,0.3873154050595584,0.4597557337193783,/kaggle/input/datasets/hintrngia/locked-densenet-xai-inputs/D-C0/DenseNet121/seed_2024/best_checkpoint.pt,E01_XAI_D_C0_DenseNet121,D,C0
E01_XAI_D_C0_DenseNet121,D-C0,DenseNet121,2024,44,normal,E-B701F1D8C0C0617522833A87.jpeg,0,0.0349680596817446,0.57861328125,0,1,0.2430806779077263,0.2430806756019592,0.2968597412109375,0.818840159720419,0.2481653467676678,0.2481653541326522,0.8359683457088606,1,1,111,47,88,42,0.6834408265462107,0.7419794219439855,0.4369219390069653,0.8192360291173928,0.0018760006860374,0.0006884139622972,-0.4204584024212646,-0.0603915588078736,/kaggle/input/datasets/hintrngia/locked-densenet-xai-inputs/D-C0/DenseNet121/seed_2024/best_checkpoint.pt,E01_XAI_D_C0_DenseNet121,D,C0
E01_XAI_D_C0_DenseNet121,D-C0,DenseNet121,2024,45,normal,E-B80945974BB38152A2ADE2AF.jpeg,0,0.0024954028468627,0.57861328125,0,1,0.4095855017416332,0.4095855057239532,0.287933349609375,1.4225010833142382,0.4722663363768632,0.4722663462162018,1.640193249644627,0,1,144,176,110,179,0.4916441529723406,0.9347775105971108,0.5107815870601775,0.9234336981777898,0.0006595509606537,0.0013179265008397,0.0724705415423422,0.1736705714472216,/kaggle/input/datasets/hintrngia/locked-densenet-xai-inputs/D-C0/DenseNet121/seed_2024/best_checkpoint.pt,E01_XAI_D_C0_DenseNet121,D,C0
E01_XAI_D_C0_DenseNet121,D-C0,DenseNet121,2024,46,normal,E-BB74E7A26CC5772AE8204932.jpeg,0,0.7145507530811535,0.57861328125,1,0,0.389007279890653,0.3890072703361511,0.396759033203125,0.9804623142417442,0.3562819732187799,0.356281965970993,0.8979807475142667,0,0,207,47,16,4,0.7006151683960541,0.8749484720552294,0.7580573199943378,0.829875584337438,0.0034133568594623,0.0040415402828017,0.3441068750002823,0.9181121311911646,/kaggle/input/datasets/hintrngia/locked-densenet-xai-inputs/D-C0/DenseNet121/seed_2024/best_checkpoint.pt,E01_XAI_D_C0_DenseNet121,D,C0
E01_XAI_D_C0_DenseNet121,D-C0,DenseNet121,2024,47,normal,E-BB96C349B18A4710DE07EC01.jpeg,0,0.205311297248906,0.57861328125,0,1,0.476872817037886,0.476872831583023,0.3329010009765625,1.4324763687672408,0.3884849997577718,0.3884850144386291,1.16696855406909,1,0,80,47,57,9,0.3473397674020228,0.6766541239025703,0.3457850909730924,0.7635810622651178,0.00033944786685,0.0014587266400019,-0.2731134705299357,-0.048193134924609,/kaggle/input/datasets/hintrngia/locked-densenet-xai-inputs/D-C0/DenseNet121/seed_2024/best_checkpoint.pt,E01_XAI_D_C0_DenseNet121,D,C0
E01_XAI_D_C0_DenseNet121,D-C0,DenseNet121,2024,48,normal,E-BCDF7BD5461E233F18CDF83C.jpeg,0,0.0448421538464808,0.57861328125,0,1,0.4507151168255955,0.4507151246070862,0.2940521240234375,1.532772865771482,0.4356489390239204,0.4356489479541778,1.4815364468824477,0,0,112,48,92,58,0.3967685958121474,0.8624931670140752,0.357893833873069,0.8942467140702308,0.0007445681061196,0.0034078949935612,0.9178739095322282,0.9094705541601352,/kaggle/input/datasets/hintrngia/locked-densenet-xai-inputs/D-C0/DenseNet121/seed_2024/best_checkpoint.pt,E01_XAI_D_C0_DenseNet121,D,C0
E01_XAI_D_C0_DenseNet121,D-C0,DenseNet121,2024,49,normal,E-BF6060CF2B5D86362B50F1EF.jpeg,0,0.0511945734932274,0.57861328125,0,1,0.4302134830027964,0.4302134811878204,0.3540191650390625,1.215226534290387,0.5262581318224612,0.526258111000061,1.486524413909608,0,1,144,207,177,188,0.3881798494542621,0.7320762677763955,0.2570566323769773,0.7638659847517526,0.0013988843196159,0.0001780798696858,0.6973815828718487,0.9373423014312382,/kaggle/input/datasets/hintrngia/locked-densenet-xai-inputs/D-C0/DenseNet121/seed_2024/best_checkpoint.pt,E01_XAI_D_C0_DenseNet121,D,C0
E01_XAI_D_C0_DenseNet121,D-C0,DenseNet121,2024,50,normal,E-C7B56CF9C42EB131FD94EA3C.jpeg,0,0.9963975764373552,0.57861328125,1,0,0.1738806825926309,0.1738806813955307,0.32830810546875,0.5296265297634627,0.0434942877952286,0.0434942878782749,0.1324800913249721,0,0,240,47,251,246,0.795118408172266,0.993793336306024,0.7476625327105729,0.9939121395146516,0.000193234936089,0.0013763696573395,-0.3236906018114578,-0.0407484913367831,/kaggle/input/datasets/hintrngia/locked-densenet-xai-inputs/D-C0/DenseNet121/seed_2024/best_checkpoint.pt,E01_XAI_D_C0_DenseNet121,D,C0
E01_XAI_D_C0_DenseNet121,D-C0,DenseNet121,2024,51,normal,E-D31B79C24E008C43E1511E9D.jpeg,0,0.0023345417108916,0.57861328125,0,1,0.4308280537505397,0.4308280646800995,0.29034423828125,1.4838526030373853,0.471180074913685,0.4711800813674927,1.6228325304573925,0,0,143,79,130,43,0.7608783064289109,0.9171214102302172,0.7751160083399989,0.9782784443498976,2.8493146364938493e-05,0.0004770406126324,0.0488631746106253,0.3438772139150686,/kaggle/input/datasets/hintrngia/locked-densenet-xai-inputs/D-C0/DenseNet121/seed_2024/best_checkpoint.pt,E01_XAI_D_C0_DenseNet121,D,C0
E01_XAI_D_C0_DenseNet121,D-C0,DenseNet121,2024,52,normal,E-E13640D767DD410F37B990A9.jpeg,0,0.0798494121132547,0.57861328125,0,1,0.4304069408674533,0.4304069280624389,0.3385162353515625,1.2714513985435845,0.5289655951722969,0.5289655923843384,1.5626003716570498,0,0,47,79,23,33,0.3858332709235412,0.747662836127942,0.2457019182700419,0.8652828333659468,0.0001702002807333,0.0007349658504294,0.741806867780267,0.8582353342080329,/kaggle/input/datasets/hintrngia/locked-densenet-xai-inputs/D-C0/DenseNet121/seed_2024/best_checkpoint.pt,E01_XAI_D_C0_DenseNet121,D,C0
E01_XAI_D_C0_DenseNet121,D-C0,DenseNet121,2024,53,normal,E-E2352C479C37BA410D3419C8.jpeg,0,0.5660586594583804,0.57861328125,0,1,0.7285456865720671,0.7285456657409668,0.460540771484375,1.5819352632425614,0.7683429887300416,0.7683429718017578,1.6683495497121466,1,1,208,111,61,169,0.1770619711734547,0.5754240813255049,0.13904444409299,0.6437305267883339,0.0015546336044931,0.0085281194531727,0.4359796589316697,0.5062733129971342,/kaggle/input/datasets/hintrngia/locked-densenet-xai-inputs/D-C0/DenseNet121/seed_2024/best_checkpoint.pt,E01_XAI_D_C0_DenseNet121,D,C0
E01_XAI_D_C0_DenseNet121,D-C0,DenseNet121,2024,54,normal,E-E249A212D4F7D1C6D4206FBF.jpeg,0,0.1967573897717515,0.57861328125,0,1,0.5657325951990495,0.5657325983047485,0.44427490234375,1.2733840966810313,0.5717120652727902,0.571712076663971,1.2868430385258132,0,1,143,207,143,203,0.3188546927303964,0.739163324922634,0.3690225341979399,0.7661953988318648,0.0013491952714841,0.0011731090842129,0.3618826500253203,0.5581935005812116,/kaggle/input/datasets/hintrngia/locked-densenet-xai-inputs/D-C0/DenseNet121/seed_2024/best_checkpoint.pt,E01_XAI_D_C0_DenseNet121,D,C0
E01_XAI_D_C0_DenseNet121,D-C0,DenseNet121,2024,55,normal,E-E2DD25AE8644A21D4C1655DA.jpeg,0,0.4384833736365728,0.57861328125,0,1,0.2895293336873993,0.2895293235778808,0.3409881591796875,0.8490891131936011,0.3641752127951617,0.3641752004623413,1.06799958588373,0,0,111,0,73,28,0.1899447703042892,0.4152922652450452,0.1301911633968408,0.5328299856491472,0.0006054142742134,0.0011738480655629,-0.196851569419912,0.3026597881895604,/kaggle/input/datasets/hintrngia/locked-densenet-xai-inputs/D-C0/DenseNet121/seed_2024/best_checkpoint.pt,E01_XAI_D_C0_DenseNet121,D,C0
E01_XAI_D_C0_DenseNet121,D-C0,DenseNet121,2024,56,normal,E-E35138A3EAFB63D43C970EAE.jpeg,0,0.430918124286953,0.57861328125,0,1,0.3616663816868007,0.3616663813591003,0.4013519287109375,0.9011203281080552,0.3323269501271571,0.3323269486427307,0.8280188192804382,1,0,79,47,43,3,0.1950513662341324,0.3973048624558938,0.1852531379710248,0.4084422846862466,0.0009489249610621,0.0059264932150226,0.7490149992717875,0.8984569936169338,/kaggle/input/datasets/hintrngia/locked-densenet-xai-inputs/D-C0/DenseNet121/seed_2024/best_checkpoint.pt,E01_XAI_D_C0_DenseNet121,D,C0
E01_XAI_D_C0_DenseNet121,D-C0,DenseNet121,2024,57,normal,E-EACE2F51FB2EF2E191B9BC55.jpeg,0,0.7558416701603319,0.57861328125,1,0,0.4057080368167619,0.4057080447673797,0.4419708251953125,0.91795207667265,0.3682501598165967,0.368250161409378,0.8332001544533223,1,0,208,208,231,246,0.6109241629626058,0.940737376674476,0.6520140033353532,0.9386240085402506,0.0033770352680806,0.0047958911706085,0.6372801123413964,0.7966380345617354,/kaggle/input/datasets/hintrngia/locked-densenet-xai-inputs/D-C0/DenseNet121/seed_2024/best_checkpoint.pt,E01_XAI_D_C0_DenseNet121,D,C0
E01_XAI_D_C0_DenseNet121,D-C0,DenseNet121,2024,58,normal,E-ED70ACD6E494856AB99B813B.jpeg,0,0.9977255397710852,0.57861328125,1,0,0.2127287358875038,0.21272873878479,0.3370513916015625,0.6311462915986894,0.0844623477747408,0.0844623446464538,0.2505918974949258,0,0,240,47,244,250,0.928579618714128,0.9974239697545216,0.9521855332294044,0.996669766312398,0.0017830564332434,0.0003559445858654,0.9245470321912624,0.9937370306622494,/kaggle/input/datasets/hintrngia/locked-densenet-xai-inputs/D-C0/DenseNet121/seed_2024/best_checkpoint.pt,E01_XAI_D_C0_DenseNet121,D,C0
E01_XAI_D_C0_DenseNet121,D-C0,DenseNet121,2024,59,normal,E-EE1CB872F9ABCF62B8C9A410.jpeg,0,0.076026075592797,0.57861328125,0,1,0.4098357850924485,0.4098357856273651,0.260040283203125,1.5760472956119411,0.4924428586456141,0.4924428462982178,1.893717590904763,0,1,80,47,80,54,0.3320437550914961,0.8033429832347116,0.3253251028741155,0.8544324049659375,0.0009533193619162,0.0026743839171218,-0.5150287114515126,0.1543103361907137,/kaggle/input/datasets/hintrngia/locked-densenet-xai-inputs/D-C0/DenseNet121/seed_2024/best_checkpoint.pt,E01_XAI_D_C0_DenseNet121,D,C0
E01_XAI_D_C0_DenseNet121,D-C0,DenseNet121,2024,60,normal,E-EFAD2710B0F9E9CA19CFEDAD.jpeg,0,0.8455239356593984,0.57861328125,1,0,0.4443513701041677,0.4443513751029968,0.36236572265625,1.2262511112997616,0.516174174452952,0.5161741971969604,1.4244564046213857,0,1,0,207,37,163,0.8173173130622938,0.943475529551158,0.943154376801476,0.9374118497419656,0.0015687346576721,0.0069378593338726,0.6801631529100448,0.6022560752177979,/kaggle/input/datasets/hintrngia/locked-densenet-xai-inputs/D-C0/DenseNet121/seed_2024/best_checkpoint.pt,E01_XAI_D_C0_DenseNet121,D,C0
E01_XAI_D_C0_DenseNet121,D-C0,DenseNet121,2024,61,normal,E-F32C5A7DA665488BF8EB2294.jpeg,0,0.6558880027599094,0.57861328125,1,0,0.3996099088963982,0.3996099233627319,0.3988037109375,1.0020215407650122,0.3114731834328001,0.3114731907844543,0.7810187691097334,0,0,240,208,234,250,0.6402408469303751,0.8646673226603068,0.7456848314149981,0.8422172549153668,0.0002669951201682,0.0029322613316852,-0.0449014011828923,0.3685227007794199,/kaggle/input/datasets/hintrngia/locked-densenet-xai-inputs/D-C0/DenseNet121/seed_2024/best_checkpoint.pt,E01_XAI_D_C0_DenseNet121,D,C0
E01_XAI_D_C0_DenseNet121,D-C0,DenseNet121,2024,62,normal,E-F57AB9616B464FB4687D409D.jpeg,0,0.1908047028968191,0.57861328125,0,1,0.4485856721912899,0.4485856592655182,0.43695068359375,1.0266276928596303,0.4066414895658835,0.4066414833068847,0.9306347485748616,0,0,47,47,26,6,0.2563922721129418,0.5909009382585946,0.3000195970450736,0.692294887063419,0.0006064511451381,0.0028090915109066,0.229156220426541,0.8766501833464206,/kaggle/input/datasets/hintrngia/locked-densenet-xai-inputs/D-C0/DenseNet121/seed_2024/best_checkpoint.pt,E01_XAI_D_C0_DenseNet121,D,C0
E01_XAI_D_C0_DenseNet121,D-C0,DenseNet121,2024,63,normal,E-F803B5977A560D3CAEE3206F.jpeg,0,0.2493616385153284,0.57861328125,0,1,0.5553024385174443,0.5553024411201477,0.3428192138671875,1.619811305945575,0.648932422398263,0.6489323973655701,1.8929289729065992,1,1,112,175,106,180,0.301768053258557,0.6709334719558346,0.2691707180821624,0.7374422562510647,0.0008994245939049,0.0018799577352757,0.0427692883211579,0.27729104627142,/kaggle/input/datasets/hintrngia/locked-densenet-xai-inputs/D-C0/DenseNet121/seed_2024/best_checkpoint.pt,E01_XAI_D_C0_DenseNet121,D,C0
E01_XAI_D_C0_DenseNet121,D-C0,DenseNet121,2024,64,pneumonia,E-018B83433C4DD934AA5C8B2B.jpeg,1,0.9986007675528468,0.57861328125,1,1,0.3991255381917211,0.3991255462169647,0.3726043701171875,1.0711778234543852,0.2712849592866999,0.2712849676609039,0.7280777710722457,0,0,240,47,251,11,0.990163475784043,0.9993909886677244,0.9999081549915524,0.9996565960351343,0.0018407075782566,0.0076393633961159,0.1358965626733535,0.0737329235445503,/kaggle/input/datasets/hintrngia/locked-densenet-xai-inputs/D-C0/DenseNet121/seed_2024/best_checkpoint.pt,E01_XAI_D_C0_DenseNet121,D,C0
E01_XAI_D_C0_DenseNet121,D-C0,DenseNet121,2024,65,pneumonia,E-01E4EA18817F6CBD784D8ACE.jpeg,1,0.9983973839398128,0.57861328125,1,1,0.446919920268308,0.4469199180603027,0.355072021484375,1.2586739963345008,0.4671582201191714,0.4671582281589508,1.3156717281362276,0,0,48,48,5,125,0.9843544786891,0.9938114861871784,0.997260637555864,0.9984374684072632,0.000353579492726,0.0113236039946597,0.344882205480964,0.5780516094794281,/kaggle/input/datasets/hintrngia/locked-densenet-xai-inputs/D-C0/DenseNet121/seed_2024/best_checkpoint.pt,E01_XAI_D_C0_DenseNet121,D,C0
E01_XAI_D_C0_DenseNet121,D-C0,DenseNet121,2024,66,pneumonia,E-0981A556ADE7F427711A3360.jpeg,1,0.993940482258228,0.57861328125,1,1,0.3691568591221906,0.3691568672657013,0.315826416015625,1.1688599825795674,0.3371177254470024,0.3371177315711975,1.0674145934338948,0,0,0,47,11,2,0.9628735732970986,0.9960936512354353,0.9823552103944084,0.998436824144171,0.0011480215316145,0.0047246809436131,0.0115113139903257,0.9605831954752464,/kaggle/input/datasets/hintrngia/locked-densenet-xai-inputs/D-C0/DenseNet121/seed_2024/best_checkpoint.pt,E01_XAI_D_C0_DenseNet121,D,C0
E01_XAI_D_C0_DenseNet121,D-C0,DenseNet121,2024,67,pneumonia,E-0B7E667233F7AB135F8A84DD.jpeg,1,0.9997889103476224,0.57861328125,1,1,0.5149059020972333,0.5149059295654297,0.3825225830078125,1.346079747889596,0.6028817824528828,0.6028817892074585,1.576068470813839,1,0,144,143,19,5,0.9990041153769144,0.999379402543886,0.9999357196061904,0.9998287041755174,0.0039765145448263,0.0116660660255085,0.3648044261764046,0.0763671321187819,/kaggle/input/datasets/hintrngia/locked-densenet-xai-inputs/D-C0/DenseNet121/seed_2024/best_checkpoint.pt,E01_XAI_D_C0_DenseNet121,D,C0
E01_XAI_D_C0_DenseNet121,D-C0,DenseNet121,2024,68,pneumonia,E-122745006C7E29B76E58625B.jpeg,1,0.998878429894325,0.57861328125,1,1,0.4122500954610897,0.4122501015663147,0.3352813720703125,1.229564568158102,0.4129853222753151,0.4129853248596191,1.2317574332423906,1,0,79,143,249,47,0.9716843880120034,0.9978799240267702,0.9835459585754072,0.999041959399554,4.733007000873313e-05,0.0143431104630931,0.0168628441114002,0.2625112082028039,/kaggle/input/datasets/hintrngia/locked-densenet-xai-inputs/D-C0/DenseNet121/seed_2024/best_checkpoint.pt,E01_XAI_D_C0_DenseNet121,D,C0
E01_XAI_D_C0_DenseNet121,D-C0,DenseNet121,2024,69,pneumonia,E-1265B89238C345234A9C993B.jpeg,1,0.94173199788308,0.57861328125,1,1,0.3904019633420763,0.3904019594192505,0.3254241943359375,1.1996709837101474,0.2570345647433194,0.257034569978714,0.7898446680272979,1,0,176,143,250,36,0.9415629526497562,0.970081377882006,0.9682254231481672,0.9779773972412792,0.0032604012801352,0.0078066489505838,-0.2508962670430979,0.1726419351448836,/kaggle/input/datasets/hintrngia/locked-densenet-xai-inputs/D-C0/DenseNet121/seed_2024/best_checkpoint.pt,E01_XAI_D_C0_DenseNet121,D,C0
E01_XAI_D_C0_DenseNet121,D-C0,DenseNet121,2024,70,pneumonia,E-1777E855F7110F5A72B38BC0.jpeg,1,0.9971647565451118,0.57861328125,1,1,0.3051795909324624,0.3051795959472656,0.3238525390625,0.9423412020047992,0.1942271099880002,0.1942271143198013,0.5997393460315484,0,0,0,47,31,21,0.989217655709966,0.9971997126267156,0.998049650137104,0.9973207136973394,0.0001789776259447,0.0037295581863287,0.7629676530189661,0.9753814456285814,/kaggle/input/datasets/hintrngia/locked-densenet-xai-inputs/D-C0/DenseNet121/seed_2024/best_checkpoint.pt,E01_XAI_D_C0_DenseNet121,D,C0
E01_XAI_D_C0_DenseNet121,D-C0,DenseNet121,2024,71,pneumonia,E-198E88DB173F06A1227B639B.jpeg,1,0.9948687255579104,0.57861328125,1,1,0.3647685475835133,0.3647685348987579,0.256744384765625,1.420745960681869,0.406774988373741,0.4067749977111816,1.584357876979763,0,0,207,47,218,7,0.9965431008996248,0.9977234892975672,0.9996726302943976,0.9980600120175788,0.000125837161167,0.0037588765949427,0.2566367381677921,0.4832970946604483,/kaggle/input/datasets/hintrngia/locked-densenet-xai-inputs/D-C0/DenseNet121/seed_2024/best_checkpoint.pt,E01_XAI_D_C0_DenseNet121,D,C0
E01_XAI_D_C0_DenseNet121,D-C0,DenseNet121,2024,72,pneumonia,E-1A06E979246F3D9634B22BF8.jpeg,1,0.9999828611385694,0.57861328125,1,1,0.3981443758733285,0.3981443643569946,0.303802490234375,1.3105369069429664,0.4382920056447106,0.438291996717453,1.442687337113599,0,0,0,47,20,7,0.9999698490580158,0.9996539510505436,0.9999917086920016,0.9999726260415835,0.001520690536564,0.000922391045542,0.6130906862042134,0.2173239485759949,/kaggle/input/datasets/hintrngia/locked-densenet-xai-inputs/D-C0/DenseNet121/seed_2024/best_checkpoint.pt,E01_XAI_D_C0_DenseNet121,D,C0
E01_XAI_D_C0_DenseNet121,D-C0,DenseNet121,2024,73,pneumonia,E-220D81ED5B8FE3B14418B9F7.jpeg,1,0.9988604155718503,0.57861328125,1,1,0.289623691076423,0.2896236777305603,0.2836456298828125,1.021075809262707,0.283486245304975,0.2834862470626831,0.9994380855509628,0,0,0,47,11,11,0.9934213223794908,0.9946789028358238,0.9889960549410276,0.9985181168925568,0.0034061371306074,0.0119387054450891,-0.2447702080684572,0.0358932030932036,/kaggle/input/datasets/hintrngia/locked-densenet-xai-inputs/D-C0/DenseNet121/seed_2024/best_checkpoint.pt,E01_XAI_D_C0_DenseNet121,D,C0
E01_XAI_D_C0_DenseNet121,D-C0,DenseNet121,2024,74,pneumonia,E-227257A6740CF45FAF02E456.jpeg,1,0.9587462629999984,0.57861328125,1,1,0.2721994838583356,0.2721994817256927,0.381500244140625,0.7134975351627824,0.1324121735398175,0.1324121803045272,0.3470828015800929,0,0,240,47,11,255,0.8293437262808572,0.9783537175905552,0.8946952060834925,0.971136909131532,0.0007424313442871,0.0023904497418068,-0.2388439470943801,0.4844472571268201,/kaggle/input/datasets/hintrngia/locked-densenet-xai-inputs/D-C0/DenseNet121/seed_2024/best_checkpoint.pt,E01_XAI_D_C0_DenseNet121,D,C0
E01_XAI_D_C0_DenseNet121,D-C0,DenseNet121,2024,75,pneumonia,E-2C0709EBA6450DCFB3BBB340.jpeg,1,0.9979502213643182,0.57861328125,1,1,0.36617412088913,0.3661741316318512,0.3762359619140625,0.9732565675706708,0.3248042538036516,0.3248042464256286,0.8632993298972345,0,0,47,47,29,69,0.9781815878491034,0.9956396153095184,0.9952990993042194,0.9976805680525384,0.0012791757643265,0.0008103755316561,0.1163113117570707,0.6209925978506098,/kaggle/input/datasets/hintrngia/locked-densenet-xai-inputs/D-C0/DenseNet121/seed_2024/best_checkpoint.pt,E01_XAI_D_C0_DenseNet121,D,C0
E01_XAI_D_C0_DenseNet121,D-C0,DenseNet121,2024,76,pneumonia,E-30421FA65AB177DCD15E84C4.jpeg,1,0.9999751688279548,0.57861328125,1,1,0.5552598198861008,0.5552598237991333,0.41265869140625,1.3455667636464836,0.5454964402330302,0.5454964637756348,1.3219070665253612,1,0,143,111,73,2,0.9997970306595476,0.9992683406436128,0.9999534770507008,0.999910148938861,0.0015846757303122,0.0031982331819898,0.788102593945458,0.8051814255855484,/kaggle/input/datasets/hintrngia/locked-densenet-xai-inputs/D-C0/DenseNet121/seed_2024/best_checkpoint.pt,E01_XAI_D_C0_DenseNet121,D,C0
E01_XAI_D_C0_DenseNet121,D-C0,DenseNet121,2024,77,pneumonia,E-386D019ED9E9E8244987AC20.jpeg,1,0.9996489623834436,0.57861328125,1,1,0.4637933845076514,0.463793396949768,0.3555145263671875,1.3045694341857352,0.5545853784333014,0.5545853972434998,1.5599513867979242,1,0,176,111,19,4,0.9980032544779968,0.9888430563534252,0.9996250032307156,0.9996922030976502,0.0017065562539924,0.0052431864691034,-0.3306408349795516,-0.1257519077506645,/kaggle/input/datasets/hintrngia/locked-densenet-xai-inputs/D-C0/DenseNet121/seed_2024/best_checkpoint.pt,E01_XAI_D_C0_DenseNet121,D,C0
E01_XAI_D_C0_DenseNet121,D-C0,DenseNet121,2024,78,pneumonia,E-3AC987E53985CBAF71C33ABC.jpeg,1,0.986872077151506,0.57861328125,1,1,0.4421209934135386,0.4421209990978241,0.4218597412109375,1.048028409026284,0.2678818574355845,0.2678818702697754,0.6350021850073595,0,0,47,47,15,3,0.9546621901473292,0.9817158099033608,0.9880831097694154,0.986165363845897,0.0019980591858507,0.0021817470334405,0.5772307096106258,0.9645995580694176,/kaggle/input/datasets/hintrngia/locked-densenet-xai-inputs/D-C0/DenseNet121/seed_2024/best_checkpoint.pt,E01_XAI_D_C0_DenseNet121,D,C0
E01_XAI_D_C0_DenseNet121,D-C0,DenseNet121,2024,79,pneumonia,E-3EB4BE73D28C1518A6A12685.jpeg,1,0.996437284537582,0.57861328125,1,1,0.4761222270145528,0.4761222302913666,0.40576171875,1.173403514952833,0.4638850330849693,0.4638850390911102,1.143244943150442,1,0,207,207,9,10,0.99729067418017,0.9968973915522316,0.9996702525587956,0.9955620647886976,0.0008160422317664,0.0028423782939219,0.6230417592225689,0.9001279907929002,/kaggle/input/datasets/hintrngia/locked-densenet-xai-inputs/D-C0/DenseNet121/seed_2024/best_checkpoint.pt,E01_XAI_D_C0_DenseNet121,D,C0
E01_XAI_D_C0_DenseNet121,D-C0,DenseNet121,2024,80,pneumonia,E-401B5DEDAD367F085127D1DA.jpeg,1,0.9845258591315496,0.57861328125,1,1,0.5517327342088457,0.5517327189445496,0.364349365234375,1.5142958568184486,0.5581150031106887,0.5581150054931641,1.531812749973285,1,1,79,112,63,111,0.9389574123017874,0.9730835263666802,0.9769325083150688,0.9775678392656072,0.0018086066870887,0.0129252257946386,-0.2171037922138293,-0.1031789674247342,/kaggle/input/datasets/hintrngia/locked-densenet-xai-inputs/D-C0/DenseNet121/seed_2024/best_checkpoint.pt,E01_XAI_D_C0_DenseNet121,D,C0
E01_XAI_D_C0_DenseNet121,D-C0,DenseNet121,2024,81,pneumonia,E-4329094918EDAAADE18246AB.jpeg,1,0.9999993667053008,0.57861328125,1,1,0.50800114319612,0.5080011487007141,0.4228057861328125,1.2014999790862506,0.4423696271583264,0.4423696398735046,1.0462714600111185,1,0,208,111,246,69,0.9997011546879976,0.9999544552585546,0.9999991132131923,0.999988470912002,0.0006021517619607,0.0010424123679255,0.5105470499200371,0.8936442181742451,/kaggle/input/datasets/hintrngia/locked-densenet-xai-inputs/D-C0/DenseNet121/seed_2024/best_checkpoint.pt,E01_XAI_D_C0_DenseNet121,D,C0
E01_XAI_D_C0_DenseNet121,D-C0,DenseNet121,2024,82,pneumonia,E-443A80FA1DE791815F946FF9.jpeg,1,0.994610411923707,0.57861328125,1,1,0.4644303035387972,0.4644303023815155,0.309112548828125,1.5024634402566204,0.5415479471798634,0.541547954082489,1.751944232716928,1,0,111,143,19,112,0.9911187906464648,0.9956470521256108,0.9993166195696674,0.995882176738929,0.0009872038472974,0.0078105916257285,0.2995882064538254,0.184706936485066,/kaggle/input/datasets/hintrngia/locked-densenet-xai-inputs/D-C0/DenseNet121/seed_2024/best_checkpoint.pt,E01_XAI_D_C0_DenseNet121,D,C0
E01_XAI_D_C0_DenseNet121,D-C0,DenseNet121,2024,83,pneumonia,E-4B97630FB65DE326125E1DE1.jpeg,1,0.9962318878500904,0.57861328125,1,1,0.4349209925594227,0.434920996427536,0.3383941650390625,1.2852496806770226,0.4963475455690941,0.4963475465774536,1.466773357370977,1,0,176,207,251,7,0.997720175745036,0.9981259014808384,0.9997321705699992,0.9985948790612053,0.0004753200282868,0.0020312248728807,-0.3486578335604176,0.3013077982440307,/kaggle/input/datasets/hintrngia/locked-densenet-xai-inputs/D-C0/DenseNet121/seed_2024/best_checkpoint.pt,E01_XAI_D_C0_DenseNet121,D,C0
E01_XAI_D_C0_DenseNet121,D-C0,DenseNet121,2024,84,pneumonia,E-55F059ED3BB72FAD418A344C.jpeg,1,0.9990210597523276,0.57861328125,1,1,0.255059206698672,0.2550592124462127,0.3324737548828125,0.7671559121668811,0.1217240685118633,0.1217240691184997,0.3661163226395647,0,0,240,0,243,248,0.9423137365861242,0.997467950580426,0.946126618531446,0.9973312427336802,0.0009005891546297,0.0030193321994855,-0.2134545731862357,-0.0190144626099826,/kaggle/input/datasets/hintrngia/locked-densenet-xai-inputs/D-C0/DenseNet121/seed_2024/best_checkpoint.pt,E01_XAI_D_C0_DenseNet121,D,C0
E01_XAI_D_C0_DenseNet121,D-C0,DenseNet121,2024,85,pneumonia,E-6060B7AB38566FD26078DE5E.jpeg,1,0.995166458499758,0.57861328125,1,1,0.374338533062958,0.3743385374546051,0.271087646484375,1.3808763988975583,0.4165299873851962,0.4165299832820892,1.5365140860788145,0,0,144,143,244,1,0.9990585649291718,0.995882407205772,0.999619991312355,0.9974828934992674,0.0034124650434275,0.0040835762224391,0.5807887189071635,0.6003097998307535,/kaggle/input/datasets/hintrngia/locked-densenet-xai-inputs/D-C0/DenseNet121/seed_2024/best_checkpoint.pt,E01_XAI_D_C0_DenseNet121,D,C0
E01_XAI_D_C0_DenseNet121,D-C0,DenseNet121,2024,86,pneumonia,E-638A63581494A3F6A20C2D9C.jpeg,1,0.9732504945486844,0.57861328125,1,1,0.4002364083139095,0.4002363979816437,0.312408447265625,1.2811318381977326,0.3202304885434229,0.320230484008789,1.0250378674016687,1,0,80,144,11,131,0.947560603255021,0.9750223583871072,0.9543558997356072,0.9849809612643424,0.0006502854152449,0.0135750159435973,0.2002231606449418,0.4845454621682854,/kaggle/input/datasets/hintrngia/locked-densenet-xai-inputs/D-C0/DenseNet121/seed_2024/best_checkpoint.pt,E01_XAI_D_C0_DenseNet121,D,C0
E01_XAI_D_C0_DenseNet121,D-C0,DenseNet121,2024,87,pneumonia,E-63AE2F3741553AC167D0B283.jpeg,1,0.9999014683061552,0.57861328125,1,1,0.4668183548496477,0.4668183624744415,0.3596954345703125,1.2978156239522551,0.5500821199060857,0.5500821471214294,1.529299699239182,1,0,175,175,64,1,0.998136649693919,0.9994413773431114,0.9999867378720996,0.9999698770570832,0.0002567364867491,0.0027987520634814,-0.3141755519885605,0.5039295433075781,/kaggle/input/datasets/hintrngia/locked-densenet-xai-inputs/D-C0/DenseNet121/seed_2024/best_checkpoint.pt,E01_XAI_D_C0_DenseNet121,D,C0
E01_XAI_D_C0_DenseNet121,D-C0,DenseNet121,2024,88,pneumonia,E-63E40A6B7E9FE7A4F927B234.jpeg,1,0.9997950843627504,0.57861328125,1,1,0.3335043679967244,0.3335043787956238,0.3593597412109375,0.928051558788728,0.2894095025738412,0.2894094884395599,0.8053475929123715,0,0,208,0,246,26,0.9948299571153784,0.9994600871246349,0.9862884225107422,0.9993574382679796,0.0002772345743312,0.0005808816088232,-0.347287463518321,-0.0542827941151561,/kaggle/input/datasets/hintrngia/locked-densenet-xai-inputs/D-C0/DenseNet121/seed_2024/best_checkpoint.pt,E01_XAI_D_C0_DenseNet121,D,C0
E01_XAI_D_C0_DenseNet121,D-C0,DenseNet121,2024,89,pneumonia,E-6C94FB136A3DC9D9B1FE1032.jpeg,1,0.9968691789515618,0.57861328125,1,1,0.4575192513542874,0.4575192630290985,0.3358001708984375,1.3624747424344337,0.5514287756762098,0.5514287948608398,1.6421336957657149,1,0,48,112,18,11,0.9611641744756128,0.9861323834758756,0.9842021047162104,0.9956165673051208,8.172940126505157e-05,0.0019356698542866,0.8951836836805354,0.9149978607225616,/kaggle/input/datasets/hintrngia/locked-densenet-xai-inputs/D-C0/DenseNet121/seed_2024/best_checkpoint.pt,E01_XAI_D_C0_DenseNet121,D,C0
E01_XAI_D_C0_DenseNet121,D-C0,DenseNet121,2024,90,pneumonia,E-6EBA6C5A4DF4C84E483A5386.jpeg,1,0.9999660219071268,0.57861328125,1,1,0.4364971684607918,0.4364971816539764,0.3423919677734375,1.2748464027918558,0.5055066191737457,0.5055066347122192,1.476397423867846,1,0,111,143,7,2,0.9990513708966978,0.9993104984623176,0.9998084926537236,0.9998942008268044,0.0004319780033428,0.0005873858065037,0.0,0.0,/kaggle/input/datasets/hintrngia/locked-densenet-xai-inputs/D-C0/DenseNet121/seed_2024/best_checkpoint.pt,E01_XAI_D_C0_DenseNet121,D,C0
E01_XAI_D_C0_DenseNet121,D-C0,DenseNet121,2024,91,pneumonia,E-73D66A02A1612F6E79C3F7EC.jpeg,1,0.998920804446252,0.57861328125,1,1,0.4754787846435394,0.4754787981510162,0.3591766357421875,1.3238020999362334,0.5735427954390617,0.5735427737236023,1.5968265704530502,1,0,111,143,19,13,0.9994027382927696,0.998032677595734,0.9999306550453576,0.9993447429220634,0.0028114020299518,0.004691200929257,0.4476487513604621,0.5014022211417472,/kaggle/input/datasets/hintrngia/locked-densenet-xai-inputs/D-C0/DenseNet121/seed_2024/best_checkpoint.pt,E01_XAI_D_C0_DenseNet121,D,C0
E01_XAI_D_C0_DenseNet121,D-C0,DenseNet121,2024,92,pneumonia,E-7725ED8C0E93C0BF91B23FCE.jpeg,1,0.999990967175548,0.57861328125,1,1,0.518029569159105,0.5180295705795288,0.38677978515625,1.3393398234342395,0.6193612032277271,0.6193612217903137,1.6013277503050467,1,1,176,80,204,78,0.9997548143649512,0.9997756511332871,0.9999967300841004,0.9999947110735192,0.000527735735268,0.0050593308929197,0.9114298442856408,0.78715320952413,/kaggle/input/datasets/hintrngia/locked-densenet-xai-inputs/D-C0/DenseNet121/seed_2024/best_checkpoint.pt,E01_XAI_D_C0_DenseNet121,D,C0
E01_XAI_D_C0_DenseNet121,D-C0,DenseNet121,2024,93,pneumonia,E-77D4D0C371CD4C8665643C00.jpeg,1,0.9784734563134784,0.57861328125,1,1,0.3028333681009509,0.3028333783149719,0.29443359375,1.0285285868503276,0.2981784567493682,0.2981784641742706,1.0127188713477715,0,0,47,111,22,9,0.9797244138079632,0.9802465673337276,0.9912814169096998,0.9878594392300012,0.0015293926521433,0.001819759632071,0.3339326643608364,0.8044612368507097,/kaggle/input/datasets/hintrngia/locked-densenet-xai-inputs/D-C0/DenseNet121/seed_2024/best_checkpoint.pt,E01_XAI_D_C0_DenseNet121,D,C0
E01_XAI_D_C0_DenseNet121,D-C0,DenseNet121,2024,94,pneumonia,E-7B805F2D3984459EDD091000.jpeg,1,0.9995308430755844,0.57861328125,1,1,0.4635995728616206,0.4635995626449585,0.3260345458984375,1.42193389839749,0.6009575988075487,0.6009575724601746,1.8432328916296865,1,1,143,112,70,94,0.9982873183108188,0.9974676143406428,0.998813232870763,0.9993276487608194,0.0001500314610042,0.0066577196666474,-0.2705618024215109,0.1350737932078109,/kaggle/input/datasets/hintrngia/locked-densenet-xai-inputs/D-C0/DenseNet121/seed_2024/best_checkpoint.pt,E01_XAI_D_C0_DenseNet121,D,C0
E01_XAI_D_C0_DenseNet121,D-C0,DenseNet121,2024,95,pneumonia,E-8B99D004F7E59741CFAB602B.jpeg,1,0.9998703297315356,0.57861328125,1,1,0.5138864603901905,0.5138864517211914,0.44635009765625,1.1513080496421275,0.465391219141484,0.4653912186622619,1.0426596108866504,1,1,176,175,210,230,0.9988036916633112,0.9994368801309542,0.9999274883297335,0.9998317044885684,0.0019552982063401,0.0033786775941047,0.4413281895508862,0.7651865696822983,/kaggle/input/datasets/hintrngia/locked-densenet-xai-inputs/D-C0/DenseNet121/seed_2024/best_checkpoint.pt,E01_XAI_D_C0_DenseNet121,D,C0
E01_XAI_D_C0_DenseNet121,D-C0,DenseNet121,2024,96,pneumonia,E-8E859FAC3770F43BC30CF790.jpeg,1,0.9999388557900974,0.57861328125,1,1,0.4352328918303319,0.4352328777313232,0.32305908203125,1.3472238238708023,0.4225919571280354,0.4225919544696808,1.3080949604356191,0,0,208,47,17,4,0.996326733368118,0.9994496117538854,0.9998404245385945,0.9999425202654936,0.0022148719463709,0.0059028193439394,0.9138260327109562,0.91472321441359,/kaggle/input/datasets/hintrngia/locked-densenet-xai-inputs/D-C0/DenseNet121/seed_2024/best_checkpoint.pt,E01_XAI_D_C0_DenseNet121,D,C0
E01_XAI_D_C0_DenseNet121,D-C0,DenseNet121,2024,97,pneumonia,E-9A9C78D1B9953A6FD2BA65F6.jpeg,1,0.9999991652055246,0.57861328125,1,1,0.565110114636719,0.5651100873947144,0.39300537109375,1.4379195710837094,0.6413379628910397,0.6413379907608032,1.631880910701475,1,1,175,111,200,98,0.9999758458943666,0.9999264977157752,0.999995478883821,0.9999995358398996,0.001587054798721,0.0022195462552558,-0.2782958243115989,-0.0168656439574904,/kaggle/input/datasets/hintrngia/locked-densenet-xai-inputs/D-C0/DenseNet121/seed_2024/best_checkpoint.pt,E01_XAI_D_C0_DenseNet121,D,C0
E01_XAI_D_C0_DenseNet121,D-C0,DenseNet121,2024,98,pneumonia,E-9B56CC62692974C989F872CC.jpeg,1,0.9996032707090454,0.57861328125,1,1,0.4752013306003725,0.4752013385295868,0.37744140625,1.2590068888351396,0.5591748816502367,0.5591748952865601,1.4814879141263708,1,0,207,111,243,87,0.9959600115955832,0.9995637204844005,0.9998537231818756,0.9997962434259308,0.0004686249834305,0.002560744091718,0.8336678440653484,0.8835833172367544,/kaggle/input/datasets/hintrngia/locked-densenet-xai-inputs/D-C0/DenseNet121/seed_2024/best_checkpoint.pt,E01_XAI_D_C0_DenseNet121,D,C0
E01_XAI_D_C0_DenseNet121,D-C0,DenseNet121,2024,99,pneumonia,E-9FC76B9714A55204D742CE4C.jpeg,1,0.9989226385430032,0.57861328125,1,1,0.4290693591406609,0.4290693700313568,0.32318115234375,1.3276435090010557,0.4829173729257187,0.4829173684120178,1.4942621790396553,1,0,112,143,19,4,0.9984172527152008,0.9966845420580356,0.9999004657329988,0.9994090219550908,0.0018635474360332,0.0049559182890349,0.7419924056145205,0.72426706137083,/kaggle/input/datasets/hintrngia/locked-densenet-xai-inputs/D-C0/DenseNet121/seed_2024/best_checkpoint.pt,E01_XAI_D_C0_DenseNet121,D,C0
E01_XAI_D_C0_DenseNet121,D-C0,DenseNet121,2024,100,pneumonia,E-A0A20FFCEFD96663F4AB4E87.jpeg,1,0.9994640810477784,0.57861328125,1,1,0.3740947766106093,0.3740947842597961,0.3404388427734375,1.0988604401395228,0.3421743346426683,0.3421743214130401,1.0050978080382729,0,0,0,47,7,15,0.9937864433121671,0.9980536980008908,0.998021106079892,0.9995792672100776,0.0019665794590097,0.0044774778832458,-0.2980412194420883,-0.0404563560972111,/kaggle/input/datasets/hintrngia/locked-densenet-xai-inputs/D-C0/DenseNet121/seed_2024/best_checkpoint.pt,E01_XAI_D_C0_DenseNet121,D,C0
E01_XAI_D_C0_DenseNet121,D-C0,DenseNet121,2024,101,pneumonia,E-A0D5A9410E976B289DD85CF6.jpeg,1,0.9962371074811524,0.57861328125,1,1,0.2873486793194883,0.2873486876487732,0.2681732177734375,1.0715040141042382,0.1729022792268347,0.1729022860527038,0.6447410396250264,0,0,208,240,244,251,0.9681037564113544,0.997611338055508,0.9903878209821644,0.9982721486601668,0.0017149607366559,0.0049888517853619,-0.3766867566090187,-0.0521418785161352,/kaggle/input/datasets/hintrngia/locked-densenet-xai-inputs/D-C0/DenseNet121/seed_2024/best_checkpoint.pt,E01_XAI_D_C0_DenseNet121,D,C0
E01_XAI_D_C0_DenseNet121,D-C0,DenseNet121,2024,102,pneumonia,E-A540763BCA2A1AF575A9EE6B.jpeg,1,0.990605741459267,0.57861328125,1,1,0.3725718917187495,0.3725718855857849,0.3713226318359375,1.0033643515792057,0.3036670275636883,0.3036670386791229,0.8177983282684972,0,0,0,47,6,10,0.9666911852208534,0.9902564435805464,0.9662834766807712,0.9913086246767367,0.0005903421568026,0.0051164401209445,0.4680534316782522,0.9696510743465682,/kaggle/input/datasets/hintrngia/locked-densenet-xai-inputs/D-C0/DenseNet121/seed_2024/best_checkpoint.pt,E01_XAI_D_C0_DenseNet121,D,C0
E01_XAI_D_C0_DenseNet121,D-C0,DenseNet121,2024,103,pneumonia,E-A9AC7ECA864D894719491A2C.jpeg,1,0.9997498528371106,0.57861328125,1,1,0.4534396507642841,0.4534396529197693,0.3572845458984375,1.2691275230616323,0.5776634090005978,0.5776634216308594,1.61681610814705,0,0,47,48,11,2,0.997758923938242,0.9980824580525364,0.9989129986850503,0.9997864900698848,0.001926493061794,0.0077234328987998,0.7968267054524296,0.9586903948755736,/kaggle/input/datasets/hintrngia/locked-densenet-xai-inputs/D-C0/DenseNet121/seed_2024/best_checkpoint.pt,E01_XAI_D_C0_DenseNet121,D,C0
E01_XAI_D_C0_DenseNet121,D-C0,DenseNet121,2024,104,pneumonia,E-B15903E1E2039605DB9FB6A1.jpeg,1,0.9966972214706312,0.57861328125,1,1,0.2278116716428504,0.2278116643428802,0.2703704833984375,0.8425907620512357,0.1354366165788346,0.1354366093873977,0.5009297423167506,0,0,240,47,250,2,0.99090509931292,0.9926877515983092,0.996149433862616,0.9936804861174664,0.0038189460616507,0.003617227498635,0.2282774021717325,0.7867151427235747,/kaggle/input/datasets/hintrngia/locked-densenet-xai-inputs/D-C0/DenseNet121/seed_2024/best_checkpoint.pt,E01_XAI_D_C0_DenseNet121,D,C0
E01_XAI_D_C0_DenseNet121,D-C0,DenseNet121,2024,105,pneumonia,E-B29F964F9024332A9FD3DA8C.jpeg,1,0.9978884391920632,0.57861328125,1,1,0.6073973235297607,0.6073973178863525,0.444091796875,1.3677292123023088,0.7684015029740445,0.7684015035629272,1.7302762815732196,1,1,79,144,71,121,0.9894343489627,0.9959443797971382,0.9986408024541548,0.998567365390396,0.0019234834394066,0.0004044817275558,-0.2342956697846185,-0.0737671930660895,/kaggle/input/datasets/hintrngia/locked-densenet-xai-inputs/D-C0/DenseNet121/seed_2024/best_checkpoint.pt,E01_XAI_D_C0_DenseNet121,D,C0
E01_XAI_D_C0_DenseNet121,D-C0,DenseNet121,2024,106,pneumonia,E-B352C843937DC9BD58C4B554.jpeg,1,0.9457980313538984,0.57861328125,1,1,0.4705576222174852,0.4705576300621032,0.322052001953125,1.461123108577898,0.5785794450825883,0.5785794258117676,1.7965404393505404,1,1,79,144,63,125,0.910878789226505,0.9776873778773568,0.8992204798096015,0.985355906757271,0.001072913128417,0.002685159308464,0.2736557318918965,0.3983245369076718,/kaggle/input/datasets/hintrngia/locked-densenet-xai-inputs/D-C0/DenseNet121/seed_2024/best_checkpoint.pt,E01_XAI_D_C0_DenseNet121,D,C0
E01_XAI_D_C0_DenseNet121,D-C0,DenseNet121,2024,107,pneumonia,E-B41848B096ED1788DCCEEDA2.jpeg,1,0.9976589845631012,0.57861328125,1,1,0.3407046068590962,0.3407046198844909,0.2685089111328125,1.268876349100286,0.3010920637001337,0.3010920584201813,1.1213484961443407,1,0,207,112,247,1,0.9908743023668696,0.9934093950336084,0.9945521025967764,0.9978662835625888,0.0011785837772728,0.0035833202479172,0.1812155659913593,0.7260359555705788,/kaggle/input/datasets/hintrngia/locked-densenet-xai-inputs/D-C0/DenseNet121/seed_2024/best_checkpoint.pt,E01_XAI_D_C0_DenseNet121,D,C0
E01_XAI_D_C0_DenseNet121,D-C0,DenseNet121,2024,108,pneumonia,E-B813D1454C73F6C74F660590.jpeg,1,0.9867170348227416,0.57861328125,1,1,0.2379689715217493,0.2379689663648605,0.2771453857421875,0.8586430940730806,0.143994148513216,0.1439941525459289,0.5195617748699073,0,0,0,47,7,11,0.9022348984602389,0.989627413777488,0.9249375585388282,0.9905015991006552,0.0029522764850745,0.0044336382880922,0.2427284604588954,0.9843628868098492,/kaggle/input/datasets/hintrngia/locked-densenet-xai-inputs/D-C0/DenseNet121/seed_2024/best_checkpoint.pt,E01_XAI_D_C0_DenseNet121,D,C0
E01_XAI_D_C0_DenseNet121,D-C0,DenseNet121,2024,109,pneumonia,E-BF1AD901130E35A45E611B5A.jpeg,1,0.9981417915909396,0.57861328125,1,1,0.3216483908689391,0.3216483891010284,0.2906494140625,1.106654186475577,0.2485203534889559,0.2485203593969345,0.8550519679888815,0,0,0,47,18,21,0.9941439228729289,0.9930380509648034,0.9971990481360798,0.9987712207676605,0.0012278476563111,0.0049324009068082,0.3431773592030693,0.8357228573117473,/kaggle/input/datasets/hintrngia/locked-densenet-xai-inputs/D-C0/DenseNet121/seed_2024/best_checkpoint.pt,E01_XAI_D_C0_DenseNet121,D,C0
E01_XAI_D_C0_DenseNet121,D-C0,DenseNet121,2024,110,pneumonia,E-BFFC08BEA9A0FA7A1279A0B5.jpeg,1,0.9994298307703438,0.57861328125,1,1,0.430735288326805,0.4307352900505066,0.364898681640625,1.1804243479043863,0.4720213685424433,0.4720213711261749,1.2935683034539418,0,0,0,47,12,12,0.9922447989180454,0.997801528618969,0.998313376540813,0.999310835364076,0.0004939972839784,0.0037665756864778,0.7173743455034685,0.9529336623056636,/kaggle/input/datasets/hintrngia/locked-densenet-xai-inputs/D-C0/DenseNet121/seed_2024/best_checkpoint.pt,E01_XAI_D_C0_DenseNet121,D,C0
E01_XAI_D_C0_DenseNet121,D-C0,DenseNet121,2024,111,pneumonia,E-C378B1871ED2B8AC1E544A5B.jpeg,1,0.9968526625920398,0.57861328125,1,1,0.3551361842602341,0.3551361858844757,0.2780303955078125,1.2773286302441524,0.4285519781083542,0.428551971912384,1.541385348625712,0,0,112,143,255,55,0.9816282714889586,0.9960104360026598,0.9988125955147054,0.9989261267107128,0.0028105208016093,0.0091517107370952,0.1692643189901239,0.1041584901624673,/kaggle/input/datasets/hintrngia/locked-densenet-xai-inputs/D-C0/DenseNet121/seed_2024/best_checkpoint.pt,E01_XAI_D_C0_DenseNet121,D,C0
E01_XAI_D_C0_DenseNet121,D-C0,DenseNet121,2024,112,pneumonia,E-D2A52B478FEFC3F6A00973AF.jpeg,1,0.9991131758102642,0.57861328125,1,1,0.4014681528214164,0.4014681577682495,0.35107421875,1.1435421098445908,0.3146175147882051,0.3146175146102905,0.8961567041533298,1,0,208,207,249,203,0.988437295508047,0.9969174335016368,0.9977605044621718,0.999432075193768,0.0001458089386592,0.0001575952296979,0.5077092564019124,0.6501708936892355,/kaggle/input/datasets/hintrngia/locked-densenet-xai-inputs/D-C0/DenseNet121/seed_2024/best_checkpoint.pt,E01_XAI_D_C0_DenseNet121,D,C0
E01_XAI_D_C0_DenseNet121,D-C0,DenseNet121,2024,113,pneumonia,E-D33BB0B839138FAFF4DA3ED6.jpeg,1,0.986116180484962,0.57861328125,1,1,0.2265718391317016,0.2265718430280685,0.3347625732421875,0.6768135306684532,0.0708387101225577,0.0708387121558189,0.2116088110940308,0,0,240,47,251,2,0.9178571147241829,0.9936767251036648,0.9293992652746246,0.986116732285326,0.0001324726460267,0.0016700003992369,-0.4340851114253041,-0.0134294887563187,/kaggle/input/datasets/hintrngia/locked-densenet-xai-inputs/D-C0/DenseNet121/seed_2024/best_checkpoint.pt,E01_XAI_D_C0_DenseNet121,D,C0
E01_XAI_D_C0_DenseNet121,D-C0,DenseNet121,2024,114,pneumonia,E-DA47F22802134421DB0B257A.jpeg,1,0.99999923814961,0.57861328125,1,1,0.5432308236913943,0.5432308316230774,0.39227294921875,1.3848286627290811,0.6774165997485888,0.6774166226387024,1.726901131209099,0,1,112,112,173,50,0.999990209385214,0.9999765865104318,0.9999987811318104,0.9999989879989468,0.0014633512739272,0.0015145509473234,0.9425626621330124,0.7273126589447573,/kaggle/input/datasets/hintrngia/locked-densenet-xai-inputs/D-C0/DenseNet121/seed_2024/best_checkpoint.pt,E01_XAI_D_C0_DenseNet121,D,C0
E01_XAI_D_C0_DenseNet121,D-C0,DenseNet121,2024,115,pneumonia,E-E09BD72833F7B4079F215903.jpeg,1,0.9992267440318032,0.57861328125,1,1,0.4742309994124382,0.4742310047149658,0.3171234130859375,1.495414655126476,0.5605102406157237,0.5605102181434631,1.7674829971126436,1,0,111,111,38,63,0.99703178306025,0.9971466319510168,0.9991785181416408,0.999382668777728,0.0009106446034637,0.0141825864945618,0.4261994588578462,0.5615112068075655,/kaggle/input/datasets/hintrngia/locked-densenet-xai-inputs/D-C0/DenseNet121/seed_2024/best_checkpoint.pt,E01_XAI_D_C0_DenseNet121,D,C0
E01_XAI_D_C0_DenseNet121,D-C0,DenseNet121,2024,116,pneumonia,E-E0D541D212A934D795DA0D1B.jpeg,1,0.99324204092148,0.57861328125,1,1,0.5097284377941471,0.5097284317016602,0.306488037109375,1.6631267001532024,0.6213847311667435,0.6213847398757935,2.0274355143753717,1,1,80,112,54,110,0.9879400910054552,0.9940303623249996,0.99254319159582,0.9950987813776204,0.0009427503849768,0.0151688456060069,0.6388151650209665,0.8791997620727318,/kaggle/input/datasets/hintrngia/locked-densenet-xai-inputs/D-C0/DenseNet121/seed_2024/best_checkpoint.pt,E01_XAI_D_C0_DenseNet121,D,C0
E01_XAI_D_C0_DenseNet121,D-C0,DenseNet121,2024,117,pneumonia,E-E1AD2A3BA30BC31AC67A922E.jpeg,1,0.999599126267651,0.57861328125,1,1,0.3860501111830209,0.3860501050949096,0.3279571533203125,1.1771358156837324,0.3533984392754085,0.3533984422683716,1.0775750298400957,0,0,240,47,246,30,0.9878806410748856,0.9985591301195113,0.9966631241994762,0.999139965993073,0.0023102072914075,0.0032525848284574,-0.4070426149793343,0.361831187129795,/kaggle/input/datasets/hintrngia/locked-densenet-xai-inputs/D-C0/DenseNet121/seed_2024/best_checkpoint.pt,E01_XAI_D_C0_DenseNet121,D,C0
E01_XAI_D_C0_DenseNet121,D-C0,DenseNet121,2024,118,pneumonia,E-E280E4CD8F00E10AB30B96C9.jpeg,1,0.9960718310051102,0.57861328125,1,1,0.4175074471340639,0.4175074398517608,0.3293609619140625,1.2676288188731994,0.4983450929857249,0.4983451068401336,1.51306666731121,0,1,47,79,178,95,0.9929309558566086,0.9897491034000012,0.9938384565622612,0.9986969284200196,0.0002760694456303,0.0004524350479884,0.2863813536271472,0.7597060184981972,/kaggle/input/datasets/hintrngia/locked-densenet-xai-inputs/D-C0/DenseNet121/seed_2024/best_checkpoint.pt,E01_XAI_D_C0_DenseNet121,D,C0
E01_XAI_D_C0_DenseNet121,D-C0,DenseNet121,2024,119,pneumonia,E-E2EF7E089A1E8F497DBAC1CB.jpeg,1,0.9998314007881318,0.57861328125,1,1,0.4862806713295628,0.4862806797027588,0.3351898193359375,1.450762055640471,0.6119922956168742,0.6119922995567322,1.8258081251671807,1,0,80,80,20,7,0.9995793487953608,0.9995848072738523,0.9998898009591224,0.999722540980042,0.0023594550241434,0.0008580271527205,-0.3608725003972922,-0.0453886595745494,/kaggle/input/datasets/hintrngia/locked-densenet-xai-inputs/D-C0/DenseNet121/seed_2024/best_checkpoint.pt,E01_XAI_D_C0_DenseNet121,D,C0
E01_XAI_D_C0_DenseNet121,D-C0,DenseNet121,2024,120,pneumonia,E-E7BF66D9C027E263610D5923.jpeg,1,0.9284092918017576,0.57861328125,1,1,0.2997784893017362,0.2997784912586212,0.3877410888671875,0.7731408868158902,0.0755908155462066,0.0755908191204071,0.1949517802383299,0,0,0,47,14,3,0.8675039811046578,0.9737244607759076,0.924056929241281,0.963852632120526,0.0013589079303654,0.0011733017375387,-0.187998525783239,-0.0477123939957139,/kaggle/input/datasets/hintrngia/locked-densenet-xai-inputs/D-C0/DenseNet121/seed_2024/best_checkpoint.pt,E01_XAI_D_C0_DenseNet121,D,C0
E01_XAI_D_C0_DenseNet121,D-C0,DenseNet121,2024,121,pneumonia,E-EB1401E2B7015C0BDE01BE91.jpeg,1,0.99165183566141,0.57861328125,1,1,0.333652848117533,0.3336528539657593,0.329986572265625,1.0111103789064386,0.3459976018045365,0.3459976017475128,1.0485202456238836,0,0,240,47,250,22,0.9656320272001572,0.9935328203051372,0.9700765830010492,0.9944114465139148,0.0016530380068924,0.0090922722581425,0.7511555681429266,0.9422514059539324,/kaggle/input/datasets/hintrngia/locked-densenet-xai-inputs/D-C0/DenseNet121/seed_2024/best_checkpoint.pt,E01_XAI_D_C0_DenseNet121,D,C0
E01_XAI_D_C0_DenseNet121,D-C0,DenseNet121,2024,122,pneumonia,E-EB344A640162B22F1A6C369F.jpeg,1,0.9976852791038684,0.57861328125,1,1,0.2316519639444369,0.2316519618034362,0.2807464599609375,0.8251287085745215,0.1272849659724323,0.1272849589586258,0.4533804842637821,0,0,240,47,247,26,0.9655901263912258,0.99717063981932,0.9380421053338762,0.9971481733392292,0.0006301745278315,0.0031039308243718,0.162047568962027,0.2749928528224958,/kaggle/input/datasets/hintrngia/locked-densenet-xai-inputs/D-C0/DenseNet121/seed_2024/best_checkpoint.pt,E01_XAI_D_C0_DenseNet121,D,C0
E01_XAI_D_C0_DenseNet121,D-C0,DenseNet121,2024,123,pneumonia,E-EC00E01864643AB223676743.jpeg,1,0.9875806486210612,0.57861328125,1,1,0.5067182598968782,0.5067182779312134,0.3099517822265625,1.6348293152464832,0.6599214695911737,0.6599214673042297,2.1291100985146043,1,1,79,143,71,135,0.9730035516856856,0.9921930910927924,0.993178062513115,0.994648784377942,0.0017592996005331,0.009196982073949,0.7575616002201272,0.9307150753213328,/kaggle/input/datasets/hintrngia/locked-densenet-xai-inputs/D-C0/DenseNet121/seed_2024/best_checkpoint.pt,E01_XAI_D_C0_DenseNet121,D,C0
E01_XAI_D_C0_DenseNet121,D-C0,DenseNet121,2024,124,pneumonia,E-EF92BEF2BC79AC7D99E44B1F.jpeg,1,0.992079466737344,0.57861328125,1,1,0.2919523186744789,0.2919523119926452,0.343048095703125,0.8510536054021284,0.210603724260198,0.210603728890419,0.6139189428483383,0,0,0,47,14,10,0.9793783420512122,0.990482845409328,0.9798374563008336,0.991108806535718,0.0012590591257957,0.0021382281262185,0.0528719642004739,0.1475920195735303,/kaggle/input/datasets/hintrngia/locked-densenet-xai-inputs/D-C0/DenseNet121/seed_2024/best_checkpoint.pt,E01_XAI_D_C0_DenseNet121,D,C0
E01_XAI_D_C0_DenseNet121,D-C0,DenseNet121,2024,125,pneumonia,E-F051ECCC0E91B0C03A0B3894.jpeg,1,0.9991459865073322,0.57861328125,1,1,0.6015415557158674,0.6015415787696838,0.5049896240234375,1.1911958723491491,0.6432551704245141,0.6432551741600037,1.2737987867938043,1,1,207,208,94,137,0.9940714256399088,0.9986122510272076,0.999936380073594,0.9995275764562416,0.0002943568220741,0.0016199128633627,0.3980075876704506,0.195598254846463,/kaggle/input/datasets/hintrngia/locked-densenet-xai-inputs/D-C0/DenseNet121/seed_2024/best_checkpoint.pt,E01_XAI_D_C0_DenseNet121,D,C0
E01_XAI_D_C0_DenseNet121,D-C0,DenseNet121,2024,126,pneumonia,E-FA7B18636100FBD243EBAF3A.jpeg,1,0.9959052328870562,0.57861328125,1,1,0.2952059460107669,0.2952059507369995,0.2697601318359375,1.0943275568619053,0.1929093167352499,0.1929093152284622,0.7151142588133571,0,0,240,47,245,4,0.9900826262881136,0.9889952068089982,0.9974460441491608,0.9969341122187836,0.0011753685586018,0.0012119163673086,-0.1102611774493458,-0.003325267673627,/kaggle/input/datasets/hintrngia/locked-densenet-xai-inputs/D-C0/DenseNet121/seed_2024/best_checkpoint.pt,E01_XAI_D_C0_DenseNet121,D,C0
E01_XAI_D_C0_DenseNet121,D-C0,DenseNet121,2024,127,pneumonia,E-FDAF56855798F8C5BE7AC652.jpeg,1,0.9999996027671584,0.57861328125,1,1,0.4654545109269191,0.4654545187950134,0.37738037109375,1.2333829382220027,0.4858127599524741,0.4858127534389496,1.2873291701538632,1,1,175,48,164,22,0.9998202747117896,0.9999983147431746,0.9999973016075197,0.9999990483891272,0.0001492784204204,0.0001952594232242,-0.3145112039390566,-0.0796543619501843,/kaggle/input/datasets/hintrngia/locked-densenet-xai-inputs/D-C0/DenseNet121/seed_2024/best_checkpoint.pt,E01_XAI_D_C0_DenseNet121,D,C0
E02_XAI_D_P_DenseNet121,D-P,DenseNet121,3407,0,normal,E-03B36F677CCFA6787A3BC686.jpeg,0,0.7307916888687115,0.58251953125,1,0,0.7259737454216507,0.7259737253189087,0.3590850830078125,2.0217318395424853,0.7925285691457234,0.7925285696983337,2.207077393767651,1,1,207,207,207,208,0.6832868716888832,0.7662910714771246,0.6961476641391826,0.8043493598051578,0.0022146545184588,0.0053124150853977,0.3521318291359477,0.5955160859945587,/kaggle/input/datasets/hintrngia/locked-densenet-xai-inputs/D-P/DenseNet121/seed_3407/best_checkpoint.pt,E02_XAI_D_P_DenseNet121,D,P
E02_XAI_D_P_DenseNet121,D-P,DenseNet121,3407,1,normal,E-06530ECE35CCF9FF05F7DDEB.jpeg,0,0.0321754012151641,0.58251953125,0,1,0.75438769142535,0.7543876767158508,0.2779541015625,2.714072888957605,0.7193977524039128,0.7193977236747742,2.588189015236212,1,1,80,80,86,75,0.5907078372659481,0.8096985493276901,0.6243871862715477,0.8298913698642487,0.0009603633489008,0.0013408775648972,0.3783784722596993,0.3466320250353412,/kaggle/input/datasets/hintrngia/locked-densenet-xai-inputs/D-P/DenseNet121/seed_3407/best_checkpoint.pt,E02_XAI_D_P_DenseNet121,D,P
E02_XAI_D_P_DenseNet121,D-P,DenseNet121,3407,2,normal,E-10FEC5D206E4A3A02E4F32C9.jpeg,0,0.2387102908660297,0.58251953125,0,1,0.6651269171634661,0.6651269197463989,0.2476806640625,2.685421244654073,0.6993903115454471,0.6993902921676636,2.8237582218729926,1,1,80,80,110,81,0.4499151848447898,0.6842778519624816,0.4548142866436342,0.6898351614170599,0.0005799222771929,0.0025152247710105,-0.1151898765231206,-0.0577489253048881,/kaggle/input/datasets/hintrngia/locked-densenet-xai-inputs/D-P/DenseNet121/seed_3407/best_checkpoint.pt,E02_XAI_D_P_DenseNet121,D,P
E02_XAI_D_P_DenseNet121,D-P,DenseNet121,3407,3,normal,E-16E04AC17A9CE052EFE7227B.jpeg,0,0.1723230151689502,0.58251953125,0,1,0.8239923506746671,0.8239923715591431,0.3753509521484375,2.195258453344241,0.7854402756136027,0.7854402661323547,2.0925490427502367,1,1,80,79,86,82,0.559897740041329,0.7614781854956786,0.587832463134426,0.7800756665479278,0.0011475980744892,0.0008706384098107,-0.0359530121712487,0.0191187997193437,/kaggle/input/datasets/hintrngia/locked-densenet-xai-inputs/D-P/DenseNet121/seed_3407/best_checkpoint.pt,E02_XAI_D_P_DenseNet121,D,P
E02_XAI_D_P_DenseNet121,D-P,DenseNet121,3407,4,normal,E-256958BC036CED77CAAB2A55.jpeg,0,0.3209925008718531,0.58251953125,0,1,0.7376919790904899,0.7376919984817505,0.3496246337890625,2.1099542417699277,0.6926225456672106,0.6926225423812866,1.981046181331397,1,1,80,79,87,72,0.33254570104518,0.5853057224193838,0.3210001390266676,0.5809428933009333,0.0002284682941658,0.0010539234266823,0.0892204243848346,0.1060095108326469,/kaggle/input/datasets/hintrngia/locked-densenet-xai-inputs/D-P/DenseNet121/seed_3407/best_checkpoint.pt,E02_XAI_D_P_DenseNet121,D,P
E02_XAI_D_P_DenseNet121,D-P,DenseNet121,3407,5,normal,E-280031A047E47DC7EA750C62.jpeg,0,0.190036235841592,0.58251953125,0,1,0.880556505426406,0.8805565237998962,0.3791046142578125,2.3227269526916863,0.9044104399643916,0.9044104218482972,2.3856487258404653,1,1,79,80,175,120,0.4716764212143139,0.7425617992708542,0.5172261224013242,0.7565601930624224,0.0001334126425258,0.0014954820172823,-0.0237354909535213,0.074160537020874,/kaggle/input/datasets/hintrngia/locked-densenet-xai-inputs/D-P/DenseNet121/seed_3407/best_checkpoint.pt,E02_XAI_D_P_DenseNet121,D,P
E02_XAI_D_P_DenseNet121,D-P,DenseNet121,3407,6,normal,E-28020DB22FEE86C7B17E72DA.jpeg,0,0.3864149384674015,0.58251953125,0,1,0.7124546971043704,0.7124546766281128,0.3710174560546875,1.9202727135279465,0.626926300060248,0.6269263029098511,1.6897487970696448,1,1,79,80,73,67,0.4018038197383813,0.5347493838278059,0.3637401963724708,0.5814898262647106,0.0010045934574279,0.0057139229141423,-0.0264847204446765,0.030076274207288,/kaggle/input/datasets/hintrngia/locked-densenet-xai-inputs/D-P/DenseNet121/seed_3407/best_checkpoint.pt,E02_XAI_D_P_DenseNet121,D,P
E02_XAI_D_P_DenseNet121,D-P,DenseNet121,3407,7,normal,E-28234EA54B2F1B13D8D5995E.jpeg,0,0.2192898669472232,0.58251953125,0,1,0.8471484891712746,0.8471484780311584,0.3462677001953125,2.446513170860118,0.820823627726089,0.820823609828949,2.370488576506278,1,1,80,48,186,178,0.4807729412184957,0.5956274843937459,0.4496168092887647,0.6102894614278371,0.0013072904790401,0.0017933022428157,0.7284013393620835,0.7877487296065289,/kaggle/input/datasets/hintrngia/locked-densenet-xai-inputs/D-P/DenseNet121/seed_3407/best_checkpoint.pt,E02_XAI_D_P_DenseNet121,D,P
E02_XAI_D_P_DenseNet121,D-P,DenseNet121,3407,8,normal,E-28CAAFCB1AFEEA2D46764B17.jpeg,0,0.5430287526468992,0.58251953125,0,1,0.940720750305627,0.9407207369804382,0.38934326171875,2.416173189059005,0.9448123435150249,0.9448123574256896,2.42668215020382,1,1,79,175,92,178,0.1794022764776073,0.546558161766012,0.1671836544868019,0.5503267207919751,0.0015042455024779,0.0014182564751041,0.8022558471526358,0.906985008792241,/kaggle/input/datasets/hintrngia/locked-densenet-xai-inputs/D-P/DenseNet121/seed_3407/best_checkpoint.pt,E02_XAI_D_P_DenseNet121,D,P
E02_XAI_D_P_DenseNet121,D-P,DenseNet121,3407,9,normal,E-29AE82E82E5A6A48DC6D8B99.jpeg,0,0.1942924453303398,0.58251953125,0,1,0.7972169183884634,0.7972168922424316,0.3269195556640625,2.4385721336525714,0.7958205581381387,0.7958205342292786,2.434300868057925,1,1,80,80,83,78,0.6519385068607626,0.7383021151496392,0.6259008247977395,0.7661838312119532,0.0004856279686338,0.0022398705811177,-0.0678607942093531,-0.0187536209217527,/kaggle/input/datasets/hintrngia/locked-densenet-xai-inputs/D-P/DenseNet121/seed_3407/best_checkpoint.pt,E02_XAI_D_P_DenseNet121,D,P
E02_XAI_D_P_DenseNet121,D-P,DenseNet121,3407,10,normal,E-2B646E91E652E02CC65E6BA0.jpeg,0,0.0299133249300719,0.58251953125,0,1,0.7809701117513204,0.7809700965881348,0.2742767333984375,2.847380097008875,0.8040258670339908,0.8040258884429932,2.9314402905112447,1,1,80,80,175,83,0.8008945247952213,0.9090997350054258,0.7931917701941646,0.9226838945493476,0.0002896554632567,0.000786533396098,-0.1189524137518932,-0.0491994209616118,/kaggle/input/datasets/hintrngia/locked-densenet-xai-inputs/D-P/DenseNet121/seed_3407/best_checkpoint.pt,E02_XAI_D_P_DenseNet121,D,P
E02_XAI_D_P_DenseNet121,D-P,DenseNet121,3407,11,normal,E-2F227E134B6699426A9E9AB9.jpeg,0,0.5949424816377914,0.58251953125,1,0,0.7408246075859443,0.7408245801925659,0.3509368896484375,2.110990977118677,0.7209899426462929,0.7209899425506592,2.0544717979593656,1,1,207,207,197,212,0.5898830291966776,0.7398787884074477,0.5981768568748126,0.7561275895115328,0.0006553674991538,0.013517914949736,0.9329192337254022,0.9804694436730388,/kaggle/input/datasets/hintrngia/locked-densenet-xai-inputs/D-P/DenseNet121/seed_3407/best_checkpoint.pt,E02_XAI_D_P_DenseNet121,D,P
E02_XAI_D_P_DenseNet121,D-P,DenseNet121,3407,12,normal,E-2F5E9CF0C3839769BD6D37AD.jpeg,0,0.3643451398190497,0.58251953125,0,1,0.8354483153199846,0.8354483246803284,0.3790740966796875,2.203918238248622,0.82665644490352,0.8266564607620239,2.180725225343038,1,1,176,80,175,76,0.4472043178856819,0.594169045134481,0.4146670848443398,0.5764829716730284,7.833266576873221e-05,0.0004330366718415,0.557790264999415,0.6182334372964368,/kaggle/input/datasets/hintrngia/locked-densenet-xai-inputs/D-P/DenseNet121/seed_3407/best_checkpoint.pt,E02_XAI_D_P_DenseNet121,D,P
E02_XAI_D_P_DenseNet121,D-P,DenseNet121,3407,13,normal,E-306538194ADB5E9E447B7A10.jpeg,0,0.0982964526615073,0.58251953125,0,1,0.7309721869477117,0.730972170829773,0.2563934326171875,2.8509785897640443,0.7532632019168786,0.7532631754875183,2.937919252563504,1,1,80,48,79,49,0.5503763538127409,0.7439028893325768,0.6047087134617937,0.7891500470380324,0.0024454338630764,0.0059619770789556,0.7779911314739861,0.7880216977497116,/kaggle/input/datasets/hintrngia/locked-densenet-xai-inputs/D-P/DenseNet121/seed_3407/best_checkpoint.pt,E02_XAI_D_P_DenseNet121,D,P
E02_XAI_D_P_DenseNet121,D-P,DenseNet121,3407,14,normal,E-36FB7A78C2BFA1A3824C3EFA.jpeg,0,0.2965250801756691,0.58251953125,0,1,0.7915457560005892,0.7915457487106323,0.3275299072265625,2.416712912427422,0.8155734993591168,0.815573513507843,2.490073368460241,1,1,79,175,78,178,0.4169393978353665,0.5452597001881705,0.4239776838670941,0.5642569817219631,0.0002786319780067,0.0021955891502131,0.8669683618556123,0.8669926494801717,/kaggle/input/datasets/hintrngia/locked-densenet-xai-inputs/D-P/DenseNet121/seed_3407/best_checkpoint.pt,E02_XAI_D_P_DenseNet121,D,P
E02_XAI_D_P_DenseNet121,D-P,DenseNet121,3407,15,normal,E-3B865A0E9283DC8B3D382B5F.jpeg,0,0.9396486495646612,0.58251953125,1,0,0.698624653592105,0.6986246705055237,0.360931396484375,1.9356161874445,0.6627867445352503,0.6627867221832275,1.8363233317773808,1,1,207,207,209,214,0.9130177501317432,0.8393869559419282,0.8212920477378309,0.9126690787661798,0.000166274522743,0.0026062078318207,-0.014718328970277,-0.0213389311665621,/kaggle/input/datasets/hintrngia/locked-densenet-xai-inputs/D-P/DenseNet121/seed_3407/best_checkpoint.pt,E02_XAI_D_P_DenseNet121,D,P
E02_XAI_D_P_DenseNet121,D-P,DenseNet121,3407,16,normal,E-3D66EC3C4F2D4073FE577EEA.jpeg,0,0.1017328920676371,0.58251953125,0,1,0.7677068434720564,0.7677068710327148,0.2598114013671875,2.9548620246540604,0.7808480317101669,0.7808480262756348,3.00544174582472,1,1,80,80,198,180,0.4139155705515429,0.6626214342205488,0.4553905795857225,0.7024638358156604,0.0001922229672061,0.0011244840731945,-0.0194247305946791,0.0309264755071549,/kaggle/input/datasets/hintrngia/locked-densenet-xai-inputs/D-P/DenseNet121/seed_3407/best_checkpoint.pt,E02_XAI_D_P_DenseNet121,D,P
E02_XAI_D_P_DenseNet121,D-P,DenseNet121,3407,17,normal,E-40D9418B91304B06987F2A6E.jpeg,0,0.920243661041485,0.58251953125,1,0,0.7204247426231771,0.7204247713088989,0.3151092529296875,2.2862697173285813,0.7322040771936077,0.7322040796279907,2.323651464963453,1,1,207,207,207,221,0.7980848887540062,0.9120928592857144,0.8435636355413674,0.9427485145982544,0.0002180409978387,0.0123771584785097,0.9182567132142856,0.957871200220274,/kaggle/input/datasets/hintrngia/locked-densenet-xai-inputs/D-P/DenseNet121/seed_3407/best_checkpoint.pt,E02_XAI_D_P_DenseNet121,D,P
E02_XAI_D_P_DenseNet121,D-P,DenseNet121,3407,18,normal,E-44BF14DBF8A5FE52BF53ED2E.jpeg,0,0.2280452169904338,0.58251953125,0,1,0.7946801644923064,0.7946801781654358,0.32672119140625,2.4322884018385853,0.7918847385000366,0.79188472032547,2.423732403434448,1,1,79,175,79,179,0.3235033705861993,0.4858124005210321,0.2905829414816365,0.4935266385574995,0.0007791815738379,0.0009986353227515,0.8231215533224274,0.8651040953976573,/kaggle/input/datasets/hintrngia/locked-densenet-xai-inputs/D-P/DenseNet121/seed_3407/best_checkpoint.pt,E02_XAI_D_P_DenseNet121,D,P
E02_XAI_D_P_DenseNet121,D-P,DenseNet121,3407,19,normal,E-47080ACF9F207EB21662EAAE.jpeg,0,0.6580053015936889,0.58251953125,1,0,0.6866419580486793,0.6866419315338135,0.3899383544921875,1.7608987424252889,0.7138483536610059,0.713848352432251,1.8306697595589,1,1,48,207,42,215,0.7418179961850797,0.7205205036407307,0.714259390645528,0.7660566977169063,0.0044541460570448,0.0028197618801618,0.7722617940661662,0.9316473275481232,/kaggle/input/datasets/hintrngia/locked-densenet-xai-inputs/D-P/DenseNet121/seed_3407/best_checkpoint.pt,E02_XAI_D_P_DenseNet121,D,P
E02_XAI_D_P_DenseNet121,D-P,DenseNet121,3407,20,normal,E-4F18C9F59223CD9D0CA81789.jpeg,0,0.9290608764321984,0.58251953125,1,0,0.7424064073588087,0.74240642786026,0.305145263671875,2.4329606116945137,0.6885395696435783,0.6885395646095276,2.2564321050185794,1,0,80,48,75,37,0.8735038320799412,0.9465580463511674,0.915595863990792,0.9630935022725478,0.0002384175068449,0.0060550125148572,-0.0080554515383024,0.0858933988628151,/kaggle/input/datasets/hintrngia/locked-densenet-xai-inputs/D-P/DenseNet121/seed_3407/best_checkpoint.pt,E02_XAI_D_P_DenseNet121,D,P
E02_XAI_D_P_DenseNet121,D-P,DenseNet121,3407,21,normal,E-57BEC1C15CFD6C2BBAF49905.jpeg,0,0.2433610500454557,0.58251953125,0,1,0.815633342187291,0.8156333565711975,0.3210601806640625,2.5404375606476077,0.7591941319819819,0.7591941356658936,2.364647432801253,1,1,80,80,110,80,0.3581599165753601,0.7848894634885817,0.3127008681638832,0.8139230184704669,0.0008348616209223,6.003667719078898e-06,0.7981133875083891,0.7458677951527637,/kaggle/input/datasets/hintrngia/locked-densenet-xai-inputs/D-P/DenseNet121/seed_3407/best_checkpoint.pt,E02_XAI_D_P_DenseNet121,D,P
E02_XAI_D_P_DenseNet121,D-P,DenseNet121,3407,22,normal,E-5822F4C00AF6A5D69871506D.jpeg,0,0.2733598182155256,0.58251953125,0,1,0.8590669649009197,0.8590669631958008,0.414520263671875,2.072436597649513,0.8652419814438674,0.8652420043945312,2.087333376128444,1,1,80,48,85,106,0.4608706486417581,0.5408318889063288,0.4856759299488774,0.5710000356358197,0.0009912410778755,0.0005103881827744,-0.0854771644650033,-0.0507870562925301,/kaggle/input/datasets/hintrngia/locked-densenet-xai-inputs/D-P/DenseNet121/seed_3407/best_checkpoint.pt,E02_XAI_D_P_DenseNet121,D,P
E02_XAI_D_P_DenseNet121,D-P,DenseNet121,3407,23,normal,E-592EC4B388705AD74965EF2F.jpeg,0,0.2280070253166547,0.58251953125,0,1,0.6788292971440492,0.6788293123245239,0.3038330078125,2.234218401849759,0.622690759728542,0.622690737247467,2.049450664401854,1,1,80,79,87,79,0.5044776476227975,0.592854751505965,0.4878386795871759,0.6400047928947502,0.0025010535728324,0.0027025510354272,0.7349802563654424,0.68666283169616,/kaggle/input/datasets/hintrngia/locked-densenet-xai-inputs/D-P/DenseNet121/seed_3407/best_checkpoint.pt,E02_XAI_D_P_DenseNet121,D,P
E02_XAI_D_P_DenseNet121,D-P,DenseNet121,3407,24,normal,E-5EB53A5E9ABA53D43AB743A8.jpeg,0,0.1785082272598103,0.58251953125,0,1,0.7402867841381736,0.7402867674827576,0.2571563720703125,2.8787417483699844,0.6965443971447399,0.6965444087982178,2.708641405760261,1,1,80,80,71,81,0.4023525613007168,0.6830160625778381,0.4164296012463343,0.6807234596912981,0.0006098675582045,0.0007562303905257,0.2014227728797308,0.1591323102661937,/kaggle/input/datasets/hintrngia/locked-densenet-xai-inputs/D-P/DenseNet121/seed_3407/best_checkpoint.pt,E02_XAI_D_P_DenseNet121,D,P
E02_XAI_D_P_DenseNet121,D-P,DenseNet121,3407,25,normal,E-5FBF0EE47B9EC5825E465989.jpeg,0,0.2151263703235976,0.58251953125,0,1,0.8627841284171064,0.8627841472625732,0.329376220703125,2.619448746407092,0.885976682445808,0.8859766721725464,2.689862311719099,1,1,207,175,207,186,0.5173414052662129,0.6390694357136077,0.4956330285921707,0.6940799689480304,0.0012330695593056,0.0026229598493036,0.901941404294082,0.944082184270836,/kaggle/input/datasets/hintrngia/locked-densenet-xai-inputs/D-P/DenseNet121/seed_3407/best_checkpoint.pt,E02_XAI_D_P_DenseNet121,D,P
E02_XAI_D_P_DenseNet121,D-P,DenseNet121,3407,26,normal,E-67976418F9EE68ADAB32C212.jpeg,0,0.1734844157063176,0.58251953125,0,1,0.6302865455562514,0.6302865743637085,0.26171875,2.408259039737319,0.5524802807669086,0.5524802803993225,2.110969430989979,1,0,80,80,77,78,0.5269387030481061,0.7278863104871107,0.5495536369433427,0.7036783822019627,0.0019224222901805,0.0001898414639973,0.565224957170376,0.7691605493843804,/kaggle/input/datasets/hintrngia/locked-densenet-xai-inputs/D-P/DenseNet121/seed_3407/best_checkpoint.pt,E02_XAI_D_P_DenseNet121,D,P
E02_XAI_D_P_DenseNet121,D-P,DenseNet121,3407,27,normal,E-74019A53B16F834307F73E46.jpeg,0,0.3734974106240861,0.58251953125,0,1,0.866188504661023,0.8661885261535645,0.372467041015625,2.325544032833462,0.8500043367659132,0.8500043153762817,2.282092757652228,1,1,176,176,182,194,0.3923017365036488,0.4997546759716668,0.3791613812755864,0.5338654136272183,0.0005303743803698,0.0011088595344701,0.1458771693775116,0.2235473642473562,/kaggle/input/datasets/hintrngia/locked-densenet-xai-inputs/D-P/DenseNet121/seed_3407/best_checkpoint.pt,E02_XAI_D_P_DenseNet121,D,P
E02_XAI_D_P_DenseNet121,D-P,DenseNet121,3407,28,normal,E-778E5DF620CB9DE6A84B008B.jpeg,0,0.9355218864734808,0.58251953125,1,0,0.7677108058106221,0.76771080493927,0.3386688232421875,2.2668481806535223,0.7883586014092105,0.7883586287498474,2.327815692811625,1,1,207,207,220,205,0.8583053943981183,0.9280271668334362,0.8635687444105309,0.942235448488008,0.0011183316117483,0.0106661110921073,-0.1103207163711758,-0.0485984936149852,/kaggle/input/datasets/hintrngia/locked-densenet-xai-inputs/D-P/DenseNet121/seed_3407/best_checkpoint.pt,E02_XAI_D_P_DenseNet121,D,P
E02_XAI_D_P_DenseNet121,D-P,DenseNet121,3407,29,normal,E-77C42172A076E16EE5474210.jpeg,0,0.393620032209108,0.58251953125,0,1,0.906157246972554,0.9061572551727296,0.39276123046875,2.307145351110851,0.9155079646354618,0.915507972240448,2.330952990301073,1,1,80,175,81,177,0.3160458133563483,0.6115113527645004,0.2797487005949508,0.6209402697683256,0.0010085324943006,0.0017895108382156,0.2865387881815638,0.3025457935550795,/kaggle/input/datasets/hintrngia/locked-densenet-xai-inputs/D-P/DenseNet121/seed_3407/best_checkpoint.pt,E02_XAI_D_P_DenseNet121,D,P
E02_XAI_D_P_DenseNet121,D-P,DenseNet121,3407,30,normal,E-7B1FB0C84C51C5CD8EDBCCFD.jpeg,0,0.9922621848764372,0.58251953125,1,0,0.7889556088736676,0.7889556288719177,0.388427734375,2.031151586390033,0.7476508348726202,0.7476508617401123,1.9248132115890964,1,1,207,207,209,217,0.9664997885456308,0.9527868733220236,0.936005258231247,0.977557189855011,1.2920670616423102e-05,0.0026662706375647,-0.0782838874155258,-0.0413768493900547,/kaggle/input/datasets/hintrngia/locked-densenet-xai-inputs/D-P/DenseNet121/seed_3407/best_checkpoint.pt,E02_XAI_D_P_DenseNet121,D,P
E02_XAI_D_P_DenseNet121,D-P,DenseNet121,3407,31,normal,E-7B7A8A9BEAA512F9DC3E0865.jpeg,0,0.3528443226802412,0.58251953125,0,1,0.9074294393475464,0.9074294567108154,0.356475830078125,2.545556704780447,0.9336794081944204,0.9336794018745422,2.619194148421776,1,1,79,80,178,79,0.2765159829094636,0.6639660834459166,0.2785206527221787,0.6736441094023617,0.0008239242288653,0.0003106038149776,-0.1469403595793898,-0.0595418346517399,/kaggle/input/datasets/hintrngia/locked-densenet-xai-inputs/D-P/DenseNet121/seed_3407/best_checkpoint.pt,E02_XAI_D_P_DenseNet121,D,P
E02_XAI_D_P_DenseNet121,D-P,DenseNet121,3407,32,normal,E-82FCB2C3D1996A8155B45525.jpeg,0,0.0939439602342948,0.58251953125,0,1,0.7535201698737869,0.7535201907157898,0.2450714111328125,3.0746963360219475,0.7194586629219872,0.7194586396217346,2.9357102878560086,1,1,80,80,178,183,0.3586885514079068,0.7403255423610124,0.3358044453943529,0.7527208877067824,0.0006721805670056,0.0026991578760294,0.2823786419646503,0.202871448608323,/kaggle/input/datasets/hintrngia/locked-densenet-xai-inputs/D-P/DenseNet121/seed_3407/best_checkpoint.pt,E02_XAI_D_P_DenseNet121,D,P
E02_XAI_D_P_DenseNet121,D-P,DenseNet121,3407,33,normal,E-843CBB869621D4078F498542.jpeg,0,0.5129937044776895,0.58251953125,0,1,0.75383249212858,0.7538325190544128,0.3597412109375,2.0954855023811763,0.8011069314784368,0.8011069297790527,2.2268978563526822,1,1,79,144,79,160,0.398265801854163,0.4343571047779018,0.3860533365031011,0.4539392564520367,0.0017359102599974,0.0005478446792671,0.7585313888067962,0.9214979595997748,/kaggle/input/datasets/hintrngia/locked-densenet-xai-inputs/D-P/DenseNet121/seed_3407/best_checkpoint.pt,E02_XAI_D_P_DenseNet121,D,P
E02_XAI_D_P_DenseNet121,D-P,DenseNet121,3407,34,normal,E-845A5BC2008587BFFF60937F.jpeg,0,0.6773139076715003,0.58251953125,1,0,0.622327306505437,0.6223273277282715,0.3625030517578125,1.7167505307547384,0.7279014026280415,0.7279013991355896,2.007986964794853,1,1,48,207,59,211,0.7305522241143056,0.6369083980968704,0.7665716497468611,0.7060778733144955,0.0017877933584994,0.0053745269282065,0.6670738785590223,0.8795520366580075,/kaggle/input/datasets/hintrngia/locked-densenet-xai-inputs/D-P/DenseNet121/seed_3407/best_checkpoint.pt,E02_XAI_D_P_DenseNet121,D,P
E02_XAI_D_P_DenseNet121,D-P,DenseNet121,3407,35,normal,E-8BB569A271B438E1FF7419AA.jpeg,0,0.3108075574312096,0.58251953125,0,1,0.6778930264509855,0.6778930425643921,0.3291015625,2.059829255447505,0.5656636217355965,0.5656636357307434,1.7188117170838302,1,1,80,79,79,58,0.458025605510453,0.5162364495538562,0.5317456985760104,0.5267071747933147,0.0023133445484729,0.0008312246809867,-0.0501518556896294,0.0026370749858466,/kaggle/input/datasets/hintrngia/locked-densenet-xai-inputs/D-P/DenseNet121/seed_3407/best_checkpoint.pt,E02_XAI_D_P_DenseNet121,D,P
E02_XAI_D_P_DenseNet121,D-P,DenseNet121,3407,36,normal,E-8E65534102472D38A215B619.jpeg,0,0.8453878333354755,0.58251953125,1,0,0.7044247174524354,0.7044247388839722,0.4018096923828125,1.7531302275837468,0.64123645163323,0.641236424446106,1.5958710399208351,1,1,207,207,207,224,0.6604910361369034,0.8066176035510018,0.6285824950512306,0.8605988932299834,0.0006292177991923,0.0024519554442944,0.5273347440144602,0.5293564723518727,/kaggle/input/datasets/hintrngia/locked-densenet-xai-inputs/D-P/DenseNet121/seed_3407/best_checkpoint.pt,E02_XAI_D_P_DenseNet121,D,P
E02_XAI_D_P_DenseNet121,D-P,DenseNet121,3407,37,normal,E-91CCC5E035FBDB0CCBB30E2A.jpeg,0,0.2544912811245841,0.58251953125,0,1,0.8767092431851008,0.8767092227935791,0.4178619384765625,2.098083511461704,0.8781350268944248,0.8781350255012512,2.10149560425609,1,1,207,176,185,175,0.4775504174892339,0.7342284643066248,0.5391879740789177,0.7478605674871603,0.0007092241377858,0.0017463336384985,0.951534047879491,0.9592344969510832,/kaggle/input/datasets/hintrngia/locked-densenet-xai-inputs/D-P/DenseNet121/seed_3407/best_checkpoint.pt,E02_XAI_D_P_DenseNet121,D,P
E02_XAI_D_P_DenseNet121,D-P,DenseNet121,3407,38,normal,E-91CD2D4F539A3D56107014E7.jpeg,0,0.6636226591462873,0.58251953125,1,0,0.7894826675880413,0.7894826531410217,0.376434326171875,2.097265346698414,0.8234015375677575,0.8234015107154846,2.1873710241605413,1,1,207,207,208,218,0.7529136034548145,0.7220184936778697,0.7245175568882829,0.7306327131487437,0.0021750511249873,0.0053009774163487,0.5539910522166319,0.4205954235342625,/kaggle/input/datasets/hintrngia/locked-densenet-xai-inputs/D-P/DenseNet121/seed_3407/best_checkpoint.pt,E02_XAI_D_P_DenseNet121,D,P
E02_XAI_D_P_DenseNet121,D-P,DenseNet121,3407,39,normal,E-93DEE19500CF7BC746908FEA.jpeg,0,0.2756898073810266,0.58251953125,0,1,0.8740544886614787,0.874054491519928,0.3555908203125,2.458034456270111,0.8728894144524995,0.8728893995285034,2.454758010022271,1,1,176,175,187,183,0.3129959199867306,0.6953663561792451,0.2935495055075316,0.7136319232065758,0.0015089040722919,0.0010248520958743,0.0568263507371046,0.0537698797586057,/kaggle/input/datasets/hintrngia/locked-densenet-xai-inputs/D-P/DenseNet121/seed_3407/best_checkpoint.pt,E02_XAI_D_P_DenseNet121,D,P
E02_XAI_D_P_DenseNet121,D-P,DenseNet121,3407,40,normal,E-9A48264C99FDAC90E29908DD.jpeg,0,0.9428594850558012,0.58251953125,1,0,0.6999258886547138,0.6999258995056152,0.3754425048828125,1.8642691745123077,0.666610261786271,0.6666102409362793,1.775532213632394,1,1,207,207,207,217,0.8610402912323812,0.8389187078450772,0.7389333433302527,0.9118921891821712,0.0018263240940902,0.0039364613685533,0.3337350359600707,0.343744118117899,/kaggle/input/datasets/hintrngia/locked-densenet-xai-inputs/D-P/DenseNet121/seed_3407/best_checkpoint.pt,E02_XAI_D_P_DenseNet121,D,P
E02_XAI_D_P_DenseNet121,D-P,DenseNet121,3407,41,normal,E-A5B76F5465A7745EBBAE1D8D.jpeg,0,0.3886208024044855,0.58251953125,0,1,0.9270879549810568,0.9270879626274108,0.36846923828125,2.5160525185372924,0.924892390005854,0.9248923659324646,2.5100939072148267,1,1,79,175,179,186,0.2734977028870988,0.5656651051580417,0.2693090904036836,0.5670406354844908,0.0006172620849069,0.0011058149378688,0.4763473895139433,0.7245443326079278,/kaggle/input/datasets/hintrngia/locked-densenet-xai-inputs/D-P/DenseNet121/seed_3407/best_checkpoint.pt,E02_XAI_D_P_DenseNet121,D,P
E02_XAI_D_P_DenseNet121,D-P,DenseNet121,3407,42,normal,E-A92185A886C303721C499620.jpeg,0,0.859106083630402,0.58251953125,1,0,0.8483089446887154,0.8483089208602905,0.4248199462890625,1.9968670306066467,0.8372506645281719,0.8372506499290466,1.970836519899367,1,1,207,207,201,228,0.7916526617570184,0.8042465613087515,0.8204875206510742,0.8603301810422792,0.0004316192881791,0.0015461326015313,0.1949574831765889,0.3350132639857021,/kaggle/input/datasets/hintrngia/locked-densenet-xai-inputs/D-P/DenseNet121/seed_3407/best_checkpoint.pt,E02_XAI_D_P_DenseNet121,D,P
E02_XAI_D_P_DenseNet121,D-P,DenseNet121,3407,43,normal,E-B1906A980682154F21AC8637.jpeg,0,0.1641461764515587,0.58251953125,0,1,0.8531783980333139,0.8531783819198608,0.37506103515625,2.27477215189224,0.8447543292163147,0.8447543382644653,2.252311624065109,1,1,176,175,194,177,0.5011007952609322,0.6030125864870204,0.5859224041204394,0.6443504972411973,0.0003270665128657,0.0001383641008013,0.1611377104140239,0.1564147387605195,/kaggle/input/datasets/hintrngia/locked-densenet-xai-inputs/D-P/DenseNet121/seed_3407/best_checkpoint.pt,E02_XAI_D_P_DenseNet121,D,P
E02_XAI_D_P_DenseNet121,D-P,DenseNet121,3407,44,normal,E-B701F1D8C0C0617522833A87.jpeg,0,0.0919205365262693,0.58251953125,0,1,0.7756259133570795,0.7756258845329285,0.2968597412109375,2.6127689466856627,0.7401764849866819,0.7401764988899231,2.493354208177188,1,0,176,175,74,50,0.5211237090982848,0.5990481312828934,0.5488753293771762,0.671387007544672,0.0013946894221922,0.004402035940487,-0.0482695492586571,0.0985138518843352,/kaggle/input/datasets/hintrngia/locked-densenet-xai-inputs/D-P/DenseNet121/seed_3407/best_checkpoint.pt,E02_XAI_D_P_DenseNet121,D,P
E02_XAI_D_P_DenseNet121,D-P,DenseNet121,3407,45,normal,E-B80945974BB38152A2ADE2AF.jpeg,0,0.0311555517219598,0.58251953125,0,1,0.7906336588577647,0.7906336784362793,0.287933349609375,2.7458912277107825,0.7877791177341041,0.7877790927886963,2.73597733226403,1,1,80,80,106,82,0.6530703480069908,0.8703138629743195,0.6956331344411744,0.8825264591802271,0.0003970914133368,0.0008075687851402,0.9449705860039772,0.9270601812341748,/kaggle/input/datasets/hintrngia/locked-densenet-xai-inputs/D-P/DenseNet121/seed_3407/best_checkpoint.pt,E02_XAI_D_P_DenseNet121,D,P
E02_XAI_D_P_DenseNet121,D-P,DenseNet121,3407,46,normal,E-BB74E7A26CC5772AE8204932.jpeg,0,0.7738534192790228,0.58251953125,1,0,0.7035309275020795,0.7035309076309204,0.396759033203125,1.7731944798391,0.7559762055568962,0.7559762001037598,1.9053786865386029,1,1,48,207,42,208,0.6971162543036816,0.704558930629149,0.5984592093417607,0.8050913555229882,0.0018651116901796,0.0019750674628045,-0.0312112161564637,0.2428534597670266,/kaggle/input/datasets/hintrngia/locked-densenet-xai-inputs/D-P/DenseNet121/seed_3407/best_checkpoint.pt,E02_XAI_D_P_DenseNet121,D,P
E02_XAI_D_P_DenseNet121,D-P,DenseNet121,3407,47,normal,E-BB96C349B18A4710DE07EC01.jpeg,0,0.183450240236248,0.58251953125,0,1,0.8871190242782326,0.8871189951896667,0.3329010009765625,2.664813327913932,0.8635020347839704,0.863502025604248,2.593870346592212,1,1,79,80,83,48,0.4092617422794916,0.7055798458039346,0.4242722133475834,0.7251007629756406,0.0005543724682942,0.004472088700997,0.0304779832296025,0.0394003851522185,/kaggle/input/datasets/hintrngia/locked-densenet-xai-inputs/D-P/DenseNet121/seed_3407/best_checkpoint.pt,E02_XAI_D_P_DenseNet121,D,P
E02_XAI_D_P_DenseNet121,D-P,DenseNet121,3407,48,normal,E-BCDF7BD5461E233F18CDF83C.jpeg,0,0.1107476813973031,0.58251953125,0,1,0.798933476593436,0.7989335060119629,0.2940521240234375,2.7169791044588982,0.7315743244140925,0.731574296951294,2.4879069547403856,1,0,80,80,74,69,0.5715384320689432,0.817535972860784,0.5094204647562446,0.8568481386525624,0.0004075327461559,0.0055020329027725,-0.0366196616891776,0.0210988135977487,/kaggle/input/datasets/hintrngia/locked-densenet-xai-inputs/D-P/DenseNet121/seed_3407/best_checkpoint.pt,E02_XAI_D_P_DenseNet121,D,P
E02_XAI_D_P_DenseNet121,D-P,DenseNet121,3407,49,normal,E-BF6060CF2B5D86362B50F1EF.jpeg,0,0.1547659563730919,0.58251953125,0,1,0.8363575496428414,0.8363575339317322,0.3540191650390625,2.362464047816613,0.8345584141512846,0.8345584273338318,2.357382019301693,1,1,175,175,177,188,0.4412136562103449,0.6569455915738256,0.4470528011022792,0.7280557853153085,0.0024156859910806,0.0016536799390823,0.754138858091511,0.8920966266464109,/kaggle/input/datasets/hintrngia/locked-densenet-xai-inputs/D-P/DenseNet121/seed_3407/best_checkpoint.pt,E02_XAI_D_P_DenseNet121,D,P
E02_XAI_D_P_DenseNet121,D-P,DenseNet121,3407,50,normal,E-C7B56CF9C42EB131FD94EA3C.jpeg,0,0.9602859703686668,0.58251953125,1,0,0.5806278751667613,0.5806278586387634,0.32830810546875,1.768545660296006,0.2851128223395336,0.2851128280162811,0.8684306527627662,1,0,207,207,242,250,0.882645647624051,0.926104342083464,0.8075194347889307,0.9502344058935792,0.0005333762222146,0.0027043804837718,0.7207595763413517,0.1576606662732566,/kaggle/input/datasets/hintrngia/locked-densenet-xai-inputs/D-P/DenseNet121/seed_3407/best_checkpoint.pt,E02_XAI_D_P_DenseNet121,D,P
E02_XAI_D_P_DenseNet121,D-P,DenseNet121,3407,51,normal,E-D31B79C24E008C43E1511E9D.jpeg,0,0.0359007427747256,0.58251953125,0,1,0.7885686052777464,0.7885686159133911,0.29034423828125,2.7159781435506827,0.7731468816267607,0.7731468677520752,2.6628628355208845,1,1,80,80,175,71,0.725245747786781,0.8452348746264432,0.7551931212390067,0.8806693050584684,0.0004708992541599,0.0002660036273781,0.91317961014547,0.8932955334885324,/kaggle/input/datasets/hintrngia/locked-densenet-xai-inputs/D-P/DenseNet121/seed_3407/best_checkpoint.pt,E02_XAI_D_P_DenseNet121,D,P
E02_XAI_D_P_DenseNet121,D-P,DenseNet121,3407,52,normal,E-E13640D767DD410F37B990A9.jpeg,0,0.1040268262868276,0.58251953125,0,1,0.8387899462969397,0.8387899398803711,0.3385162353515625,2.477842592766114,0.8611600251462822,0.8611600399017334,2.54392532828428,1,1,176,175,183,163,0.5414273717469372,0.7526502478260175,0.5641774581102983,0.8252309242725157,0.0001888859643214,0.001674951244512,0.6048467275447668,0.7481170329889295,/kaggle/input/datasets/hintrngia/locked-densenet-xai-inputs/D-P/DenseNet121/seed_3407/best_checkpoint.pt,E02_XAI_D_P_DenseNet121,D,P
E02_XAI_D_P_DenseNet121,D-P,DenseNet121,3407,53,normal,E-E2352C479C37BA410D3419C8.jpeg,0,0.4299200412539061,0.58251953125,0,1,0.9338941050310048,0.9338940978050232,0.460540771484375,2.0278206900573825,0.9473878243632382,0.9473878145217896,2.0571204180461597,1,1,207,175,61,169,0.3284108141988874,0.6345082700042934,0.3093567822086039,0.6469444555908185,0.0035944484569675,0.0030610401358653,0.7725766086716901,0.7734531591086166,/kaggle/input/datasets/hintrngia/locked-densenet-xai-inputs/D-P/DenseNet121/seed_3407/best_checkpoint.pt,E02_XAI_D_P_DenseNet121,D,P
E02_XAI_D_P_DenseNet121,D-P,DenseNet121,3407,54,normal,E-E249A212D4F7D1C6D4206FBF.jpeg,0,0.3452529561421839,0.58251953125,0,1,0.9000294514981008,0.9000294804573059,0.44427490234375,2.0258390621438225,0.9135127942770354,0.9135127663612366,2.056188160658737,1,1,79,176,91,194,0.4595005273781183,0.4995560402390908,0.4928553184812762,0.5408091076869606,0.0038504068851075,0.0043235560550639,0.5547731434719619,0.5097693940624003,/kaggle/input/datasets/hintrngia/locked-densenet-xai-inputs/D-P/DenseNet121/seed_3407/best_checkpoint.pt,E02_XAI_D_P_DenseNet121,D,P
E02_XAI_D_P_DenseNet121,D-P,DenseNet121,3407,55,normal,E-E2DD25AE8644A21D4C1655DA.jpeg,0,0.3212517046420144,0.58251953125,0,1,0.7887790213420421,0.7887790203094482,0.3409881591796875,2.3132152836028137,0.7946312843995849,0.79463130235672,2.330377941308059,1,1,176,176,84,81,0.3781902076083267,0.5272778434753429,0.3092554008816081,0.5738352718226002,0.0027708359681861,0.0030103936489874,0.8722440794970007,0.901467249197612,/kaggle/input/datasets/hintrngia/locked-densenet-xai-inputs/D-P/DenseNet121/seed_3407/best_checkpoint.pt,E02_XAI_D_P_DenseNet121,D,P
E02_XAI_D_P_DenseNet121,D-P,DenseNet121,3407,56,normal,E-E35138A3EAFB63D43C970EAE.jpeg,0,0.6472376214200143,0.58251953125,1,0,0.6984605534525787,0.698460578918457,0.4013519287109375,1.740269582597734,0.6876786340797808,0.6876786351203918,1.7134055797077334,1,1,207,207,208,210,0.6406084846526261,0.7163545028049239,0.617377732916015,0.7216698068043041,0.0030389426714185,0.0010103311087685,0.2335749767310247,0.0267044574417044,/kaggle/input/datasets/hintrngia/locked-densenet-xai-inputs/D-P/DenseNet121/seed_3407/best_checkpoint.pt,E02_XAI_D_P_DenseNet121,D,P
E02_XAI_D_P_DenseNet121,D-P,DenseNet121,3407,57,normal,E-EACE2F51FB2EF2E191B9BC55.jpeg,0,0.7171785695779557,0.58251953125,1,0,0.7758399734872693,0.7758399844169617,0.4419708251953125,1.7554099258574722,0.8024129229139529,0.8024129271507263,1.8155336894903784,1,1,207,207,203,211,0.7217810254705472,0.7405110467847085,0.708910172175529,0.8048385705281871,0.0018630553840678,0.0006328025626648,-0.1049823887237568,-0.0550432569155868,/kaggle/input/datasets/hintrngia/locked-densenet-xai-inputs/D-P/DenseNet121/seed_3407/best_checkpoint.pt,E02_XAI_D_P_DenseNet121,D,P
E02_XAI_D_P_DenseNet121,D-P,DenseNet121,3407,58,normal,E-ED70ACD6E494856AB99B813B.jpeg,0,0.9685027071182404,0.58251953125,1,0,0.6645350699618779,0.6645350456237793,0.3370513916015625,1.9716134883888647,0.6559381293781962,0.6559381484985352,1.946107168587508,1,1,207,207,204,216,0.9343840945819996,0.8984533068813763,0.8469913407862387,0.9547241317101692,0.0006080761001325,0.0046085216376066,0.0885246758624316,0.0183112529008144,/kaggle/input/datasets/hintrngia/locked-densenet-xai-inputs/D-P/DenseNet121/seed_3407/best_checkpoint.pt,E02_XAI_D_P_DenseNet121,D,P
E02_XAI_D_P_DenseNet121,D-P,DenseNet121,3407,59,normal,E-EE1CB872F9ABCF62B8C9A410.jpeg,0,0.1108706123899028,0.58251953125,0,1,0.7673234964483429,0.7673234939575195,0.260040283203125,2.9507870357492427,0.8215774717450262,0.8215774893760681,3.159423846278725,1,1,175,175,171,175,0.3791604655226635,0.7685628933026507,0.3688820559955382,0.7696112751221855,0.0005237095173376,0.0001546096160929,0.005810572083067,0.1242390459314189,/kaggle/input/datasets/hintrngia/locked-densenet-xai-inputs/D-P/DenseNet121/seed_3407/best_checkpoint.pt,E02_XAI_D_P_DenseNet121,D,P
E02_XAI_D_P_DenseNet121,D-P,DenseNet121,3407,60,normal,E-EFAD2710B0F9E9CA19CFEDAD.jpeg,0,0.6131562742737385,0.58251953125,1,0,0.7070261366746964,0.7070261240005493,0.36236572265625,1.9511396704191049,0.7571290089243473,0.7571290135383606,2.0894057069591554,1,1,48,207,38,171,0.5492795709897323,0.7998118887006715,0.5759079895144336,0.8369335007082016,0.0018691458324513,0.0008809439840508,-0.0467740493037866,0.2601437859856303,/kaggle/input/datasets/hintrngia/locked-densenet-xai-inputs/D-P/DenseNet121/seed_3407/best_checkpoint.pt,E02_XAI_D_P_DenseNet121,D,P
E02_XAI_D_P_DenseNet121,D-P,DenseNet121,3407,61,normal,E-F32C5A7DA665488BF8EB2294.jpeg,0,0.5274742076431735,0.58251953125,0,1,0.8643634354358986,0.864363431930542,0.3988037109375,2.16739065292038,0.9003013533610802,0.9003013372421265,2.2575049546170702,1,1,79,175,81,173,0.3122558666425664,0.4722154317206524,0.2914114688774059,0.484558481932011,0.0029821806501547,0.0026627442655362,0.415443691394001,0.7908993136509676,/kaggle/input/datasets/hintrngia/locked-densenet-xai-inputs/D-P/DenseNet121/seed_3407/best_checkpoint.pt,E02_XAI_D_P_DenseNet121,D,P
E02_XAI_D_P_DenseNet121,D-P,DenseNet121,3407,62,normal,E-F57AB9616B464FB4687D409D.jpeg,0,0.451474271746639,0.58251953125,0,1,0.9110693593759012,0.9110693335533142,0.43695068359375,2.0850622131603243,0.9224090131717312,0.9224089980125428,2.11101400639833,1,1,79,176,78,174,0.3189848916810101,0.4665665583135072,0.313616784574052,0.4801985701203807,0.0010513742402336,0.0019548244967806,0.1068538384591229,0.208403205353452,/kaggle/input/datasets/hintrngia/locked-densenet-xai-inputs/D-P/DenseNet121/seed_3407/best_checkpoint.pt,E02_XAI_D_P_DenseNet121,D,P
E02_XAI_D_P_DenseNet121,D-P,DenseNet121,3407,63,normal,E-F803B5977A560D3CAEE3206F.jpeg,0,0.2658453860881551,0.58251953125,0,1,0.8547626313087191,0.854762613773346,0.3428192138671875,2.4933335027127885,0.8679175685164143,0.8679175972938538,2.531706314607724,1,1,79,175,79,171,0.5095316402060326,0.6151675607123422,0.5142081137422145,0.6250880996999613,0.0006922440149146,0.0005257851510002,0.859143460789221,0.8485960758583332,/kaggle/input/datasets/hintrngia/locked-densenet-xai-inputs/D-P/DenseNet121/seed_3407/best_checkpoint.pt,E02_XAI_D_P_DenseNet121,D,P
E02_XAI_D_P_DenseNet121,D-P,DenseNet121,3407,64,pneumonia,E-018B83433C4DD934AA5C8B2B.jpeg,1,0.9948923126744664,0.58251953125,1,1,0.8330689156910737,0.8330689072608948,0.3726043701171875,2.235800174402318,0.8379703427983779,0.8379703164100647,2.2489546822406523,1,1,207,207,210,192,0.9805913022348764,0.9834258828446572,0.9827876235418536,0.9923774954203082,0.0006735202480216,7.219767206123606e-05,0.9625786425263552,0.9522044984132114,/kaggle/input/datasets/hintrngia/locked-densenet-xai-inputs/D-P/DenseNet121/seed_3407/best_checkpoint.pt,E02_XAI_D_P_DenseNet121,D,P
E02_XAI_D_P_DenseNet121,D-P,DenseNet121,3407,65,pneumonia,E-01E4EA18817F6CBD784D8ACE.jpeg,1,0.9917899028576002,0.58251953125,1,1,0.7703975219750262,0.7703975439071655,0.355072021484375,2.169693682860134,0.7535146275937067,0.7535146474838257,2.1221458802742226,1,1,80,48,82,43,0.9449589917535336,0.9794909075832632,0.9418184160555532,0.9896157463310392,6.500648612783877e-05,0.0118548508852402,0.9487643223064294,0.981768725218784,/kaggle/input/datasets/hintrngia/locked-densenet-xai-inputs/D-P/DenseNet121/seed_3407/best_checkpoint.pt,E02_XAI_D_P_DenseNet121,D,P
E02_XAI_D_P_DenseNet121,D-P,DenseNet121,3407,66,pneumonia,E-0981A556ADE7F427711A3360.jpeg,1,0.9755042223320136,0.58251953125,1,1,0.7364198608248232,0.7364198565483093,0.315826416015625,2.3317234514936525,0.751594950064651,0.7515949606895447,2.3797722798065983,1,1,48,207,49,210,0.9248414938364722,0.9437591223761794,0.8690148960045523,0.9702452516630408,0.0003100283512752,0.0004906450211205,-0.005976548630268,0.0205519766348113,/kaggle/input/datasets/hintrngia/locked-densenet-xai-inputs/D-P/DenseNet121/seed_3407/best_checkpoint.pt,E02_XAI_D_P_DenseNet121,D,P
E02_XAI_D_P_DenseNet121,D-P,DenseNet121,3407,67,pneumonia,E-0B7E667233F7AB135F8A84DD.jpeg,1,0.9954065004980958,0.58251953125,1,1,0.7845558893808652,0.7845559120178223,0.3825225830078125,2.051005415711212,0.79150392720002,0.79150390625,2.0691691480705456,1,1,176,207,203,203,0.981842396863533,0.978406518398102,0.9744981354200236,0.9885606609033516,0.0006678628766221,0.0018630419505022,0.8077698218417146,0.8020250034068612,/kaggle/input/datasets/hintrngia/locked-densenet-xai-inputs/D-P/DenseNet121/seed_3407/best_checkpoint.pt,E02_XAI_D_P_DenseNet121,D,P
E02_XAI_D_P_DenseNet121,D-P,DenseNet121,3407,68,pneumonia,E-122745006C7E29B76E58625B.jpeg,1,0.995192558914438,0.58251953125,1,1,0.7290425809378186,0.7290425896644592,0.3352813720703125,2.17442017859832,0.7196283220075034,0.7196283340454102,2.146341496886349,1,1,80,48,49,165,0.9478977762569524,0.980598264569742,0.9394206772095766,0.9861449687948968,0.0002903656249946,0.0064506083998187,-0.1331911001434424,-0.0135533298609991,/kaggle/input/datasets/hintrngia/locked-densenet-xai-inputs/D-P/DenseNet121/seed_3407/best_checkpoint.pt,E02_XAI_D_P_DenseNet121,D,P
E02_XAI_D_P_DenseNet121,D-P,DenseNet121,3407,69,pneumonia,E-1265B89238C345234A9C993B.jpeg,1,0.9540184720731236,0.58251953125,1,1,0.7878275274122173,0.7878275513648987,0.3254241943359375,2.420924876282978,0.7413338220332928,0.7413338422775269,2.2780537985077074,1,1,80,48,75,51,0.9185133107724536,0.935218591022172,0.9220943574721918,0.9618081516649172,0.0003443222776147,0.0019070205178441,0.2591336649467029,0.2475873641291326,/kaggle/input/datasets/hintrngia/locked-densenet-xai-inputs/D-P/DenseNet121/seed_3407/best_checkpoint.pt,E02_XAI_D_P_DenseNet121,D,P
E02_XAI_D_P_DenseNet121,D-P,DenseNet121,3407,70,pneumonia,E-1777E855F7110F5A72B38BC0.jpeg,1,0.9885036429478112,0.58251953125,1,1,0.7358907531553258,0.7358907461166382,0.3238525390625,2.272301941141511,0.7613473859582718,0.7613474130630493,2.3509075709650067,1,1,80,80,79,85,0.977127707381748,0.961533879141126,0.96945875863277,0.9794867691128856,3.279900351094156e-06,0.00355137722121,0.3920655588677779,0.4813886110166611,/kaggle/input/datasets/hintrngia/locked-densenet-xai-inputs/D-P/DenseNet121/seed_3407/best_checkpoint.pt,E02_XAI_D_P_DenseNet121,D,P
E02_XAI_D_P_DenseNet121,D-P,DenseNet121,3407,71,pneumonia,E-198E88DB173F06A1227B639B.jpeg,1,0.9849441676814708,0.58251953125,1,1,0.6693384614195221,0.6693384647369385,0.256744384765625,2.607022786615345,0.7102948787498987,0.7102949023246765,2.766544940791237,1,1,80,79,83,62,0.9470949024675676,0.9750931805338908,0.9547654985918518,0.981401419599496,0.0002734836060231,0.0001411272884505,0.2635531826765312,0.4086912558838823,/kaggle/input/datasets/hintrngia/locked-densenet-xai-inputs/D-P/DenseNet121/seed_3407/best_checkpoint.pt,E02_XAI_D_P_DenseNet121,D,P
E02_XAI_D_P_DenseNet121,D-P,DenseNet121,3407,72,pneumonia,E-1A06E979246F3D9634B22BF8.jpeg,1,0.9982075761981096,0.58251953125,1,1,0.7338547940882533,0.7338547706604004,0.303802490234375,2.415565433720129,0.6973154880254891,0.697315514087677,2.2952922060893246,1,1,80,79,75,54,0.9858745938846788,0.9874079062635024,0.9838464674713868,0.9938375877858928,0.0005483463745685,0.0019721729946217,0.9780364548508412,0.971180993790978,/kaggle/input/datasets/hintrngia/locked-densenet-xai-inputs/D-P/DenseNet121/seed_3407/best_checkpoint.pt,E02_XAI_D_P_DenseNet121,D,P
E02_XAI_D_P_DenseNet121,D-P,DenseNet121,3407,73,pneumonia,E-220D81ED5B8FE3B14418B9F7.jpeg,1,0.9653087623896676,0.58251953125,1,1,0.6438380904661755,0.643838107585907,0.2836456298828125,2.269867830264741,0.7320247047637893,0.7320247292518616,2.5807720184732745,1,0,48,175,47,147,0.8853630287751368,0.9396150644312375,0.8203482282385745,0.9621753634812158,5.970501622576396e-05,0.0001325199773138,0.8583748810295031,0.9274673954762392,/kaggle/input/datasets/hintrngia/locked-densenet-xai-inputs/D-P/DenseNet121/seed_3407/best_checkpoint.pt,E02_XAI_D_P_DenseNet121,D,P
E02_XAI_D_P_DenseNet121,D-P,DenseNet121,3407,74,pneumonia,E-227257A6740CF45FAF02E456.jpeg,1,0.9054062762929372,0.58251953125,1,1,0.7497519098003338,0.7497519254684448,0.381500244140625,1.9652724246330164,0.7588067503224286,0.7588067650794983,1.9890072469854685,1,1,207,207,206,210,0.8589327489194754,0.7841739943493247,0.7338992453565948,0.8563400697194153,0.0023216306343369,0.001013424271324,-0.0040554826607016,-0.0262121969532006,/kaggle/input/datasets/hintrngia/locked-densenet-xai-inputs/D-P/DenseNet121/seed_3407/best_checkpoint.pt,E02_XAI_D_P_DenseNet121,D,P
E02_XAI_D_P_DenseNet121,D-P,DenseNet121,3407,75,pneumonia,E-2C0709EBA6450DCFB3BBB340.jpeg,1,0.988361692769176,0.58251953125,1,1,0.7750982995301783,0.7750983238220215,0.3762359619140625,2.060138790526413,0.8307575809367405,0.8307575583457947,2.20807595507443,1,1,79,79,67,146,0.9610520669492476,0.950269931350499,0.9513467484920068,0.9693058012158062,0.0002362351385444,0.0009831262730116,0.8983046937434419,0.9370848519995784,/kaggle/input/datasets/hintrngia/locked-densenet-xai-inputs/D-P/DenseNet121/seed_3407/best_checkpoint.pt,E02_XAI_D_P_DenseNet121,D,P
E02_XAI_D_P_DenseNet121,D-P,DenseNet121,3407,76,pneumonia,E-30421FA65AB177DCD15E84C4.jpeg,1,0.999678060488156,0.58251953125,1,1,0.8023306742314985,0.8023306727409363,0.41265869140625,1.9442960755226848,0.7325996245714873,0.7325996160507202,1.77531611432913,1,1,48,144,45,115,0.9939516481301676,0.9970061613949736,0.9938478359143978,0.9984848799691628,0.0002862041188793,0.0003485756819132,0.0716687666811657,0.2792886212302498,/kaggle/input/datasets/hintrngia/locked-densenet-xai-inputs/D-P/DenseNet121/seed_3407/best_checkpoint.pt,E02_XAI_D_P_DenseNet121,D,P
E02_XAI_D_P_DenseNet121,D-P,DenseNet121,3407,77,pneumonia,E-386D019ED9E9E8244987AC20.jpeg,1,0.9865706523543948,0.58251953125,1,1,0.7768866311426332,0.7768866419792175,0.3555145263671875,2.1852458156385945,0.8213189002113462,0.8213189244270325,2.3102259944311254,1,1,48,112,86,50,0.95745115603562,0.9615466737202948,0.9314147263845656,0.9735503656795246,1.875210010260364e-05,0.001814817352771,-0.0804197892371557,0.0819543371635536,/kaggle/input/datasets/hintrngia/locked-densenet-xai-inputs/D-P/DenseNet121/seed_3407/best_checkpoint.pt,E02_XAI_D_P_DenseNet121,D,P
E02_XAI_D_P_DenseNet121,D-P,DenseNet121,3407,78,pneumonia,E-3AC987E53985CBAF71C33ABC.jpeg,1,0.972963599499151,0.58251953125,1,1,0.7828625425159118,0.7828625440597534,0.4218597412109375,1.8557412951250696,0.7900435914662629,0.7900435924530029,1.872763656466633,1,1,207,207,198,201,0.942725360378656,0.938625064876572,0.91342994240414,0.9544887026509572,0.0008355348707579,0.000263913757774,0.6752559699881256,0.8174020323033873,/kaggle/input/datasets/hintrngia/locked-densenet-xai-inputs/D-P/DenseNet121/seed_3407/best_checkpoint.pt,E02_XAI_D_P_DenseNet121,D,P
E02_XAI_D_P_DenseNet121,D-P,DenseNet121,3407,79,pneumonia,E-3EB4BE73D28C1518A6A12685.jpeg,1,0.9738428816031304,0.58251953125,1,1,0.8238464054005333,0.8238463997840881,0.40576171875,2.030369961805406,0.8340790241699625,0.8340790271759033,2.0555882569194743,1,1,207,207,81,66,0.9564710697902776,0.9520694772323576,0.937928620691584,0.9670150134904086,0.0019835276921797,0.0028415145705048,0.1266751502221212,0.1127472052954966,/kaggle/input/datasets/hintrngia/locked-densenet-xai-inputs/D-P/DenseNet121/seed_3407/best_checkpoint.pt,E02_XAI_D_P_DenseNet121,D,P
E02_XAI_D_P_DenseNet121,D-P,DenseNet121,3407,80,pneumonia,E-401B5DEDAD367F085127D1DA.jpeg,1,0.9599589010487102,0.58251953125,1,1,0.8128332343993867,0.8128332495689392,0.364349365234375,2.2309171140630792,0.7855480695526609,0.7855480909347534,2.1560297464696867,1,1,48,143,197,210,0.9216363487768786,0.930586068862358,0.9083906618870096,0.952757349121056,0.0001163101344187,0.002151369640473,-0.1672278442377612,-0.0405859940125485,/kaggle/input/datasets/hintrngia/locked-densenet-xai-inputs/D-P/DenseNet121/seed_3407/best_checkpoint.pt,E02_XAI_D_P_DenseNet121,D,P
E02_XAI_D_P_DenseNet121,D-P,DenseNet121,3407,81,pneumonia,E-4329094918EDAAADE18246AB.jpeg,1,0.9995385896838362,0.58251953125,1,1,0.821240249491961,0.821240246295929,0.4228057861328125,1.9423581143565325,0.821757741914121,0.8217577338218689,1.9435820626541496,1,1,48,207,57,90,0.99618703225788,0.9925753139812502,0.994171066989455,0.9962060068017726,0.0002455826027651,0.0009467524663511,0.7635302870073067,0.8647524149501519,/kaggle/input/datasets/hintrngia/locked-densenet-xai-inputs/D-P/DenseNet121/seed_3407/best_checkpoint.pt,E02_XAI_D_P_DenseNet121,D,P
E02_XAI_D_P_DenseNet121,D-P,DenseNet121,3407,82,pneumonia,E-443A80FA1DE791815F946FF9.jpeg,1,0.988881830668565,0.58251953125,1,1,0.6934625469207,0.6934625506401062,0.309112548828125,2.243398236498914,0.6669389787921957,0.6669389605522156,2.1575926998778425,1,1,80,80,205,220,0.9514549925649513,0.9796318596452036,0.95884703537419,0.9863202560191277,0.0002444851603718,0.0091604733575096,-0.0110752961820876,0.1074634259032418,/kaggle/input/datasets/hintrngia/locked-densenet-xai-inputs/D-P/DenseNet121/seed_3407/best_checkpoint.pt,E02_XAI_D_P_DenseNet121,D,P
E02_XAI_D_P_DenseNet121,D-P,DenseNet121,3407,83,pneumonia,E-4B97630FB65DE326125E1DE1.jpeg,1,0.9962982046082872,0.58251953125,1,1,0.7248941924051648,0.7248941659927368,0.3383941650390625,2.142159254789416,0.7620306228707895,0.7620306015014648,2.2519023718474123,1,1,176,207,50,150,0.9795804035181004,0.9831151968162444,0.981126991973382,0.9893169170891832,0.0004289183289886,0.0045027345733216,0.4468804814474108,0.5020023349902044,/kaggle/input/datasets/hintrngia/locked-densenet-xai-inputs/D-P/DenseNet121/seed_3407/best_checkpoint.pt,E02_XAI_D_P_DenseNet121,D,P
E02_XAI_D_P_DenseNet121,D-P,DenseNet121,3407,84,pneumonia,E-55F059ED3BB72FAD418A344C.jpeg,1,0.9625725403830064,0.58251953125,1,1,0.7396308240185806,0.7396308183670044,0.3324737548828125,2.224629202023117,0.7505990196797646,0.7505990266799927,2.257618860605492,1,1,207,207,208,210,0.9241746764502748,0.8801339032691438,0.833437095076957,0.9476628171887568,0.0006915202920318,0.0017677629933768,0.7832700189302589,0.9694000411780064,/kaggle/input/datasets/hintrngia/locked-densenet-xai-inputs/D-P/DenseNet121/seed_3407/best_checkpoint.pt,E02_XAI_D_P_DenseNet121,D,P
E02_XAI_D_P_DenseNet121,D-P,DenseNet121,3407,85,pneumonia,E-6060B7AB38566FD26078DE5E.jpeg,1,0.9766487247790672,0.58251953125,1,1,0.6631911769429273,0.6631911993026733,0.271087646484375,2.4464087004464528,0.6910260118055068,0.6910260319709778,2.549087060097135,1,1,80,79,80,51,0.9650430641275832,0.9536086599853006,0.9619768263649524,0.9659167378026452,0.0012893780367075,0.0027184062751272,0.9208325330833564,0.9530985834019104,/kaggle/input/datasets/hintrngia/locked-densenet-xai-inputs/D-P/DenseNet121/seed_3407/best_checkpoint.pt,E02_XAI_D_P_DenseNet121,D,P
E02_XAI_D_P_DenseNet121,D-P,DenseNet121,3407,86,pneumonia,E-638A63581494A3F6A20C2D9C.jpeg,1,0.9671794179647708,0.58251953125,1,1,0.7898026899210032,0.7898026704788208,0.312408447265625,2.52810926475837,0.7830620819724364,0.7830621004104614,2.506532998151098,1,1,79,143,79,138,0.8932737952392413,0.9667148152029454,0.8980358962136417,0.97302409896873,0.0004777124180388,0.0134228326437313,0.4361750228570287,0.5249628302523799,/kaggle/input/datasets/hintrngia/locked-densenet-xai-inputs/D-P/DenseNet121/seed_3407/best_checkpoint.pt,E02_XAI_D_P_DenseNet121,D,P
E02_XAI_D_P_DenseNet121,D-P,DenseNet121,3407,87,pneumonia,E-63AE2F3741553AC167D0B283.jpeg,1,0.9968278132683708,0.58251953125,1,1,0.7981391270541688,0.7981391549110413,0.3596954345703125,2.2189303792738304,0.7990565272573537,0.7990565299987793,2.2214808709259715,1,1,80,48,203,214,0.9779541306896588,0.9821522268917948,0.9735804516767756,0.98880053671227,0.0017604507760546,0.0025102442570571,0.3585421387018041,0.5026513729544152,/kaggle/input/datasets/hintrngia/locked-densenet-xai-inputs/D-P/DenseNet121/seed_3407/best_checkpoint.pt,E02_XAI_D_P_DenseNet121,D,P
E02_XAI_D_P_DenseNet121,D-P,DenseNet121,3407,88,pneumonia,E-63E40A6B7E9FE7A4F927B234.jpeg,1,0.985735442046384,0.58251953125,1,1,0.7379917759950755,0.7379917502403259,0.3593597412109375,2.053629528750935,0.7227850370269854,0.7227850556373596,2.011313327952126,1,1,207,207,202,212,0.9439019430922077,0.9309090314665436,0.896067116421339,0.9622598444044096,9.762278311320484e-05,0.0097086409515891,0.0600163806858283,0.0273643868643821,/kaggle/input/datasets/hintrngia/locked-densenet-xai-inputs/D-P/DenseNet121/seed_3407/best_checkpoint.pt,E02_XAI_D_P_DenseNet121,D,P
E02_XAI_D_P_DenseNet121,D-P,DenseNet121,3407,89,pneumonia,E-6C94FB136A3DC9D9B1FE1032.jpeg,1,0.9408409531749736,0.58251953125,1,1,0.7577563342951591,0.7577563524246216,0.3358001708984375,2.25656923362419,0.7926354836787735,0.7926355004310608,2.3604379996533877,1,1,79,79,71,66,0.8706229528335859,0.9165044821940384,0.8452854527920415,0.9409061485337558,0.0003228001085027,0.0011645209587658,0.8711170414356745,0.9216147132079412,/kaggle/input/datasets/hintrngia/locked-densenet-xai-inputs/D-P/DenseNet121/seed_3407/best_checkpoint.pt,E02_XAI_D_P_DenseNet121,D,P
E02_XAI_D_P_DenseNet121,D-P,DenseNet121,3407,90,pneumonia,E-6EBA6C5A4DF4C84E483A5386.jpeg,1,0.9979436062530834,0.58251953125,1,1,0.703666287529697,0.7036662697792053,0.3423919677734375,2.0551483497279834,0.7020040278242369,0.7020040154457092,2.050293505391916,1,1,80,79,79,38,0.9695510180283132,0.9856292247804926,0.9743733825671912,0.9932388027594126,0.0004511148609638,0.0008493650336133,0.9780842766332488,0.9732180932549864,/kaggle/input/datasets/hintrngia/locked-densenet-xai-inputs/D-P/DenseNet121/seed_3407/best_checkpoint.pt,E02_XAI_D_P_DenseNet121,D,P
E02_XAI_D_P_DenseNet121,D-P,DenseNet121,3407,91,pneumonia,E-73D66A02A1612F6E79C3F7EC.jpeg,1,0.9909189755090468,0.58251953125,1,1,0.7960590778223519,0.7960590720176697,0.3591766357421875,2.216344267987836,0.8253613868199378,0.8253613710403442,2.297926158572218,1,1,80,48,83,77,0.9770689677072169,0.9728769156869144,0.9752439526778036,0.9859563712779394,1.0218945413753566e-05,0.0013853643852602,0.9073806104097992,0.9370647357021132,/kaggle/input/datasets/hintrngia/locked-densenet-xai-inputs/D-P/DenseNet121/seed_3407/best_checkpoint.pt,E02_XAI_D_P_DenseNet121,D,P
E02_XAI_D_P_DenseNet121,D-P,DenseNet121,3407,92,pneumonia,E-7725ED8C0E93C0BF91B23FCE.jpeg,1,0.9933935101819066,0.58251953125,1,1,0.8309091318170453,0.8309091329574585,0.38677978515625,2.148274454109274,0.8346284941298507,0.8346285223960876,2.157890681367125,1,1,48,144,42,115,0.975470207801582,0.9805355406583516,0.9718566168466918,0.989643083914458,0.0013614000292816,0.0025788407291301,0.2420955514531527,0.3342669311932216,/kaggle/input/datasets/hintrngia/locked-densenet-xai-inputs/D-P/DenseNet121/seed_3407/best_checkpoint.pt,E02_XAI_D_P_DenseNet121,D,P
E02_XAI_D_P_DenseNet121,D-P,DenseNet121,3407,93,pneumonia,E-77D4D0C371CD4C8665643C00.jpeg,1,0.988873376400376,0.58251953125,1,1,0.6542014787633098,0.6542015075683594,0.29443359375,2.2218982230634468,0.6597333403572797,0.6597333550453186,2.2406863699033317,1,1,79,79,50,135,0.9607552636562248,0.976435660861516,0.9489808899279844,0.9849727104818844,7.736615505116173e-05,0.0027714159839314,0.9471123770215036,0.9576748776593706,/kaggle/input/datasets/hintrngia/locked-densenet-xai-inputs/D-P/DenseNet121/seed_3407/best_checkpoint.pt,E02_XAI_D_P_DenseNet121,D,P
E02_XAI_D_P_DenseNet121,D-P,DenseNet121,3407,94,pneumonia,E-7B805F2D3984459EDD091000.jpeg,1,0.9980054070103134,0.58251953125,1,1,0.7351545352655703,0.7351545095443726,0.3260345458984375,2.2548363187702725,0.7887006724948894,0.7887006998062134,2.4190708696880736,1,1,79,79,195,207,0.9901055620626088,0.9882618089701148,0.984508044336378,0.9931461319563282,0.0003153645559768,0.0013614311127483,-0.0808239908248709,-0.0275053813438782,/kaggle/input/datasets/hintrngia/locked-densenet-xai-inputs/D-P/DenseNet121/seed_3407/best_checkpoint.pt,E02_XAI_D_P_DenseNet121,D,P
E02_XAI_D_P_DenseNet121,D-P,DenseNet121,3407,95,pneumonia,E-8B99D004F7E59741CFAB602B.jpeg,1,0.9985140456457988,0.58251953125,1,1,0.8582855081769093,0.8582854866981506,0.44635009765625,1.9228975476508248,0.8327154744914004,0.8327154517173767,1.865610602224409,1,1,48,112,210,230,0.9893037745279152,0.9856115720282876,0.9870235941814562,0.9928126883153716,5.4708551036619646e-05,0.0009487798111019,0.8961506795684996,0.9408699429610744,/kaggle/input/datasets/hintrngia/locked-densenet-xai-inputs/D-P/DenseNet121/seed_3407/best_checkpoint.pt,E02_XAI_D_P_DenseNet121,D,P
E02_XAI_D_P_DenseNet121,D-P,DenseNet121,3407,96,pneumonia,E-8E859FAC3770F43BC30CF790.jpeg,1,0.9917664957477128,0.58251953125,1,1,0.8020648407633841,0.802064836025238,0.32305908203125,2.482718751382446,0.7931623317501525,0.7931623458862305,2.455161844586151,1,1,80,48,79,66,0.9696424404610564,0.9766631569212636,0.9620999252159824,0.9861591957583424,0.0003942086054751,0.0001912642016143,-0.0223858129815189,-0.03079572672608,/kaggle/input/datasets/hintrngia/locked-densenet-xai-inputs/D-P/DenseNet121/seed_3407/best_checkpoint.pt,E02_XAI_D_P_DenseNet121,D,P
E02_XAI_D_P_DenseNet121,D-P,DenseNet121,3407,97,pneumonia,E-9A9C78D1B9953A6FD2BA65F6.jpeg,1,0.9984670304501748,0.58251953125,1,1,0.8095584458531051,0.8095584511756897,0.39300537109375,2.0599170021520847,0.8007589190207869,0.8007588982582092,2.0375266546414927,1,1,207,207,49,134,0.9849972821196032,0.9903629050980642,0.9819342056341952,0.9949295735214584,0.0002861413201643,0.0005576014365471,0.3820075285307556,0.4416638589178069,/kaggle/input/datasets/hintrngia/locked-densenet-xai-inputs/D-P/DenseNet121/seed_3407/best_checkpoint.pt,E02_XAI_D_P_DenseNet121,D,P
E02_XAI_D_P_DenseNet121,D-P,DenseNet121,3407,98,pneumonia,E-9B56CC62692974C989F872CC.jpeg,1,0.9974508510606164,0.58251953125,1,1,0.8011815319127159,0.8011815547943115,0.37744140625,2.122664653760986,0.8250795796280606,0.8250795602798462,2.185980568018458,1,1,207,144,73,59,0.9757940436042288,0.9794951518881828,0.9650710538116148,0.9876981863612696,0.0029526519778658,0.0003442022749682,0.2187085418242665,0.1259878491524286,/kaggle/input/datasets/hintrngia/locked-densenet-xai-inputs/D-P/DenseNet121/seed_3407/best_checkpoint.pt,E02_XAI_D_P_DenseNet121,D,P
E02_XAI_D_P_DenseNet121,D-P,DenseNet121,3407,99,pneumonia,E-9FC76B9714A55204D742CE4C.jpeg,1,0.995870497477382,0.58251953125,1,1,0.755659869868905,0.7556598782539368,0.32318115234375,2.3381928815735864,0.7313898053173951,0.7313898205757141,2.263095480702588,1,1,80,79,73,58,0.9722190979952964,0.976195747940266,0.9726785668930362,0.9868292213052996,0.0002153788428687,0.003618936283197,0.5875966317739995,0.7366710757735709,/kaggle/input/datasets/hintrngia/locked-densenet-xai-inputs/D-P/DenseNet121/seed_3407/best_checkpoint.pt,E02_XAI_D_P_DenseNet121,D,P
E02_XAI_D_P_DenseNet121,D-P,DenseNet121,3407,100,pneumonia,E-A0A20FFCEFD96663F4AB4E87.jpeg,1,0.9947227227019234,0.58251953125,1,1,0.7717024325495323,0.7717024087905884,0.3404388427734375,2.266787262765728,0.7471143360288088,0.747114360332489,2.194562553268971,1,1,207,207,209,203,0.969174901539414,0.958680675685722,0.942499250152288,0.9818289021394928,0.000510688678704,0.00235988220651,0.3896728834519363,0.4242055732846443,/kaggle/input/datasets/hintrngia/locked-densenet-xai-inputs/D-P/DenseNet121/seed_3407/best_checkpoint.pt,E02_XAI_D_P_DenseNet121,D,P
E02_XAI_D_P_DenseNet121,D-P,DenseNet121,3407,101,pneumonia,E-A0D5A9410E976B289DD85CF6.jpeg,1,0.9537634022673782,0.58251953125,1,1,0.628450898102313,0.628450870513916,0.2681732177734375,2.343451383102884,0.5286253760371904,0.5286253690719604,1.9712086852900887,0,0,207,207,244,251,0.8097053337528783,0.902397916517124,0.7849093929804012,0.9378627949898628,0.0024009762299277,0.0039357310109817,-0.1353045749333724,-0.0301271660287126,/kaggle/input/datasets/hintrngia/locked-densenet-xai-inputs/D-P/DenseNet121/seed_3407/best_checkpoint.pt,E02_XAI_D_P_DenseNet121,D,P
E02_XAI_D_P_DenseNet121,D-P,DenseNet121,3407,102,pneumonia,E-A540763BCA2A1AF575A9EE6B.jpeg,1,0.9726998990328394,0.58251953125,1,1,0.8359910396768596,0.8359910249710083,0.3713226318359375,2.251387251952442,0.886062357775087,0.8860623836517334,2.386233107834317,1,1,207,207,213,210,0.8990313110959428,0.9034489960571576,0.8456651203841398,0.9418365933987664,8.926612228832287e-05,0.0018297927238423,-0.0716753469118171,-0.0230804575504137,/kaggle/input/datasets/hintrngia/locked-densenet-xai-inputs/D-P/DenseNet121/seed_3407/best_checkpoint.pt,E02_XAI_D_P_DenseNet121,D,P
E02_XAI_D_P_DenseNet121,D-P,DenseNet121,3407,103,pneumonia,E-A9AC7ECA864D894719491A2C.jpeg,1,0.9908689109671548,0.58251953125,1,1,0.7745604177982566,0.7745603919029236,0.3572845458984375,2.16790909847647,0.8346674620356991,0.834667444229126,2.33614207952046,1,1,79,48,198,163,0.9441642867778144,0.9661379850485076,0.9072355509802812,0.9783880721402038,0.0018845308567237,0.0005598330258836,0.4323082184320321,0.4186647695936954,/kaggle/input/datasets/hintrngia/locked-densenet-xai-inputs/D-P/DenseNet121/seed_3407/best_checkpoint.pt,E02_XAI_D_P_DenseNet121,D,P
E02_XAI_D_P_DenseNet121,D-P,DenseNet121,3407,104,pneumonia,E-B15903E1E2039605DB9FB6A1.jpeg,1,0.9839903498570824,0.58251953125,1,1,0.6988939714419574,0.6988939642906189,0.2703704833984375,2.5849492246977888,0.7025504577289596,0.70255047082901,2.598473209420684,1,1,79,79,67,75,0.9469051497744404,0.9579905309818316,0.958117011086375,0.9761168481630104,0.0014568227137897,0.0050183757187896,0.977325266672592,0.9842680206127824,/kaggle/input/datasets/hintrngia/locked-densenet-xai-inputs/D-P/DenseNet121/seed_3407/best_checkpoint.pt,E02_XAI_D_P_DenseNet121,D,P
E02_XAI_D_P_DenseNet121,D-P,DenseNet121,3407,105,pneumonia,E-B29F964F9024332A9FD3DA8C.jpeg,1,0.9913500626569104,0.58251953125,1,1,0.8816014426763136,0.8816014528274536,0.444091796875,1.9851783997812975,0.9012135645534762,0.9012135863304138,2.029340714904364,1,1,48,144,213,211,0.965587911747947,0.9796308446925108,0.9694491813119857,0.9864284527642606,7.655083513402605e-05,0.0010859303314665,0.9536028643228548,0.9715282635795645,/kaggle/input/datasets/hintrngia/locked-densenet-xai-inputs/D-P/DenseNet121/seed_3407/best_checkpoint.pt,E02_XAI_D_P_DenseNet121,D,P
E02_XAI_D_P_DenseNet121,D-P,DenseNet121,3407,106,pneumonia,E-B352C843937DC9BD58C4B554.jpeg,1,0.8869617180737882,0.58251953125,1,1,0.767660593532128,0.7676606178283691,0.322052001953125,2.3836541579513666,0.8391911389503055,0.8391911387443542,2.6057628391096004,1,1,48,175,47,154,0.8348472945561597,0.85695011162919,0.7344338879743919,0.8824333822915954,0.0012198353953054,0.0006550072124253,0.7315333249380507,0.8799355177348863,/kaggle/input/datasets/hintrngia/locked-densenet-xai-inputs/D-P/DenseNet121/seed_3407/best_checkpoint.pt,E02_XAI_D_P_DenseNet121,D,P
E02_XAI_D_P_DenseNet121,D-P,DenseNet121,3407,107,pneumonia,E-B41848B096ED1788DCCEEDA2.jpeg,1,0.9932343037098632,0.58251953125,1,1,0.7040441964165268,0.7040442228317261,0.2685089111328125,2.622051511982355,0.7397935357581785,0.7397935390472412,2.7551917462890256,1,1,48,144,73,53,0.9652780200887704,0.9753921529235086,0.9619612731607046,0.9852673316843366,0.0001715817430161,0.0016747601489703,0.9334350025882708,0.979097229714659,/kaggle/input/datasets/hintrngia/locked-densenet-xai-inputs/D-P/DenseNet121/seed_3407/best_checkpoint.pt,E02_XAI_D_P_DenseNet121,D,P
E02_XAI_D_P_DenseNet121,D-P,DenseNet121,3407,108,pneumonia,E-B813D1454C73F6C74F660590.jpeg,1,0.9063059439342392,0.58251953125,1,1,0.6742767454776492,0.6742767691612244,0.2771453857421875,2.432935131400276,0.6531675186027248,0.6531675457954407,2.356768512863964,1,0,48,175,38,175,0.8759158734586808,0.8451280805914521,0.806726975564495,0.895052675843572,0.0030677216096648,0.0057604221327247,0.1552974019010405,0.0123661882515985,/kaggle/input/datasets/hintrngia/locked-densenet-xai-inputs/D-P/DenseNet121/seed_3407/best_checkpoint.pt,E02_XAI_D_P_DenseNet121,D,P
E02_XAI_D_P_DenseNet121,D-P,DenseNet121,3407,109,pneumonia,E-BF1AD901130E35A45E611B5A.jpeg,1,0.9887811544097688,0.58251953125,1,1,0.6741835121709311,0.6741834878921509,0.2906494140625,2.3195763677884367,0.6635441396487299,0.6635441184043884,2.282970849224021,1,1,79,143,83,125,0.9633117547651956,0.966480346624628,0.9457942676524372,0.9840383562222336,0.0004655920330841,0.0007465749821118,0.9112654880656748,0.9121265392585272,/kaggle/input/datasets/hintrngia/locked-densenet-xai-inputs/D-P/DenseNet121/seed_3407/best_checkpoint.pt,E02_XAI_D_P_DenseNet121,D,P
E02_XAI_D_P_DenseNet121,D-P,DenseNet121,3407,110,pneumonia,E-BFFC08BEA9A0FA7A1279A0B5.jpeg,1,0.9939920774171582,0.58251953125,1,1,0.8030412485737535,0.8030412197113037,0.364898681640625,2.2007238967353646,0.8562743425878114,0.8562743663787842,2.3466084852318647,1,1,207,207,214,210,0.9671197543467724,0.9576185639540208,0.9360589143407384,0.9729816526247456,0.0006063583048248,0.0029679115570053,0.2476311015249691,0.1497983411825515,/kaggle/input/datasets/hintrngia/locked-densenet-xai-inputs/D-P/DenseNet121/seed_3407/best_checkpoint.pt,E02_XAI_D_P_DenseNet121,D,P
E02_XAI_D_P_DenseNet121,D-P,DenseNet121,3407,111,pneumonia,E-C378B1871ED2B8AC1E544A5B.jpeg,1,0.9848307530936462,0.58251953125,1,1,0.6893857429944447,0.6893857717514038,0.2780303955078125,2.4795337277253675,0.7771125498893672,0.7771125435829163,2.795063282451544,1,1,79,79,56,146,0.9588955458778472,0.9710693699954368,0.9532185181388196,0.983151362434245,0.0010825469319621,0.0043006989216398,0.9343887208016606,0.9618764089280488,/kaggle/input/datasets/hintrngia/locked-densenet-xai-inputs/D-P/DenseNet121/seed_3407/best_checkpoint.pt,E02_XAI_D_P_DenseNet121,D,P
E02_XAI_D_P_DenseNet121,D-P,DenseNet121,3407,112,pneumonia,E-D2A52B478FEFC3F6A00973AF.jpeg,1,0.9888878632969336,0.58251953125,1,1,0.8206591477428615,0.8206591606140137,0.35107421875,2.3375659729866207,0.8406476498023583,0.8406476378440857,2.3945012333730595,1,1,207,176,209,211,0.9446312417122442,0.9471003650449952,0.9186412085275738,0.9765922611617168,0.001586315724542,0.0019456664211247,0.3665754898335899,0.4496621378024162,/kaggle/input/datasets/hintrngia/locked-densenet-xai-inputs/D-P/DenseNet121/seed_3407/best_checkpoint.pt,E02_XAI_D_P_DenseNet121,D,P
E02_XAI_D_P_DenseNet121,D-P,DenseNet121,3407,113,pneumonia,E-D33BB0B839138FAFF4DA3ED6.jpeg,1,0.8819109478083389,0.58251953125,1,1,0.7067533970625275,0.7067533731460571,0.3347625732421875,2.1112079233278545,0.6973667569103815,0.6973667740821838,2.083168229220965,1,1,48,175,208,206,0.8395171308134803,0.8247589645956614,0.6808966962605435,0.872522947911232,0.0023054571294219,0.0081633512750656,0.7304806378299614,0.7343086697711387,/kaggle/input/datasets/hintrngia/locked-densenet-xai-inputs/D-P/DenseNet121/seed_3407/best_checkpoint.pt,E02_XAI_D_P_DenseNet121,D,P
E02_XAI_D_P_DenseNet121,D-P,DenseNet121,3407,114,pneumonia,E-DA47F22802134421DB0B257A.jpeg,1,0.9983798135888982,0.58251953125,1,1,0.829459896369537,0.8294599056243896,0.39227294921875,2.114496801325423,0.8594354241224303,0.8594354391098022,2.190911776695488,1,1,207,207,75,109,0.9930301295976872,0.9951504413799284,0.9933079275307066,0.9976134565573472,0.0002456028156821,0.0005041100503926,0.8980608838890946,0.954927383520703,/kaggle/input/datasets/hintrngia/locked-densenet-xai-inputs/D-P/DenseNet121/seed_3407/best_checkpoint.pt,E02_XAI_D_P_DenseNet121,D,P
E02_XAI_D_P_DenseNet121,D-P,DenseNet121,3407,115,pneumonia,E-E09BD72833F7B4079F215903.jpeg,1,0.9964295927355168,0.58251953125,1,1,0.724527803645498,0.7245277762413025,0.3171234130859375,2.284687202988565,0.7238059385599824,0.7238059639930725,2.282410912258433,1,1,80,80,75,66,0.9710770786802222,0.9900580577647782,0.9665251113804024,0.9931975615232984,0.0002300095403717,0.015083855728873,0.8310005073384215,0.8662826761459701,/kaggle/input/datasets/hintrngia/locked-densenet-xai-inputs/D-P/DenseNet121/seed_3407/best_checkpoint.pt,E02_XAI_D_P_DenseNet121,D,P
E02_XAI_D_P_DenseNet121,D-P,DenseNet121,3407,116,pneumonia,E-E0D541D212A934D795DA0D1B.jpeg,1,0.9834435082561424,0.58251953125,1,1,0.7300379629420148,0.7300379872322083,0.306488037109375,2.3819460290435077,0.7069653470472739,0.7069653272628784,2.3066653880359524,1,1,48,144,39,151,0.913688146325098,0.9731794460880048,0.9184530293246967,0.9781797581646612,0.0008472426497572,0.0081415983229573,0.6429897981807104,0.5961853488462586,/kaggle/input/datasets/hintrngia/locked-densenet-xai-inputs/D-P/DenseNet121/seed_3407/best_checkpoint.pt,E02_XAI_D_P_DenseNet121,D,P
E02_XAI_D_P_DenseNet121,D-P,DenseNet121,3407,117,pneumonia,E-E1AD2A3BA30BC31AC67A922E.jpeg,1,0.9957375556503892,0.58251953125,1,1,0.7067294174324331,0.7067294120788574,0.3279571533203125,2.1549443586680286,0.686403899877301,0.6864038705825806,2.0929682213910947,1,1,80,79,79,55,0.9607087616586588,0.972352871614462,0.9512244245362916,0.9853174481177606,0.0002371278222037,1.5532557096631372e-05,0.9643673595313836,0.98022701185712,/kaggle/input/datasets/hintrngia/locked-densenet-xai-inputs/D-P/DenseNet121/seed_3407/best_checkpoint.pt,E02_XAI_D_P_DenseNet121,D,P
E02_XAI_D_P_DenseNet121,D-P,DenseNet121,3407,118,pneumonia,E-E280E4CD8F00E10AB30B96C9.jpeg,1,0.973698835061104,0.58251953125,1,1,0.7675811967913867,0.7675812244415283,0.3293609619140625,2.3305166232532,0.8026893802513403,0.8026893734931946,2.4371114766806503,1,1,80,48,178,95,0.9447027358882626,0.93789120345247,0.9403150942891392,0.9563777919628214,0.0027292139863943,0.003610167836396,0.1881159896272765,0.4280842762873289,/kaggle/input/datasets/hintrngia/locked-densenet-xai-inputs/D-P/DenseNet121/seed_3407/best_checkpoint.pt,E02_XAI_D_P_DenseNet121,D,P
E02_XAI_D_P_DenseNet121,D-P,DenseNet121,3407,119,pneumonia,E-E2EF7E089A1E8F497DBAC1CB.jpeg,1,0.9881484041222504,0.58251953125,1,1,0.7600895868564189,0.7600895762443542,0.3351898193359375,2.267639239050497,0.8084519455496165,0.8084519505500793,2.4119227342622875,1,1,80,79,80,64,0.976949660684836,0.976411921587344,0.96390913361199,0.9838861480007992,0.0009819797969217,0.0035391682031118,0.0225217209686469,-0.0139765834816349,/kaggle/input/datasets/hintrngia/locked-densenet-xai-inputs/D-P/DenseNet121/seed_3407/best_checkpoint.pt,E02_XAI_D_P_DenseNet121,D,P
E02_XAI_D_P_DenseNet121,D-P,DenseNet121,3407,120,pneumonia,E-E7BF66D9C027E263610D5923.jpeg,1,0.8665598069532369,0.58251953125,1,1,0.7820502496722997,0.7820502519607544,0.3877410888671875,2.0169393240141607,0.7608072263785264,0.76080721616745,1.9621527050467555,1,1,80,48,202,218,0.9276487768864664,0.7946459064259666,0.8931899943055525,0.8634135511268901,0.0008881365014072,0.0004672738056878,0.0443486702059261,0.1008948277064473,/kaggle/input/datasets/hintrngia/locked-densenet-xai-inputs/D-P/DenseNet121/seed_3407/best_checkpoint.pt,E02_XAI_D_P_DenseNet121,D,P
E02_XAI_D_P_DenseNet121,D-P,DenseNet121,3407,121,pneumonia,E-EB1401E2B7015C0BDE01BE91.jpeg,1,0.9773115545234478,0.58251953125,1,1,0.7020550710979057,0.7020550966262817,0.329986572265625,2.1275261786494197,0.7602206009302137,0.7602205872535706,2.3037925322557333,1,1,48,207,43,182,0.9382208981612834,0.9457620875270972,0.9022089642927597,0.9628950438767474,0.0012421142449303,0.0046689788027596,0.831112713445355,0.9030143908031096,/kaggle/input/datasets/hintrngia/locked-densenet-xai-inputs/D-P/DenseNet121/seed_3407/best_checkpoint.pt,E02_XAI_D_P_DenseNet121,D,P
E02_XAI_D_P_DenseNet121,D-P,DenseNet121,3407,122,pneumonia,E-EB344A640162B22F1A6C369F.jpeg,1,0.9778676735979572,0.58251953125,1,1,0.6563045192256025,0.6563045382499695,0.2807464599609375,2.3377125372014285,0.6788697495507637,0.6788697242736816,2.4180883692895727,1,1,48,175,54,189,0.916647995176865,0.920786987891588,0.8493433802579714,0.956900521025,0.0010726720506196,0.0074195815810811,0.30958175946321,0.4363249613789657,/kaggle/input/datasets/hintrngia/locked-densenet-xai-inputs/D-P/DenseNet121/seed_3407/best_checkpoint.pt,E02_XAI_D_P_DenseNet121,D,P
E02_XAI_D_P_DenseNet121,D-P,DenseNet121,3407,123,pneumonia,E-EC00E01864643AB223676743.jpeg,1,0.9658750725032073,0.58251953125,1,1,0.7228655745363652,0.7228655815124512,0.3099517822265625,2.332187185192499,0.7532442250445215,0.7532442212104797,2.4301980767251394,1,1,48,144,43,139,0.9128870493719858,0.9513330050086666,0.897860012493372,0.967544870511825,0.002928882708677,0.0085193950842569,0.2076995773912447,0.0364109362003396,/kaggle/input/datasets/hintrngia/locked-densenet-xai-inputs/D-P/DenseNet121/seed_3407/best_checkpoint.pt,E02_XAI_D_P_DenseNet121,D,P
E02_XAI_D_P_DenseNet121,D-P,DenseNet121,3407,124,pneumonia,E-EF92BEF2BC79AC7D99E44B1F.jpeg,1,0.962690440306504,0.58251953125,1,1,0.7115811906168911,0.7115811705589294,0.343048095703125,2.0742898722653043,0.7062712425583008,0.706271231174469,2.0588111445734723,1,1,79,48,67,55,0.9441575612852768,0.9019433601072092,0.9292564654035677,0.9390408353108752,0.0019842943460147,0.0036121556025485,0.8659989220905593,0.9081728267779816,/kaggle/input/datasets/hintrngia/locked-densenet-xai-inputs/D-P/DenseNet121/seed_3407/best_checkpoint.pt,E02_XAI_D_P_DenseNet121,D,P
E02_XAI_D_P_DenseNet121,D-P,DenseNet121,3407,125,pneumonia,E-F051ECCC0E91B0C03A0B3894.jpeg,1,0.997594391824833,0.58251953125,1,1,0.8802837572573727,0.880283772945404,0.5049896240234375,1.7431719690472631,0.8281782759675735,0.8281782865524292,1.639990678163194,1,1,207,207,43,91,0.9859348005363316,0.985904420953152,0.9876158509455096,0.9916347874145576,2.0678058004652836e-05,0.0014402411969804,0.6524778833876721,0.7914068900666033,/kaggle/input/datasets/hintrngia/locked-densenet-xai-inputs/D-P/DenseNet121/seed_3407/best_checkpoint.pt,E02_XAI_D_P_DenseNet121,D,P
E02_XAI_D_P_DenseNet121,D-P,DenseNet121,3407,126,pneumonia,E-FA7B18636100FBD243EBAF3A.jpeg,1,0.9773771953933064,0.58251953125,1,1,0.711178302003132,0.7111783027648926,0.2697601318359375,2.636335833479114,0.7194332662543251,0.7194332480430603,2.666936961210671,1,1,79,111,75,70,0.9494168520336556,0.9477605007111202,0.9367833860998608,0.9751763938196664,0.0006451641417621,0.0034724219094192,0.8965992094996427,0.9305838912829884,/kaggle/input/datasets/hintrngia/locked-densenet-xai-inputs/D-P/DenseNet121/seed_3407/best_checkpoint.pt,E02_XAI_D_P_DenseNet121,D,P
E02_XAI_D_P_DenseNet121,D-P,DenseNet121,3407,127,pneumonia,E-FDAF56855798F8C5BE7AC652.jpeg,1,0.9983663977483592,0.58251953125,1,1,0.7553399770437129,0.7553399801254272,0.37738037109375,2.0015348833712103,0.8071869389957558,0.8071869611740112,2.1389213664089377,1,1,48,207,50,198,0.9859994914505716,0.9889524033770164,0.9811335145155704,0.9944569422377324,0.000761071791157,0.0017257569145875,0.2825631104749869,0.3638248848328095,/kaggle/input/datasets/hintrngia/locked-densenet-xai-inputs/D-P/DenseNet121/seed_3407/best_checkpoint.pt,E02_XAI_D_P_DenseNet121,D,P
E02_XAI_D_P_DenseNet121,D-P,DenseNet121,42,0,normal,E-03B36F677CCFA6787A3BC686.jpeg,0,0.8063738108604547,0.5634765625,1,0,0.765396006093246,0.765395998954773,0.3590850830078125,2.131517131488844,0.8262770651720027,0.8262770771980286,2.3010620721162782,1,1,207,144,212,166,0.7290822417477029,0.8985224492522424,0.7364874887600353,0.8876681915459352,0.0002207642922343,0.0001240009992247,0.8575549992287398,0.8493038727853274,/kaggle/input/datasets/hintrngia/locked-densenet-xai-inputs/D-P/DenseNet121/seed_42/best_checkpoint.pt,E02_XAI_D_P_DenseNet121,D,P
E02_XAI_D_P_DenseNet121,D-P,DenseNet121,42,1,normal,E-06530ECE35CCF9FF05F7DDEB.jpeg,0,0.0114988120586441,0.5634765625,0,1,0.722508149584918,0.7225081324577332,0.2779541015625,2.5993793418531617,0.6883174693297274,0.6883174777030945,2.4763709744177103,1,1,80,80,99,89,0.7093164162034373,0.7734588648319187,0.5987048176996967,0.8699687113910801,0.0002209962720999,0.0009740054327618,0.9612694676809854,0.9594465435347792,/kaggle/input/datasets/hintrngia/locked-densenet-xai-inputs/D-P/DenseNet121/seed_42/best_checkpoint.pt,E02_XAI_D_P_DenseNet121,D,P
E02_XAI_D_P_DenseNet121,D-P,DenseNet121,42,2,normal,E-10FEC5D206E4A3A02E4F32C9.jpeg,0,0.1207109168422053,0.5634765625,0,1,0.7428879348679037,0.7428879141807556,0.2476806640625,2.9993780002158044,0.811223306646692,0.8112233281135559,3.2752791168308035,1,1,111,80,116,122,0.4831632414201695,0.7341071300832192,0.3989901855575791,0.7484342438590273,0.0013241297061233,0.0006524631865664,-0.1121605873783378,-0.0369507723752872,/kaggle/input/datasets/hintrngia/locked-densenet-xai-inputs/D-P/DenseNet121/seed_42/best_checkpoint.pt,E02_XAI_D_P_DenseNet121,D,P
E02_XAI_D_P_DenseNet121,D-P,DenseNet121,42,3,normal,E-16E04AC17A9CE052EFE7227B.jpeg,0,0.0672272104827151,0.5634765625,0,1,0.7842506572505724,0.7842506766319275,0.3753509521484375,2.089379693222225,0.7692880167618042,0.7692880034446716,2.049516625330363,1,1,80,80,86,82,0.6000312684157958,0.7223470942999107,0.5956251391582086,0.8105902849435673,0.0002377168648315,9.820736416155108e-05,0.9753028152649716,0.9782502541958346,/kaggle/input/datasets/hintrngia/locked-densenet-xai-inputs/D-P/DenseNet121/seed_42/best_checkpoint.pt,E02_XAI_D_P_DenseNet121,D,P
E02_XAI_D_P_DenseNet121,D-P,DenseNet121,42,4,normal,E-256958BC036CED77CAAB2A55.jpeg,0,0.1434791363840053,0.5634765625,0,1,0.7516848326559052,0.751684844493866,0.3496246337890625,2.1499767465167112,0.755719198202431,0.7557191848754883,2.161515880652665,1,1,80,80,89,77,0.2253026369451847,0.7013909295863221,0.1849891233095705,0.7612324783667503,0.0002254157978017,0.0006340693049354,0.0865107809298026,0.1691423955733853,/kaggle/input/datasets/hintrngia/locked-densenet-xai-inputs/D-P/DenseNet121/seed_42/best_checkpoint.pt,E02_XAI_D_P_DenseNet121,D,P
E02_XAI_D_P_DenseNet121,D-P,DenseNet121,42,5,normal,E-280031A047E47DC7EA750C62.jpeg,0,0.0193252759689463,0.5634765625,0,1,0.7766214668112497,0.7766214609146118,0.3791046142578125,2.048567697683319,0.7747980845617441,0.7747980952262878,2.043757990333607,1,1,80,79,104,83,0.7997325951825329,0.7744887337793919,0.7201619731590821,0.8659556512679465,6.133025857824048e-05,0.0012193819694409,0.6056088836824283,0.6902936710484996,/kaggle/input/datasets/hintrngia/locked-densenet-xai-inputs/D-P/DenseNet121/seed_42/best_checkpoint.pt,E02_XAI_D_P_DenseNet121,D,P
E02_XAI_D_P_DenseNet121,D-P,DenseNet121,42,6,normal,E-28020DB22FEE86C7B17E72DA.jpeg,0,0.2370817695652877,0.5634765625,0,1,0.7894450950598736,0.7894451022148132,0.3710174560546875,2.1277842381181937,0.7752975833593144,0.7752975821495056,2.089652577546208,1,1,80,80,83,80,0.2569105852995734,0.4949189032497654,0.2254886754999158,0.5270914236028392,4.734328592315151e-05,0.0006452777772932,0.7670948372806059,0.8761642361276704,/kaggle/input/datasets/hintrngia/locked-densenet-xai-inputs/D-P/DenseNet121/seed_42/best_checkpoint.pt,E02_XAI_D_P_DenseNet121,D,P
E02_XAI_D_P_DenseNet121,D-P,DenseNet121,42,7,normal,E-28234EA54B2F1B13D8D5995E.jpeg,0,0.503403190588646,0.5634765625,0,1,0.7987838254803501,0.7987838387489319,0.3462677001953125,2.306838971783379,0.8016819304527859,0.8016819357872009,2.315208522194235,1,1,175,176,186,178,0.2492673486598215,0.3055011921529965,0.1846711909149149,0.3030344937352573,0.0031321116409587,0.0042365607344309,0.4638249650084817,0.59164733078556,/kaggle/input/datasets/hintrngia/locked-densenet-xai-inputs/D-P/DenseNet121/seed_42/best_checkpoint.pt,E02_XAI_D_P_DenseNet121,D,P
E02_XAI_D_P_DenseNet121,D-P,DenseNet121,42,8,normal,E-28CAAFCB1AFEEA2D46764B17.jpeg,0,0.7586903609288713,0.5634765625,1,0,0.7693721250722482,0.7693721055984497,0.38934326171875,1.97607664166542,0.7916712279535306,0.7916712164878845,2.033350274148087,1,1,48,143,42,136,0.8191125496061369,0.904132340356501,0.734370858498693,0.9184013477230984,0.0023598651921546,0.0082886188909674,0.2117652471200239,0.3456465771515371,/kaggle/input/datasets/hintrngia/locked-densenet-xai-inputs/D-P/DenseNet121/seed_42/best_checkpoint.pt,E02_XAI_D_P_DenseNet121,D,P
E02_XAI_D_P_DenseNet121,D-P,DenseNet121,42,9,normal,E-29AE82E82E5A6A48DC6D8B99.jpeg,0,0.1342395965988963,0.5634765625,0,1,0.7513073688497296,0.7513073682785034,0.3269195556640625,2.29814141073213,0.782923779072102,0.7829237580299377,2.3948514718912146,1,1,80,80,83,78,0.4405152421510255,0.6435822459273425,0.4067102462696869,0.7143057058405556,7.368068821289597e-06,0.0009508032364056,0.8549837595433518,0.8942910670277641,/kaggle/input/datasets/hintrngia/locked-densenet-xai-inputs/D-P/DenseNet121/seed_42/best_checkpoint.pt,E02_XAI_D_P_DenseNet121,D,P
E02_XAI_D_P_DenseNet121,D-P,DenseNet121,42,10,normal,E-2B646E91E652E02CC65E6BA0.jpeg,0,0.0041864502276528,0.5634765625,0,1,0.7622725128141516,0.7622725367546082,0.2742767333984375,2.7792095354541444,0.8127004668486398,0.8127004504203796,2.9630674712318474,1,1,111,80,107,124,0.7460933849846194,0.8979886755994209,0.6776972213242964,0.9360304450694928,0.0003421739921231,0.0012590840393562,0.9834102345999308,0.979703279976613,/kaggle/input/datasets/hintrngia/locked-densenet-xai-inputs/D-P/DenseNet121/seed_42/best_checkpoint.pt,E02_XAI_D_P_DenseNet121,D,P
E02_XAI_D_P_DenseNet121,D-P,DenseNet121,42,11,normal,E-2F227E134B6699426A9E9AB9.jpeg,0,0.0924029778561314,0.5634765625,0,1,0.7398049616474872,0.7398049831390381,0.3509368896484375,2.1080854805221847,0.7520207552988412,0.7520207762718201,2.14289457016674,1,1,80,80,99,70,0.4459398693076729,0.4595904373262436,0.2926474672679776,0.6269357612317965,2.123448233648517e-05,0.0002833824933593,0.8205554744774192,0.8901797976838455,/kaggle/input/datasets/hintrngia/locked-densenet-xai-inputs/D-P/DenseNet121/seed_42/best_checkpoint.pt,E02_XAI_D_P_DenseNet121,D,P
E02_XAI_D_P_DenseNet121,D-P,DenseNet121,42,12,normal,E-2F5E9CF0C3839769BD6D37AD.jpeg,0,0.505700490696551,0.5634765625,0,1,0.7589013379364541,0.7589013576507568,0.3790740966796875,2.001986800426818,0.777373704888254,0.777373731136322,2.0507170278773343,1,1,111,79,94,77,0.2813401931891109,0.3391645066227072,0.2524582582376592,0.4897706134711094,0.0002576467924851,0.0012420859371257,0.7985197499326137,0.9119551378790676,/kaggle/input/datasets/hintrngia/locked-densenet-xai-inputs/D-P/DenseNet121/seed_42/best_checkpoint.pt,E02_XAI_D_P_DenseNet121,D,P
E02_XAI_D_P_DenseNet121,D-P,DenseNet121,42,13,normal,E-306538194ADB5E9E447B7A10.jpeg,0,0.0319669636826665,0.5634765625,0,1,0.7154709820270991,0.7154709696769714,0.2563934326171875,2.790519923711716,0.6983920728895675,0.6983920931816101,2.7239078074683505,1,1,80,80,107,78,0.6567556414084652,0.7049268943683344,0.5597899345992265,0.8053354920996547,9.658120347333377e-05,0.0003482003197211,0.2791257995966462,0.2150569099326155,/kaggle/input/datasets/hintrngia/locked-densenet-xai-inputs/D-P/DenseNet121/seed_42/best_checkpoint.pt,E02_XAI_D_P_DenseNet121,D,P
E02_XAI_D_P_DenseNet121,D-P,DenseNet121,42,14,normal,E-36FB7A78C2BFA1A3824C3EFA.jpeg,0,0.3266095998135022,0.5634765625,0,1,0.7494735843233022,0.7494735717773438,0.3275299072265625,2.288259996376051,0.7848161949185262,0.7848162055015564,2.3961665106070598,1,1,80,80,109,79,0.2629777401716562,0.4311183418700964,0.2114589651553156,0.51920578818672,0.0010587575266132,0.0009588046850887,0.971571362285732,0.9161241329150202,/kaggle/input/datasets/hintrngia/locked-densenet-xai-inputs/D-P/DenseNet121/seed_42/best_checkpoint.pt,E02_XAI_D_P_DenseNet121,D,P
E02_XAI_D_P_DenseNet121,D-P,DenseNet121,42,15,normal,E-3B865A0E9283DC8B3D382B5F.jpeg,0,0.9771020104952935,0.5634765625,1,0,0.7332389022283241,0.7332388758659363,0.360931396484375,2.031518757776082,0.7643714639701477,0.7643714547157288,2.117774932897083,1,1,207,207,210,214,0.971539753091402,0.9092885355242396,0.9228164124726314,0.9464269030861842,0.0011984888261518,0.002219039932951,0.8928565181315921,0.9462362785802868,/kaggle/input/datasets/hintrngia/locked-densenet-xai-inputs/D-P/DenseNet121/seed_42/best_checkpoint.pt,E02_XAI_D_P_DenseNet121,D,P
E02_XAI_D_P_DenseNet121,D-P,DenseNet121,42,16,normal,E-3D66EC3C4F2D4073FE577EEA.jpeg,0,0.1105184419634,0.5634765625,0,1,0.7325226061221567,0.7325226068496704,0.2598114013671875,2.819439802362228,0.7454249570630607,0.7454249858856201,2.869100251722837,1,1,111,80,101,79,0.5212005827298878,0.6053077587164869,0.4858370841396018,0.7322039679598977,0.000191574419018,0.0006180084734459,0.9317230713608622,0.93862016056818,/kaggle/input/datasets/hintrngia/locked-densenet-xai-inputs/D-P/DenseNet121/seed_42/best_checkpoint.pt,E02_XAI_D_P_DenseNet121,D,P
E02_XAI_D_P_DenseNet121,D-P,DenseNet121,42,17,normal,E-40D9418B91304B06987F2A6E.jpeg,0,0.8858113573483051,0.5634765625,1,0,0.7514151957185969,0.7514151930809021,0.3151092529296875,2.384617997511693,0.8187776843656759,0.8187776803970337,2.598393023223521,1,1,207,207,208,165,0.8819218637161543,0.922369030286353,0.8899754641413626,0.9239013103383564,0.0003829854790337,0.0007468546167364,0.0060718554831179,-0.045005079353501,/kaggle/input/datasets/hintrngia/locked-densenet-xai-inputs/D-P/DenseNet121/seed_42/best_checkpoint.pt,E02_XAI_D_P_DenseNet121,D,P
E02_XAI_D_P_DenseNet121,D-P,DenseNet121,42,18,normal,E-44BF14DBF8A5FE52BF53ED2E.jpeg,0,0.4984994097264211,0.5634765625,0,1,0.7359407325087923,0.7359407544136047,0.32672119140625,2.2525038224218297,0.7467340310796154,0.7467340230941772,2.285539018346426,1,1,176,176,93,175,0.1312858254570404,0.3692790937598081,0.0995518033795439,0.3925519701703511,0.0001646969629609,0.0008129081850966,0.907916523729421,0.940307206067406,/kaggle/input/datasets/hintrngia/locked-densenet-xai-inputs/D-P/DenseNet121/seed_42/best_checkpoint.pt,E02_XAI_D_P_DenseNet121,D,P
E02_XAI_D_P_DenseNet121,D-P,DenseNet121,42,19,normal,E-47080ACF9F207EB21662EAAE.jpeg,0,0.7985205269532133,0.5634765625,1,0,0.81463059367929,0.8146305680274963,0.3899383544921875,2.0891266126928567,0.8297590568252575,0.8297590613365173,2.1279236763099227,1,1,176,143,70,142,0.8968940954936349,0.922734649571692,0.8919294229351429,0.9220921676284372,0.0002147272617706,0.0008110707711295,0.5502724751284114,0.6494436372199698,/kaggle/input/datasets/hintrngia/locked-densenet-xai-inputs/D-P/DenseNet121/seed_42/best_checkpoint.pt,E02_XAI_D_P_DenseNet121,D,P
E02_XAI_D_P_DenseNet121,D-P,DenseNet121,42,20,normal,E-4F18C9F59223CD9D0CA81789.jpeg,0,0.8380634455220848,0.5634765625,1,0,0.7558281793460345,0.7558282017707825,0.305145263671875,2.4769454726283486,0.6861053320477394,0.6861053109169006,2.248454797533786,1,0,80,79,75,37,0.9371047284816668,0.9501477474750676,0.9504500144138108,0.9523981286532792,0.0012044932277405,0.0073252650372603,-0.0269565036684026,-0.0009181003758578,/kaggle/input/datasets/hintrngia/locked-densenet-xai-inputs/D-P/DenseNet121/seed_42/best_checkpoint.pt,E02_XAI_D_P_DenseNet121,D,P
E02_XAI_D_P_DenseNet121,D-P,DenseNet121,42,21,normal,E-57BEC1C15CFD6C2BBAF49905.jpeg,0,0.1288076689256237,0.5634765625,0,1,0.8000545722620908,0.8000545501708984,0.3210601806640625,2.491914664120925,0.7947827666133385,0.7947827577590942,2.4754946719629176,1,1,111,80,110,80,0.3811707710778238,0.7015248262030422,0.2535432657123124,0.800166555921214,0.0002569077494917,0.0016559527165722,-0.0613564460084334,-0.0047472532425618,/kaggle/input/datasets/hintrngia/locked-densenet-xai-inputs/D-P/DenseNet121/seed_42/best_checkpoint.pt,E02_XAI_D_P_DenseNet121,D,P
E02_XAI_D_P_DenseNet121,D-P,DenseNet121,42,22,normal,E-5822F4C00AF6A5D69871506D.jpeg,0,0.0698276871613225,0.5634765625,0,1,0.8353658473369971,0.8353658318519592,0.414520263671875,2.0152593746255407,0.8462390936678891,0.8462390899658203,2.041490290901081,1,1,80,79,112,50,0.3979217690817906,0.5131142751830768,0.3406187843923836,0.6928696485621757,2.3733872140163648e-05,0.0003192532418506,-0.2168808855442953,-0.0647932888750288,/kaggle/input/datasets/hintrngia/locked-densenet-xai-inputs/D-P/DenseNet121/seed_42/best_checkpoint.pt,E02_XAI_D_P_DenseNet121,D,P
E02_XAI_D_P_DenseNet121,D-P,DenseNet121,42,23,normal,E-592EC4B388705AD74965EF2F.jpeg,0,0.1006190296645211,0.5634765625,0,1,0.7167595648978381,0.7167595624923706,0.3038330078125,2.35905759567822,0.7446903906949381,0.7446904182434082,2.450985809792259,1,1,111,80,87,79,0.409007459139871,0.6021143901382243,0.328104251742971,0.7177147191192763,0.0001814090697583,0.0005013386494082,0.9756688120615428,0.9742171108776372,/kaggle/input/datasets/hintrngia/locked-densenet-xai-inputs/D-P/DenseNet121/seed_42/best_checkpoint.pt,E02_XAI_D_P_DenseNet121,D,P
E02_XAI_D_P_DenseNet121,D-P,DenseNet121,42,24,normal,E-5EB53A5E9ABA53D43AB743A8.jpeg,0,0.1033191309262944,0.5634765625,0,1,0.6999326396172915,0.6999326348304749,0.2571563720703125,2.721817211769941,0.6789963581209859,0.6789963841438293,2.6404026182766827,1,1,80,80,95,79,0.4464930386170067,0.7652183522660911,0.3594422205881659,0.8064563845914116,0.0001907204733927,0.0021462127029424,0.9592295191904594,0.9873781917947748,/kaggle/input/datasets/hintrngia/locked-densenet-xai-inputs/D-P/DenseNet121/seed_42/best_checkpoint.pt,E02_XAI_D_P_DenseNet121,D,P
E02_XAI_D_P_DenseNet121,D-P,DenseNet121,42,25,normal,E-5FBF0EE47B9EC5825E465989.jpeg,0,0.088157189781949,0.5634765625,0,1,0.7751813452610498,0.7751813530921936,0.329376220703125,2.3534830280287298,0.7825104773326139,0.7825104594230652,2.3757345799346883,1,1,176,175,191,183,0.4591678566667201,0.5394770629747283,0.3611398297343152,0.7096086629441669,0.0001021756860162,0.0016051664397905,-0.1006434042311454,-0.0350877711429348,/kaggle/input/datasets/hintrngia/locked-densenet-xai-inputs/D-P/DenseNet121/seed_42/best_checkpoint.pt,E02_XAI_D_P_DenseNet121,D,P
E02_XAI_D_P_DenseNet121,D-P,DenseNet121,42,26,normal,E-67976418F9EE68ADAB32C212.jpeg,0,0.0485633995679161,0.5634765625,0,1,0.6537490670778416,0.6537490487098694,0.26171875,2.4979068831630964,0.6536085182731489,0.653608500957489,2.497369860864569,1,1,111,80,115,83,0.4407216552863812,0.7576115021667587,0.3881461151905047,0.7885419524300536,0.000234076773337,3.454721575102404e-05,-0.2019914079566475,-0.087548415897631,/kaggle/input/datasets/hintrngia/locked-densenet-xai-inputs/D-P/DenseNet121/seed_42/best_checkpoint.pt,E02_XAI_D_P_DenseNet121,D,P
E02_XAI_D_P_DenseNet121,D-P,DenseNet121,42,27,normal,E-74019A53B16F834307F73E46.jpeg,0,0.2950299275820072,0.5634765625,0,1,0.7810222281060705,0.7810222506523132,0.372467041015625,2.096889501891005,0.8058236547891694,0.8058236837387085,2.163476404762925,1,1,80,79,83,67,0.2896322635507249,0.4596609992090326,0.1896150467694545,0.5662769311148675,0.000480904185662,0.0007128179176529,0.5677678432919049,0.7461639183845298,/kaggle/input/datasets/hintrngia/locked-densenet-xai-inputs/D-P/DenseNet121/seed_42/best_checkpoint.pt,E02_XAI_D_P_DenseNet121,D,P
E02_XAI_D_P_DenseNet121,D-P,DenseNet121,42,28,normal,E-778E5DF620CB9DE6A84B008B.jpeg,0,0.9579899562762128,0.5634765625,1,0,0.7501294036731212,0.7501294016838074,0.3386688232421875,2.2149349222402197,0.7975201453036806,0.7975201606750488,2.354867323389142,1,1,176,207,180,212,0.94620398512766,0.958928892789721,0.9417613730728582,0.9669820648386888,0.0006120616806539,0.0021498948574087,0.8542636843405886,0.9669888197878804,/kaggle/input/datasets/hintrngia/locked-densenet-xai-inputs/D-P/DenseNet121/seed_42/best_checkpoint.pt,E02_XAI_D_P_DenseNet121,D,P
E02_XAI_D_P_DenseNet121,D-P,DenseNet121,42,29,normal,E-77C42172A076E16EE5474210.jpeg,0,0.3107087697017031,0.5634765625,0,1,0.817118100863075,0.8171181082725525,0.39276123046875,2.080444905134517,0.8024365795999344,0.8024365901947021,2.0430646340583256,1,1,111,48,111,45,0.2333803920391585,0.4798435751276427,0.1851406004060212,0.5379236996273409,0.0008812772991115,0.000363015077151,0.7037737090998492,0.7878295973089054,/kaggle/input/datasets/hintrngia/locked-densenet-xai-inputs/D-P/DenseNet121/seed_42/best_checkpoint.pt,E02_XAI_D_P_DenseNet121,D,P
E02_XAI_D_P_DenseNet121,D-P,DenseNet121,42,30,normal,E-7B1FB0C84C51C5CD8EDBCCFD.jpeg,0,0.9955188259764158,0.5634765625,1,0,0.7571978597453145,0.7571978569030762,0.388427734375,1.9493918501048448,0.7857807718526184,0.7857807874679565,2.0229780273465274,1,1,207,207,202,202,0.991878531075765,0.96951378360552,0.9830874711710772,0.984682206900516,0.0005646450076437,0.000140603649903,-0.0123451022866321,-0.0026421487825708,/kaggle/input/datasets/hintrngia/locked-densenet-xai-inputs/D-P/DenseNet121/seed_42/best_checkpoint.pt,E02_XAI_D_P_DenseNet121,D,P
E02_XAI_D_P_DenseNet121,D-P,DenseNet121,42,31,normal,E-7B7A8A9BEAA512F9DC3E0865.jpeg,0,0.0658937717642662,0.5634765625,0,1,0.7560284150436631,0.756028413772583,0.356475830078125,2.1208406047556507,0.782402863832823,0.7824028730392456,2.194827244420336,1,1,80,79,107,83,0.3545900526314416,0.692521665396843,0.2362525838154612,0.793282055593886,0.0006488886040771,0.0006830324968216,-0.0095161710615359,0.248830150964578,/kaggle/input/datasets/hintrngia/locked-densenet-xai-inputs/D-P/DenseNet121/seed_42/best_checkpoint.pt,E02_XAI_D_P_DenseNet121,D,P
E02_XAI_D_P_DenseNet121,D-P,DenseNet121,42,32,normal,E-82FCB2C3D1996A8155B45525.jpeg,0,0.1018563627356183,0.5634765625,0,1,0.7173181686075386,0.7173181772232056,0.2450714111328125,2.926976122150778,0.7046184911658959,0.704618513584137,2.87515580829638,1,1,111,80,178,184,0.2109051221824855,0.7078389500791911,0.1580492421971925,0.7787314690520637,0.001037180883065,0.0007378657008276,0.8068033174765629,0.850434170217682,/kaggle/input/datasets/hintrngia/locked-densenet-xai-inputs/D-P/DenseNet121/seed_42/best_checkpoint.pt,E02_XAI_D_P_DenseNet121,D,P
E02_XAI_D_P_DenseNet121,D-P,DenseNet121,42,33,normal,E-843CBB869621D4078F498542.jpeg,0,0.853384538777355,0.5634765625,1,0,0.8058308912158474,0.8058308959007263,0.3597412109375,2.240029406460883,0.8133855672391049,0.813385546207428,2.26102971388624,1,1,207,175,214,162,0.7735403546273608,0.9267656743747728,0.7998091605272906,0.934490089136476,0.0010256122646424,0.0065163936710582,-0.0639361943498501,0.0896583940870122,/kaggle/input/datasets/hintrngia/locked-densenet-xai-inputs/D-P/DenseNet121/seed_42/best_checkpoint.pt,E02_XAI_D_P_DenseNet121,D,P
E02_XAI_D_P_DenseNet121,D-P,DenseNet121,42,34,normal,E-845A5BC2008587BFFF60937F.jpeg,0,0.2569354874745274,0.5634765625,0,1,0.749923507130947,0.7499235272407532,0.3625030517578125,2.068737086472776,0.8109663267223262,0.8109663128852844,2.237129653915661,1,1,80,79,79,66,0.3220474253912536,0.3883481302284365,0.2360379016223242,0.4441534833231749,0.0008589518172983,0.0003475320424461,-0.1260699838998748,0.0112969970978464,/kaggle/input/datasets/hintrngia/locked-densenet-xai-inputs/D-P/DenseNet121/seed_42/best_checkpoint.pt,E02_XAI_D_P_DenseNet121,D,P
E02_XAI_D_P_DenseNet121,D-P,DenseNet121,42,35,normal,E-8BB569A271B438E1FF7419AA.jpeg,0,0.3348567589324035,0.5634765625,0,1,0.7723832630267671,0.7723832726478577,0.3291015625,2.3469449891377137,0.7748650969827066,0.7748650908470154,2.354486229407393,1,1,111,80,110,83,0.3296275182112622,0.3677577848465712,0.3039882964363121,0.4543674722246854,0.0002043349825183,0.0004272844680409,-0.0683705552627013,-0.0017470595420412,/kaggle/input/datasets/hintrngia/locked-densenet-xai-inputs/D-P/DenseNet121/seed_42/best_checkpoint.pt,E02_XAI_D_P_DenseNet121,D,P
E02_XAI_D_P_DenseNet121,D-P,DenseNet121,42,36,normal,E-8E65534102472D38A215B619.jpeg,0,0.1613860530442998,0.5634765625,0,1,0.771101688308126,0.771101713180542,0.4018096923828125,1.9190718962883584,0.7766739021073006,0.7766739130020142,1.9329396896860995,1,1,80,79,83,58,0.4074874418479579,0.5432223793985694,0.4073958482555203,0.6049924871953397,0.0004293480797952,0.0006644349870351,-0.1185481158247856,-0.0553043563335745,/kaggle/input/datasets/hintrngia/locked-densenet-xai-inputs/D-P/DenseNet121/seed_42/best_checkpoint.pt,E02_XAI_D_P_DenseNet121,D,P
E02_XAI_D_P_DenseNet121,D-P,DenseNet121,42,37,normal,E-91CCC5E035FBDB0CCBB30E2A.jpeg,0,0.0755596898176559,0.5634765625,0,1,0.7790302149331058,0.7790302038192749,0.4178619384765625,1.8643244172304556,0.768604561147096,0.768604576587677,1.8393744210091685,1,1,80,48,108,71,0.6077046147487045,0.5639419160887869,0.6222826940358199,0.7541422442716377,0.0001479317644347,0.0011119772271885,-0.0179322347986781,0.1658194903831988,/kaggle/input/datasets/hintrngia/locked-densenet-xai-inputs/D-P/DenseNet121/seed_42/best_checkpoint.pt,E02_XAI_D_P_DenseNet121,D,P
E02_XAI_D_P_DenseNet121,D-P,DenseNet121,42,38,normal,E-91CD2D4F539A3D56107014E7.jpeg,0,0.7396589549154666,0.5634765625,1,0,0.7999556582787792,0.7999556660652161,0.376434326171875,2.125086908024243,0.8255658594200261,0.8255658745765686,2.193120557882077,1,1,176,144,208,218,0.8849877283474676,0.8625880711261411,0.8964154480127167,0.8378227725823714,1.0051763190688234e-05,0.0005506345114365,0.6906983314855654,0.7593921960405167,/kaggle/input/datasets/hintrngia/locked-densenet-xai-inputs/D-P/DenseNet121/seed_42/best_checkpoint.pt,E02_XAI_D_P_DenseNet121,D,P
E02_XAI_D_P_DenseNet121,D-P,DenseNet121,42,39,normal,E-93DEE19500CF7BC746908FEA.jpeg,0,0.1670085766093024,0.5634765625,0,1,0.7884779464467623,0.7884779572486877,0.3555908203125,2.2173743004778155,0.768309512713866,0.7683095335960388,2.1606562060254,1,1,79,79,91,49,0.32506057280806,0.5694157017695665,0.2102751242543606,0.645216729251963,0.000753901918249,0.0024799939214043,0.6555176565453789,0.7182691157206056,/kaggle/input/datasets/hintrngia/locked-densenet-xai-inputs/D-P/DenseNet121/seed_42/best_checkpoint.pt,E02_XAI_D_P_DenseNet121,D,P
E02_XAI_D_P_DenseNet121,D-P,DenseNet121,42,40,normal,E-9A48264C99FDAC90E29908DD.jpeg,0,0.987150068507774,0.5634765625,1,0,0.7396236715877552,0.7396236658096313,0.3754425048828125,1.9700051591617609,0.7913391376124892,0.7913391590118408,2.107750527233168,1,1,207,207,208,193,0.9198861598371084,0.9249873274570782,0.8577897216644879,0.9598959262932838,0.0010298806983525,1.4836673162266225e-05,-0.1689069642596921,-0.0621521079160454,/kaggle/input/datasets/hintrngia/locked-densenet-xai-inputs/D-P/DenseNet121/seed_42/best_checkpoint.pt,E02_XAI_D_P_DenseNet121,D,P
E02_XAI_D_P_DenseNet121,D-P,DenseNet121,42,41,normal,E-A5B76F5465A7745EBBAE1D8D.jpeg,0,0.4153663085421838,0.5634765625,0,1,0.763766008969127,0.7637659907341003,0.36846923828125,2.0728080654215963,0.7834442958615473,0.7834442853927612,2.1262135735291685,1,1,80,48,179,186,0.1885405067197023,0.3960868637521524,0.1572210970566224,0.4484908208946753,0.0004191463123646,9.479723563254884e-05,0.6251702288985072,0.8348261568414287,/kaggle/input/datasets/hintrngia/locked-densenet-xai-inputs/D-P/DenseNet121/seed_42/best_checkpoint.pt,E02_XAI_D_P_DenseNet121,D,P
E02_XAI_D_P_DenseNet121,D-P,DenseNet121,42,42,normal,E-A92185A886C303721C499620.jpeg,0,0.9113958689950432,0.5634765625,1,0,0.8312313678503801,0.8312313556671143,0.4248199462890625,1.956667466091107,0.8424447300660173,0.8424447178840637,1.9830630304086243,1,1,207,207,198,198,0.9535657825848424,0.9082697774567908,0.9521074128154124,0.8965719080301575,3.1232318218887833e-05,0.000239580439745,-0.1375513724197768,0.0524914117355507,/kaggle/input/datasets/hintrngia/locked-densenet-xai-inputs/D-P/DenseNet121/seed_42/best_checkpoint.pt,E02_XAI_D_P_DenseNet121,D,P
E02_XAI_D_P_DenseNet121,D-P,DenseNet121,42,43,normal,E-B1906A980682154F21AC8637.jpeg,0,0.0654480878068011,0.5634765625,0,1,0.7986428246674752,0.7986428141593933,0.37506103515625,2.1293676223518165,0.8170456079588136,0.8170456290245056,2.1784337251093904,1,1,80,79,69,75,0.5887970940826603,0.5221785684044885,0.502888158435693,0.6736052641789022,0.0012350389704206,0.0006553852016708,0.914616982617486,0.9542238107311868,/kaggle/input/datasets/hintrngia/locked-densenet-xai-inputs/D-P/DenseNet121/seed_42/best_checkpoint.pt,E02_XAI_D_P_DenseNet121,D,P
E02_XAI_D_P_DenseNet121,D-P,DenseNet121,42,44,normal,E-B701F1D8C0C0617522833A87.jpeg,0,0.0258393903011174,0.5634765625,0,1,0.7272474647021478,0.7272474765777588,0.2968597412109375,2.449801585542018,0.7140703789986628,0.7140703797340393,2.405413331177402,1,1,80,80,89,79,0.7116149749453857,0.6691334399224457,0.606996519210134,0.8073751402388882,0.0009825293809581,0.0028302886463383,0.3563105887110203,0.5267745537507228,/kaggle/input/datasets/hintrngia/locked-densenet-xai-inputs/D-P/DenseNet121/seed_42/best_checkpoint.pt,E02_XAI_D_P_DenseNet121,D,P
E02_XAI_D_P_DenseNet121,D-P,DenseNet121,42,45,normal,E-B80945974BB38152A2ADE2AF.jpeg,0,0.0097760533933888,0.5634765625,0,1,0.7541816054024769,0.7541816234588623,0.287933349609375,2.619292299504861,0.7618789164511115,0.7618789076805115,2.6460252606539503,1,1,111,80,106,82,0.5666143800190717,0.8523135281474861,0.5853806361553272,0.910687914590072,4.527175685442586e-06,6.431661710759595e-05,0.9256834159162788,0.9271452162019852,/kaggle/input/datasets/hintrngia/locked-densenet-xai-inputs/D-P/DenseNet121/seed_42/best_checkpoint.pt,E02_XAI_D_P_DenseNet121,D,P
E02_XAI_D_P_DenseNet121,D-P,DenseNet121,42,46,normal,E-BB74E7A26CC5772AE8204932.jpeg,0,0.9207624399542907,0.5634765625,1,0,0.8132412953625343,0.8132413029670715,0.396759033203125,2.04971085042993,0.8679710401438483,0.8679710626602173,2.187652876196725,1,1,207,143,159,83,0.8732361054626485,0.9229183423165184,0.8281850223751045,0.919434927049867,0.0013389307576986,0.0001477197951651,0.1880609889844013,0.3122214111212451,/kaggle/input/datasets/hintrngia/locked-densenet-xai-inputs/D-P/DenseNet121/seed_42/best_checkpoint.pt,E02_XAI_D_P_DenseNet121,D,P
E02_XAI_D_P_DenseNet121,D-P,DenseNet121,42,47,normal,E-BB96C349B18A4710DE07EC01.jpeg,0,0.0447035801583104,0.5634765625,0,1,0.7511807054074859,0.7511807084083557,0.3329010009765625,2.2564687495799145,0.7524738502904194,0.7524738311767578,2.2603532223785545,1,1,80,79,112,76,0.4836837542191857,0.667048746705851,0.390279992062276,0.8158024872684705,0.0005442712329135,0.0010937637566768,-0.1353401558037567,-0.0405130946191359,/kaggle/input/datasets/hintrngia/locked-densenet-xai-inputs/D-P/DenseNet121/seed_42/best_checkpoint.pt,E02_XAI_D_P_DenseNet121,D,P
E02_XAI_D_P_DenseNet121,D-P,DenseNet121,42,48,normal,E-BCDF7BD5461E233F18CDF83C.jpeg,0,0.1046189672912532,0.5634765625,0,1,0.7634136151313181,0.7634136080741882,0.2940521240234375,2.596184665105395,0.7335890035857563,0.7335889935493469,2.4947583902753423,1,1,111,80,108,75,0.4196725654487784,0.7856042274388484,0.4312339767375281,0.8440847676528329,0.0002471306447244,0.0008186718556195,-0.0664629969550694,-0.0090026756557062,/kaggle/input/datasets/hintrngia/locked-densenet-xai-inputs/D-P/DenseNet121/seed_42/best_checkpoint.pt,E02_XAI_D_P_DenseNet121,D,P
E02_XAI_D_P_DenseNet121,D-P,DenseNet121,42,49,normal,E-BF6060CF2B5D86362B50F1EF.jpeg,0,0.070924668602918,0.5634765625,0,1,0.740586377522773,0.7405864000320435,0.3540191650390625,2.0919386594255616,0.7282647332634005,0.7282647490501404,2.0571336390306545,1,1,80,79,83,83,0.4649614493137832,0.5647261434404431,0.32451475075887,0.7888395222192657,0.0001289734913312,0.000972127035496,-0.0266712330116525,0.0174865544207267,/kaggle/input/datasets/hintrngia/locked-densenet-xai-inputs/D-P/DenseNet121/seed_42/best_checkpoint.pt,E02_XAI_D_P_DenseNet121,D,P
E02_XAI_D_P_DenseNet121,D-P,DenseNet121,42,50,normal,E-C7B56CF9C42EB131FD94EA3C.jpeg,0,0.9790199963811348,0.5634765625,1,0,0.6184064415323443,0.6184064149856567,0.32830810546875,1.8836161253143573,0.6536483939222149,0.6536483764648438,1.990960268827211,1,1,207,207,204,199,0.9655323840140576,0.9195694895091476,0.9224515978703416,0.9746451177326244,0.0011270213731262,0.0181160172855292,0.5150085147835918,0.5348643436764913,/kaggle/input/datasets/hintrngia/locked-densenet-xai-inputs/D-P/DenseNet121/seed_42/best_checkpoint.pt,E02_XAI_D_P_DenseNet121,D,P
E02_XAI_D_P_DenseNet121,D-P,DenseNet121,42,51,normal,E-D31B79C24E008C43E1511E9D.jpeg,0,0.0120329405358361,0.5634765625,0,1,0.7602311914841304,0.7602311968803406,0.29034423828125,2.61837877680807,0.7865238430150377,0.7865238189697266,2.7089355988981247,1,1,111,80,115,82,0.7646581077546311,0.8546614959590906,0.705303838122813,0.9345320219213202,0.0004333251699091,0.0008120776023676,0.665445629129062,0.6556813616516323,/kaggle/input/datasets/hintrngia/locked-densenet-xai-inputs/D-P/DenseNet121/seed_42/best_checkpoint.pt,E02_XAI_D_P_DenseNet121,D,P
E02_XAI_D_P_DenseNet121,D-P,DenseNet121,42,52,normal,E-E13640D767DD410F37B990A9.jpeg,0,0.1539749303077862,0.5634765625,0,1,0.7537269588586115,0.7537269592285156,0.3385162353515625,2.226560738145502,0.7605187332086856,0.7605187296867371,2.246624101851,1,1,176,175,179,195,0.4954567478606249,0.5351395560912686,0.4151122242602165,0.7572872396756639,0.0012156983967767,0.0018517186773526,0.5136167440217924,0.7641124548229989,/kaggle/input/datasets/hintrngia/locked-densenet-xai-inputs/D-P/DenseNet121/seed_42/best_checkpoint.pt,E02_XAI_D_P_DenseNet121,D,P
E02_XAI_D_P_DenseNet121,D-P,DenseNet121,42,53,normal,E-E2352C479C37BA410D3419C8.jpeg,0,0.2928813070569886,0.5634765625,0,1,0.8133188902959934,0.8133189082145691,0.460540771484375,1.7660084419335438,0.8000496232057943,0.8000496029853821,1.7371960806578404,1,1,176,176,95,51,0.2932832675979838,0.38627827106605,0.2504243673313843,0.5098041066170124,0.0023411350400774,0.0024465554976798,-0.0341769071292924,0.0915938673763786,/kaggle/input/datasets/hintrngia/locked-densenet-xai-inputs/D-P/DenseNet121/seed_42/best_checkpoint.pt,E02_XAI_D_P_DenseNet121,D,P
E02_XAI_D_P_DenseNet121,D-P,DenseNet121,42,54,normal,E-E249A212D4F7D1C6D4206FBF.jpeg,0,0.0740880199189303,0.5634765625,0,1,0.8077304977874362,0.807730495929718,0.44427490234375,1.8180871652355208,0.8085820961619808,0.808582067489624,1.8200039927899287,1,1,80,48,84,170,0.7038431873614601,0.5159268770413656,0.7032274463638439,0.6514182536670827,0.0004055289734736,0.0021630857443207,-0.1368520810487996,-0.0813875611163158,/kaggle/input/datasets/hintrngia/locked-densenet-xai-inputs/D-P/DenseNet121/seed_42/best_checkpoint.pt,E02_XAI_D_P_DenseNet121,D,P
E02_XAI_D_P_DenseNet121,D-P,DenseNet121,42,55,normal,E-E2DD25AE8644A21D4C1655DA.jpeg,0,0.194784962442238,0.5634765625,0,1,0.7690186546908158,0.7690186500549316,0.3409881591796875,2.2552649820475814,0.7808141811550969,0.7808141708374023,2.289857169919024,1,1,80,80,84,81,0.2901344739078807,0.4057316147292602,0.2011969118779907,0.5004644566960539,0.0010823586583629,0.0005513057659248,0.8752206986911003,0.9591310919416368,/kaggle/input/datasets/hintrngia/locked-densenet-xai-inputs/D-P/DenseNet121/seed_42/best_checkpoint.pt,E02_XAI_D_P_DenseNet121,D,P
E02_XAI_D_P_DenseNet121,D-P,DenseNet121,42,56,normal,E-E35138A3EAFB63D43C970EAE.jpeg,0,0.2677823107267037,0.5634765625,0,1,0.7841018591148069,0.7841018438339233,0.4013519287109375,1.953651653383568,0.8192993131302395,0.8192993402481079,2.041348887400805,1,1,80,48,79,83,0.3099481605431613,0.4416249525007669,0.3279749891647051,0.5025309113696406,0.0002172616508978,0.0008372766950728,-0.0600896996562751,-0.0118531656351272,/kaggle/input/datasets/hintrngia/locked-densenet-xai-inputs/D-P/DenseNet121/seed_42/best_checkpoint.pt,E02_XAI_D_P_DenseNet121,D,P
E02_XAI_D_P_DenseNet121,D-P,DenseNet121,42,57,normal,E-EACE2F51FB2EF2E191B9BC55.jpeg,0,0.9105702908699036,0.5634765625,1,0,0.8364571520672324,0.8364571332931519,0.4419708251953125,1.892561916722877,0.7746353296854988,0.7746353149414062,1.75268430748382,1,1,207,207,50,70,0.888797313109689,0.9476198309010248,0.895911207210562,0.9337543627738268,0.0010978496585783,0.0016507322863775,0.8757028097425404,0.7812186171097212,/kaggle/input/datasets/hintrngia/locked-densenet-xai-inputs/D-P/DenseNet121/seed_42/best_checkpoint.pt,E02_XAI_D_P_DenseNet121,D,P
E02_XAI_D_P_DenseNet121,D-P,DenseNet121,42,58,normal,E-ED70ACD6E494856AB99B813B.jpeg,0,0.9946360374388328,0.5634765625,1,0,0.6756609086789872,0.6756609082221985,0.3370513916015625,2.0046228127659065,0.7354494148250114,0.7354494333267212,2.1820097265594613,1,1,207,207,211,202,0.9722450803858556,0.9539214599992482,0.9375121596678262,0.983890164478404,4.7358439029587807e-05,0.0077923947847953,0.9259297917652686,0.9701264616713532,/kaggle/input/datasets/hintrngia/locked-densenet-xai-inputs/D-P/DenseNet121/seed_42/best_checkpoint.pt,E02_XAI_D_P_DenseNet121,D,P
E02_XAI_D_P_DenseNet121,D-P,DenseNet121,42,59,normal,E-EE1CB872F9ABCF62B8C9A410.jpeg,0,0.0849998803416761,0.5634765625,0,1,0.7605442243854766,0.7605442404747009,0.260040283203125,2.924716951609353,0.7750341890922019,0.7750341892242432,2.9804389517865597,1,1,79,80,90,106,0.2742839001441374,0.7034002329508686,0.193508590139706,0.7817871047749343,0.0004837387613966,0.0011366012874182,0.954127298148227,0.961901047211552,/kaggle/input/datasets/hintrngia/locked-densenet-xai-inputs/D-P/DenseNet121/seed_42/best_checkpoint.pt,E02_XAI_D_P_DenseNet121,D,P
E02_XAI_D_P_DenseNet121,D-P,DenseNet121,42,60,normal,E-EFAD2710B0F9E9CA19CFEDAD.jpeg,0,0.7011702898057468,0.5634765625,1,0,0.8241898968200947,0.8241899013519287,0.36236572265625,2.27446981126839,0.8808911096950514,0.8808910846710205,2.430944911780988,1,1,176,144,210,182,0.7144587931559102,0.927328258502639,0.7240800178523136,0.9139997655302688,0.001234594307198,0.0005795313060453,0.241148221664812,0.4093341769463264,/kaggle/input/datasets/hintrngia/locked-densenet-xai-inputs/D-P/DenseNet121/seed_42/best_checkpoint.pt,E02_XAI_D_P_DenseNet121,D,P
E02_XAI_D_P_DenseNet121,D-P,DenseNet121,42,61,normal,E-F32C5A7DA665488BF8EB2294.jpeg,0,0.5833705304152569,0.5634765625,1,0,0.8363922803062918,0.8363922834396362,0.3988037109375,2.097253002837203,0.8310564950232976,0.8310564756393433,2.083873525323188,1,1,207,176,198,210,0.7118207232377187,0.8114496753843092,0.6989666947952582,0.805826584133719,0.0001765225063202,0.0004497958338371,0.9311083787605448,0.8178171237869498,/kaggle/input/datasets/hintrngia/locked-densenet-xai-inputs/D-P/DenseNet121/seed_42/best_checkpoint.pt,E02_XAI_D_P_DenseNet121,D,P
E02_XAI_D_P_DenseNet121,D-P,DenseNet121,42,62,normal,E-F57AB9616B464FB4687D409D.jpeg,0,0.0720459803666362,0.5634765625,0,1,0.811245618041149,0.8112456202507019,0.43695068359375,1.856606817430673,0.8131740176656855,0.8131740093231201,1.861020129268696,1,1,79,48,81,58,0.5590156919461863,0.4353775017282564,0.5250359398233446,0.628408444910279,8.567139098636378e-05,0.0014900674951443,0.9140617809011088,0.9329977231028452,/kaggle/input/datasets/hintrngia/locked-densenet-xai-inputs/D-P/DenseNet121/seed_42/best_checkpoint.pt,E02_XAI_D_P_DenseNet121,D,P
E02_XAI_D_P_DenseNet121,D-P,DenseNet121,42,63,normal,E-F803B5977A560D3CAEE3206F.jpeg,0,0.2699698059449796,0.5634765625,0,1,0.7574548774408316,0.7574548721313477,0.3428192138671875,2.2094878198229555,0.7492658147731148,0.7492657899856567,2.185600411135036,1,1,111,48,111,53,0.3751044426839074,0.3940868174832951,0.3151650322133971,0.4700246724785073,0.00115059839181,0.002177596303318,0.8399809077160244,0.8743059444399192,/kaggle/input/datasets/hintrngia/locked-densenet-xai-inputs/D-P/DenseNet121/seed_42/best_checkpoint.pt,E02_XAI_D_P_DenseNet121,D,P
E02_XAI_D_P_DenseNet121,D-P,DenseNet121,42,64,pneumonia,E-018B83433C4DD934AA5C8B2B.jpeg,1,0.9949400904814268,0.5634765625,1,1,0.8006440937355431,0.8006440997123718,0.3726043701171875,2.1487780550822126,0.8105708751153861,0.8105708956718445,2.175419667945532,1,1,207,207,201,197,0.9926544779419684,0.9905993000340348,0.9922112688179664,0.9932588459501568,0.000175196981464,0.0014704380528789,0.7347589008593071,0.7786404601820641,/kaggle/input/datasets/hintrngia/locked-densenet-xai-inputs/D-P/DenseNet121/seed_42/best_checkpoint.pt,E02_XAI_D_P_DenseNet121,D,P
E02_XAI_D_P_DenseNet121,D-P,DenseNet121,42,65,pneumonia,E-01E4EA18817F6CBD784D8ACE.jpeg,1,0.9934958042343636,0.5634765625,1,1,0.7630273287313639,0.7630273103713989,0.355072021484375,2.148936786237158,0.785925285437983,0.7859252691268921,2.213424989534321,1,1,207,144,81,110,0.977143457063382,0.9929733126881186,0.9813176554426776,0.9940704858771916,0.0012649914023458,0.0026887959238012,-0.0893023379569875,-0.0091543779628646,/kaggle/input/datasets/hintrngia/locked-densenet-xai-inputs/D-P/DenseNet121/seed_42/best_checkpoint.pt,E02_XAI_D_P_DenseNet121,D,P
E02_XAI_D_P_DenseNet121,D-P,DenseNet121,42,66,pneumonia,E-0981A556ADE7F427711A3360.jpeg,1,0.9752352014730338,0.5634765625,1,1,0.7318866156587303,0.731886625289917,0.315826416015625,2.317369854276285,0.7657728741089315,0.7657728791236877,2.4246637876897736,1,1,207,144,202,147,0.953334722511437,0.9712892697655424,0.906731109641763,0.983702199909926,0.0005224864090699,0.0012338704510727,-0.1439155374331967,-0.0508187604438197,/kaggle/input/datasets/hintrngia/locked-densenet-xai-inputs/D-P/DenseNet121/seed_42/best_checkpoint.pt,E02_XAI_D_P_DenseNet121,D,P
E02_XAI_D_P_DenseNet121,D-P,DenseNet121,42,67,pneumonia,E-0B7E667233F7AB135F8A84DD.jpeg,1,0.9985133669934564,0.5634765625,1,1,0.813759345125364,0.8137593269348145,0.3825225830078125,2.127349812203752,0.8401202300765952,0.840120255947113,2.1962630898041304,1,1,175,176,157,90,0.994934937875972,0.9969060583825392,0.9938328096660728,0.9970316924847846,0.001076157024026,0.0024702458716985,-0.0995989348648647,0.1452906279418973,/kaggle/input/datasets/hintrngia/locked-densenet-xai-inputs/D-P/DenseNet121/seed_42/best_checkpoint.pt,E02_XAI_D_P_DenseNet121,D,P
E02_XAI_D_P_DenseNet121,D-P,DenseNet121,42,68,pneumonia,E-122745006C7E29B76E58625B.jpeg,1,0.9979827243950176,0.5634765625,1,1,0.7463509314955256,0.7463509440422058,0.3352813720703125,2.2260435373636174,0.7923950839942888,0.7923950552940369,2.3633734230487287,1,1,79,112,75,111,0.9867640295309028,0.9953500884518708,0.9872823764583908,0.9959502371640698,8.775660993309842e-05,0.0046144790352448,0.9918519331477288,0.980600028264984,/kaggle/input/datasets/hintrngia/locked-densenet-xai-inputs/D-P/DenseNet121/seed_42/best_checkpoint.pt,E02_XAI_D_P_DenseNet121,D,P
E02_XAI_D_P_DenseNet121,D-P,DenseNet121,42,69,pneumonia,E-1265B89238C345234A9C993B.jpeg,1,0.9611448989861237,0.5634765625,1,1,0.7697317280277246,0.7697317004203796,0.3254241943359375,2.3653180723038854,0.7547892089891329,0.7547892332077026,2.31940102219308,1,1,207,143,210,136,0.9544864690849326,0.9533064086133588,0.9531153162322952,0.968250452100541,0.0004990197218266,0.002875202610738,-0.0299405066409567,0.1442972369016817,/kaggle/input/datasets/hintrngia/locked-densenet-xai-inputs/D-P/DenseNet121/seed_42/best_checkpoint.pt,E02_XAI_D_P_DenseNet121,D,P
E02_XAI_D_P_DenseNet121,D-P,DenseNet121,42,70,pneumonia,E-1777E855F7110F5A72B38BC0.jpeg,1,0.9873264373405888,0.5634765625,1,1,0.705805415312381,0.7058054208755493,0.3238525390625,2.179403679698087,0.7862966310382928,0.7862966060638428,2.4279464762403675,1,1,80,80,79,128,0.9847911315131126,0.9773788604765838,0.9850233939159924,0.9816434345075408,0.0013258811545094,0.0016550667439959,0.5839678366503819,0.727810208084374,/kaggle/input/datasets/hintrngia/locked-densenet-xai-inputs/D-P/DenseNet121/seed_42/best_checkpoint.pt,E02_XAI_D_P_DenseNet121,D,P
E02_XAI_D_P_DenseNet121,D-P,DenseNet121,42,71,pneumonia,E-198E88DB173F06A1227B639B.jpeg,1,0.9923542562337216,0.5634765625,1,1,0.6582574342058558,0.6582574248313904,0.256744384765625,2.5638630219966103,0.663377438241215,0.6633774638175964,2.5838050512644872,1,1,176,111,204,161,0.9902651239266248,0.9886315358342248,0.9924978802949632,0.9895823050855752,0.0002475310127275,0.0008778105205947,0.8884624523961938,0.8186675607072662,/kaggle/input/datasets/hintrngia/locked-densenet-xai-inputs/D-P/DenseNet121/seed_42/best_checkpoint.pt,E02_XAI_D_P_DenseNet121,D,P
E02_XAI_D_P_DenseNet121,D-P,DenseNet121,42,72,pneumonia,E-1A06E979246F3D9634B22BF8.jpeg,1,0.9976367152985742,0.5634765625,1,1,0.7230210381412184,0.7230210304260254,0.303802490234375,2.379904909875585,0.730407733322084,0.73040771484375,2.404219046257966,1,1,175,207,84,110,0.9911487802935164,0.9932075437973004,0.9903003471992272,0.9949905386317152,0.0008775792928934,3.667568069531946e-05,0.4866778379988031,0.5262635925727863,/kaggle/input/datasets/hintrngia/locked-densenet-xai-inputs/D-P/DenseNet121/seed_42/best_checkpoint.pt,E02_XAI_D_P_DenseNet121,D,P
E02_XAI_D_P_DenseNet121,D-P,DenseNet121,42,73,pneumonia,E-220D81ED5B8FE3B14418B9F7.jpeg,1,0.988235586212196,0.5634765625,1,1,0.6512837600955146,0.6512837409973145,0.2836456298828125,2.2961177310032626,0.7756383068765892,0.7756382822990417,2.734532900073385,1,1,207,144,59,179,0.969112842366988,0.9756952909062828,0.9580550736448272,0.984094384295466,0.0002583929764405,0.0035123794246929,0.7657563302016825,0.8557783676040207,/kaggle/input/datasets/hintrngia/locked-densenet-xai-inputs/D-P/DenseNet121/seed_42/best_checkpoint.pt,E02_XAI_D_P_DenseNet121,D,P
E02_XAI_D_P_DenseNet121,D-P,DenseNet121,42,74,pneumonia,E-227257A6740CF45FAF02E456.jpeg,1,0.9611039830237612,0.5634765625,1,1,0.8046338143154232,0.8046337962150574,0.381500244140625,2.1091305357561625,0.8495978246208494,0.8495978116989136,2.226991562049116,1,1,48,175,206,144,0.934298593843276,0.9452963259483208,0.8971268152208725,0.956745100626581,0.0009460673287358,0.0038009106460542,0.8044804633383816,0.7441767934622578,/kaggle/input/datasets/hintrngia/locked-densenet-xai-inputs/D-P/DenseNet121/seed_42/best_checkpoint.pt,E02_XAI_D_P_DenseNet121,D,P
E02_XAI_D_P_DenseNet121,D-P,DenseNet121,42,75,pneumonia,E-2C0709EBA6450DCFB3BBB340.jpeg,1,0.983640700192818,0.5634765625,1,1,0.7542333288776615,0.7542333006858826,0.3762359619140625,2.004681649889541,0.8444474830178286,0.8444474935531616,2.2444624344833684,1,1,207,144,86,138,0.978547786195448,0.97647259258568,0.979221270063079,0.982411250118614,0.000106708037018,0.0017828846377531,0.7813425061357216,0.8679368422185341,/kaggle/input/datasets/hintrngia/locked-densenet-xai-inputs/D-P/DenseNet121/seed_42/best_checkpoint.pt,E02_XAI_D_P_DenseNet121,D,P
E02_XAI_D_P_DenseNet121,D-P,DenseNet121,42,76,pneumonia,E-30421FA65AB177DCD15E84C4.jpeg,1,0.9996274440091748,0.5634765625,1,1,0.7995775827173844,0.7995775938034058,0.41265869140625,1.937624480881767,0.7548096060351931,0.7548096179962158,1.8291377880906083,1,1,207,175,208,225,0.9971350556051706,0.9986459469284183,0.9967265273497002,0.998991371440668,4.330738351010499e-05,0.0005819009587362,-0.0630214589199625,-0.0011616616941448,/kaggle/input/datasets/hintrngia/locked-densenet-xai-inputs/D-P/DenseNet121/seed_42/best_checkpoint.pt,E02_XAI_D_P_DenseNet121,D,P
E02_XAI_D_P_DenseNet121,D-P,DenseNet121,42,77,pneumonia,E-386D019ED9E9E8244987AC20.jpeg,1,0.9961616993069096,0.5634765625,1,1,0.7801858292799042,0.7801858186721802,0.3555145263671875,2.1945258812690587,0.8246773219024787,0.8246773481369019,2.319672645529887,1,1,207,143,213,119,0.9890367224015572,0.9901520337995968,0.9861607978845164,0.992679394333068,0.001202814439692,0.0011911156424475,0.0,0.0,/kaggle/input/datasets/hintrngia/locked-densenet-xai-inputs/D-P/DenseNet121/seed_42/best_checkpoint.pt,E02_XAI_D_P_DenseNet121,D,P
E02_XAI_D_P_DenseNet121,D-P,DenseNet121,42,78,pneumonia,E-3AC987E53985CBAF71C33ABC.jpeg,1,0.9814119445934942,0.5634765625,1,1,0.7923979041335144,0.7923979163169861,0.4218597412109375,1.878344451307339,0.8177754232309451,0.8177754282951355,1.9385007464413213,1,1,176,143,183,121,0.9583047751919258,0.9696129154267612,0.9574795368799356,0.9735440118102234,5.551823107552423e-05,0.0006050009661969,0.9130441174077948,0.8674135257933567,/kaggle/input/datasets/hintrngia/locked-densenet-xai-inputs/D-P/DenseNet121/seed_42/best_checkpoint.pt,E02_XAI_D_P_DenseNet121,D,P
E02_XAI_D_P_DenseNet121,D-P,DenseNet121,42,79,pneumonia,E-3EB4BE73D28C1518A6A12685.jpeg,1,0.996026073412053,0.5634765625,1,1,0.8010960392091155,0.8010960221290588,0.40576171875,1.974301670638109,0.8367716763341075,0.8367716670036316,2.062224299798137,1,1,207,207,208,172,0.9859510921062228,0.9870870650495344,0.9782274927686748,0.9921133194534116,9.823206038617194e-05,0.0003724910416686,-0.0061757960003049,0.1715021275401894,/kaggle/input/datasets/hintrngia/locked-densenet-xai-inputs/D-P/DenseNet121/seed_42/best_checkpoint.pt,E02_XAI_D_P_DenseNet121,D,P
E02_XAI_D_P_DenseNet121,D-P,DenseNet121,42,80,pneumonia,E-401B5DEDAD367F085127D1DA.jpeg,1,0.9930134944552144,0.5634765625,1,1,0.7911999436763152,0.7911999225616455,0.364349365234375,2.171541984620613,0.8084445970486045,0.808444619178772,2.218871978900132,1,1,79,111,63,111,0.9777656544810932,0.98502801627383,0.9731917988015184,0.9870878922754852,0.0004369817621522,0.0004800080897171,-0.1025679746756949,-0.0293926023044361,/kaggle/input/datasets/hintrngia/locked-densenet-xai-inputs/D-P/DenseNet121/seed_42/best_checkpoint.pt,E02_XAI_D_P_DenseNet121,D,P
E02_XAI_D_P_DenseNet121,D-P,DenseNet121,42,81,pneumonia,E-4329094918EDAAADE18246AB.jpeg,1,0.9995611490301785,0.5634765625,1,1,0.801481610451208,0.8014816045761108,0.4228057861328125,1.895625927407354,0.7827831152336318,0.7827830910682678,1.8514011418655052,1,1,207,143,214,137,0.9976906582959768,0.9973888038592404,0.9972728093864552,0.9986671593131112,0.000418986110191,0.0017003447370786,0.973427676816752,0.9854004510589496,/kaggle/input/datasets/hintrngia/locked-densenet-xai-inputs/D-P/DenseNet121/seed_42/best_checkpoint.pt,E02_XAI_D_P_DenseNet121,D,P
E02_XAI_D_P_DenseNet121,D-P,DenseNet121,42,82,pneumonia,E-443A80FA1DE791815F946FF9.jpeg,1,0.9889423295966376,0.5634765625,1,1,0.7254457898197473,0.7254458069801331,0.309112548828125,2.346866190227414,0.777366549093675,0.777366578578949,2.5148333577551134,1,1,176,176,203,202,0.9830795541698912,0.9909611125034627,0.9851619150586028,0.9906748681736331,0.0007081387809306,0.0001552928480498,-0.0442310699388103,-0.0166896587717514,/kaggle/input/datasets/hintrngia/locked-densenet-xai-inputs/D-P/DenseNet121/seed_42/best_checkpoint.pt,E02_XAI_D_P_DenseNet121,D,P
E02_XAI_D_P_DenseNet121,D-P,DenseNet121,42,83,pneumonia,E-4B97630FB65DE326125E1DE1.jpeg,1,0.9959734947094409,0.5634765625,1,1,0.7472361884710362,0.7472361922264099,0.3383941650390625,2.2081828402235573,0.8017115552127267,0.8017115592956543,2.3691648321423666,1,1,175,207,171,138,0.9905917456066996,0.992106895438911,0.993935276345304,0.9930100815718732,0.0005630131314151,0.0023872886796071,-0.1137871973047085,-0.0535330060179571,/kaggle/input/datasets/hintrngia/locked-densenet-xai-inputs/D-P/DenseNet121/seed_42/best_checkpoint.pt,E02_XAI_D_P_DenseNet121,D,P
E02_XAI_D_P_DenseNet121,D-P,DenseNet121,42,84,pneumonia,E-55F059ED3BB72FAD418A344C.jpeg,1,0.9837768440876916,0.5634765625,1,1,0.7099802495592263,0.7099802494049072,0.3324737548828125,2.135447502644153,0.7437597332182361,0.7437597513198853,2.237047954297596,1,1,207,207,212,193,0.9712614966545718,0.9126771997956372,0.9346045029679376,0.9705462759562328,0.0013588576589299,0.005278532367938,0.9238933118060308,0.9822884219512577,/kaggle/input/datasets/hintrngia/locked-densenet-xai-inputs/D-P/DenseNet121/seed_42/best_checkpoint.pt,E02_XAI_D_P_DenseNet121,D,P
E02_XAI_D_P_DenseNet121,D-P,DenseNet121,42,85,pneumonia,E-6060B7AB38566FD26078DE5E.jpeg,1,0.9767506697255502,0.5634765625,1,1,0.6773969420282024,0.6773969531059265,0.271087646484375,2.498811549744471,0.7681847836098273,0.7681847810745239,2.833713721639854,1,1,111,80,90,82,0.9812757125541588,0.9713352803349132,0.983891484745724,0.974250023778804,0.0018833438093615,0.0032912402212437,0.9001216264454444,0.9244246177827284,/kaggle/input/datasets/hintrngia/locked-densenet-xai-inputs/D-P/DenseNet121/seed_42/best_checkpoint.pt,E02_XAI_D_P_DenseNet121,D,P
E02_XAI_D_P_DenseNet121,D-P,DenseNet121,42,86,pneumonia,E-638A63581494A3F6A20C2D9C.jpeg,1,0.9834627520741592,0.5634765625,1,1,0.7223603605987615,0.722360372543335,0.312408447265625,2.31223056521444,0.7580566920455072,0.7580567002296448,2.4264923009619204,1,1,80,143,78,115,0.967979644362808,0.9788756740437384,0.966892033333276,0.97629987000483,0.0007823068866003,0.0084725523456762,0.9750068337526884,0.9641060442739948,/kaggle/input/datasets/hintrngia/locked-densenet-xai-inputs/D-P/DenseNet121/seed_42/best_checkpoint.pt,E02_XAI_D_P_DenseNet121,D,P
E02_XAI_D_P_DenseNet121,D-P,DenseNet121,42,87,pneumonia,E-63AE2F3741553AC167D0B283.jpeg,1,0.99855688397024,0.5634765625,1,1,0.7857494629089136,0.7857494354248047,0.3596954345703125,2.184485504653568,0.839957659888259,0.8399576544761658,2.335191328996604,1,1,176,144,102,52,0.9955458761495816,0.9963530991445064,0.9948305052471618,0.9965503671391526,0.0001218145733715,0.0013815223624514,-0.1257752702006474,0.0050984570800241,/kaggle/input/datasets/hintrngia/locked-densenet-xai-inputs/D-P/DenseNet121/seed_42/best_checkpoint.pt,E02_XAI_D_P_DenseNet121,D,P
E02_XAI_D_P_DenseNet121,D-P,DenseNet121,42,88,pneumonia,E-63E40A6B7E9FE7A4F927B234.jpeg,1,0.993698168039824,0.5634765625,1,1,0.7463233843570966,0.7463234066963196,0.3593597412109375,2.076814119027926,0.8357217211889251,0.8357217311859131,2.3255852711068488,1,1,48,176,175,114,0.9912134146282024,0.9772960706186952,0.9855165968772294,0.9853737189064092,8.258345082690077e-05,0.0013692174282136,0.935595284694976,0.9552115944609956,/kaggle/input/datasets/hintrngia/locked-densenet-xai-inputs/D-P/DenseNet121/seed_42/best_checkpoint.pt,E02_XAI_D_P_DenseNet121,D,P
E02_XAI_D_P_DenseNet121,D-P,DenseNet121,42,89,pneumonia,E-6C94FB136A3DC9D9B1FE1032.jpeg,1,0.9858918926508689,0.5634765625,1,1,0.7488191300986488,0.74881911277771,0.3358001708984375,2.2299545830937904,0.8550131777719562,0.8550131916999817,2.5461963747199947,1,1,48,112,175,108,0.9598355016502612,0.974832392436562,0.9607090586576574,0.9808023940503456,5.865088183842904e-05,0.0014084886861005,0.1997222913700629,0.3553709464583487,/kaggle/input/datasets/hintrngia/locked-densenet-xai-inputs/D-P/DenseNet121/seed_42/best_checkpoint.pt,E02_XAI_D_P_DenseNet121,D,P
E02_XAI_D_P_DenseNet121,D-P,DenseNet121,42,90,pneumonia,E-6EBA6C5A4DF4C84E483A5386.jpeg,1,0.9978595390725248,0.5634765625,1,1,0.6933332171922841,0.6933332085609436,0.3423919677734375,2.0249692821388448,0.7477315127746315,0.7477315068244934,2.183846535995287,1,1,207,207,90,119,0.9941992186286492,0.9957875116055726,0.9934698104290852,0.9971515664278888,5.70050979668002e-05,0.0037149350742822,-0.1240676121936226,-0.0585191239419067,/kaggle/input/datasets/hintrngia/locked-densenet-xai-inputs/D-P/DenseNet121/seed_42/best_checkpoint.pt,E02_XAI_D_P_DenseNet121,D,P
E02_XAI_D_P_DenseNet121,D-P,DenseNet121,42,91,pneumonia,E-73D66A02A1612F6E79C3F7EC.jpeg,1,0.9970370317608096,0.5634765625,1,1,0.7714269867606234,0.7714269757270813,0.3591766357421875,2.147764943470165,0.8122826250864584,0.8122826218605042,2.261512983460051,1,1,111,79,190,121,0.9918599102946044,0.9949281066177342,0.9923655736077672,0.9959178461885736,0.0001067452931494,6.139463334708939e-05,0.0,0.0,/kaggle/input/datasets/hintrngia/locked-densenet-xai-inputs/D-P/DenseNet121/seed_42/best_checkpoint.pt,E02_XAI_D_P_DenseNet121,D,P
E02_XAI_D_P_DenseNet121,D-P,DenseNet121,42,92,pneumonia,E-7725ED8C0E93C0BF91B23FCE.jpeg,1,0.9970512449224388,0.5634765625,1,1,0.8131594252126522,0.8131594061851501,0.38677978515625,2.1023834657857177,0.8564751908569975,0.8564751744270325,2.2143742349693936,1,1,176,144,207,179,0.9877365446623178,0.996535314267658,0.9903507869627592,0.99692154835948,0.0006731587461614,0.0014281900574772,0.975344339941215,0.970453518194452,/kaggle/input/datasets/hintrngia/locked-densenet-xai-inputs/D-P/DenseNet121/seed_42/best_checkpoint.pt,E02_XAI_D_P_DenseNet121,D,P
E02_XAI_D_P_DenseNet121,D-P,DenseNet121,42,93,pneumonia,E-77D4D0C371CD4C8665643C00.jpeg,1,0.9811683855775865,0.5634765625,1,1,0.6627205711658545,0.6627205610275269,0.29443359375,2.2508320559662853,0.7185130706287157,0.7185130715370178,2.440322999415605,1,1,175,144,182,125,0.9776420676715776,0.9777546726831932,0.9762478204542472,0.9834668043368356,0.0001260872583679,0.0011306246959956,0.3558879174018641,0.4234723363041247,/kaggle/input/datasets/hintrngia/locked-densenet-xai-inputs/D-P/DenseNet121/seed_42/best_checkpoint.pt,E02_XAI_D_P_DenseNet121,D,P
E02_XAI_D_P_DenseNet121,D-P,DenseNet121,42,94,pneumonia,E-7B805F2D3984459EDD091000.jpeg,1,0.9984154212576366,0.5634765625,1,1,0.7381014048015487,0.7381014227867126,0.3260345458984375,2.263874838071526,0.8170101097449447,0.8170101046562195,2.505900433015617,1,1,207,175,210,157,0.996141751431098,0.9962565410994528,0.9963344590701556,0.9967227196250504,0.0002682147558794,0.0008139828066487,0.8547766247199108,0.8905711443880705,/kaggle/input/datasets/hintrngia/locked-densenet-xai-inputs/D-P/DenseNet121/seed_42/best_checkpoint.pt,E02_XAI_D_P_DenseNet121,D,P
E02_XAI_D_P_DenseNet121,D-P,DenseNet121,42,95,pneumonia,E-8B99D004F7E59741CFAB602B.jpeg,1,0.9987636722023364,0.5634765625,1,1,0.8625310613509706,0.8625310659408569,0.44635009765625,1.9324092587411872,0.8490872903535631,0.8490872979164124,1.902289917291505,1,1,207,175,210,230,0.997603900387254,0.9969626954022532,0.9977387525150074,0.9976829694364006,0.0006818731134985,0.0002397330741658,0.2908862965825849,0.1205698241030313,/kaggle/input/datasets/hintrngia/locked-densenet-xai-inputs/D-P/DenseNet121/seed_42/best_checkpoint.pt,E02_XAI_D_P_DenseNet121,D,P
E02_XAI_D_P_DenseNet121,D-P,DenseNet121,42,96,pneumonia,E-8E859FAC3770F43BC30CF790.jpeg,1,0.9958461080589288,0.5634765625,1,1,0.7637506628910293,0.7637506723403931,0.32305908203125,2.3641206991888577,0.790997985576373,0.7909979820251465,2.448462307894067,1,1,176,112,207,154,0.989418166855386,0.9936431290296088,0.9914531382915076,0.9959546196501544,0.0002620008431925,0.0008424912517092,0.900454458785395,0.8992633877505175,/kaggle/input/datasets/hintrngia/locked-densenet-xai-inputs/D-P/DenseNet121/seed_42/best_checkpoint.pt,E02_XAI_D_P_DenseNet121,D,P
E02_XAI_D_P_DenseNet121,D-P,DenseNet121,42,97,pneumonia,E-9A9C78D1B9953A6FD2BA65F6.jpeg,1,0.9994047336615433,0.5634765625,1,1,0.8145930175922255,0.8145930171012878,0.39300537109375,2.072727442185281,0.8409904598173188,0.8409904837608337,2.139895588390581,1,1,207,175,199,99,0.9962785798875994,0.9979641115665522,0.9959558842938488,0.9984879694927956,0.0004466593519447,0.0012099766576421,0.9817467903660722,0.9444249357777634,/kaggle/input/datasets/hintrngia/locked-densenet-xai-inputs/D-P/DenseNet121/seed_42/best_checkpoint.pt,E02_XAI_D_P_DenseNet121,D,P
E02_XAI_D_P_DenseNet121,D-P,DenseNet121,42,98,pneumonia,E-9B56CC62692974C989F872CC.jpeg,1,0.9948232127971612,0.5634765625,1,1,0.8041800447914268,0.8041800260543823,0.37744140625,2.130608967312862,0.8598934282626376,0.8598934412002563,2.2782170001059274,1,1,176,143,203,178,0.9870794191548932,0.9936577084097702,0.987689708482244,0.9959928482486848,0.0007219201589504,0.0001732736562282,0.9838905631890338,0.96728384451525,/kaggle/input/datasets/hintrngia/locked-densenet-xai-inputs/D-P/DenseNet121/seed_42/best_checkpoint.pt,E02_XAI_D_P_DenseNet121,D,P
E02_XAI_D_P_DenseNet121,D-P,DenseNet121,42,99,pneumonia,E-9FC76B9714A55204D742CE4C.jpeg,1,0.9870030625393552,0.5634765625,1,1,0.7365013373291631,0.7365013360977173,0.32318115234375,2.2789117867424,0.740181268256031,0.7401812672615051,2.290298375657566,1,1,207,176,199,166,0.9812263082587886,0.9769164746978478,0.9844196363450608,0.9793865665613286,0.0009020240235722,0.0009683647830154,0.4174044668656809,0.708750692893811,/kaggle/input/datasets/hintrngia/locked-densenet-xai-inputs/D-P/DenseNet121/seed_42/best_checkpoint.pt,E02_XAI_D_P_DenseNet121,D,P
E02_XAI_D_P_DenseNet121,D-P,DenseNet121,42,100,pneumonia,E-A0A20FFCEFD96663F4AB4E87.jpeg,1,0.993316418232843,0.5634765625,1,1,0.7493965754095203,0.749396562576294,0.3404388427734375,2.201266369326266,0.7972027942771672,0.7972027659416199,2.341691646530789,1,1,207,176,209,203,0.9856410181683152,0.9731889538347192,0.9747313213859872,0.9822419870435426,0.0005265325470308,0.0021701988264902,-0.1609786298845681,-0.0203098648056977,/kaggle/input/datasets/hintrngia/locked-densenet-xai-inputs/D-P/DenseNet121/seed_42/best_checkpoint.pt,E02_XAI_D_P_DenseNet121,D,P
E02_XAI_D_P_DenseNet121,D-P,DenseNet121,42,101,pneumonia,E-A0D5A9410E976B289DD85CF6.jpeg,1,0.9959182503902864,0.5634765625,1,1,0.6376390460684851,0.637639045715332,0.2681732177734375,2.377713372582887,0.7425871934529327,0.7425872087478638,2.769057997731516,0,1,207,207,203,204,0.9725915348681768,0.972460232139025,0.96918875984686,0.9878337272520544,0.0008092929830608,0.0027767149870462,0.9363078890593224,0.9429667191278596,/kaggle/input/datasets/hintrngia/locked-densenet-xai-inputs/D-P/DenseNet121/seed_42/best_checkpoint.pt,E02_XAI_D_P_DenseNet121,D,P
E02_XAI_D_P_DenseNet121,D-P,DenseNet121,42,102,pneumonia,E-A540763BCA2A1AF575A9EE6B.jpeg,1,0.9941268490884398,0.5634765625,1,1,0.7844300368459757,0.7844300270080566,0.3713226318359375,2.1125295621425053,0.8483151800519474,0.8483151793479919,2.284577096358513,1,1,207,144,203,171,0.9696444429347068,0.9700746940792097,0.9484632089947328,0.9800600682031636,0.0004235347711494,0.0011887381644488,0.3640704428193329,0.4275765012215928,/kaggle/input/datasets/hintrngia/locked-densenet-xai-inputs/D-P/DenseNet121/seed_42/best_checkpoint.pt,E02_XAI_D_P_DenseNet121,D,P
E02_XAI_D_P_DenseNet121,D-P,DenseNet121,42,103,pneumonia,E-A9AC7ECA864D894719491A2C.jpeg,1,0.9919348161423877,0.5634765625,1,1,0.7507848033780646,0.7507848143577576,0.3572845458984375,2.101363778525938,0.8408009208705913,0.840800940990448,2.3533089536696594,1,1,207,143,86,86,0.971353536347246,0.9858843096963202,0.967294730613393,0.9894234591617764,0.0007086339903198,0.0005538786186681,0.7806548367330509,0.8638333988495778,/kaggle/input/datasets/hintrngia/locked-densenet-xai-inputs/D-P/DenseNet121/seed_42/best_checkpoint.pt,E02_XAI_D_P_DenseNet121,D,P
E02_XAI_D_P_DenseNet121,D-P,DenseNet121,42,104,pneumonia,E-B15903E1E2039605DB9FB6A1.jpeg,1,0.9840209240865686,0.5634765625,1,1,0.6598208923869417,0.6598209142684937,0.2703704833984375,2.4404324173751686,0.6959022748225187,0.6959022879600525,2.573884050046198,1,1,80,79,187,97,0.9728423599737744,0.9672225925711684,0.9697055238120972,0.9761908225178396,0.0019888895376597,0.0025951232949339,0.9191291748607788,0.9242907832856034,/kaggle/input/datasets/hintrngia/locked-densenet-xai-inputs/D-P/DenseNet121/seed_42/best_checkpoint.pt,E02_XAI_D_P_DenseNet121,D,P
E02_XAI_D_P_DenseNet121,D-P,DenseNet121,42,105,pneumonia,E-B29F964F9024332A9FD3DA8C.jpeg,1,0.9908189980715686,0.5634765625,1,1,0.8577963175802519,0.857796311378479,0.444091796875,1.9315743357936843,0.893910512652372,0.8939105272293091,2.0128957997933568,1,1,176,175,75,132,0.988793935612339,0.9896380351426178,0.9909544446864528,0.9913835049781576,0.0003099198675733,0.0009745167070521,0.7783701242779902,0.8807426178984307,/kaggle/input/datasets/hintrngia/locked-densenet-xai-inputs/D-P/DenseNet121/seed_42/best_checkpoint.pt,E02_XAI_D_P_DenseNet121,D,P
E02_XAI_D_P_DenseNet121,D-P,DenseNet121,42,106,pneumonia,E-B352C843937DC9BD58C4B554.jpeg,1,0.9505287841137384,0.5634765625,1,1,0.76942545995443,0.7694254517555237,0.322052001953125,2.3891342245604816,0.8508749313271821,0.8508749604225159,2.6420420496284565,1,1,48,112,63,125,0.9231952542052284,0.9548642474446108,0.8737368241472788,0.960276698709348,0.0007615155153678,0.0003801859855235,0.6529261056325071,0.9099024708193696,/kaggle/input/datasets/hintrngia/locked-densenet-xai-inputs/D-P/DenseNet121/seed_42/best_checkpoint.pt,E02_XAI_D_P_DenseNet121,D,P
E02_XAI_D_P_DenseNet121,D-P,DenseNet121,42,107,pneumonia,E-B41848B096ED1788DCCEEDA2.jpeg,1,0.9893834160076788,0.5634765625,1,1,0.6845129680866099,0.6845129728317261,0.2685089111328125,2.5493119211527,0.766418561703238,0.7664185762405396,2.854350563151867,1,1,207,175,207,161,0.9820055599709032,0.9831994617165054,0.9803052211593845,0.9856678622973236,0.0002695350357759,0.0025591862844408,-0.0624020880983429,0.3329316644021535,/kaggle/input/datasets/hintrngia/locked-densenet-xai-inputs/D-P/DenseNet121/seed_42/best_checkpoint.pt,E02_XAI_D_P_DenseNet121,D,P
E02_XAI_D_P_DenseNet121,D-P,DenseNet121,42,108,pneumonia,E-B813D1454C73F6C74F660590.jpeg,1,0.9435534861468314,0.5634765625,1,1,0.6881552506447711,0.6881552338600159,0.2771453857421875,2.4830117550105006,0.7326457889017189,0.7326458096504211,2.6435431603514314,1,1,48,144,210,139,0.9522840757054668,0.9175136556735224,0.9193485705809904,0.9448165481860746,0.000531467352942,0.0042572893488189,0.884866083394384,0.9490923769610508,/kaggle/input/datasets/hintrngia/locked-densenet-xai-inputs/D-P/DenseNet121/seed_42/best_checkpoint.pt,E02_XAI_D_P_DenseNet121,D,P
E02_XAI_D_P_DenseNet121,D-P,DenseNet121,42,109,pneumonia,E-BF1AD901130E35A45E611B5A.jpeg,1,0.9959087024297238,0.5634765625,1,1,0.6999602986449733,0.6999602913856506,0.2906494140625,2.408263236665108,0.7236917536946849,0.7236917614936829,2.489912997172137,1,1,207,176,206,186,0.9917983522600924,0.9916445830300328,0.9884157747865708,0.9947323007257368,0.000945131039873,0.0032012625054972,0.8823469507424775,0.8872036185379869,/kaggle/input/datasets/hintrngia/locked-densenet-xai-inputs/D-P/DenseNet121/seed_42/best_checkpoint.pt,E02_XAI_D_P_DenseNet121,D,P
E02_XAI_D_P_DenseNet121,D-P,DenseNet121,42,110,pneumonia,E-BFFC08BEA9A0FA7A1279A0B5.jpeg,1,0.9981091452093162,0.5634765625,1,1,0.7864539587342163,0.7864539623260498,0.364898681640625,2.1552666488084635,0.8333472215743022,0.8333472013473511,2.283777014012439,1,1,48,144,204,170,0.9919969452697568,0.9884729229039222,0.9903229876031576,0.993101754589934,0.0002930207387398,0.000807224172334,0.0642217234563173,0.0651776877850479,/kaggle/input/datasets/hintrngia/locked-densenet-xai-inputs/D-P/DenseNet121/seed_42/best_checkpoint.pt,E02_XAI_D_P_DenseNet121,D,P
E02_XAI_D_P_DenseNet121,D-P,DenseNet121,42,111,pneumonia,E-C378B1871ED2B8AC1E544A5B.jpeg,1,0.9913809692004072,0.5634765625,1,1,0.6108161662361897,0.6108161807060242,0.2780303955078125,2.196940248639204,0.7424532750980384,0.7424532771110535,2.6704032619957765,1,1,175,144,187,127,0.9812967442108332,0.987049871068316,0.988101883256584,0.991341515080408,0.0015887912324407,0.0035714898143425,-0.1187475505032765,-0.0298694353415464,/kaggle/input/datasets/hintrngia/locked-densenet-xai-inputs/D-P/DenseNet121/seed_42/best_checkpoint.pt,E02_XAI_D_P_DenseNet121,D,P
E02_XAI_D_P_DenseNet121,D-P,DenseNet121,42,112,pneumonia,E-D2A52B478FEFC3F6A00973AF.jpeg,1,0.99279918971132,0.5634765625,1,1,0.7782921224558496,0.7782921195030212,0.35107421875,2.216887714589124,0.819231482653126,0.8192315101623535,2.333499410950768,1,1,207,175,81,82,0.9869940782334744,0.9872764940288128,0.9852059823936804,0.9894375742890515,0.0002665716042956,0.0002494587630279,0.8678074371189408,0.9049544623612172,/kaggle/input/datasets/hintrngia/locked-densenet-xai-inputs/D-P/DenseNet121/seed_42/best_checkpoint.pt,E02_XAI_D_P_DenseNet121,D,P
E02_XAI_D_P_DenseNet121,D-P,DenseNet121,42,113,pneumonia,E-D33BB0B839138FAFF4DA3ED6.jpeg,1,0.9624135874549364,0.5634765625,1,1,0.7668302188922753,0.7668302059173584,0.3347625732421875,2.290668910402669,0.7934671822357001,0.7934671640396118,2.3702386277860814,1,1,48,144,44,150,0.941944936894377,0.9461819833294126,0.9240749337186742,0.9670713272498566,0.0005690802967047,0.0019905042992196,0.5918942667000816,0.6808957854115948,/kaggle/input/datasets/hintrngia/locked-densenet-xai-inputs/D-P/DenseNet121/seed_42/best_checkpoint.pt,E02_XAI_D_P_DenseNet121,D,P
E02_XAI_D_P_DenseNet121,D-P,DenseNet121,42,114,pneumonia,E-DA47F22802134421DB0B257A.jpeg,1,0.9991687051358928,0.5634765625,1,1,0.7910683586307365,0.7910683751106262,0.39227294921875,2.016627351455732,0.8210624450473683,0.821062445640564,2.0930896374134247,1,1,207,176,210,173,0.996339441084397,0.9982873081388696,0.997575750598995,0.9988626962905884,0.0006487473067985,0.0013568591716658,0.8642923207974956,0.8959920846161521,/kaggle/input/datasets/hintrngia/locked-densenet-xai-inputs/D-P/DenseNet121/seed_42/best_checkpoint.pt,E02_XAI_D_P_DenseNet121,D,P
E02_XAI_D_P_DenseNet121,D-P,DenseNet121,42,115,pneumonia,E-E09BD72833F7B4079F215903.jpeg,1,0.9962500003688826,0.5634765625,1,1,0.7299946772269924,0.7299946546554565,0.3171234130859375,2.3019261495813006,0.7317779961328391,0.7317780256271362,2.3075495719848798,1,1,176,207,202,207,0.9836398506196962,0.9920055767363746,0.9797722690162508,0.9926237783715792,0.0003787787156445,0.0055455967168493,0.970188751977728,0.9839643629717976,/kaggle/input/datasets/hintrngia/locked-densenet-xai-inputs/D-P/DenseNet121/seed_42/best_checkpoint.pt,E02_XAI_D_P_DenseNet121,D,P
E02_XAI_D_P_DenseNet121,D-P,DenseNet121,42,116,pneumonia,E-E0D541D212A934D795DA0D1B.jpeg,1,0.991759067110474,0.5634765625,1,1,0.7421091260607681,0.7421091198921204,0.306488037109375,2.4213314590022152,0.8004937393214523,0.8004937171936035,2.6118270287847603,1,1,79,111,54,110,0.976963905525914,0.988144888035464,0.9774560752806292,0.9893650227135714,0.0006608731855229,0.0024567831906319,0.4091589418416743,0.5552345912457194,/kaggle/input/datasets/hintrngia/locked-densenet-xai-inputs/D-P/DenseNet121/seed_42/best_checkpoint.pt,E02_XAI_D_P_DenseNet121,D,P
E02_XAI_D_P_DenseNet121,D-P,DenseNet121,42,117,pneumonia,E-E1AD2A3BA30BC31AC67A922E.jpeg,1,0.9971844206107404,0.5634765625,1,1,0.7078013180399503,0.707801342010498,0.3279571533203125,2.1582127752787503,0.7070778917642297,0.7070779204368591,2.1560069192137234,1,0,207,207,77,54,0.9918025041443628,0.988524296824442,0.9906677750038002,0.9905990138474456,0.0005171129891038,0.0045918436133652,0.6277967408756382,0.7196292049706956,/kaggle/input/datasets/hintrngia/locked-densenet-xai-inputs/D-P/DenseNet121/seed_42/best_checkpoint.pt,E02_XAI_D_P_DenseNet121,D,P
E02_XAI_D_P_DenseNet121,D-P,DenseNet121,42,118,pneumonia,E-E280E4CD8F00E10AB30B96C9.jpeg,1,0.9639454515906466,0.5634765625,1,1,0.7581807065342017,0.7581806778907776,0.3293609619140625,2.301975018921725,0.8222496210809951,0.8222495913505554,2.496499938251753,1,1,111,79,178,95,0.9717386505055704,0.9513304052839036,0.9733169692027456,0.9565834023002168,0.0006417214923524,0.0030662568293167,0.905110775565832,0.980468344656186,/kaggle/input/datasets/hintrngia/locked-densenet-xai-inputs/D-P/DenseNet121/seed_42/best_checkpoint.pt,E02_XAI_D_P_DenseNet121,D,P
E02_XAI_D_P_DenseNet121,D-P,DenseNet121,42,119,pneumonia,E-E2EF7E089A1E8F497DBAC1CB.jpeg,1,0.990995196912438,0.5634765625,1,1,0.7636729520461131,0.763672947883606,0.3351898193359375,2.278329794022582,0.8284754102236893,0.8284754157066345,2.4716604217426004,1,1,111,79,81,64,0.986706010466164,0.9869777594405926,0.9830034204563328,0.9883742336177572,0.0017914265956501,0.0023623852022615,0.6776783157453387,0.6111861555025663,/kaggle/input/datasets/hintrngia/locked-densenet-xai-inputs/D-P/DenseNet121/seed_42/best_checkpoint.pt,E02_XAI_D_P_DenseNet121,D,P
E02_XAI_D_P_DenseNet121,D-P,DenseNet121,42,120,pneumonia,E-E7BF66D9C027E263610D5923.jpeg,1,0.958127441462044,0.5634765625,1,1,0.8048175801469813,0.8048175573348999,0.3877410888671875,2.0756571930468133,0.8156483216039371,0.8156483173370361,2.103590114699761,1,1,176,144,205,176,0.9600065212725076,0.9522079728239574,0.9651154725216692,0.9475300462154927,0.000318235029454,0.0023845202530089,0.7650772474485594,0.8451136757038699,/kaggle/input/datasets/hintrngia/locked-densenet-xai-inputs/D-P/DenseNet121/seed_42/best_checkpoint.pt,E02_XAI_D_P_DenseNet121,D,P
E02_XAI_D_P_DenseNet121,D-P,DenseNet121,42,121,pneumonia,E-EB1401E2B7015C0BDE01BE91.jpeg,1,0.9891838116671828,0.5634765625,1,1,0.7295488643317288,0.7295488715171814,0.329986572265625,2.2108440938150458,0.8007805958549687,0.8007805943489075,2.426706609171887,1,1,48,175,58,164,0.9727532348371124,0.979836133011018,0.9633285842884182,0.9862542055560312,0.0003095551473154,0.0073885857493352,0.0,0.0,/kaggle/input/datasets/hintrngia/locked-densenet-xai-inputs/D-P/DenseNet121/seed_42/best_checkpoint.pt,E02_XAI_D_P_DenseNet121,D,P
E02_XAI_D_P_DenseNet121,D-P,DenseNet121,42,122,pneumonia,E-EB344A640162B22F1A6C369F.jpeg,1,0.9839283424910836,0.5634765625,1,1,0.7176514374939367,0.7176514267921448,0.2807464599609375,2.5562261322682014,0.7666348606547929,0.7666348814964294,2.7307017896555523,1,1,48,143,55,141,0.9776785512591168,0.9585725748770176,0.9654949979684232,0.9662041752702568,0.0011738838614971,0.0100157411074713,-0.1049882171118376,-0.033477700606332,/kaggle/input/datasets/hintrngia/locked-densenet-xai-inputs/D-P/DenseNet121/seed_42/best_checkpoint.pt,E02_XAI_D_P_DenseNet121,D,P
E02_XAI_D_P_DenseNet121,D-P,DenseNet121,42,123,pneumonia,E-EC00E01864643AB223676743.jpeg,1,0.9677269289875652,0.5634765625,1,1,0.7342930537989826,0.7342930436134338,0.3099517822265625,2.369055756105456,0.8108479516182884,0.8108479380607605,2.6160454564690663,1,1,79,112,83,100,0.9476342676043376,0.9752248107621152,0.9524430095926804,0.9741097968215624,0.000372840537779,0.0029545758428239,0.9094295811480316,0.9409046477488832,/kaggle/input/datasets/hintrngia/locked-densenet-xai-inputs/D-P/DenseNet121/seed_42/best_checkpoint.pt,E02_XAI_D_P_DenseNet121,D,P
E02_XAI_D_P_DenseNet121,D-P,DenseNet121,42,124,pneumonia,E-EF92BEF2BC79AC7D99E44B1F.jpeg,1,0.9713247477709204,0.5634765625,1,1,0.7304787729835546,0.7304787635803223,0.343048095703125,2.12937714021218,0.7208221073480877,0.7208220958709717,2.1012275432418948,1,1,48,143,207,205,0.9760523001144996,0.9417590483351695,0.9710095853839998,0.9528117030503448,8.06537430608767e-06,0.0017273243888847,0.0,0.0,/kaggle/input/datasets/hintrngia/locked-densenet-xai-inputs/D-P/DenseNet121/seed_42/best_checkpoint.pt,E02_XAI_D_P_DenseNet121,D,P
E02_XAI_D_P_DenseNet121,D-P,DenseNet121,42,125,pneumonia,E-F051ECCC0E91B0C03A0B3894.jpeg,1,0.9977678444394632,0.5634765625,1,1,0.869226992353453,0.8692269921302795,0.5049896240234375,1.72127693521305,0.8624496699641953,0.8624496459960938,1.7078562190896964,1,1,207,207,68,99,0.992598083462476,0.9955859321409252,0.9936890393190884,0.9965634558664618,0.0004683283237782,0.0003487229432767,0.9831161777341694,0.9502312467960258,/kaggle/input/datasets/hintrngia/locked-densenet-xai-inputs/D-P/DenseNet121/seed_42/best_checkpoint.pt,E02_XAI_D_P_DenseNet121,D,P
E02_XAI_D_P_DenseNet121,D-P,DenseNet121,42,126,pneumonia,E-FA7B18636100FBD243EBAF3A.jpeg,1,0.9868051655746356,0.5634765625,1,1,0.6837367427592327,0.6837367415428162,0.2697601318359375,2.534610055629225,0.7752052402073873,0.7752052545547485,2.8736835014554747,1,1,207,175,209,148,0.9846827027061372,0.9755001354300434,0.9824887950484544,0.9790737479867888,0.0001448118114875,0.0006489608530745,0.0300529595313908,0.007258839412321,/kaggle/input/datasets/hintrngia/locked-densenet-xai-inputs/D-P/DenseNet121/seed_42/best_checkpoint.pt,E02_XAI_D_P_DenseNet121,D,P
E02_XAI_D_P_DenseNet121,D-P,DenseNet121,42,127,pneumonia,E-FDAF56855798F8C5BE7AC652.jpeg,1,0.997905331493422,0.5634765625,1,1,0.7727197022114156,0.77271968126297,0.37738037109375,2.047588484721306,0.8035847499329617,0.8035847544670105,2.129376118858425,1,1,207,176,178,112,0.9937011200097208,0.9957354227450896,0.9945471460286016,0.9976347926913156,3.437806981976266e-05,0.0001954505634365,0.0,0.0,/kaggle/input/datasets/hintrngia/locked-densenet-xai-inputs/D-P/DenseNet121/seed_42/best_checkpoint.pt,E02_XAI_D_P_DenseNet121,D,P
E02_XAI_D_P_DenseNet121,D-P,DenseNet121,2024,0,normal,E-03B36F677CCFA6787A3BC686.jpeg,0,0.5907130758863005,0.52392578125,1,0,0.8412284146540151,0.8412284255027771,0.3590850830078125,2.3426994171064264,0.8957219269014763,0.8957219123840332,2.4944559640256303,1,1,207,175,212,166,0.7076197258595283,0.8434385115517727,0.7452615973769601,0.8332154443664974,0.0015570780088869,0.0001691946336155,0.8291553244864371,0.9537144785497,/kaggle/input/datasets/hintrngia/locked-densenet-xai-inputs/D-P/DenseNet121/seed_2024/best_checkpoint.pt,E02_XAI_D_P_DenseNet121,D,P
E02_XAI_D_P_DenseNet121,D-P,DenseNet121,2024,1,normal,E-06530ECE35CCF9FF05F7DDEB.jpeg,0,0.0175099264891451,0.52392578125,0,1,0.7635958774644921,0.7635958790779114,0.2779541015625,2.7472013299029947,0.766827439365078,0.7668274641036987,2.7588275728057616,1,1,80,80,86,103,0.8241519261058385,0.8697683025501596,0.7685637578462629,0.9083866971044228,8.328389946665737e-05,0.0007454482806671,0.730213356510413,0.8107338313034692,/kaggle/input/datasets/hintrngia/locked-densenet-xai-inputs/D-P/DenseNet121/seed_2024/best_checkpoint.pt,E02_XAI_D_P_DenseNet121,D,P
E02_XAI_D_P_DenseNet121,D-P,DenseNet121,2024,2,normal,E-10FEC5D206E4A3A02E4F32C9.jpeg,0,0.4235424291841703,0.52392578125,0,1,0.7820841320014219,0.7820841073989868,0.2476806640625,3.1576309558184565,0.8493362337343012,0.8493362069129944,3.4291584163387854,1,1,176,80,116,122,0.316116654082155,0.5554926159094677,0.279959059534785,0.5651183424443482,0.0002701313255069,0.0013217405851148,0.3648222617615427,0.6768325971987007,/kaggle/input/datasets/hintrngia/locked-densenet-xai-inputs/D-P/DenseNet121/seed_2024/best_checkpoint.pt,E02_XAI_D_P_DenseNet121,D,P
E02_XAI_D_P_DenseNet121,D-P,DenseNet121,2024,3,normal,E-16E04AC17A9CE052EFE7227B.jpeg,0,0.0453601578758276,0.52392578125,0,1,0.7969317496696471,0.7969317436218262,0.3753509521484375,2.123164321572015,0.7764864507012167,0.7764864563941956,2.06869450112423,1,1,80,80,155,106,0.784287811705737,0.8730450755655035,0.734193118689025,0.9041805195382792,0.0002997156866271,0.0002144683545153,0.4133982214945009,0.4061104512431649,/kaggle/input/datasets/hintrngia/locked-densenet-xai-inputs/D-P/DenseNet121/seed_2024/best_checkpoint.pt,E02_XAI_D_P_DenseNet121,D,P
E02_XAI_D_P_DenseNet121,D-P,DenseNet121,2024,4,normal,E-256958BC036CED77CAAB2A55.jpeg,0,0.0968919986535199,0.52392578125,0,1,0.796019385500098,0.7960193753242493,0.3496246337890625,2.276782893908891,0.8333451774313239,0.8333451747894287,2.3835425107205186,1,1,79,80,87,72,0.4619020443367816,0.7698846071911857,0.2796688447992017,0.7865797322645273,0.0001343377584185,0.0013302970223918,0.1152253893908076,0.1451884820947105,/kaggle/input/datasets/hintrngia/locked-densenet-xai-inputs/D-P/DenseNet121/seed_2024/best_checkpoint.pt,E02_XAI_D_P_DenseNet121,D,P
E02_XAI_D_P_DenseNet121,D-P,DenseNet121,2024,5,normal,E-280031A047E47DC7EA750C62.jpeg,0,0.0374205028070767,0.52392578125,0,1,0.8353499658750224,0.835349977016449,0.3791046142578125,2.2034813992185738,0.8811077374671311,0.881107747554779,2.3241809894403667,1,1,79,80,185,178,0.6157650411715005,0.7671764740720994,0.4586275529412144,0.805717192162434,0.0003508450283579,9.130593838468926e-05,0.9399782147716796,0.9365749802239456,/kaggle/input/datasets/hintrngia/locked-densenet-xai-inputs/D-P/DenseNet121/seed_2024/best_checkpoint.pt,E02_XAI_D_P_DenseNet121,D,P
E02_XAI_D_P_DenseNet121,D-P,DenseNet121,2024,6,normal,E-28020DB22FEE86C7B17E72DA.jpeg,0,0.2557939933063242,0.52392578125,0,1,0.8037700742393673,0.8037700653076172,0.3710174560546875,2.1663942251840917,0.8044631642813,0.8044631481170654,2.1682623045173464,1,1,79,80,83,67,0.4219773476554457,0.6359489759187289,0.2679811222861152,0.6766232713268392,0.0008592677451523,0.0034113124681012,0.7034973529956549,0.8518829732299243,/kaggle/input/datasets/hintrngia/locked-densenet-xai-inputs/D-P/DenseNet121/seed_2024/best_checkpoint.pt,E02_XAI_D_P_DenseNet121,D,P
E02_XAI_D_P_DenseNet121,D-P,DenseNet121,2024,7,normal,E-28234EA54B2F1B13D8D5995E.jpeg,0,0.1942040057310705,0.52392578125,0,1,0.7805876108041591,0.7805876135826111,0.3462677001953125,2.254289413548732,0.8069543169382769,0.8069543242454529,2.330434852812185,1,1,175,175,186,178,0.6194990173859537,0.5137087901425059,0.3992300138423314,0.553480912066648,6.820457254708145e-05,0.0001552833733662,0.0698684667692622,0.1095976487841473,/kaggle/input/datasets/hintrngia/locked-densenet-xai-inputs/D-P/DenseNet121/seed_2024/best_checkpoint.pt,E02_XAI_D_P_DenseNet121,D,P
E02_XAI_D_P_DenseNet121,D-P,DenseNet121,2024,8,normal,E-28CAAFCB1AFEEA2D46764B17.jpeg,0,0.8202561386634287,0.52392578125,1,0,0.7973364843278505,0.7973364591598511,0.38934326171875,2.047901075282568,0.8535835004301683,0.8535835146903992,2.1923674668518385,1,1,175,111,171,81,0.6981521291758908,0.92296853446203,0.7113579046832886,0.9327996709824654,0.0002920813139091,0.0014764626213621,0.350955023350035,0.4431412912226445,/kaggle/input/datasets/hintrngia/locked-densenet-xai-inputs/D-P/DenseNet121/seed_2024/best_checkpoint.pt,E02_XAI_D_P_DenseNet121,D,P
E02_XAI_D_P_DenseNet121,D-P,DenseNet121,2024,9,normal,E-29AE82E82E5A6A48DC6D8B99.jpeg,0,0.168080551979706,0.52392578125,0,1,0.7677574321359556,0.7677574157714844,0.3269195556640625,2.3484597933471174,0.8068013448104003,0.8068013191223145,2.467889518482819,1,1,79,80,147,86,0.6805006811478913,0.6905153418386845,0.5562057075143458,0.7188177505536868,0.0001706354749388,0.0011464737975862,0.6817102724260832,0.8342632832923226,/kaggle/input/datasets/hintrngia/locked-densenet-xai-inputs/D-P/DenseNet121/seed_2024/best_checkpoint.pt,E02_XAI_D_P_DenseNet121,D,P
E02_XAI_D_P_DenseNet121,D-P,DenseNet121,2024,10,normal,E-2B646E91E652E02CC65E6BA0.jpeg,0,0.0044031031251786,0.52392578125,0,1,0.8073894772868495,0.807389497756958,0.2742767333984375,2.9437038544351024,0.853143330845112,0.8531433343887329,3.110520240904882,1,1,80,111,107,125,0.8908305190590029,0.9693706401641168,0.8058868215580546,0.9667029232186884,7.500287096751102e-05,0.0005990873175525,0.8167445485268283,0.8849721802182494,/kaggle/input/datasets/hintrngia/locked-densenet-xai-inputs/D-P/DenseNet121/seed_2024/best_checkpoint.pt,E02_XAI_D_P_DenseNet121,D,P
E02_XAI_D_P_DenseNet121,D-P,DenseNet121,2024,11,normal,E-2F227E134B6699426A9E9AB9.jpeg,0,0.3488325201648271,0.52392578125,0,1,0.7738108599528182,0.773810863494873,0.3509368896484375,2.2049858045074955,0.7651439162643643,0.7651439309120178,2.180289216761658,1,1,175,79,174,213,0.4135962326552592,0.4646783820893979,0.3146348571680588,0.5640764665295774,0.0011280543508139,0.0022878415913151,-0.0177717002646292,0.0979151768443379,/kaggle/input/datasets/hintrngia/locked-densenet-xai-inputs/D-P/DenseNet121/seed_2024/best_checkpoint.pt,E02_XAI_D_P_DenseNet121,D,P
E02_XAI_D_P_DenseNet121,D-P,DenseNet121,2024,12,normal,E-2F5E9CF0C3839769BD6D37AD.jpeg,0,0.5995797610092676,0.52392578125,1,0,0.8329186574144907,0.832918643951416,0.3790740966796875,2.1972449837908488,0.8714428972240446,0.8714429140090942,2.2988721858259864,1,1,48,175,43,191,0.3746341665331231,0.7923165832877694,0.3707085177812438,0.8207271721509354,0.0004776420913304,0.0012995441313633,0.5595997545779661,0.664684692920837,/kaggle/input/datasets/hintrngia/locked-densenet-xai-inputs/D-P/DenseNet121/seed_2024/best_checkpoint.pt,E02_XAI_D_P_DenseNet121,D,P
E02_XAI_D_P_DenseNet121,D-P,DenseNet121,2024,13,normal,E-306538194ADB5E9E447B7A10.jpeg,0,0.0148306385345066,0.52392578125,0,1,0.7335030089615129,0.733502984046936,0.2563934326171875,2.8608494432721363,0.7481114189508029,0.7481114268302917,2.9178259806201168,1,1,80,80,106,86,0.795901550067817,0.9222639617523762,0.7008197242375067,0.9207154781045948,0.0006522492302309,0.0016422961815057,-0.2764008902303471,-0.1543216122415143,/kaggle/input/datasets/hintrngia/locked-densenet-xai-inputs/D-P/DenseNet121/seed_2024/best_checkpoint.pt,E02_XAI_D_P_DenseNet121,D,P
E02_XAI_D_P_DenseNet121,D-P,DenseNet121,2024,14,normal,E-36FB7A78C2BFA1A3824C3EFA.jpeg,0,0.1423054732672346,0.52392578125,0,1,0.7706954154619174,0.7706953883171082,0.3275299072265625,2.353053563834718,0.8011895332772552,0.8011895418167114,2.446156871784682,1,1,175,176,94,183,0.3659113036966923,0.5944707553937132,0.2547455454278847,0.6549053007566917,0.0013505144123523,0.0031794096884799,0.5750182346825752,0.5574620451065508,/kaggle/input/datasets/hintrngia/locked-densenet-xai-inputs/D-P/DenseNet121/seed_2024/best_checkpoint.pt,E02_XAI_D_P_DenseNet121,D,P
E02_XAI_D_P_DenseNet121,D-P,DenseNet121,2024,15,normal,E-3B865A0E9283DC8B3D382B5F.jpeg,0,0.9151188492499438,0.52392578125,1,0,0.8172075733255765,0.8172075748443604,0.360931396484375,2.2641631658689856,0.8922794126955592,0.8922793865203857,2.4721579263725446,1,1,176,143,67,179,0.8687486252243662,0.8100233056585031,0.8454970305575108,0.8352750749567834,0.0009035177524254,0.0019498809777169,0.3200628968564756,0.2170150866480441,/kaggle/input/datasets/hintrngia/locked-densenet-xai-inputs/D-P/DenseNet121/seed_2024/best_checkpoint.pt,E02_XAI_D_P_DenseNet121,D,P
E02_XAI_D_P_DenseNet121,D-P,DenseNet121,2024,16,normal,E-3D66EC3C4F2D4073FE577EEA.jpeg,0,0.1349625521590258,0.52392578125,0,1,0.6960273381448647,0.6960273385047913,0.2598114013671875,2.678971494253941,0.7009530853898462,0.7009530663490295,2.6979304283848573,1,1,80,80,101,79,0.4862822044252134,0.6623894266442946,0.3859657724513206,0.793747608808199,0.0003502547276376,0.0004187368239875,0.8004815804723069,0.9005679834942512,/kaggle/input/datasets/hintrngia/locked-densenet-xai-inputs/D-P/DenseNet121/seed_2024/best_checkpoint.pt,E02_XAI_D_P_DenseNet121,D,P
E02_XAI_D_P_DenseNet121,D-P,DenseNet121,2024,17,normal,E-40D9418B91304B06987F2A6E.jpeg,0,0.8737977044252658,0.52392578125,1,0,0.7481519437778638,0.748151957988739,0.3151092529296875,2.374262059339794,0.7894163638191593,0.7894163727760315,2.505214799247127,1,1,176,144,199,181,0.8787286898902567,0.9304288301038104,0.9037053245748772,0.9292214619723804,0.0002325974714697,0.0001101065204933,0.3520456600728288,0.3370722289510525,/kaggle/input/datasets/hintrngia/locked-densenet-xai-inputs/D-P/DenseNet121/seed_2024/best_checkpoint.pt,E02_XAI_D_P_DenseNet121,D,P
E02_XAI_D_P_DenseNet121,D-P,DenseNet121,2024,18,normal,E-44BF14DBF8A5FE52BF53ED2E.jpeg,0,0.38614025237102,0.52392578125,0,1,0.7732254268153478,0.7732254266738892,0.32672119140625,2.3666215940486937,0.8019074338051281,0.8019074201583862,2.454409003449135,1,1,175,175,92,145,0.1738725264670585,0.4282257845708822,0.0979293728706999,0.4040637027117334,0.0004601543105653,0.0007458776465958,0.6895838609089322,0.8338560465358674,/kaggle/input/datasets/hintrngia/locked-densenet-xai-inputs/D-P/DenseNet121/seed_2024/best_checkpoint.pt,E02_XAI_D_P_DenseNet121,D,P
E02_XAI_D_P_DenseNet121,D-P,DenseNet121,2024,19,normal,E-47080ACF9F207EB21662EAAE.jpeg,0,0.9150264284547672,0.52392578125,1,0,0.8491418465692662,0.8491418361663818,0.3899383544921875,2.1776309941993124,0.8735932984163117,0.873593270778656,2.240336936216451,1,1,175,112,179,120,0.9106644361919376,0.9180700698356185,0.9145671525764192,0.9255650319690976,0.000608991763861,0.0010315149402742,0.4781759263957457,0.2821856567758823,/kaggle/input/datasets/hintrngia/locked-densenet-xai-inputs/D-P/DenseNet121/seed_2024/best_checkpoint.pt,E02_XAI_D_P_DenseNet121,D,P
E02_XAI_D_P_DenseNet121,D-P,DenseNet121,2024,20,normal,E-4F18C9F59223CD9D0CA81789.jpeg,0,0.9020237183860528,0.52392578125,1,0,0.7828752950298559,0.7828752994537354,0.305145263671875,2.5655823249863303,0.7736242744298337,0.7736243009567261,2.53526554900658,1,1,48,112,75,76,0.8703278046986798,0.9457092989872716,0.8685125951466246,0.9581674795075174,0.0005526586128207,0.0025474757315909,-0.1091567865150764,-0.048108025664609,/kaggle/input/datasets/hintrngia/locked-densenet-xai-inputs/D-P/DenseNet121/seed_2024/best_checkpoint.pt,E02_XAI_D_P_DenseNet121,D,P
E02_XAI_D_P_DenseNet121,D-P,DenseNet121,2024,21,normal,E-57BEC1C15CFD6C2BBAF49905.jpeg,0,0.2984793620716535,0.52392578125,0,1,0.8043170643535666,0.804317057132721,0.3210601806640625,2.505190966659158,0.7911191290541892,0.7911191582679749,2.464083610175151,1,1,80,80,109,82,0.415901956331598,0.7461849665853646,0.2680261331051438,0.7784159304039255,0.0001118277620476,0.0006830394574596,0.2722710078257452,0.633939594282326,/kaggle/input/datasets/hintrngia/locked-densenet-xai-inputs/D-P/DenseNet121/seed_2024/best_checkpoint.pt,E02_XAI_D_P_DenseNet121,D,P
E02_XAI_D_P_DenseNet121,D-P,DenseNet121,2024,22,normal,E-5822F4C00AF6A5D69871506D.jpeg,0,0.1553377511123191,0.52392578125,0,1,0.8694658087376907,0.8694658279418945,0.414520263671875,2.097523052397604,0.868590685254116,0.8685907125473022,2.0954118806159814,1,1,80,79,87,43,0.5465119531892523,0.4240374222341412,0.3832991343446313,0.6318495792344674,0.0002334501553089,0.0003516402102625,0.8954574826488213,0.9373853273614524,/kaggle/input/datasets/hintrngia/locked-densenet-xai-inputs/D-P/DenseNet121/seed_2024/best_checkpoint.pt,E02_XAI_D_P_DenseNet121,D,P
E02_XAI_D_P_DenseNet121,D-P,DenseNet121,2024,23,normal,E-592EC4B388705AD74965EF2F.jpeg,0,0.0903701491996568,0.52392578125,0,1,0.7521445885520909,0.7521445751190186,0.3038330078125,2.4755196743345635,0.7844370552681132,0.7844370603561401,2.5818032771218897,1,1,80,80,87,79,0.4170047782372149,0.7885095184453033,0.3290572425198989,0.811744254965972,0.0001127964858056,0.0005551896449687,0.7750571526628062,0.8198337754131626,/kaggle/input/datasets/hintrngia/locked-densenet-xai-inputs/D-P/DenseNet121/seed_2024/best_checkpoint.pt,E02_XAI_D_P_DenseNet121,D,P
E02_XAI_D_P_DenseNet121,D-P,DenseNet121,2024,24,normal,E-5EB53A5E9ABA53D43AB743A8.jpeg,0,0.1338996132412261,0.52392578125,0,1,0.7149849636143669,0.7149849534034729,0.2571563720703125,2.7803509508948645,0.709932103940109,0.7099320888519287,2.7607019737624743,1,1,80,80,80,78,0.4730642370208606,0.8198241334087293,0.3571121672695225,0.8282073857301366,0.000226524697669,0.0012319381414871,0.0332282794023154,0.0386638251936512,/kaggle/input/datasets/hintrngia/locked-densenet-xai-inputs/D-P/DenseNet121/seed_2024/best_checkpoint.pt,E02_XAI_D_P_DenseNet121,D,P
E02_XAI_D_P_DenseNet121,D-P,DenseNet121,2024,25,normal,E-5FBF0EE47B9EC5825E465989.jpeg,0,0.2567217894146948,0.52392578125,0,1,0.8405480417791594,0.840548038482666,0.329376220703125,2.551939056149309,0.846099052657958,0.8460990786552429,2.5687921576481023,1,1,176,175,191,183,0.3817796361994932,0.5142838358009283,0.2688548506070349,0.5770148324612445,7.567909858130495e-05,0.0008115864590312,0.3000779600866494,0.4423926615355916,/kaggle/input/datasets/hintrngia/locked-densenet-xai-inputs/D-P/DenseNet121/seed_2024/best_checkpoint.pt,E02_XAI_D_P_DenseNet121,D,P
E02_XAI_D_P_DenseNet121,D-P,DenseNet121,2024,26,normal,E-67976418F9EE68ADAB32C212.jpeg,0,0.0406295075976583,0.52392578125,0,1,0.6629642571868374,0.6629642844200134,0.26171875,2.533117161788513,0.6462871283757402,0.6462871432304382,2.469395594987903,1,0,80,80,77,78,0.6478365038676561,0.8636531581847979,0.5646936658441536,0.8771142433041449,0.0001218164013577,6.587737703322993e-05,0.611639740184602,0.510475321711436,/kaggle/input/datasets/hintrngia/locked-densenet-xai-inputs/D-P/DenseNet121/seed_2024/best_checkpoint.pt,E02_XAI_D_P_DenseNet121,D,P
E02_XAI_D_P_DenseNet121,D-P,DenseNet121,2024,27,normal,E-74019A53B16F834307F73E46.jpeg,0,0.3094110721750722,0.52392578125,0,1,0.7928665908393057,0.792866587638855,0.372467041015625,2.128689262484422,0.8161594763455466,0.8161594867706299,2.1912260320271097,1,1,176,175,182,195,0.3875789950257709,0.6464923785407113,0.2852633567439275,0.66078733338982,0.0004982746018681,0.0002500891768959,-0.0704386432719268,-0.016367801805141,/kaggle/input/datasets/hintrngia/locked-densenet-xai-inputs/D-P/DenseNet121/seed_2024/best_checkpoint.pt,E02_XAI_D_P_DenseNet121,D,P
E02_XAI_D_P_DenseNet121,D-P,DenseNet121,2024,28,normal,E-778E5DF620CB9DE6A84B008B.jpeg,0,0.9651343034203008,0.52392578125,1,0,0.7687938497493062,0.7687938213348389,0.3386688232421875,2.2700461246754013,0.8427319572708484,0.8427319526672363,2.488365918076248,1,1,176,175,65,131,0.9498519916819262,0.9604613932315328,0.9623912854501736,0.9703859873184474,0.0004179272120228,0.0005281476227924,-0.0803089547607588,-0.0271977509269418,/kaggle/input/datasets/hintrngia/locked-densenet-xai-inputs/D-P/DenseNet121/seed_2024/best_checkpoint.pt,E02_XAI_D_P_DenseNet121,D,P
E02_XAI_D_P_DenseNet121,D-P,DenseNet121,2024,29,normal,E-77C42172A076E16EE5474210.jpeg,0,0.5648279371336046,0.52392578125,1,0,0.7969458158600973,0.7969458103179932,0.39276123046875,2.0290847314765865,0.7707728598329062,0.7707728743553162,1.9624463924634556,1,1,207,143,208,146,0.6734012842286391,0.8498633420800701,0.6654401425270593,0.8492836012588478,0.0002435361721622,0.0017794550000587,0.6495122239593392,0.631668680934505,/kaggle/input/datasets/hintrngia/locked-densenet-xai-inputs/D-P/DenseNet121/seed_2024/best_checkpoint.pt,E02_XAI_D_P_DenseNet121,D,P
E02_XAI_D_P_DenseNet121,D-P,DenseNet121,2024,30,normal,E-7B1FB0C84C51C5CD8EDBCCFD.jpeg,0,0.991580404650752,0.52392578125,1,0,0.8287046460599277,0.8287046551704407,0.388427734375,2.133484745607457,0.925384042546105,0.9253840446472168,2.382384059251317,1,1,175,144,67,139,0.9814607518316948,0.9766059913829166,0.9833038853489788,0.980195899177526,0.0001712072729911,9.549534921360348e-05,0.7804812498161888,0.7226881036860958,/kaggle/input/datasets/hintrngia/locked-densenet-xai-inputs/D-P/DenseNet121/seed_2024/best_checkpoint.pt,E02_XAI_D_P_DenseNet121,D,P
E02_XAI_D_P_DenseNet121,D-P,DenseNet121,2024,31,normal,E-7B7A8A9BEAA512F9DC3E0865.jpeg,0,0.0932730124140085,0.52392578125,0,1,0.7773248203329577,0.7773247957229614,0.356475830078125,2.180582117341868,0.8234233603242278,0.8234233856201172,2.3098995523588988,1,1,80,79,107,83,0.3437013067985331,0.6852209992110418,0.2433031408612604,0.8238404841293909,9.107294617893837e-05,7.762213662410034e-05,0.536892081481914,0.6166256948037089,/kaggle/input/datasets/hintrngia/locked-densenet-xai-inputs/D-P/DenseNet121/seed_2024/best_checkpoint.pt,E02_XAI_D_P_DenseNet121,D,P
E02_XAI_D_P_DenseNet121,D-P,DenseNet121,2024,32,normal,E-82FCB2C3D1996A8155B45525.jpeg,0,0.0929981002374798,0.52392578125,0,1,0.7287189411661198,0.7287189364433289,0.2450714111328125,2.9734963282649165,0.7103501789577981,0.7103501558303833,2.898543635401174,1,1,80,80,83,70,0.293990621687704,0.8074304767163099,0.2187981163080157,0.8524544027072636,0.0007710627617858,0.0025545890991276,0.7189472556153588,0.7480852723559537,/kaggle/input/datasets/hintrngia/locked-densenet-xai-inputs/D-P/DenseNet121/seed_2024/best_checkpoint.pt,E02_XAI_D_P_DenseNet121,D,P
E02_XAI_D_P_DenseNet121,D-P,DenseNet121,2024,33,normal,E-843CBB869621D4078F498542.jpeg,0,0.7440981315190476,0.52392578125,1,0,0.845643229985234,0.8456432223320007,0.3597412109375,2.3506987920051023,0.8884383044739864,0.8884382843971252,2.46965951484591,1,1,207,175,213,163,0.7805762387634931,0.868167506039202,0.7743886981900283,0.9079091227646194,0.0001946043983865,0.0001902400409953,0.5301359568810714,0.7578765871395513,/kaggle/input/datasets/hintrngia/locked-densenet-xai-inputs/D-P/DenseNet121/seed_2024/best_checkpoint.pt,E02_XAI_D_P_DenseNet121,D,P
E02_XAI_D_P_DenseNet121,D-P,DenseNet121,2024,34,normal,E-845A5BC2008587BFFF60937F.jpeg,0,0.5960606314877648,0.52392578125,1,0,0.7253215161157657,0.7253215312957764,0.3625030517578125,2.000870096399496,0.8223211790436233,0.8223211765289307,2.2684531207561096,1,1,48,176,59,211,0.7596807796540064,0.713102637596805,0.807572998368701,0.7433611601288399,0.0016631624140115,0.0015120572772211,-0.1103305566866508,-0.0341381054214566,/kaggle/input/datasets/hintrngia/locked-densenet-xai-inputs/D-P/DenseNet121/seed_2024/best_checkpoint.pt,E02_XAI_D_P_DenseNet121,D,P
E02_XAI_D_P_DenseNet121,D-P,DenseNet121,2024,35,normal,E-8BB569A271B438E1FF7419AA.jpeg,0,0.2855999865766157,0.52392578125,0,1,0.7626283605336059,0.7626283764839172,0.3291015625,2.3173039797816397,0.7285219158778,0.7285219430923462,2.2136689669402587,1,1,175,80,95,75,0.3081478017591325,0.4183285030375564,0.1819008813072656,0.4852573378782271,0.0012122416405152,0.0019318416100833,0.8299055880324626,0.9277076151019752,/kaggle/input/datasets/hintrngia/locked-densenet-xai-inputs/D-P/DenseNet121/seed_2024/best_checkpoint.pt,E02_XAI_D_P_DenseNet121,D,P
E02_XAI_D_P_DenseNet121,D-P,DenseNet121,2024,36,normal,E-8E65534102472D38A215B619.jpeg,0,0.8555369744873256,0.52392578125,1,0,0.824893480883343,0.8248934745788574,0.4018096923828125,2.05294570171157,0.8336391345157356,0.8336391448974609,2.074711362914337,1,1,48,175,47,195,0.9191410434625148,0.8641999758285643,0.9111996741974242,0.8656140410500897,0.0002313001623887,0.0011517347461182,0.8241705337807094,0.8125479589200238,/kaggle/input/datasets/hintrngia/locked-densenet-xai-inputs/D-P/DenseNet121/seed_2024/best_checkpoint.pt,E02_XAI_D_P_DenseNet121,D,P
E02_XAI_D_P_DenseNet121,D-P,DenseNet121,2024,37,normal,E-91CCC5E035FBDB0CCBB30E2A.jpeg,0,0.1944786414604581,0.52392578125,0,1,0.8571485900981104,0.8571485877037048,0.4178619384765625,2.051272229347079,0.8554817082930133,0.8554816842079163,2.0472831562786533,1,1,175,48,185,175,0.5697129127278211,0.5829802294024696,0.4354743102477806,0.6812790350890774,3.1524148960127008e-06,0.0002991687262803,-0.1364423153693549,-0.0633836077710614,/kaggle/input/datasets/hintrngia/locked-densenet-xai-inputs/D-P/DenseNet121/seed_2024/best_checkpoint.pt,E02_XAI_D_P_DenseNet121,D,P
E02_XAI_D_P_DenseNet121,D-P,DenseNet121,2024,38,normal,E-91CD2D4F539A3D56107014E7.jpeg,0,0.6793016528978483,0.52392578125,1,0,0.811147810071068,0.8111478090286255,0.376434326171875,2.1548189250432714,0.8461494317095103,0.8461494445800781,2.247800938650769,1,1,176,144,191,154,0.7809322172888298,0.7257984088728697,0.8428987040874856,0.7364402779241236,0.0004849773940764,3.723123041932119e-05,0.2191322606970238,0.2378536731255587,/kaggle/input/datasets/hintrngia/locked-densenet-xai-inputs/D-P/DenseNet121/seed_2024/best_checkpoint.pt,E02_XAI_D_P_DenseNet121,D,P
E02_XAI_D_P_DenseNet121,D-P,DenseNet121,2024,39,normal,E-93DEE19500CF7BC746908FEA.jpeg,0,0.2230296583263912,0.52392578125,0,1,0.8108525911941687,0.810852587223053,0.3555908203125,2.2802967480475904,0.8226958495827233,0.8226958513259888,2.3136026089192137,1,1,79,79,83,51,0.371527321274992,0.6637371733772301,0.2711636714717583,0.702071766973381,0.0001243621758298,0.0005761484821518,-0.1230467294308864,-0.0550622462783084,/kaggle/input/datasets/hintrngia/locked-densenet-xai-inputs/D-P/DenseNet121/seed_2024/best_checkpoint.pt,E02_XAI_D_P_DenseNet121,D,P
E02_XAI_D_P_DenseNet121,D-P,DenseNet121,2024,40,normal,E-9A48264C99FDAC90E29908DD.jpeg,0,0.9397744565754113,0.52392578125,1,0,0.8069685981644494,0.8069685697555542,0.3754425048828125,2.149379965425944,0.8786712681152283,0.8786712884902954,2.340361724332437,1,1,48,175,51,183,0.8492187436336431,0.8990560544033143,0.8603300189767302,0.9177199733711958,0.000368445628777,0.0002157579972769,0.3234540360194177,0.1855121077566132,/kaggle/input/datasets/hintrngia/locked-densenet-xai-inputs/D-P/DenseNet121/seed_2024/best_checkpoint.pt,E02_XAI_D_P_DenseNet121,D,P
E02_XAI_D_P_DenseNet121,D-P,DenseNet121,2024,41,normal,E-A5B76F5465A7745EBBAE1D8D.jpeg,0,0.5997008184912151,0.52392578125,1,0,0.7924811766412043,0.7924811840057373,0.36846923828125,2.150739042254347,0.822449817374452,0.822449803352356,2.232071858185029,1,1,176,111,169,111,0.56478281974587,0.8409103855149261,0.598288265616556,0.8332311587052563,9.978046575320754e-05,0.0012715004041551,0.5033639600709261,0.5019968849637529,/kaggle/input/datasets/hintrngia/locked-densenet-xai-inputs/D-P/DenseNet121/seed_2024/best_checkpoint.pt,E02_XAI_D_P_DenseNet121,D,P
E02_XAI_D_P_DenseNet121,D-P,DenseNet121,2024,42,normal,E-A92185A886C303721C499620.jpeg,0,0.9325811678358544,0.52392578125,1,0,0.8639518128028354,0.8639518022537231,0.4248199462890625,2.03368937911162,0.8980656550122601,0.8980656266212463,2.113991263492097,1,1,176,143,198,198,0.942065945859208,0.942415223093546,0.9545203299985509,0.951886904009306,0.0001262109776476,0.0003048473587995,0.1415110877308674,0.0895239241872983,/kaggle/input/datasets/hintrngia/locked-densenet-xai-inputs/D-P/DenseNet121/seed_2024/best_checkpoint.pt,E02_XAI_D_P_DenseNet121,D,P
E02_XAI_D_P_DenseNet121,D-P,DenseNet121,2024,43,normal,E-B1906A980682154F21AC8637.jpeg,0,0.1389473225178031,0.52392578125,0,1,0.8352202310285668,0.835220217704773,0.37506103515625,2.226891499621161,0.8372941109335664,0.8372941017150879,2.232420946059488,1,1,79,79,69,75,0.6863168805534754,0.4680567197330607,0.5369450011064006,0.5888466242090915,0.0006784130663449,0.0007329937184274,0.1299684191252979,0.0590503261386903,/kaggle/input/datasets/hintrngia/locked-densenet-xai-inputs/D-P/DenseNet121/seed_2024/best_checkpoint.pt,E02_XAI_D_P_DenseNet121,D,P
E02_XAI_D_P_DenseNet121,D-P,DenseNet121,2024,44,normal,E-B701F1D8C0C0617522833A87.jpeg,0,0.0253117288395794,0.52392578125,0,1,0.7542940756314238,0.7542940974235535,0.2968597412109375,2.540910642024209,0.7675856311494775,0.7675856351852417,2.585684498741309,1,1,80,80,98,67,0.8055978861060842,0.6833785195707822,0.6389975222753619,0.7846486524102543,0.0006932355496276,0.0005349044174742,0.4997514953450874,0.4209032020692613,/kaggle/input/datasets/hintrngia/locked-densenet-xai-inputs/D-P/DenseNet121/seed_2024/best_checkpoint.pt,E02_XAI_D_P_DenseNet121,D,P
E02_XAI_D_P_DenseNet121,D-P,DenseNet121,2024,45,normal,E-B80945974BB38152A2ADE2AF.jpeg,0,0.0095553866109461,0.52392578125,0,1,0.8034134377716514,0.803413450717926,0.287933349609375,2.790275731733065,0.8364255805965344,0.8364256024360657,2.904927760994938,1,1,176,175,110,179,0.7264607535549228,0.9114235370104696,0.6214407423685211,0.9061978222773112,0.0004408388295026,0.0003073139193021,-0.1206358246284033,-0.0426141683309905,/kaggle/input/datasets/hintrngia/locked-densenet-xai-inputs/D-P/DenseNet121/seed_2024/best_checkpoint.pt,E02_XAI_D_P_DenseNet121,D,P
E02_XAI_D_P_DenseNet121,D-P,DenseNet121,2024,46,normal,E-BB74E7A26CC5772AE8204932.jpeg,0,0.8811081297656747,0.52392578125,1,0,0.8550455952279927,0.8550456166267395,0.396759033203125,2.155075306855693,0.9080526737960544,0.9080526828765868,2.288675487650882,1,1,175,112,176,87,0.8712968044835178,0.8350514221104361,0.9002741494194209,0.8376009532056825,0.00030757620405,0.0004516774075012,0.7215167392783831,0.7679303111777566,/kaggle/input/datasets/hintrngia/locked-densenet-xai-inputs/D-P/DenseNet121/seed_2024/best_checkpoint.pt,E02_XAI_D_P_DenseNet121,D,P
E02_XAI_D_P_DenseNet121,D-P,DenseNet121,2024,47,normal,E-BB96C349B18A4710DE07EC01.jpeg,0,0.168312344779255,0.52392578125,0,1,0.8052630922034707,0.805263102054596,0.3329010009765625,2.4189266173464112,0.8160371018649215,0.816037118434906,2.4512906223504376,1,1,80,80,93,113,0.3081961215984478,0.6697715409221766,0.2274998551954839,0.7808283794702036,0.0013756472928396,0.0019675870932399,0.9698238914741398,0.954827846652768,/kaggle/input/datasets/hintrngia/locked-densenet-xai-inputs/D-P/DenseNet121/seed_2024/best_checkpoint.pt,E02_XAI_D_P_DenseNet121,D,P
E02_XAI_D_P_DenseNet121,D-P,DenseNet121,2024,48,normal,E-BCDF7BD5461E233F18CDF83C.jpeg,0,0.111589741914092,0.52392578125,0,1,0.7728274535328438,0.7728274464607239,0.2940521240234375,2.6281988477364147,0.760927824631033,0.7609277963638306,2.587731094132084,1,1,80,80,142,79,0.5764216488622789,0.8591127393908939,0.4344469872046734,0.8423187389430918,0.0002435766689108,0.0009809974780444,0.8601323916866244,0.8663569445336962,/kaggle/input/datasets/hintrngia/locked-densenet-xai-inputs/D-P/DenseNet121/seed_2024/best_checkpoint.pt,E02_XAI_D_P_DenseNet121,D,P
E02_XAI_D_P_DenseNet121,D-P,DenseNet121,2024,49,normal,E-BF6060CF2B5D86362B50F1EF.jpeg,0,0.1318843099306779,0.52392578125,0,1,0.8033951475646095,0.80339515209198,0.3540191650390625,2.2693549584411987,0.8170943222594175,0.8170943260192871,2.308051097090349,1,1,144,175,177,188,0.5498546380563722,0.7051291155460784,0.4051818400466271,0.7284500497464725,0.0001762922872496,0.0005284123417059,0.2537158402203494,0.2710234000949066,/kaggle/input/datasets/hintrngia/locked-densenet-xai-inputs/D-P/DenseNet121/seed_2024/best_checkpoint.pt,E02_XAI_D_P_DenseNet121,D,P
E02_XAI_D_P_DenseNet121,D-P,DenseNet121,2024,50,normal,E-C7B56CF9C42EB131FD94EA3C.jpeg,0,0.9276535404896102,0.52392578125,1,0,0.77688883914956,0.7768888473510742,0.32830810546875,2.366340721440117,0.872517482784133,0.872517466545105,2.657617854235961,1,1,175,112,166,117,0.922788394426714,0.8873046949343966,0.927174020938784,0.9278080170137089,0.0004918167397136,0.0002793094227931,-0.0887931961085822,-0.0186440879133572,/kaggle/input/datasets/hintrngia/locked-densenet-xai-inputs/D-P/DenseNet121/seed_2024/best_checkpoint.pt,E02_XAI_D_P_DenseNet121,D,P
E02_XAI_D_P_DenseNet121,D-P,DenseNet121,2024,51,normal,E-D31B79C24E008C43E1511E9D.jpeg,0,0.0121927144223441,0.52392578125,0,1,0.784182944259171,0.7841829657554626,0.29034423828125,2.7008731046336467,0.7999738747979226,0.7999738454818726,2.755260030416053,1,1,80,80,115,82,0.8689472313583331,0.9378415209458012,0.8070145562071306,0.9696161543221672,1.9770863027512853e-05,0.000973073886986,0.3138612293146428,0.5211380302558274,/kaggle/input/datasets/hintrngia/locked-densenet-xai-inputs/D-P/DenseNet121/seed_2024/best_checkpoint.pt,E02_XAI_D_P_DenseNet121,D,P
E02_XAI_D_P_DenseNet121,D-P,DenseNet121,2024,52,normal,E-E13640D767DD410F37B990A9.jpeg,0,0.0837732476926938,0.52392578125,0,1,0.793805826101922,0.7938058376312256,0.3385162353515625,2.3449564399105505,0.8408161859797711,0.8408161997795105,2.4838282427031904,1,1,175,175,179,195,0.5748588650990532,0.6997063137072912,0.4728205023942813,0.7795351027600854,0.000103320266393,0.0003919738488282,0.0174511859503077,0.0482481439566424,/kaggle/input/datasets/hintrngia/locked-densenet-xai-inputs/D-P/DenseNet121/seed_2024/best_checkpoint.pt,E02_XAI_D_P_DenseNet121,D,P
E02_XAI_D_P_DenseNet121,D-P,DenseNet121,2024,53,normal,E-E2352C479C37BA410D3419C8.jpeg,0,0.3774122163344442,0.52392578125,0,1,0.8802486321991647,0.8802486062049866,0.460540771484375,1.9113370339872924,0.8541813017133868,0.8541812896728516,1.8547354644850744,1,1,175,48,175,47,0.3977756788032588,0.4248097786725143,0.2795931228717233,0.4672801226430673,0.0020418390803711,0.0023194210637619,0.2852405059599271,0.2477882826062081,/kaggle/input/datasets/hintrngia/locked-densenet-xai-inputs/D-P/DenseNet121/seed_2024/best_checkpoint.pt,E02_XAI_D_P_DenseNet121,D,P
E02_XAI_D_P_DenseNet121,D-P,DenseNet121,2024,54,normal,E-E249A212D4F7D1C6D4206FBF.jpeg,0,0.2969617033521051,0.52392578125,0,1,0.8626313656019735,0.8626313805580139,0.44427490234375,1.9416612575934515,0.8744907965766764,0.8744907975196838,1.9683551602022624,1,1,80,80,88,106,0.3165113397325818,0.4519681504363657,0.2460674342210462,0.4359379489127749,5.865746989341947e-05,0.000959251376732,0.6154515167486088,0.5826456598119338,/kaggle/input/datasets/hintrngia/locked-densenet-xai-inputs/D-P/DenseNet121/seed_2024/best_checkpoint.pt,E02_XAI_D_P_DenseNet121,D,P
E02_XAI_D_P_DenseNet121,D-P,DenseNet121,2024,55,normal,E-E2DD25AE8644A21D4C1655DA.jpeg,0,0.3268020457349707,0.52392578125,0,1,0.7622510426351203,0.7622510194778442,0.3409881591796875,2.2354179232172213,0.7592313858434898,0.7592313885688782,2.226562317207632,1,1,79,79,84,81,0.3379262785204235,0.3489767421027757,0.1950189067648412,0.411287169138221,0.0002977518006068,0.0011139664832919,0.4443812062335512,0.6178415122304768,/kaggle/input/datasets/hintrngia/locked-densenet-xai-inputs/D-P/DenseNet121/seed_2024/best_checkpoint.pt,E02_XAI_D_P_DenseNet121,D,P
E02_XAI_D_P_DenseNet121,D-P,DenseNet121,2024,56,normal,E-E35138A3EAFB63D43C970EAE.jpeg,0,0.4900654257011451,0.52392578125,0,1,0.8127329304861014,0.8127329349517822,0.4013519287109375,2.024988226907088,0.8254193004527671,0.8254193067550659,2.056597318726858,1,1,80,48,76,54,0.1747189682394597,0.3696453037719057,0.1365179184084715,0.5134860939371686,0.0004916158616582,0.0017060360934116,0.6536329443166495,0.7765109236510359,/kaggle/input/datasets/hintrngia/locked-densenet-xai-inputs/D-P/DenseNet121/seed_2024/best_checkpoint.pt,E02_XAI_D_P_DenseNet121,D,P
E02_XAI_D_P_DenseNet121,D-P,DenseNet121,2024,57,normal,E-EACE2F51FB2EF2E191B9BC55.jpeg,0,0.913676767871744,0.52392578125,1,0,0.8917312769739528,0.8917312622070312,0.4419708251953125,2.0176247529005686,0.9046708135387698,0.9046708345413208,2.0469016549655383,1,1,176,143,207,192,0.8702112211951755,0.9270716836708868,0.856577769392727,0.9373894720015024,0.0005027910311158,0.000243406008932,0.910000255190366,0.9044243847026436,/kaggle/input/datasets/hintrngia/locked-densenet-xai-inputs/D-P/DenseNet121/seed_2024/best_checkpoint.pt,E02_XAI_D_P_DenseNet121,D,P
E02_XAI_D_P_DenseNet121,D-P,DenseNet121,2024,58,normal,E-ED70ACD6E494856AB99B813B.jpeg,0,0.976063200415116,0.52392578125,1,0,0.7655011510150341,0.7655011415481567,0.3370513916015625,2.271170421156289,0.8687171166980082,0.8687171339988708,2.577402551492628,1,1,175,112,175,92,0.9559711966597548,0.9218937916176236,0.9555817774900688,0.9516318166869578,0.0004587901484927,0.0006087085673646,0.1517908339244875,0.0608699696481331,/kaggle/input/datasets/hintrngia/locked-densenet-xai-inputs/D-P/DenseNet121/seed_2024/best_checkpoint.pt,E02_XAI_D_P_DenseNet121,D,P
E02_XAI_D_P_DenseNet121,D-P,DenseNet121,2024,59,normal,E-EE1CB872F9ABCF62B8C9A410.jpeg,0,0.0581559583590597,0.52392578125,0,1,0.7498917045990607,0.7498916983604431,0.260040283203125,2.8837520685720013,0.7765440901695136,0.7765440940856934,2.9862453640035937,1,1,79,80,80,54,0.5461980278568648,0.8425461909609426,0.4250540291720487,0.8655303148578962,0.0006685249623394,0.0010423563309207,0.506387137565251,0.602227626354854,/kaggle/input/datasets/hintrngia/locked-densenet-xai-inputs/D-P/DenseNet121/seed_2024/best_checkpoint.pt,E02_XAI_D_P_DenseNet121,D,P
E02_XAI_D_P_DenseNet121,D-P,DenseNet121,2024,60,normal,E-EFAD2710B0F9E9CA19CFEDAD.jpeg,0,0.5755095588745808,0.52392578125,1,0,0.8756152359179724,0.8756152391433716,0.36236572265625,2.416385384079512,0.9137660075170098,0.9137660264968872,2.52166789071226,1,1,207,144,210,182,0.5682420646206228,0.8719411156707089,0.593283712243597,0.8846624488716165,0.0001942626109739,0.0006345599147298,-0.1542089729438306,-0.0632111572960666,/kaggle/input/datasets/hintrngia/locked-densenet-xai-inputs/D-P/DenseNet121/seed_2024/best_checkpoint.pt,E02_XAI_D_P_DenseNet121,D,P
E02_XAI_D_P_DenseNet121,D-P,DenseNet121,2024,61,normal,E-F32C5A7DA665488BF8EB2294.jpeg,0,0.6564751496625298,0.52392578125,1,0,0.8760192517211012,0.8760192394256592,0.3988037109375,2.196617603336168,0.9078225655228443,0.9078225493431092,2.276364388357252,1,1,207,176,206,163,0.6792419371909715,0.77046926053595,0.6017595258935997,0.8002617960926834,0.0007957170694039,0.000821547728952,0.0619628970935033,0.041088274809324,/kaggle/input/datasets/hintrngia/locked-densenet-xai-inputs/D-P/DenseNet121/seed_2024/best_checkpoint.pt,E02_XAI_D_P_DenseNet121,D,P
E02_XAI_D_P_DenseNet121,D-P,DenseNet121,2024,62,normal,E-F57AB9616B464FB4687D409D.jpeg,0,0.2431791023337158,0.52392578125,0,1,0.8638806080848713,0.8638806343078613,0.43695068359375,1.9770666130552497,0.8551942978400427,0.8551942706108093,1.957187229474963,1,1,79,48,81,58,0.4207203042832346,0.3962657809266384,0.2744350326784094,0.5541817685299759,0.0006335673089193,4.248330642631082e-05,0.8386166515759361,0.9096996179581694,/kaggle/input/datasets/hintrngia/locked-densenet-xai-inputs/D-P/DenseNet121/seed_2024/best_checkpoint.pt,E02_XAI_D_P_DenseNet121,D,P
E02_XAI_D_P_DenseNet121,D-P,DenseNet121,2024,63,normal,E-F803B5977A560D3CAEE3206F.jpeg,0,0.3636939774878767,0.52392578125,0,1,0.7740132407284509,0.7740132212638855,0.3428192138671875,2.2577883893879807,0.7808130357120924,0.7808130383491516,2.277623319020238,1,1,80,144,79,171,0.6038053235381902,0.5178473143092999,0.4613972324939304,0.5893151876513824,0.0012462167416942,0.0032595674321688,0.3502833900076881,0.3062011057123014,/kaggle/input/datasets/hintrngia/locked-densenet-xai-inputs/D-P/DenseNet121/seed_2024/best_checkpoint.pt,E02_XAI_D_P_DenseNet121,D,P
E02_XAI_D_P_DenseNet121,D-P,DenseNet121,2024,64,pneumonia,E-018B83433C4DD934AA5C8B2B.jpeg,1,0.99566414224335,0.52392578125,1,1,0.8422100816436681,0.842210054397583,0.3726043701171875,2.2603333433227992,0.8884627673104806,0.8884627819061279,2.384466846245123,1,1,176,143,56,143,0.985440985446075,0.9864326397481435,0.9884789782692264,0.9893509797789504,3.337414370385705e-05,0.0008434348231655,-0.1362686251394284,-0.0625118607875855,/kaggle/input/datasets/hintrngia/locked-densenet-xai-inputs/D-P/DenseNet121/seed_2024/best_checkpoint.pt,E02_XAI_D_P_DenseNet121,D,P
E02_XAI_D_P_DenseNet121,D-P,DenseNet121,2024,65,pneumonia,E-01E4EA18817F6CBD784D8ACE.jpeg,1,0.987397279925929,0.52392578125,1,1,0.8043754799682226,0.8043754696846008,0.355072021484375,2.265386826609258,0.8269308660659417,0.8269308805465698,2.3289102380102085,1,1,80,80,195,114,0.9629041276220942,0.9862155756834068,0.971276691149944,0.9856123671245622,3.23689679651018e-05,0.0006438511956071,0.8781061889967503,0.8614507006905942,/kaggle/input/datasets/hintrngia/locked-densenet-xai-inputs/D-P/DenseNet121/seed_2024/best_checkpoint.pt,E02_XAI_D_P_DenseNet121,D,P
E02_XAI_D_P_DenseNet121,D-P,DenseNet121,2024,66,pneumonia,E-0981A556ADE7F427711A3360.jpeg,1,0.99194890709556,0.52392578125,1,1,0.7679989183725684,0.7679989337921143,0.315826416015625,2.431712103317453,0.8423669002754125,0.8423668742179871,2.6671831663179746,1,1,175,111,47,139,0.9625967377283264,0.9781701303451892,0.9572597031304186,0.9852443554077084,0.00021275067794,9.488572466787026e-05,0.4363382213642254,0.6458166060779787,/kaggle/input/datasets/hintrngia/locked-densenet-xai-inputs/D-P/DenseNet121/seed_2024/best_checkpoint.pt,E02_XAI_D_P_DenseNet121,D,P
E02_XAI_D_P_DenseNet121,D-P,DenseNet121,2024,67,pneumonia,E-0B7E667233F7AB135F8A84DD.jpeg,1,0.999404672668049,0.52392578125,1,1,0.8568694537178138,0.8568694591522217,0.3825225830078125,2.24004932461808,0.9149220915201712,0.9149221181869508,2.391811966566913,1,1,144,112,157,90,0.9935282076384518,0.9970190959762522,0.9948675710108884,0.9978096098588144,0.0001569049903512,9.388861705317277e-05,-0.265337329810719,-0.069649742049883,/kaggle/input/datasets/hintrngia/locked-densenet-xai-inputs/D-P/DenseNet121/seed_2024/best_checkpoint.pt,E02_XAI_D_P_DenseNet121,D,P
E02_XAI_D_P_DenseNet121,D-P,DenseNet121,2024,68,pneumonia,E-122745006C7E29B76E58625B.jpeg,1,0.9920008017299208,0.52392578125,1,1,0.7787991437630977,0.7787991166114807,0.3352813720703125,2.322822586158393,0.8489990083516966,0.8489990234375,2.5321985623873293,1,1,175,144,167,71,0.965178528469642,0.9858081954785752,0.9710175673770084,0.989920060203698,0.0003105133342925,3.172492122116566e-05,0.7870233553385579,0.7940490086994174,/kaggle/input/datasets/hintrngia/locked-densenet-xai-inputs/D-P/DenseNet121/seed_2024/best_checkpoint.pt,E02_XAI_D_P_DenseNet121,D,P
E02_XAI_D_P_DenseNet121,D-P,DenseNet121,2024,69,pneumonia,E-1265B89238C345234A9C993B.jpeg,1,0.9623688008039272,0.52392578125,1,1,0.7991085476793227,0.7991085648536682,0.3254241943359375,2.455590461889253,0.7978001971028494,0.7978001832962036,2.45157001534826,1,1,176,111,171,99,0.9657765798122472,0.9704933565195486,0.9675324480027754,0.9744840492330096,0.000401845556204,0.0002100115740848,0.8699822506761763,0.9018844036934178,/kaggle/input/datasets/hintrngia/locked-densenet-xai-inputs/D-P/DenseNet121/seed_2024/best_checkpoint.pt,E02_XAI_D_P_DenseNet121,D,P
E02_XAI_D_P_DenseNet121,D-P,DenseNet121,2024,70,pneumonia,E-1777E855F7110F5A72B38BC0.jpeg,1,0.997664455204695,0.52392578125,1,1,0.7511406635685929,0.7511406540870667,0.3238525390625,2.319390997344106,0.849185070113406,0.849185049533844,2.622134977146258,1,1,80,111,80,128,0.9959086057199618,0.9936669716370226,0.9951468780148732,0.9928206552047087,0.0003809285974021,0.0009125689177271,-0.2922313752859611,-0.0597334226007133,/kaggle/input/datasets/hintrngia/locked-densenet-xai-inputs/D-P/DenseNet121/seed_2024/best_checkpoint.pt,E02_XAI_D_P_DenseNet121,D,P
E02_XAI_D_P_DenseNet121,D-P,DenseNet121,2024,71,pneumonia,E-198E88DB173F06A1227B639B.jpeg,1,0.997012937972898,0.52392578125,1,1,0.7181547533124243,0.7181547284126282,0.256744384765625,2.797158558961312,0.7572573621341737,0.757257342338562,2.94946026891865,1,1,80,111,173,57,0.9921425610986414,0.9902405110771456,0.9916385369556237,0.985426640688828,0.0004033879664676,0.0015199765478168,0.617851444050788,0.5892590760901748,/kaggle/input/datasets/hintrngia/locked-densenet-xai-inputs/D-P/DenseNet121/seed_2024/best_checkpoint.pt,E02_XAI_D_P_DenseNet121,D,P
E02_XAI_D_P_DenseNet121,D-P,DenseNet121,2024,72,pneumonia,E-1A06E979246F3D9634B22BF8.jpeg,1,0.9987009245895488,0.52392578125,1,1,0.7637401002191869,0.7637401223182678,0.303802490234375,2.513936273629565,0.7972472138265484,0.7972472310066223,2.6242286994141977,1,1,79,112,83,110,0.9926645257864336,0.9953377143481782,0.9925150141560852,0.9956068682235384,0.0001102751409413,0.0010762799303514,0.9856944894673032,0.9877250778249328,/kaggle/input/datasets/hintrngia/locked-densenet-xai-inputs/D-P/DenseNet121/seed_2024/best_checkpoint.pt,E02_XAI_D_P_DenseNet121,D,P
E02_XAI_D_P_DenseNet121,D-P,DenseNet121,2024,73,pneumonia,E-220D81ED5B8FE3B14418B9F7.jpeg,1,0.9835663894863168,0.52392578125,1,1,0.7263043142398361,0.726304292678833,0.2836456298828125,2.5606046338168755,0.8529470646703631,0.8529470562934875,3.007086924000049,1,1,175,112,187,133,0.9689043640097794,0.9723648069277676,0.9758141608338836,0.9789869306766662,0.0004121492115124,0.0014685982771228,0.5807067561869457,0.7651627381917285,/kaggle/input/datasets/hintrngia/locked-densenet-xai-inputs/D-P/DenseNet121/seed_2024/best_checkpoint.pt,E02_XAI_D_P_DenseNet121,D,P
E02_XAI_D_P_DenseNet121,D-P,DenseNet121,2024,74,pneumonia,E-227257A6740CF45FAF02E456.jpeg,1,0.9464329793675088,0.52392578125,1,1,0.8731451340818227,0.8731451630592346,0.381500244140625,2.288714483128803,0.9281115534378844,0.9281115531921388,2.4327941271140383,1,1,176,143,208,180,0.919628655278156,0.9068098459508428,0.9229536125407858,0.9255951331767708,0.0001986718125619,0.0004706432709594,0.5854748041606379,0.8930911003312624,/kaggle/input/datasets/hintrngia/locked-densenet-xai-inputs/D-P/DenseNet121/seed_2024/best_checkpoint.pt,E02_XAI_D_P_DenseNet121,D,P
E02_XAI_D_P_DenseNet121,D-P,DenseNet121,2024,75,pneumonia,E-2C0709EBA6450DCFB3BBB340.jpeg,1,0.9944019982492368,0.52392578125,1,1,0.8269038651044065,0.8269038796424866,0.3762359619140625,2.197833138803682,0.9120495866921,0.9120495915412904,2.424142503688748,1,1,175,112,176,116,0.9874879898285368,0.985705668915556,0.9882151611382431,0.988537777496425,0.0002609152151318,0.0016042451594112,0.963027092388371,0.9891662627592172,/kaggle/input/datasets/hintrngia/locked-densenet-xai-inputs/D-P/DenseNet121/seed_2024/best_checkpoint.pt,E02_XAI_D_P_DenseNet121,D,P
E02_XAI_D_P_DenseNet121,D-P,DenseNet121,2024,76,pneumonia,E-30421FA65AB177DCD15E84C4.jpeg,1,0.9997752748687648,0.52392578125,1,1,0.8234199316897429,0.8234199285507202,0.41265869140625,1.9954018874138069,0.7881307137444198,0.7881307005882263,1.909885166985442,1,1,48,144,49,124,0.9956810300637484,0.9979586709068262,0.9958724709577512,0.9983569504306612,0.0002278283583901,0.0014250797708086,0.9221259565927103,0.9131601413117902,/kaggle/input/datasets/hintrngia/locked-densenet-xai-inputs/D-P/DenseNet121/seed_2024/best_checkpoint.pt,E02_XAI_D_P_DenseNet121,D,P
E02_XAI_D_P_DenseNet121,D-P,DenseNet121,2024,77,pneumonia,E-386D019ED9E9E8244987AC20.jpeg,1,0.9965669147916366,0.52392578125,1,1,0.8050309740496133,0.8050310015678406,0.3555145263671875,2.2644109152888734,0.8681854622744922,0.8681854605674744,2.4420534124048725,1,1,176,143,213,119,0.9878344664171156,0.9887950685800522,0.99158481229139,0.9898811986059446,0.0011321126371953,0.0007084402390796,-0.1556506818387588,-0.0410804827128826,/kaggle/input/datasets/hintrngia/locked-densenet-xai-inputs/D-P/DenseNet121/seed_2024/best_checkpoint.pt,E02_XAI_D_P_DenseNet121,D,P
E02_XAI_D_P_DenseNet121,D-P,DenseNet121,2024,78,pneumonia,E-3AC987E53985CBAF71C33ABC.jpeg,1,0.9910737376679928,0.52392578125,1,1,0.8317045904231594,0.8317046165466309,0.4218597412109375,1.9715192258824528,0.8873428723015531,0.8873428702354431,2.1034073309637424,1,1,175,112,183,121,0.9576245390926308,0.9745343660168592,0.9602574209027306,0.9763041739732612,0.0001797363445172,0.0006948926276897,0.801528357705183,0.906941153527837,/kaggle/input/datasets/hintrngia/locked-densenet-xai-inputs/D-P/DenseNet121/seed_2024/best_checkpoint.pt,E02_XAI_D_P_DenseNet121,D,P
E02_XAI_D_P_DenseNet121,D-P,DenseNet121,2024,79,pneumonia,E-3EB4BE73D28C1518A6A12685.jpeg,1,0.984786659532678,0.52392578125,1,1,0.8517991327605512,0.8517991304397583,0.40576171875,2.099259475202899,0.8868512489650989,0.8868512511253357,2.185645436679329,1,1,176,144,81,127,0.963331200800807,0.9631864514316104,0.9593080823490696,0.9663609927320338,0.0002806225051408,0.0002384274727513,0.7904665343295398,0.9031215678255248,/kaggle/input/datasets/hintrngia/locked-densenet-xai-inputs/D-P/DenseNet121/seed_2024/best_checkpoint.pt,E02_XAI_D_P_DenseNet121,D,P
E02_XAI_D_P_DenseNet121,D-P,DenseNet121,2024,80,pneumonia,E-401B5DEDAD367F085127D1DA.jpeg,1,0.9743760630253896,0.52392578125,1,1,0.8430122983854691,0.843012273311615,0.364349365234375,2.313747130705675,0.8645202749810492,0.864520251750946,2.372778320678367,1,1,176,143,62,124,0.9474389440014824,0.9651307220511663,0.9508417464248742,0.9755355224094616,0.0001217178067585,0.0005134932562995,0.6002668350471828,0.4727374779895658,/kaggle/input/datasets/hintrngia/locked-densenet-xai-inputs/D-P/DenseNet121/seed_2024/best_checkpoint.pt,E02_XAI_D_P_DenseNet121,D,P
E02_XAI_D_P_DenseNet121,D-P,DenseNet121,2024,81,pneumonia,E-4329094918EDAAADE18246AB.jpeg,1,0.9998352089771172,0.52392578125,1,1,0.8441738312851911,0.8441738486289978,0.4228057861328125,1.9965995238769452,0.8590350979715236,0.859035074710846,2.031748680236088,1,1,176,143,51,143,0.9958771382817032,0.9972252790911208,0.9967496050858724,0.9977011069918174,0.0008207359680181,0.0012425360603213,0.6552343825758309,0.882836397597622,/kaggle/input/datasets/hintrngia/locked-densenet-xai-inputs/D-P/DenseNet121/seed_2024/best_checkpoint.pt,E02_XAI_D_P_DenseNet121,D,P
E02_XAI_D_P_DenseNet121,D-P,DenseNet121,2024,82,pneumonia,E-443A80FA1DE791815F946FF9.jpeg,1,0.9666290842536542,0.52392578125,1,1,0.7633815705709651,0.7633815407752991,0.309112548828125,2.4695910064635584,0.8145408495418516,0.8145408630371094,2.63509473371383,1,1,80,111,82,130,0.9661429599941032,0.9748233151835584,0.9725231174239106,0.9726373503692888,0.0002354850228272,0.0003191342105367,0.5329558959208451,0.7183209153834352,/kaggle/input/datasets/hintrngia/locked-densenet-xai-inputs/D-P/DenseNet121/seed_2024/best_checkpoint.pt,E02_XAI_D_P_DenseNet121,D,P
E02_XAI_D_P_DenseNet121,D-P,DenseNet121,2024,83,pneumonia,E-4B97630FB65DE326125E1DE1.jpeg,1,0.9972276466093049,0.52392578125,1,1,0.7871442813320009,0.7871443033218384,0.3383941650390625,2.326116590222934,0.8694461561573342,0.8694461584091187,2.5693296338516056,1,1,144,112,50,150,0.9911106786637404,0.991849367112322,0.9923539131297826,0.9909360832366132,5.210978588643389e-05,0.0008632760407977,0.3889645601615907,0.5281854883787082,/kaggle/input/datasets/hintrngia/locked-densenet-xai-inputs/D-P/DenseNet121/seed_2024/best_checkpoint.pt,E02_XAI_D_P_DenseNet121,D,P
E02_XAI_D_P_DenseNet121,D-P,DenseNet121,2024,84,pneumonia,E-55F059ED3BB72FAD418A344C.jpeg,1,0.9707823489492456,0.52392578125,1,1,0.7917824463020353,0.7917824387550354,0.3324737548828125,2.3814885676648854,0.8536316030400091,0.8536316156387329,2.567515752757356,1,1,176,144,208,214,0.922335558491974,0.9260905512344824,0.922408359196746,0.9437757351152096,0.0001112698561177,0.000318354492374,0.6307478072930953,0.650177463613308,/kaggle/input/datasets/hintrngia/locked-densenet-xai-inputs/D-P/DenseNet121/seed_2024/best_checkpoint.pt,E02_XAI_D_P_DenseNet121,D,P
E02_XAI_D_P_DenseNet121,D-P,DenseNet121,2024,85,pneumonia,E-6060B7AB38566FD26078DE5E.jpeg,1,0.984510719961882,0.52392578125,1,1,0.7670341472323544,0.7670341730117798,0.271087646484375,2.829469203704806,0.8259628902258773,0.8259629011154175,3.0468481354183887,1,1,80,111,80,85,0.9694767547301826,0.9842129253131298,0.9748502738365338,0.985591629321562,0.0007876641420218,0.0015286973990675,0.7078303352421051,0.7567464734932307,/kaggle/input/datasets/hintrngia/locked-densenet-xai-inputs/D-P/DenseNet121/seed_2024/best_checkpoint.pt,E02_XAI_D_P_DenseNet121,D,P
E02_XAI_D_P_DenseNet121,D-P,DenseNet121,2024,86,pneumonia,E-638A63581494A3F6A20C2D9C.jpeg,1,0.9747240680782054,0.52392578125,1,1,0.7508552869421418,0.7508552670478821,0.312408447265625,2.403441051335362,0.8238273012707051,0.82382732629776,2.6370199284984337,1,1,79,144,79,138,0.9553604379866064,0.980540760345461,0.9721598994764342,0.9800101338795636,0.0002468769143394,0.0008162140114356,0.97947959038959,0.9859905234796548,/kaggle/input/datasets/hintrngia/locked-densenet-xai-inputs/D-P/DenseNet121/seed_2024/best_checkpoint.pt,E02_XAI_D_P_DenseNet121,D,P
E02_XAI_D_P_DenseNet121,D-P,DenseNet121,2024,87,pneumonia,E-63AE2F3741553AC167D0B283.jpeg,1,0.9996397035864848,0.52392578125,1,1,0.8153307507280108,0.8153307437896729,0.3596954345703125,2.266725324723663,0.8777756142162921,0.8777756094932556,2.440330151159332,1,1,176,143,186,115,0.9915506696298632,0.9966843315823382,0.9919135469869206,0.9977645230082324,9.050038106306336e-05,0.0002703361341291,0.6989634165334835,0.6887459665946575,/kaggle/input/datasets/hintrngia/locked-densenet-xai-inputs/D-P/DenseNet121/seed_2024/best_checkpoint.pt,E02_XAI_D_P_DenseNet121,D,P
E02_XAI_D_P_DenseNet121,D-P,DenseNet121,2024,88,pneumonia,E-63E40A6B7E9FE7A4F927B234.jpeg,1,0.984188102881767,0.52392578125,1,1,0.8238091370407307,0.8238091468811035,0.3593597412109375,2.292435803367217,0.9113051050271878,0.9113051295280457,2.535913182585104,1,1,176,144,65,169,0.9658312323331472,0.961748254375922,0.9586905906305448,0.9688734502201388,0.0002775363167948,3.066767548964844e-05,0.4462087230549753,0.4342376499557445,/kaggle/input/datasets/hintrngia/locked-densenet-xai-inputs/D-P/DenseNet121/seed_2024/best_checkpoint.pt,E02_XAI_D_P_DenseNet121,D,P
E02_XAI_D_P_DenseNet121,D-P,DenseNet121,2024,89,pneumonia,E-6C94FB136A3DC9D9B1FE1032.jpeg,1,0.9800479752797718,0.52392578125,1,1,0.8129073673058265,0.812907338142395,0.3358001708984375,2.4208068897966397,0.8844253422593812,0.8844253420829773,2.633784669891889,1,1,48,112,79,131,0.9496486575098446,0.9715392594740232,0.954809823491202,0.9748674644845816,0.0002628745671227,0.001179347104377,0.6947516943726348,0.7538004180687439,/kaggle/input/datasets/hintrngia/locked-densenet-xai-inputs/D-P/DenseNet121/seed_2024/best_checkpoint.pt,E02_XAI_D_P_DenseNet121,D,P
E02_XAI_D_P_DenseNet121,D-P,DenseNet121,2024,90,pneumonia,E-6EBA6C5A4DF4C84E483A5386.jpeg,1,0.9989230751644036,0.52392578125,1,1,0.7447084710137466,0.7447084784507751,0.3423919677734375,2.1750173517695486,0.783449779238575,0.7834497690200806,2.288166350201847,1,1,80,80,81,39,0.9898295438385124,0.9938321383328064,0.9923283441726448,0.996143773423393,0.0001419083190751,0.0006302579988103,-0.074186751425931,-0.0269787339705753,/kaggle/input/datasets/hintrngia/locked-densenet-xai-inputs/D-P/DenseNet121/seed_2024/best_checkpoint.pt,E02_XAI_D_P_DenseNet121,D,P
E02_XAI_D_P_DenseNet121,D-P,DenseNet121,2024,91,pneumonia,E-73D66A02A1612F6E79C3F7EC.jpeg,1,0.9972559751658993,0.52392578125,1,1,0.8222631247320115,0.8222631216049194,0.3591766357421875,2.2893001462439826,0.8966880274006769,0.8966880440711975,2.496509901173829,1,1,176,143,174,126,0.9907194175937823,0.9953917274110944,0.9919406269687168,0.9946558112306992,4.051097803414727e-05,0.0009854275357462,0.7212852503071873,0.6668969748465982,/kaggle/input/datasets/hintrngia/locked-densenet-xai-inputs/D-P/DenseNet121/seed_2024/best_checkpoint.pt,E02_XAI_D_P_DenseNet121,D,P
E02_XAI_D_P_DenseNet121,D-P,DenseNet121,2024,92,pneumonia,E-7725ED8C0E93C0BF91B23FCE.jpeg,1,0.9963963113575112,0.52392578125,1,1,0.8446353129375993,0.8446353077888489,0.38677978515625,2.183762816343637,0.8845980474219499,0.8845980763435364,2.2870844893421536,1,1,176,112,76,81,0.9870405204329524,0.9939175335162754,0.9913729097970831,0.9947566273167028,9.780469513309686e-05,0.0004653755787936,0.9355462076386928,0.9383820092323852,/kaggle/input/datasets/hintrngia/locked-densenet-xai-inputs/D-P/DenseNet121/seed_2024/best_checkpoint.pt,E02_XAI_D_P_DenseNet121,D,P
E02_XAI_D_P_DenseNet121,D-P,DenseNet121,2024,93,pneumonia,E-77D4D0C371CD4C8665643C00.jpeg,1,0.9918289639416928,0.52392578125,1,1,0.7094772506416003,0.7094772458076477,0.29443359375,2.409634177966828,0.7487908988618506,0.7487909197807312,2.5431571490366003,1,1,79,111,50,135,0.9759830574506684,0.982940516587154,0.9753658501154754,0.9856871159181466,0.0003307285837782,0.0004210570990894,0.9887979037758754,0.981391274204962,/kaggle/input/datasets/hintrngia/locked-densenet-xai-inputs/D-P/DenseNet121/seed_2024/best_checkpoint.pt,E02_XAI_D_P_DenseNet121,D,P
E02_XAI_D_P_DenseNet121,D-P,DenseNet121,2024,94,pneumonia,E-7B805F2D3984459EDD091000.jpeg,1,0.9984989685468744,0.52392578125,1,1,0.7875937351622446,0.7875937223434448,0.3260345458984375,2.415675716178821,0.885767692863105,0.8857676982879639,2.716790916809868,1,1,175,112,75,147,0.9927017627934256,0.9956589583313992,0.993173178347335,0.9956495512042748,0.0005597268371493,0.0013180775718406,0.641805500899698,0.7773829070993513,/kaggle/input/datasets/hintrngia/locked-densenet-xai-inputs/D-P/DenseNet121/seed_2024/best_checkpoint.pt,E02_XAI_D_P_DenseNet121,D,P
E02_XAI_D_P_DenseNet121,D-P,DenseNet121,2024,95,pneumonia,E-8B99D004F7E59741CFAB602B.jpeg,1,0.9996919801264136,0.52392578125,1,1,0.893306307013889,0.893306314945221,0.44635009765625,2.0013579289095524,0.8975177894816573,0.8975178003311157,2.0107933082001197,1,1,176,143,195,122,0.9933231603702936,0.996375767477676,0.9950031197165032,0.9973751031758415,7.322692930822328e-05,6.814573904434518e-05,0.9511151959861568,0.9679199877995198,/kaggle/input/datasets/hintrngia/locked-densenet-xai-inputs/D-P/DenseNet121/seed_2024/best_checkpoint.pt,E02_XAI_D_P_DenseNet121,D,P
E02_XAI_D_P_DenseNet121,D-P,DenseNet121,2024,96,pneumonia,E-8E859FAC3770F43BC30CF790.jpeg,1,0.9982069558419844,0.52392578125,1,1,0.7783651922323398,0.7783651947975159,0.32305908203125,2.4093586452927744,0.7980793459697063,0.7980793714523315,2.4703820148059075,1,1,175,111,179,63,0.9947494110143807,0.9967176704885112,0.9965459100712156,0.9967965780465196,0.0002355639107047,0.0014741641046731,0.7500104604922048,0.7346324427395345,/kaggle/input/datasets/hintrngia/locked-densenet-xai-inputs/D-P/DenseNet121/seed_2024/best_checkpoint.pt,E02_XAI_D_P_DenseNet121,D,P
E02_XAI_D_P_DenseNet121,D-P,DenseNet121,2024,97,pneumonia,E-9A9C78D1B9953A6FD2BA65F6.jpeg,1,0.9997969396703652,0.52392578125,1,1,0.8380915257202498,0.8380915522575378,0.39300537109375,2.13251926656322,0.871284786605262,0.8712847828865051,2.216979335881444,1,1,176,112,199,99,0.992879404902873,0.9969217037516892,0.9953633815460138,0.998638161624096,0.0002576685385479,0.0001365447393992,0.6935919499325299,0.6712399847242987,/kaggle/input/datasets/hintrngia/locked-densenet-xai-inputs/D-P/DenseNet121/seed_2024/best_checkpoint.pt,E02_XAI_D_P_DenseNet121,D,P
E02_XAI_D_P_DenseNet121,D-P,DenseNet121,2024,98,pneumonia,E-9B56CC62692974C989F872CC.jpeg,1,0.997979711681416,0.52392578125,1,1,0.818830848236123,0.8188308477401733,0.37744140625,2.16942506751304,0.890701850909517,0.8907018303871155,2.3598413850746325,1,1,176,112,177,60,0.9907880695004976,0.9927597847906418,0.9910903945132192,0.9937665810302528,0.0002758090394012,0.0004898378416313,0.1103185724872958,0.0572551187452303,/kaggle/input/datasets/hintrngia/locked-densenet-xai-inputs/D-P/DenseNet121/seed_2024/best_checkpoint.pt,E02_XAI_D_P_DenseNet121,D,P
E02_XAI_D_P_DenseNet121,D-P,DenseNet121,2024,99,pneumonia,E-9FC76B9714A55204D742CE4C.jpeg,1,0.9984096533069846,0.52392578125,1,1,0.7801750242347298,0.7801750302314758,0.32318115234375,2.4140486491146014,0.7995758271785139,0.7995758056640625,2.4740793866841875,1,1,80,112,82,105,0.991649036036986,0.9941340502304608,0.9926181987013636,0.9950271040367252,0.0001147311796214,0.0008901591208775,0.6519366415203671,0.7819677727747206,/kaggle/input/datasets/hintrngia/locked-densenet-xai-inputs/D-P/DenseNet121/seed_2024/best_checkpoint.pt,E02_XAI_D_P_DenseNet121,D,P
E02_XAI_D_P_DenseNet121,D-P,DenseNet121,2024,100,pneumonia,E-A0A20FFCEFD96663F4AB4E87.jpeg,1,0.9929559767077218,0.52392578125,1,1,0.8015804586264635,0.8015804290771484,0.3404388427734375,2.354550532766076,0.8767175044780376,0.8767175078392029,2.575256975190385,1,1,176,175,203,202,0.960056832181918,0.9761661288724424,0.9634019258041312,0.980899071959424,0.0004719641822222,0.0004164046733523,-0.0573089520787085,0.0968465051236418,/kaggle/input/datasets/hintrngia/locked-densenet-xai-inputs/D-P/DenseNet121/seed_2024/best_checkpoint.pt,E02_XAI_D_P_DenseNet121,D,P
E02_XAI_D_P_DenseNet121,D-P,DenseNet121,2024,101,pneumonia,E-A0D5A9410E976B289DD85CF6.jpeg,1,0.9919819894533394,0.52392578125,1,1,0.7584780678570057,0.758478045463562,0.2681732177734375,2.828314005978761,0.8678557959648183,0.8678557872772217,3.236176241499308,1,1,175,175,178,154,0.9626326642627956,0.9721872718352846,0.967571906174034,0.9825895696087704,0.0006137503130824,0.0011179093643679,-0.1215600378191632,-0.0552838462040783,/kaggle/input/datasets/hintrngia/locked-densenet-xai-inputs/D-P/DenseNet121/seed_2024/best_checkpoint.pt,E02_XAI_D_P_DenseNet121,D,P
E02_XAI_D_P_DenseNet121,D-P,DenseNet121,2024,102,pneumonia,E-A540763BCA2A1AF575A9EE6B.jpeg,1,0.9850318794924184,0.52392578125,1,1,0.857508024754186,0.8575080037117004,0.3713226318359375,2.30933412411302,0.9225643162304992,0.9225643277168274,2.4845356494136834,1,1,176,144,203,171,0.9271197978159018,0.9535337127207688,0.9334117206654836,0.9637776449425868,0.0002225518182717,0.0002248127817181,0.5881567904306614,0.6537080099974568,/kaggle/input/datasets/hintrngia/locked-densenet-xai-inputs/D-P/DenseNet121/seed_2024/best_checkpoint.pt,E02_XAI_D_P_DenseNet121,D,P
E02_XAI_D_P_DenseNet121,D-P,DenseNet121,2024,103,pneumonia,E-A9AC7ECA864D894719491A2C.jpeg,1,0.9941908871048664,0.52392578125,1,1,0.8168478897115121,0.8168478608131409,0.3572845458984375,2.286267063853669,0.9094849327960104,0.9094849228858948,2.545547920380924,1,1,80,80,85,86,0.9820898694059368,0.9875248861773576,0.9818799181458872,0.988950123809335,0.0004578197540198,0.0001590101125422,0.8980782788983205,0.937505658066276,/kaggle/input/datasets/hintrngia/locked-densenet-xai-inputs/D-P/DenseNet121/seed_2024/best_checkpoint.pt,E02_XAI_D_P_DenseNet121,D,P
E02_XAI_D_P_DenseNet121,D-P,DenseNet121,2024,104,pneumonia,E-B15903E1E2039605DB9FB6A1.jpeg,1,0.9935662973339072,0.52392578125,1,1,0.7350159270241818,0.7350159287452698,0.2703704833984375,2.7185509223690265,0.7814479301025028,0.7814479470252991,2.8902856564816086,1,1,80,80,67,106,0.978551368299526,0.9796231459462628,0.9777378960327556,0.983765722934982,8.189516514844897e-05,0.0012306717454669,0.9836745465592304,0.943954881304222,/kaggle/input/datasets/hintrngia/locked-densenet-xai-inputs/D-P/DenseNet121/seed_2024/best_checkpoint.pt,E02_XAI_D_P_DenseNet121,D,P
E02_XAI_D_P_DenseNet121,D-P,DenseNet121,2024,105,pneumonia,E-B29F964F9024332A9FD3DA8C.jpeg,1,0.9934708137819362,0.52392578125,1,1,0.8927228963386372,0.8927229046821594,0.444091796875,2.010221541178152,0.9351231423475888,0.9351231455802916,2.105697851047677,1,1,48,144,75,132,0.9701633743389372,0.9932359876983492,0.9780009762530926,0.9930902423313412,0.000170252122472,0.0002621030061766,0.6066637392867037,0.7684578203085004,/kaggle/input/datasets/hintrngia/locked-densenet-xai-inputs/D-P/DenseNet121/seed_2024/best_checkpoint.pt,E02_XAI_D_P_DenseNet121,D,P
E02_XAI_D_P_DenseNet121,D-P,DenseNet121,2024,106,pneumonia,E-B352C843937DC9BD58C4B554.jpeg,1,0.9584716136838816,0.52392578125,1,1,0.8099898476333274,0.809989869594574,0.322052001953125,2.51509024232435,0.8927109830990991,0.8927109837532043,2.771946697071096,1,1,48,143,75,127,0.9404392810470684,0.9478054833775258,0.9360199752226102,0.9510733511955184,0.00071673946816,0.0012060452113713,0.6615345427040952,0.8208852743938078,/kaggle/input/datasets/hintrngia/locked-densenet-xai-inputs/D-P/DenseNet121/seed_2024/best_checkpoint.pt,E02_XAI_D_P_DenseNet121,D,P
E02_XAI_D_P_DenseNet121,D-P,DenseNet121,2024,107,pneumonia,E-B41848B096ED1788DCCEEDA2.jpeg,1,0.9963711528059068,0.52392578125,1,1,0.737830299090851,0.7378302812576294,0.2685089111328125,2.747880120544298,0.7883108355077342,0.7883108258247375,2.935883327603277,1,1,175,143,58,107,0.9864073741224652,0.9882884947226148,0.9884835149030586,0.992430306359964,0.0005494796185521,0.0007337788378217,-0.0611820022734419,0.0009217392384099,/kaggle/input/datasets/hintrngia/locked-densenet-xai-inputs/D-P/DenseNet121/seed_2024/best_checkpoint.pt,E02_XAI_D_P_DenseNet121,D,P
E02_XAI_D_P_DenseNet121,D-P,DenseNet121,2024,108,pneumonia,E-B813D1454C73F6C74F660590.jpeg,1,0.9662878341999904,0.52392578125,1,1,0.745491304683632,0.7454913258552551,0.2771453857421875,2.689892536681523,0.8292011475824305,0.8292011618614197,2.991935605789912,1,1,176,112,177,117,0.9619305983248856,0.9441317055975674,0.9464370628901964,0.9528167832310456,0.0002675754877454,0.0001956098572453,0.7464276370024326,0.8211560462458238,/kaggle/input/datasets/hintrngia/locked-densenet-xai-inputs/D-P/DenseNet121/seed_2024/best_checkpoint.pt,E02_XAI_D_P_DenseNet121,D,P
E02_XAI_D_P_DenseNet121,D-P,DenseNet121,2024,109,pneumonia,E-BF1AD901130E35A45E611B5A.jpeg,1,0.9978099652921216,0.52392578125,1,1,0.7602533835737051,0.760253369808197,0.2906494140625,2.615705887541282,0.7821335683109328,0.7821335792541504,2.690986220748913,1,1,80,144,81,142,0.9880949831137652,0.9832014961106992,0.9878444476879656,0.9884379493320748,0.0003337412076688,0.00058777957863,0.7678027677932703,0.8800849236171089,/kaggle/input/datasets/hintrngia/locked-densenet-xai-inputs/D-P/DenseNet121/seed_2024/best_checkpoint.pt,E02_XAI_D_P_DenseNet121,D,P
E02_XAI_D_P_DenseNet121,D-P,DenseNet121,2024,110,pneumonia,E-BFFC08BEA9A0FA7A1279A0B5.jpeg,1,0.9953949807542828,0.52392578125,1,1,0.8403784360043245,0.84037846326828,0.364898681640625,2.3030459639533083,0.9117376537266018,0.9117376804351808,2.498604954195307,1,1,48,144,196,134,0.9692436715028464,0.979204347667772,0.9729633668247616,0.9869054074962732,0.0001552801517066,0.0004409332585029,0.9794134320068116,0.9780353303544408,/kaggle/input/datasets/hintrngia/locked-densenet-xai-inputs/D-P/DenseNet121/seed_2024/best_checkpoint.pt,E02_XAI_D_P_DenseNet121,D,P
E02_XAI_D_P_DenseNet121,D-P,DenseNet121,2024,111,pneumonia,E-C378B1871ED2B8AC1E544A5B.jpeg,1,0.9943291456368256,0.52392578125,1,1,0.7341918936493028,0.73419189453125,0.2780303955078125,2.640689311355069,0.834415825948448,0.834415853023529,3.0011676400503533,1,1,175,112,174,111,0.9893735464065704,0.9910018129247204,0.9919862421436474,0.9924531316507036,0.0005176120515935,8.016821856249301e-06,-0.0227758844872573,0.0101916756331266,/kaggle/input/datasets/hintrngia/locked-densenet-xai-inputs/D-P/DenseNet121/seed_2024/best_checkpoint.pt,E02_XAI_D_P_DenseNet121,D,P
E02_XAI_D_P_DenseNet121,D-P,DenseNet121,2024,112,pneumonia,E-D2A52B478FEFC3F6A00973AF.jpeg,1,0.9950079081215718,0.52392578125,1,1,0.835126423861731,0.8351263999938965,0.35107421875,2.3787745703321628,0.8933855708809185,0.8933855891227722,2.5447199571128247,1,1,176,143,81,82,0.9839586159349892,0.9917434250285528,0.987721715521531,0.9928355525224372,0.0001465735330865,0.0005269710253634,0.7233620974396145,0.7943000582189411,/kaggle/input/datasets/hintrngia/locked-densenet-xai-inputs/D-P/DenseNet121/seed_2024/best_checkpoint.pt,E02_XAI_D_P_DenseNet121,D,P
E02_XAI_D_P_DenseNet121,D-P,DenseNet121,2024,113,pneumonia,E-D33BB0B839138FAFF4DA3ED6.jpeg,1,0.8933323996788077,0.52392578125,1,1,0.8309893935607406,0.830989420413971,0.3347625732421875,2.4823246682345,0.8814983811048464,0.881498396396637,2.6332046995800726,1,1,176,112,177,117,0.914947013249742,0.8867205224463413,0.9317465890306478,0.8966178254529922,0.0005990647691598,0.0004554970082643,0.9142605165643332,0.9028712494692018,/kaggle/input/datasets/hintrngia/locked-densenet-xai-inputs/D-P/DenseNet121/seed_2024/best_checkpoint.pt,E02_XAI_D_P_DenseNet121,D,P
E02_XAI_D_P_DenseNet121,D-P,DenseNet121,2024,114,pneumonia,E-DA47F22802134421DB0B257A.jpeg,1,0.999138425209608,0.52392578125,1,1,0.8437418445481286,0.8437418341636658,0.39227294921875,2.1509049916098557,0.8877866295771444,0.8877866268157959,2.263185955965759,1,1,80,112,177,61,0.996767883283326,0.9971821418035562,0.9972686085189552,0.9973032216922548,0.0002447321005587,0.0001470202140742,0.9275494119287766,0.985231033810371,/kaggle/input/datasets/hintrngia/locked-densenet-xai-inputs/D-P/DenseNet121/seed_2024/best_checkpoint.pt,E02_XAI_D_P_DenseNet121,D,P
E02_XAI_D_P_DenseNet121,D-P,DenseNet121,2024,115,pneumonia,E-E09BD72833F7B4079F215903.jpeg,1,0.9911723552597492,0.52392578125,1,1,0.784802795537401,0.7848027944564819,0.3171234130859375,2.474755136810812,0.7992570643693856,0.7992570400238037,2.520334454626957,1,1,80,112,75,66,0.9691573252597844,0.989350782222136,0.9760954755310896,0.9881983740876724,0.0006593923134878,0.0007150158086079,0.5070027536506136,0.4189578696783006,/kaggle/input/datasets/hintrngia/locked-densenet-xai-inputs/D-P/DenseNet121/seed_2024/best_checkpoint.pt,E02_XAI_D_P_DenseNet121,D,P
E02_XAI_D_P_DenseNet121,D-P,DenseNet121,2024,116,pneumonia,E-E0D541D212A934D795DA0D1B.jpeg,1,0.976571662112168,0.52392578125,1,1,0.7569465232938996,0.7569465041160583,0.306488037109375,2.469742474887434,0.8031807448766912,0.8031807541847229,2.620594110138347,1,1,48,143,54,110,0.9592198369747532,0.9766646176990436,0.9723548311963326,0.9778955912767084,2.5542343620177377e-05,0.0004677230480608,0.9438883811696656,0.973462302409846,/kaggle/input/datasets/hintrngia/locked-densenet-xai-inputs/D-P/DenseNet121/seed_2024/best_checkpoint.pt,E02_XAI_D_P_DenseNet121,D,P
E02_XAI_D_P_DenseNet121,D-P,DenseNet121,2024,117,pneumonia,E-E1AD2A3BA30BC31AC67A922E.jpeg,1,0.9977548323041168,0.52392578125,1,1,0.7612208403239176,0.7612208127975464,0.3279571533203125,2.3210984502614,0.780687716279104,0.780687689781189,2.38045643577292,1,0,80,112,77,54,0.973318295952336,0.9825375568793,0.9779750592647918,0.9895059480433062,0.0005145985699018,0.0017811878524788,0.9741737159661914,0.9587742107479575,/kaggle/input/datasets/hintrngia/locked-densenet-xai-inputs/D-P/DenseNet121/seed_2024/best_checkpoint.pt,E02_XAI_D_P_DenseNet121,D,P
E02_XAI_D_P_DenseNet121,D-P,DenseNet121,2024,118,pneumonia,E-E280E4CD8F00E10AB30B96C9.jpeg,1,0.9977074681106604,0.52392578125,1,1,0.8057453702182968,0.8057453632354736,0.3293609619140625,2.446390020042914,0.8836872001691852,0.8836871981620789,2.683035642820835,1,1,80,111,178,95,0.9909064023727312,0.9938395284185996,0.9905246929188498,0.9945902889674424,0.0003274305115203,0.0011880920655007,0.203017802617191,0.696021909419681,/kaggle/input/datasets/hintrngia/locked-densenet-xai-inputs/D-P/DenseNet121/seed_2024/best_checkpoint.pt,E02_XAI_D_P_DenseNet121,D,P
E02_XAI_D_P_DenseNet121,D-P,DenseNet121,2024,119,pneumonia,E-E2EF7E089A1E8F497DBAC1CB.jpeg,1,0.9959317927887164,0.52392578125,1,1,0.8105087150769744,0.8105087280273438,0.3351898193359375,2.418058867905704,0.8833197066340752,0.8833197355270386,2.6352820273123663,1,1,80,80,78,64,0.9749249547772634,0.9877876943483824,0.97917887292499,0.9910168797344646,0.0003831486947917,0.0001223997848649,0.9589181091290314,0.97839132376495,/kaggle/input/datasets/hintrngia/locked-densenet-xai-inputs/D-P/DenseNet121/seed_2024/best_checkpoint.pt,E02_XAI_D_P_DenseNet121,D,P
E02_XAI_D_P_DenseNet121,D-P,DenseNet121,2024,120,pneumonia,E-E7BF66D9C027E263610D5923.jpeg,1,0.936227207691522,0.52392578125,1,1,0.8597060755710971,0.8597061038017273,0.3877410888671875,2.217216849735446,0.900287217478152,0.9002872109413147,2.321877261211608,1,1,176,143,84,134,0.95703648983246,0.9405940019023772,0.9666711621952264,0.9398217984746098,5.300669617902543e-06,0.0001796592713161,0.6155749442024581,0.6341441792352392,/kaggle/input/datasets/hintrngia/locked-densenet-xai-inputs/D-P/DenseNet121/seed_2024/best_checkpoint.pt,E02_XAI_D_P_DenseNet121,D,P
E02_XAI_D_P_DenseNet121,D-P,DenseNet121,2024,121,pneumonia,E-EB1401E2B7015C0BDE01BE91.jpeg,1,0.9860689729760664,0.52392578125,1,1,0.7777825915164721,0.7777826189994812,0.329986572265625,2.357012851087742,0.8668410953786427,0.8668410778045654,2.626898086873889,1,1,175,112,51,186,0.9583504929128536,0.9787691367213932,0.9665953846929412,0.9788387069816612,0.0001440727091035,9.367300582752149e-05,0.9002129500666477,0.9619839779630248,/kaggle/input/datasets/hintrngia/locked-densenet-xai-inputs/D-P/DenseNet121/seed_2024/best_checkpoint.pt,E02_XAI_D_P_DenseNet121,D,P
E02_XAI_D_P_DenseNet121,D-P,DenseNet121,2024,122,pneumonia,E-EB344A640162B22F1A6C369F.jpeg,1,0.9745968214445492,0.52392578125,1,1,0.7624320075730278,0.7624319791793823,0.2807464599609375,2.7157315097725934,0.8559441490127476,0.8559441566467285,3.0488154654980937,1,1,48,143,79,129,0.9531837366144164,0.96212638016931,0.9447074502853464,0.9699889011304792,0.0003398498805713,0.0008115694919748,0.3545981249976341,0.5059876233991436,/kaggle/input/datasets/hintrngia/locked-densenet-xai-inputs/D-P/DenseNet121/seed_2024/best_checkpoint.pt,E02_XAI_D_P_DenseNet121,D,P
E02_XAI_D_P_DenseNet121,D-P,DenseNet121,2024,123,pneumonia,E-EC00E01864643AB223676743.jpeg,1,0.9822895678643964,0.52392578125,1,1,0.7814801431028021,0.7814801335334778,0.3099517822265625,2.5212958528225884,0.8416763693857723,0.8416763544082642,2.7155074358325195,1,1,79,111,71,123,0.9615645035049588,0.9838807920919614,0.9670277493761336,0.9832003580551384,0.0001911604125975,3.43494750384421e-05,0.9562231197740668,0.9822205102035414,/kaggle/input/datasets/hintrngia/locked-densenet-xai-inputs/D-P/DenseNet121/seed_2024/best_checkpoint.pt,E02_XAI_D_P_DenseNet121,D,P
E02_XAI_D_P_DenseNet121,D-P,DenseNet121,2024,124,pneumonia,E-EF92BEF2BC79AC7D99E44B1F.jpeg,1,0.9790527230493468,0.52392578125,1,1,0.7933194279867263,0.7933194041252136,0.343048095703125,2.312560360845925,0.8251517328817879,0.8251517415046692,2.405352903039803,1,1,48,144,59,129,0.9649755561555472,0.9622169562311405,0.9660700658057886,0.9675128597688172,0.0001700174586044,0.0006177915832112,0.123726633436011,0.0352277755731363,/kaggle/input/datasets/hintrngia/locked-densenet-xai-inputs/D-P/DenseNet121/seed_2024/best_checkpoint.pt,E02_XAI_D_P_DenseNet121,D,P
E02_XAI_D_P_DenseNet121,D-P,DenseNet121,2024,125,pneumonia,E-F051ECCC0E91B0C03A0B3894.jpeg,1,0.9987746642506524,0.52392578125,1,1,0.8981147969423866,0.898114800453186,0.5049896240234375,1.7784816840131816,0.8882641659101009,0.8882641792297363,1.7589750831571045,1,1,48,112,68,99,0.9950474686623008,0.9967602688523812,0.9952670251274722,0.9969971973168466,8.759171294958623e-05,0.0011061846565264,0.8413570830321501,0.9495646510085216,/kaggle/input/datasets/hintrngia/locked-densenet-xai-inputs/D-P/DenseNet121/seed_2024/best_checkpoint.pt,E02_XAI_D_P_DenseNet121,D,P
E02_XAI_D_P_DenseNet121,D-P,DenseNet121,2024,126,pneumonia,E-FA7B18636100FBD243EBAF3A.jpeg,1,0.9940576550031832,0.52392578125,1,1,0.7363775189714072,0.7363775372505188,0.2697601318359375,2.7297492552355984,0.7929612267147825,0.7929612398147583,2.93950489020759,1,1,176,143,183,98,0.9920234280271678,0.9861023502704028,0.9928314172533664,0.9905787610157832,0.00043274055937,0.0005657481405176,0.6980135820441394,0.7036887128174402,/kaggle/input/datasets/hintrngia/locked-densenet-xai-inputs/D-P/DenseNet121/seed_2024/best_checkpoint.pt,E02_XAI_D_P_DenseNet121,D,P
E02_XAI_D_P_DenseNet121,D-P,DenseNet121,2024,127,pneumonia,E-FDAF56855798F8C5BE7AC652.jpeg,1,0.9994205688990836,0.52392578125,1,1,0.7983207652991737,0.7983207702636719,0.37738037109375,2.1154273683748444,0.8656040036939937,0.8656039834022522,2.293717612246869,1,1,144,79,178,112,0.989709471223846,0.994857108186415,0.9920304249793688,0.9961048654712704,3.0483104578316045e-05,0.0002525959558987,0.5989683518038654,0.5484922262737035,/kaggle/input/datasets/hintrngia/locked-densenet-xai-inputs/D-P/DenseNet121/seed_2024/best_checkpoint.pt,E02_XAI_D_P_DenseNet121,D,P
E03_XAI_R_C0_ResNet50,R-C0,ResNet50,3407,0,normal,E-03B36F677CCFA6787A3BC686.jpeg,0,0.7452006652158455,0.712890625,1,0,0.3798860904827328,0.3798860907554626,0.3590850830078125,1.057927796110839,0.3439814998490719,0.3439815044403076,0.9579387062469203,0,0,144,143,7,136,0.7474529704326744,0.9219029140983244,0.8469425381313846,0.9500271345108184,0.0012759664236747,0.0018467229410561,0.7519673768265441,0.7111006253205695,/kaggle/input/datasets/hintrngia/locked-resnet-xai-inputs/R-C0/ResNet50/seed_3407/best_checkpoint.pt,E03_XAI_R_C0_ResNet50,R,C0
E03_XAI_R_C0_ResNet50,R-C0,ResNet50,3407,1,normal,E-06530ECE35CCF9FF05F7DDEB.jpeg,0,0.0283088208103596,0.712890625,0,1,0.300494936128097,0.3004949390888214,0.2779541015625,1.0810955277827716,0.4124722735864141,0.4124722778797149,1.4839582192445782,0,1,176,207,194,194,0.6600576230482642,0.7909239736888417,0.5845410790231114,0.8871039038571157,0.0012462958321143,0.0041924057214112,-0.0613682263508627,0.0785676937968273,/kaggle/input/datasets/hintrngia/locked-resnet-xai-inputs/R-C0/ResNet50/seed_3407/best_checkpoint.pt,E03_XAI_R_C0_ResNet50,R,C0
E03_XAI_R_C0_ResNet50,R-C0,ResNet50,3407,2,normal,E-10FEC5D206E4A3A02E4F32C9.jpeg,0,0.6173717591505328,0.712890625,0,1,0.1150020837824538,0.1150020807981491,0.2476806640625,0.4643159538422186,0.0565228099823854,0.0565228089690208,0.2282084077751117,0,0,144,0,139,1,0.1569277307152514,0.2187043638193221,0.143692600606616,0.2098748794214683,0.0006864722104727,0.0016819832344027,0.1426077416140187,0.1647815270264669,/kaggle/input/datasets/hintrngia/locked-resnet-xai-inputs/R-C0/ResNet50/seed_3407/best_checkpoint.pt,E03_XAI_R_C0_ResNet50,R,C0
E03_XAI_R_C0_ResNet50,R-C0,ResNet50,3407,3,normal,E-16E04AC17A9CE052EFE7227B.jpeg,0,0.0655647591884904,0.712890625,0,1,0.3712415642023921,0.3712415695190429,0.3753509521484375,0.9890518781888684,0.1681768180626707,0.1681768149137497,0.4480521951524529,0,0,111,0,95,1,0.5095114754592236,0.7542452497977326,0.496990932182515,0.7824431477816136,0.0010808919166635,0.0024954641537363,0.4661978416699886,0.6651842432496314,/kaggle/input/datasets/hintrngia/locked-resnet-xai-inputs/R-C0/ResNet50/seed_3407/best_checkpoint.pt,E03_XAI_R_C0_ResNet50,R,C0
E03_XAI_R_C0_ResNet50,R-C0,ResNet50,3407,4,normal,E-256958BC036CED77CAAB2A55.jpeg,0,0.2708424674419073,0.712890625,0,1,0.2391058717722404,0.2391058653593063,0.3496246337890625,0.6838930918022759,0.1437146088262922,0.1437146067619323,0.4110540131820316,0,0,176,240,68,2,0.4007117680395368,0.4647630731075128,0.3840172995421503,0.5303807739711942,0.0033122402369151,0.0069410066499113,0.0722377880087925,0.7624992140278961,/kaggle/input/datasets/hintrngia/locked-resnet-xai-inputs/R-C0/ResNet50/seed_3407/best_checkpoint.pt,E03_XAI_R_C0_ResNet50,R,C0
E03_XAI_R_C0_ResNet50,R-C0,ResNet50,3407,5,normal,E-280031A047E47DC7EA750C62.jpeg,0,0.2529960124886604,0.712890625,0,1,0.5036097178885689,0.5036097168922424,0.3791046142578125,1.328418855767569,0.5319384707720433,0.5319384932518005,1.4031442793526516,1,0,80,143,159,1,0.2464637984842436,0.4825408275060099,0.2771010041072549,0.5099430257477099,0.0011762443728037,0.0048331447783488,0.8751186194880247,0.7173774453946528,/kaggle/input/datasets/hintrngia/locked-resnet-xai-inputs/R-C0/ResNet50/seed_3407/best_checkpoint.pt,E03_XAI_R_C0_ResNet50,R,C0
E03_XAI_R_C0_ResNet50,R-C0,ResNet50,3407,6,normal,E-28020DB22FEE86C7B17E72DA.jpeg,0,0.3994554665684966,0.712890625,0,1,0.2841741857868304,0.2841741740703583,0.3710174560546875,0.7659321176115863,0.1354175370953339,0.1354175359010696,0.364989665271635,0,0,80,0,69,33,0.211806873965128,0.3773312311360408,0.2003736904458136,0.3948352801176966,0.0008970203046549,0.0017053095684045,-0.2759841700189951,-0.043173533836724,/kaggle/input/datasets/hintrngia/locked-resnet-xai-inputs/R-C0/ResNet50/seed_3407/best_checkpoint.pt,E03_XAI_R_C0_ResNet50,R,C0
E03_XAI_R_C0_ResNet50,R-C0,ResNet50,3407,7,normal,E-28234EA54B2F1B13D8D5995E.jpeg,0,0.381836790065694,0.712890625,0,1,0.3024246667472953,0.302424669265747,0.3462677001953125,0.8733839932997287,0.4411464861439664,0.4411464929580688,1.2740041473551749,0,1,176,208,189,195,0.3681554994362914,0.3968004912742495,0.3093613507384656,0.4325850749281336,0.0014707119150368,0.0043825276202782,-0.0677508245884846,0.296712764414704,/kaggle/input/datasets/hintrngia/locked-resnet-xai-inputs/R-C0/ResNet50/seed_3407/best_checkpoint.pt,E03_XAI_R_C0_ResNet50,R,C0
E03_XAI_R_C0_ResNet50,R-C0,ResNet50,3407,8,normal,E-28CAAFCB1AFEEA2D46764B17.jpeg,0,0.687537449750415,0.712890625,0,1,0.5828539603923537,0.5828539729118347,0.38934326171875,1.497018229670532,0.8675724374451347,0.8675724267959595,2.2282970395204718,1,1,175,208,171,213,0.1067834147325298,0.2728206795384596,0.1090146156174895,0.2665077649765094,0.0052188466041228,0.0002905267908693,0.2776178182728253,0.8386093849071274,/kaggle/input/datasets/hintrngia/locked-resnet-xai-inputs/R-C0/ResNet50/seed_3407/best_checkpoint.pt,E03_XAI_R_C0_ResNet50,R,C0
E03_XAI_R_C0_ResNet50,R-C0,ResNet50,3407,9,normal,E-29AE82E82E5A6A48DC6D8B99.jpeg,0,0.0792718519245363,0.712890625,0,1,0.3440119883117533,0.3440119922161102,0.3269195556640625,1.052283298296339,0.3428645177561323,0.3428645133972168,1.0487733505561676,1,1,176,208,186,207,0.4650317735021768,0.7363121753298826,0.4040727781141999,0.8174669591475066,0.0013008181586129,0.0024797340015202,0.8914443118241145,0.9375103721676448,/kaggle/input/datasets/hintrngia/locked-resnet-xai-inputs/R-C0/ResNet50/seed_3407/best_checkpoint.pt,E03_XAI_R_C0_ResNet50,R,C0
E03_XAI_R_C0_ResNet50,R-C0,ResNet50,3407,10,normal,E-2B646E91E652E02CC65E6BA0.jpeg,0,0.0353006713030148,0.712890625,0,1,0.3514458560850313,0.3514458537101745,0.2742767333984375,1.2813549721495752,0.6771997656358184,0.6771997809410095,2.469038322153491,1,1,111,143,191,167,0.6222610469088314,0.8184026804992784,0.5760870604090446,0.8666097396676635,0.0013201263497431,0.0011043029691082,0.0,0.0,/kaggle/input/datasets/hintrngia/locked-resnet-xai-inputs/R-C0/ResNet50/seed_3407/best_checkpoint.pt,E03_XAI_R_C0_ResNet50,R,C0
E03_XAI_R_C0_ResNet50,R-C0,ResNet50,3407,11,normal,E-2F227E134B6699426A9E9AB9.jpeg,0,0.3850773773544576,0.712890625,0,1,0.2951763212025575,0.2951763272285461,0.3509368896484375,0.8411094128584202,0.2267566287199227,0.2267566323280334,0.646146459402098,1,0,80,143,176,23,0.3277994880324814,0.3843005438200841,0.3338316437579279,0.3785160831233434,0.0061729802956558,0.0051445422609228,-0.355898864966376,-0.0864564375713304,/kaggle/input/datasets/hintrngia/locked-resnet-xai-inputs/R-C0/ResNet50/seed_3407/best_checkpoint.pt,E03_XAI_R_C0_ResNet50,R,C0
E03_XAI_R_C0_ResNet50,R-C0,ResNet50,3407,12,normal,E-2F5E9CF0C3839769BD6D37AD.jpeg,0,0.3612272403946972,0.712890625,0,1,0.3814436741808459,0.3814436793327331,0.3790740966796875,1.0062509612814845,0.3722011044577072,0.3722011148929596,0.981869000593338,1,0,80,112,142,1,0.3198757418698985,0.4226567110596733,0.3339735216507766,0.4367415725817558,0.0011282678397837,0.0048908782000191,0.6698930898000618,0.8350518560338077,/kaggle/input/datasets/hintrngia/locked-resnet-xai-inputs/R-C0/ResNet50/seed_3407/best_checkpoint.pt,E03_XAI_R_C0_ResNet50,R,C0
E03_XAI_R_C0_ResNet50,R-C0,ResNet50,3407,13,normal,E-306538194ADB5E9E447B7A10.jpeg,0,0.0850828412544847,0.712890625,0,1,0.3677427589268339,0.3677427470684051,0.2563934326171875,1.4342908676444082,0.4219932204313418,0.421993225812912,1.6458815505676616,1,0,80,112,171,10,0.3787192260462622,0.7377312292996103,0.3592174509498605,0.7956838610700337,0.0005026547166717,0.0002379867845443,0.2124982460630388,0.8066419522201548,/kaggle/input/datasets/hintrngia/locked-resnet-xai-inputs/R-C0/ResNet50/seed_3407/best_checkpoint.pt,E03_XAI_R_C0_ResNet50,R,C0
E03_XAI_R_C0_ResNet50,R-C0,ResNet50,3407,14,normal,E-36FB7A78C2BFA1A3824C3EFA.jpeg,0,0.3442476939313344,0.712890625,0,1,0.3543682116795711,0.3543682098388672,0.3275299072265625,1.0819415383476532,0.3990550891782508,0.3990550935268402,1.218377559952753,1,0,111,111,199,3,0.2422589452579884,0.5048238636467381,0.2082913836705198,0.5345914736002806,0.000510691050832,0.0023763806514651,0.0309548556697475,0.1462332589581016,/kaggle/input/datasets/hintrngia/locked-resnet-xai-inputs/R-C0/ResNet50/seed_3407/best_checkpoint.pt,E03_XAI_R_C0_ResNet50,R,C0
E03_XAI_R_C0_ResNet50,R-C0,ResNet50,3407,15,normal,E-3B865A0E9283DC8B3D382B5F.jpeg,0,0.9297069329171757,0.712890625,1,0,0.3195834540678425,0.3195834457874298,0.360931396484375,0.8854409928887345,0.1279121148603091,0.1279121190309524,0.3543945362088958,0,0,240,240,244,250,0.911928303902954,0.9484275291235176,0.9291650742067872,0.9421234795291112,0.0026729150549341,0.0015704876814421,0.620375569683633,0.9936333501470492,/kaggle/input/datasets/hintrngia/locked-resnet-xai-inputs/R-C0/ResNet50/seed_3407/best_checkpoint.pt,E03_XAI_R_C0_ResNet50,R,C0
E03_XAI_R_C0_ResNet50,R-C0,ResNet50,3407,16,normal,E-3D66EC3C4F2D4073FE577EEA.jpeg,0,0.0607416869651772,0.712890625,0,1,0.2606317224481585,0.2606317102909088,0.2598114013671875,1.0031573713726738,0.4441940704321727,0.4441940784454345,1.7096788982112452,0,1,176,47,190,174,0.397098338061969,0.7640399378472549,0.3556928040642421,0.8032065692964345,0.0014262843170645,0.0025894430994367,0.6034702476179648,0.9346863324855746,/kaggle/input/datasets/hintrngia/locked-resnet-xai-inputs/R-C0/ResNet50/seed_3407/best_checkpoint.pt,E03_XAI_R_C0_ResNet50,R,C0
E03_XAI_R_C0_ResNet50,R-C0,ResNet50,3407,17,normal,E-40D9418B91304B06987F2A6E.jpeg,0,0.7156839421336116,0.712890625,1,0,0.4341597766678453,0.4341597855091095,0.3151092529296875,1.377807133974331,0.5496845724330672,0.5496845841407776,1.744425361433998,0,0,143,144,235,255,0.7595957354856301,0.8492425379100386,0.8161133075352346,0.8543070799903255,0.0020793203488925,0.0001553181099273,0.8833540450753349,0.7386165404445841,/kaggle/input/datasets/hintrngia/locked-resnet-xai-inputs/R-C0/ResNet50/seed_3407/best_checkpoint.pt,E03_XAI_R_C0_ResNet50,R,C0
E03_XAI_R_C0_ResNet50,R-C0,ResNet50,3407,18,normal,E-44BF14DBF8A5FE52BF53ED2E.jpeg,0,0.5451546847907821,0.712890625,0,1,0.2522599223315565,0.2522599101066589,0.32672119140625,0.772095379689935,0.4440702584319578,0.4440702497959137,1.359171887567569,0,1,80,207,203,203,0.1704719816986352,0.3317081837777643,0.1727745586779122,0.3526801277610594,0.0011657085091187,0.0017160314432593,-0.1005291225129339,0.5863061993535055,/kaggle/input/datasets/hintrngia/locked-resnet-xai-inputs/R-C0/ResNet50/seed_3407/best_checkpoint.pt,E03_XAI_R_C0_ResNet50,R,C0
E03_XAI_R_C0_ResNet50,R-C0,ResNet50,3407,19,normal,E-47080ACF9F207EB21662EAAE.jpeg,0,0.6574758379218848,0.712890625,0,1,0.4044820134374014,0.4044820070266723,0.3899383544921875,1.0372973286101952,0.5258124705119289,0.5258124470710754,1.3484502472107132,0,0,208,208,35,1,0.0728986550850541,0.2223787307550725,0.0588473049749259,0.2297659917640396,0.0002440640883315,0.0107115608010921,0.1854318549397976,0.0158640738881128,/kaggle/input/datasets/hintrngia/locked-resnet-xai-inputs/R-C0/ResNet50/seed_3407/best_checkpoint.pt,E03_XAI_R_C0_ResNet50,R,C0
E03_XAI_R_C0_ResNet50,R-C0,ResNet50,3407,20,normal,E-4F18C9F59223CD9D0CA81789.jpeg,0,0.8217603705685408,0.712890625,1,0,0.5246097160186513,0.5246097445487976,0.305145263671875,1.7192130387537918,0.7445408917871857,0.7445408701896667,2.439955589767227,1,1,143,143,165,158,0.8819535817630624,0.9524440205149536,0.9054495050551922,0.9496797911628276,0.0012067413966384,6.423411357270314e-05,0.1991316212862658,0.4330920390069123,/kaggle/input/datasets/hintrngia/locked-resnet-xai-inputs/R-C0/ResNet50/seed_3407/best_checkpoint.pt,E03_XAI_R_C0_ResNet50,R,C0
E03_XAI_R_C0_ResNet50,R-C0,ResNet50,3407,21,normal,E-57BEC1C15CFD6C2BBAF49905.jpeg,0,0.1815633944964151,0.712890625,0,1,0.3294932374973812,0.3294932246208191,0.3210601806640625,1.0262662807199454,0.2263294421516179,0.2263294458389282,0.7049439817902396,1,0,80,143,114,1,0.3220962459238352,0.6470247277064166,0.3074855890960924,0.6421518404825519,0.0002384105225388,0.0002758422843464,0.0,0.0,/kaggle/input/datasets/hintrngia/locked-resnet-xai-inputs/R-C0/ResNet50/seed_3407/best_checkpoint.pt,E03_XAI_R_C0_ResNet50,R,C0
E03_XAI_R_C0_ResNet50,R-C0,ResNet50,3407,22,normal,E-5822F4C00AF6A5D69871506D.jpeg,0,0.28603943080624,0.712890625,0,1,0.4558609001484605,0.4558609127998352,0.414520263671875,1.099731279987098,0.4420205166712184,0.4420205056667328,1.0663423610603315,1,1,80,112,88,102,0.3404701382630665,0.5221744152636636,0.3575188297302646,0.5183636694346034,0.001644892869334,0.0002384097388202,0.3903381440555841,0.5108303590877818,/kaggle/input/datasets/hintrngia/locked-resnet-xai-inputs/R-C0/ResNet50/seed_3407/best_checkpoint.pt,E03_XAI_R_C0_ResNet50,R,C0
E03_XAI_R_C0_ResNet50,R-C0,ResNet50,3407,23,normal,E-592EC4B388705AD74965EF2F.jpeg,0,0.1053155358663106,0.712890625,0,1,0.205690348642175,0.2056903541088104,0.3038330078125,0.6769848678492157,0.1727213617391547,0.1727213561534881,0.5684746465918666,0,0,79,207,130,1,0.5355978035317782,0.6408037282210736,0.4545111912726244,0.7148192396140093,8.317104799984709e-05,0.0011591984763611,-0.4702231330369483,-0.1078430414341804,/kaggle/input/datasets/hintrngia/locked-resnet-xai-inputs/R-C0/ResNet50/seed_3407/best_checkpoint.pt,E03_XAI_R_C0_ResNet50,R,C0
E03_XAI_R_C0_ResNet50,R-C0,ResNet50,3407,24,normal,E-5EB53A5E9ABA53D43AB743A8.jpeg,0,0.187752563271979,0.712890625,0,1,0.2321728630625327,0.2321728616952896,0.2571563720703125,0.9028470155857202,0.2586238651792908,0.258623868227005,1.0057066177173206,0,0,80,207,111,1,0.359223982680511,0.6132572572040971,0.3463353460248462,0.7277753435364249,0.0001612863444352,2.949256094220143e-05,0.3174647445570694,0.8349171766289922,/kaggle/input/datasets/hintrngia/locked-resnet-xai-inputs/R-C0/ResNet50/seed_3407/best_checkpoint.pt,E03_XAI_R_C0_ResNet50,R,C0
E03_XAI_R_C0_ResNet50,R-C0,ResNet50,3407,25,normal,E-5FBF0EE47B9EC5825E465989.jpeg,0,0.274569195184683,0.712890625,0,1,0.3359608400709719,0.3359608352184295,0.329376220703125,1.019991180158029,0.6587297605069986,0.6587297320365906,1.9999311398400197,0,1,207,207,195,183,0.2717280816517664,0.5549444189699706,0.2666898851490623,0.5416346058608337,0.0004408664592412,0.0014311308580231,-0.339149952051511,0.0664258262403487,/kaggle/input/datasets/hintrngia/locked-resnet-xai-inputs/R-C0/ResNet50/seed_3407/best_checkpoint.pt,E03_XAI_R_C0_ResNet50,R,C0
E03_XAI_R_C0_ResNet50,R-C0,ResNet50,3407,26,normal,E-67976418F9EE68ADAB32C212.jpeg,0,0.2657387936757725,0.712890625,0,1,0.131058716717581,0.1310587227344513,0.26171875,0.5007616638761305,0.0780161671243464,0.0780161693692207,0.2980916236392939,0,0,176,47,91,38,0.3679600455490797,0.5504704170343777,0.3356874962743976,0.5976237535568258,0.0007979709420371,0.0001374008280675,-0.4601678007093253,-0.004000030628812,/kaggle/input/datasets/hintrngia/locked-resnet-xai-inputs/R-C0/ResNet50/seed_3407/best_checkpoint.pt,E03_XAI_R_C0_ResNet50,R,C0
E03_XAI_R_C0_ResNet50,R-C0,ResNet50,3407,27,normal,E-74019A53B16F834307F73E46.jpeg,0,0.4154162237627185,0.712890625,0,1,0.4342552261964744,0.4342552125453949,0.372467041015625,1.1658890005740332,0.6118559075488784,0.6118559241294861,1.6427115426924743,0,0,176,207,177,205,0.1851916589000969,0.4120965925316165,0.173812407304144,0.4200999690592329,0.0025599313777889,0.003275799720235,0.0919168445453974,0.087317242218491,/kaggle/input/datasets/hintrngia/locked-resnet-xai-inputs/R-C0/ResNet50/seed_3407/best_checkpoint.pt,E03_XAI_R_C0_ResNet50,R,C0
E03_XAI_R_C0_ResNet50,R-C0,ResNet50,3407,28,normal,E-778E5DF620CB9DE6A84B008B.jpeg,0,0.8878946356658849,0.712890625,1,0,0.483419457486428,0.4834194481372833,0.3386688232421875,1.4274105684086753,0.5991296262816705,0.5991296172142029,1.769072276999124,1,1,175,207,211,208,0.8660422748737733,0.9207785290535956,0.8758378528852936,0.947908962103578,0.0012718038353724,0.0020829146107981,-0.0471180792938241,0.4148397852435196,/kaggle/input/datasets/hintrngia/locked-resnet-xai-inputs/R-C0/ResNet50/seed_3407/best_checkpoint.pt,E03_XAI_R_C0_ResNet50,R,C0
E03_XAI_R_C0_ResNet50,R-C0,ResNet50,3407,29,normal,E-77C42172A076E16EE5474210.jpeg,0,0.4733677669728756,0.712890625,0,1,0.5081806281809504,0.5081806182861328,0.39276123046875,1.293866575309509,0.7115210455449424,0.7115210294723511,1.811586761493137,0,1,176,208,187,202,0.152201209949764,0.4670864417831151,0.1415098468216652,0.4540439744298373,0.0015684746654497,0.000181766467468,0.0033329504637549,-0.0050237598135006,/kaggle/input/datasets/hintrngia/locked-resnet-xai-inputs/R-C0/ResNet50/seed_3407/best_checkpoint.pt,E03_XAI_R_C0_ResNet50,R,C0
E03_XAI_R_C0_ResNet50,R-C0,ResNet50,3407,30,normal,E-7B1FB0C84C51C5CD8EDBCCFD.jpeg,0,0.9933781740753732,0.712890625,1,0,0.4102313734468564,0.4102313816547394,0.388427734375,1.0561330645118314,0.2992939956050968,0.2992939949035644,0.7705268422366288,0,0,240,240,244,250,0.9808335246720584,0.9869418801746715,0.9820478821289378,0.9923998688946168,0.0008351887747384,0.000278278192871,-0.2566999577904387,0.0162967275730759,/kaggle/input/datasets/hintrngia/locked-resnet-xai-inputs/R-C0/ResNet50/seed_3407/best_checkpoint.pt,E03_XAI_R_C0_ResNet50,R,C0
E03_XAI_R_C0_ResNet50,R-C0,ResNet50,3407,31,normal,E-7B7A8A9BEAA512F9DC3E0865.jpeg,0,0.4285788551148566,0.712890625,0,1,0.4995582407535019,0.4995582401752472,0.356475830078125,1.401380398340104,0.4460221406051837,0.4460221529006958,1.2511988274420562,1,0,80,112,127,1,0.1097864816320923,0.4680120159701663,0.1357005228823432,0.4579074929035355,0.0002710591073577,0.0054578091232547,-0.4959244231495828,-0.0627270314342162,/kaggle/input/datasets/hintrngia/locked-resnet-xai-inputs/R-C0/ResNet50/seed_3407/best_checkpoint.pt,E03_XAI_R_C0_ResNet50,R,C0
E03_XAI_R_C0_ResNet50,R-C0,ResNet50,3407,32,normal,E-82FCB2C3D1996A8155B45525.jpeg,0,0.1727737257487207,0.712890625,0,1,0.2627713338743105,0.262771338224411,0.2450714111328125,1.0722235313359576,0.2266713515661123,0.226671352982521,0.9249196000396448,1,0,111,143,127,1,0.3176506010075421,0.6390012671495992,0.3021947863161752,0.7092869506494817,0.0015367063296872,0.0023055931085967,0.6565671980720956,0.9114018914541966,/kaggle/input/datasets/hintrngia/locked-resnet-xai-inputs/R-C0/ResNet50/seed_3407/best_checkpoint.pt,E03_XAI_R_C0_ResNet50,R,C0
E03_XAI_R_C0_ResNet50,R-C0,ResNet50,3407,33,normal,E-843CBB869621D4078F498542.jpeg,0,0.747099004076444,0.712890625,1,0,0.4326960284457528,0.4326960146427154,0.3597412109375,1.2027980539625407,0.5693041038587993,0.5693041086196899,1.5825379093353524,1,1,143,143,223,226,0.6838122927934436,0.8538190015378624,0.8141529614241789,0.8850887285345808,0.0003877627129594,0.0017504373994287,-0.318296021286935,-0.0680759083874547,/kaggle/input/datasets/hintrngia/locked-resnet-xai-inputs/R-C0/ResNet50/seed_3407/best_checkpoint.pt,E03_XAI_R_C0_ResNet50,R,C0
E03_XAI_R_C0_ResNet50,R-C0,ResNet50,3407,34,normal,E-845A5BC2008587BFFF60937F.jpeg,0,0.7987311839038328,0.712890625,1,0,0.3078780159630231,0.3078780174255371,0.3625030517578125,0.8493115146757876,0.2864752010865434,0.2864752113819122,0.790269763792049,0,0,144,208,25,6,0.8609975395287423,0.9163825127207936,0.8889582340054059,0.9452107425497944,5.933865434570862e-07,0.0015570817025303,0.4170757948565761,0.8396197138646331,/kaggle/input/datasets/hintrngia/locked-resnet-xai-inputs/R-C0/ResNet50/seed_3407/best_checkpoint.pt,E03_XAI_R_C0_ResNet50,R,C0
E03_XAI_R_C0_ResNet50,R-C0,ResNet50,3407,35,normal,E-8BB569A271B438E1FF7419AA.jpeg,0,0.2247758458967666,0.712890625,0,1,0.2173806761647374,0.2173806726932525,0.3291015625,0.6605276332127332,0.1359167451328155,0.1359167397022247,0.4129933145875462,0,0,112,0,183,19,0.2863659021628135,0.5061643932301088,0.2718930963637049,0.5524752963388541,0.0007018647577028,0.002076780345,0.702787967712684,0.952212819739456,/kaggle/input/datasets/hintrngia/locked-resnet-xai-inputs/R-C0/ResNet50/seed_3407/best_checkpoint.pt,E03_XAI_R_C0_ResNet50,R,C0
E03_XAI_R_C0_ResNet50,R-C0,ResNet50,3407,36,normal,E-8E65534102472D38A215B619.jpeg,0,0.7097113672139668,0.712890625,0,1,0.4985095860210299,0.4985095858573913,0.4018096923828125,1.2406609284727992,0.4021733545120254,0.4021733403205871,1.0009050606197585,0,0,176,0,178,1,0.1027262088455555,0.2936293266973397,0.1515027808451125,0.2627569314933721,0.0012130327847104,0.0008651568906694,-0.0773526681609388,0.2924257921202297,/kaggle/input/datasets/hintrngia/locked-resnet-xai-inputs/R-C0/ResNet50/seed_3407/best_checkpoint.pt,E03_XAI_R_C0_ResNet50,R,C0
E03_XAI_R_C0_ResNet50,R-C0,ResNet50,3407,37,normal,E-91CCC5E035FBDB0CCBB30E2A.jpeg,0,0.1259082669372098,0.712890625,0,1,0.5167158729198349,0.5167158842086792,0.4178619384765625,1.2365708032745772,0.6293000378167009,0.629300057888031,1.505999900615494,0,1,79,207,66,186,0.4914131320713819,0.7201718026109805,0.4575764065944658,0.7375884240749169,0.0008128525610294,0.0031577430101089,0.7551022141687569,0.7805719317815282,/kaggle/input/datasets/hintrngia/locked-resnet-xai-inputs/R-C0/ResNet50/seed_3407/best_checkpoint.pt,E03_XAI_R_C0_ResNet50,R,C0
E03_XAI_R_C0_ResNet50,R-C0,ResNet50,3407,38,normal,E-91CD2D4F539A3D56107014E7.jpeg,0,0.5916804439335513,0.712890625,0,1,0.4084142690729874,0.4084142744541168,0.376434326171875,1.0849549062816095,0.310381071505568,0.3103810846805572,0.8245291407453954,1,0,80,143,79,18,0.1646495135181301,0.2935863017190393,0.1925465629574814,0.2925836129427727,0.0003390864064592,0.000106285241304,0.8965294427032295,0.8399204532458115,/kaggle/input/datasets/hintrngia/locked-resnet-xai-inputs/R-C0/ResNet50/seed_3407/best_checkpoint.pt,E03_XAI_R_C0_ResNet50,R,C0
E03_XAI_R_C0_ResNet50,R-C0,ResNet50,3407,39,normal,E-93DEE19500CF7BC746908FEA.jpeg,0,0.315073281075208,0.712890625,0,1,0.4378751288790078,0.4378751218318939,0.3555908203125,1.2314016669333443,0.6325825325616243,0.6325825452804565,1.7789619315979497,1,1,207,208,191,200,0.3871582276266,0.4975190614573075,0.3548701209904247,0.5256770378789597,0.0046664786482149,0.0106129456670669,0.2128221488622612,0.246895160889599,/kaggle/input/datasets/hintrngia/locked-resnet-xai-inputs/R-C0/ResNet50/seed_3407/best_checkpoint.pt,E03_XAI_R_C0_ResNet50,R,C0
E03_XAI_R_C0_ResNet50,R-C0,ResNet50,3407,40,normal,E-9A48264C99FDAC90E29908DD.jpeg,0,0.9624915353127332,0.712890625,1,0,0.2987880641233905,0.2987880706787109,0.3754425048828125,0.7958290823162171,0.1511017519113195,0.151101753115654,0.402463093406228,0,0,240,240,250,247,0.9124647291715472,0.9754416488940904,0.9285129466442492,0.9787034884201627,0.0013290904422061,0.0030602308567589,0.4313372003451444,0.020730881069065,/kaggle/input/datasets/hintrngia/locked-resnet-xai-inputs/R-C0/ResNet50/seed_3407/best_checkpoint.pt,E03_XAI_R_C0_ResNet50,R,C0
E03_XAI_R_C0_ResNet50,R-C0,ResNet50,3407,41,normal,E-A5B76F5465A7745EBBAE1D8D.jpeg,0,0.535743602094272,0.712890625,0,1,0.4805989435936257,0.4805989563465118,0.36846923828125,1.3043122563919107,0.696205651562186,0.6962056756019592,1.889453933277266,0,1,176,208,179,186,0.1333561327293322,0.3701223106815833,0.1108080413785284,0.396020980037062,0.002219652499028,0.0023607810615369,0.6996183256323024,0.8954091335962603,/kaggle/input/datasets/hintrngia/locked-resnet-xai-inputs/R-C0/ResNet50/seed_3407/best_checkpoint.pt,E03_XAI_R_C0_ResNet50,R,C0
E03_XAI_R_C0_ResNet50,R-C0,ResNet50,3407,42,normal,E-A92185A886C303721C499620.jpeg,0,0.8873541279618883,0.712890625,1,0,0.388985750246181,0.3889857530593872,0.4248199462890625,0.915648508607224,0.4402893133148297,0.4402893185615539,1.0364139376243915,0,0,144,207,150,254,0.8811062885223705,0.9299225917809408,0.8985709711706601,0.9326378620078816,0.001774445150668,0.0017759380964794,0.0448766228204133,0.4996148758486499,/kaggle/input/datasets/hintrngia/locked-resnet-xai-inputs/R-C0/ResNet50/seed_3407/best_checkpoint.pt,E03_XAI_R_C0_ResNet50,R,C0
E03_XAI_R_C0_ResNet50,R-C0,ResNet50,3407,43,normal,E-B1906A980682154F21AC8637.jpeg,0,0.1962594837668309,0.712890625,0,1,0.327884160281796,0.327884167432785,0.37506103515625,0.8742154730768017,0.4592007795883274,0.459200769662857,1.2243361387754526,0,1,176,207,195,199,0.3886356731163356,0.5312342172790012,0.4586781789519434,0.5266461343589353,0.0019355640173958,0.0014200667104245,0.0,0.0,/kaggle/input/datasets/hintrngia/locked-resnet-xai-inputs/R-C0/ResNet50/seed_3407/best_checkpoint.pt,E03_XAI_R_C0_ResNet50,R,C0
E03_XAI_R_C0_ResNet50,R-C0,ResNet50,3407,44,normal,E-B701F1D8C0C0617522833A87.jpeg,0,0.0466753796112284,0.712890625,0,1,0.2681201697969139,0.2681201696395874,0.2968597412109375,0.903188046662069,0.2720384204251247,0.2720384299755096,0.9163870429699806,0,0,176,207,79,26,0.5632088479992584,0.7626084131329298,0.5631593075942255,0.7921673480615852,0.0013190889312104,0.0010238663109161,-0.5303641439118122,-0.0057734156463593,/kaggle/input/datasets/hintrngia/locked-resnet-xai-inputs/R-C0/ResNet50/seed_3407/best_checkpoint.pt,E03_XAI_R_C0_ResNet50,R,C0
E03_XAI_R_C0_ResNet50,R-C0,ResNet50,3407,45,normal,E-B80945974BB38152A2ADE2AF.jpeg,0,0.0280106427019543,0.712890625,0,1,0.3208149653635291,0.3208149671554565,0.287933349609375,1.1141987053558158,0.4380178519282123,0.4380178451538086,1.521247373819148,0,1,176,207,191,192,0.6198701488715305,0.8404887733920935,0.5473428003678336,0.8840284612825249,0.000120045279541,0.0006670819642495,0.3903700262486916,0.9316031273161892,/kaggle/input/datasets/hintrngia/locked-resnet-xai-inputs/R-C0/ResNet50/seed_3407/best_checkpoint.pt,E03_XAI_R_C0_ResNet50,R,C0
E03_XAI_R_C0_ResNet50,R-C0,ResNet50,3407,46,normal,E-BB74E7A26CC5772AE8204932.jpeg,0,0.908067860489848,0.712890625,1,0,0.4598348442229895,0.4598348438739776,0.396759033203125,1.158977630605255,0.4663929979131979,0.4663929939270019,1.1755069422059587,1,0,143,112,16,8,0.8829796826098677,0.8787862794564486,0.9219537648433224,0.9299490046946453,0.0007349839721152,0.0007924022771683,0.0,0.0,/kaggle/input/datasets/hintrngia/locked-resnet-xai-inputs/R-C0/ResNet50/seed_3407/best_checkpoint.pt,E03_XAI_R_C0_ResNet50,R,C0
E03_XAI_R_C0_ResNet50,R-C0,ResNet50,3407,47,normal,E-BB96C349B18A4710DE07EC01.jpeg,0,0.4040620481500344,0.712890625,0,1,0.5045686333333423,0.5045686364173889,0.3329010009765625,1.515671721782735,0.5033083441398221,0.5033083558082581,1.511885944059558,1,0,80,112,144,1,0.1273432540692713,0.5078395652211273,0.1829352829107674,0.5038169211965807,0.0033432222378163,0.0031222956957399,0.3924704848909553,0.6997793121364047,/kaggle/input/datasets/hintrngia/locked-resnet-xai-inputs/R-C0/ResNet50/seed_3407/best_checkpoint.pt,E03_XAI_R_C0_ResNet50,R,C0
E03_XAI_R_C0_ResNet50,R-C0,ResNet50,3407,48,normal,E-BCDF7BD5461E233F18CDF83C.jpeg,0,0.1375424353047036,0.712890625,0,1,0.3512316054829376,0.3512316048145294,0.2940521240234375,1.1944535569991073,0.3061316070279786,0.3061316013336181,1.0410793938137932,1,0,111,143,99,15,0.311990898350834,0.6732098351325658,0.2730422875622502,0.7406878074673795,0.0022423892795512,0.0007442309055931,-0.1738896505504407,-0.0218068525501988,/kaggle/input/datasets/hintrngia/locked-resnet-xai-inputs/R-C0/ResNet50/seed_3407/best_checkpoint.pt,E03_XAI_R_C0_ResNet50,R,C0
E03_XAI_R_C0_ResNet50,R-C0,ResNet50,3407,49,normal,E-BF6060CF2B5D86362B50F1EF.jpeg,0,0.0908110689804978,0.712890625,0,1,0.3659712753867638,0.3659712672233581,0.3540191650390625,1.033761195799619,0.637995957353372,0.6379959583282471,1.8021509013021244,1,1,175,208,175,197,0.4825337912908174,0.712672097706105,0.394301177371228,0.7508628793345564,0.0016514552223671,0.0007048682224318,-0.1311341752277061,-0.0225338172048136,/kaggle/input/datasets/hintrngia/locked-resnet-xai-inputs/R-C0/ResNet50/seed_3407/best_checkpoint.pt,E03_XAI_R_C0_ResNet50,R,C0
E03_XAI_R_C0_ResNet50,R-C0,ResNet50,3407,50,normal,E-C7B56CF9C42EB131FD94EA3C.jpeg,0,0.9456395343109828,0.712890625,1,0,0.2595547966058048,0.2595548033714294,0.32830810546875,0.7905829685052066,0.0651823961386739,0.0651823952794075,0.1985403194526928,0,0,240,240,238,248,0.8564953988638662,0.961610508925492,0.8648497973754095,0.9647531869106718,0.0020769888046891,0.0024448504930423,0.0005778375818363,-0.037260844773568,/kaggle/input/datasets/hintrngia/locked-resnet-xai-inputs/R-C0/ResNet50/seed_3407/best_checkpoint.pt,E03_XAI_R_C0_ResNet50,R,C0
E03_XAI_R_C0_ResNet50,R-C0,ResNet50,3407,51,normal,E-D31B79C24E008C43E1511E9D.jpeg,0,0.0409534555005653,0.712890625,0,1,0.3869857626594767,0.3869857490062713,0.29034423828125,1.3328515315141616,0.6146675410596582,0.614667534828186,2.117030269649241,1,1,111,143,87,138,0.5593209474169314,0.8457523224560404,0.4801399883889226,0.8938223040570537,0.0009123808656323,0.0117567258739241,-0.5560482708175034,0.257463713940935,/kaggle/input/datasets/hintrngia/locked-resnet-xai-inputs/R-C0/ResNet50/seed_3407/best_checkpoint.pt,E03_XAI_R_C0_ResNet50,R,C0
E03_XAI_R_C0_ResNet50,R-C0,ResNet50,3407,52,normal,E-E13640D767DD410F37B990A9.jpeg,0,0.204303197214759,0.712890625,0,1,0.4091178219290835,0.4091178178787231,0.3385162353515625,1.208561892176895,0.6051442147060645,0.605144202709198,1.7876371987819086,0,1,176,208,179,195,0.3748016628522153,0.6614260503131077,0.32301391642,0.6365549654459003,0.0017464724661047,0.003566912340007,-0.1294610778806924,0.5631833932000935,/kaggle/input/datasets/hintrngia/locked-resnet-xai-inputs/R-C0/ResNet50/seed_3407/best_checkpoint.pt,E03_XAI_R_C0_ResNet50,R,C0
E03_XAI_R_C0_ResNet50,R-C0,ResNet50,3407,53,normal,E-E2352C479C37BA410D3419C8.jpeg,0,0.3916748729358595,0.712890625,0,1,0.656481654084682,0.6564816832542419,0.460540771484375,1.425458275862889,0.7652987233745907,0.7652987241744995,1.6617393524311568,0,1,207,208,199,203,0.2400757391791491,0.4334160575463099,0.1824678628678539,0.4027379191969221,0.0032698925932275,0.0021418849517399,0.9643624699712992,0.8642197069927021,/kaggle/input/datasets/hintrngia/locked-resnet-xai-inputs/R-C0/ResNet50/seed_3407/best_checkpoint.pt,E03_XAI_R_C0_ResNet50,R,C0
E03_XAI_R_C0_ResNet50,R-C0,ResNet50,3407,54,normal,E-E249A212D4F7D1C6D4206FBF.jpeg,0,0.2596343671525367,0.712890625,0,1,0.5355227275136575,0.5355226993560791,0.44427490234375,1.2053859551564452,0.6367825822156817,0.6367825865745544,1.4333075734334015,0,1,175,208,175,204,0.2020832055429544,0.4785077236539649,0.212915544706344,0.4821877342143864,0.0026759627595688,0.0026594829370376,0.9262691492880252,0.9842373009156536,/kaggle/input/datasets/hintrngia/locked-resnet-xai-inputs/R-C0/ResNet50/seed_3407/best_checkpoint.pt,E03_XAI_R_C0_ResNet50,R,C0
E03_XAI_R_C0_ResNet50,R-C0,ResNet50,3407,55,normal,E-E2DD25AE8644A21D4C1655DA.jpeg,0,0.4951360726260151,0.712890625,0,1,0.3987660353989735,0.3987660408020019,0.3409881591796875,1.1694424708420426,0.5405053265173082,0.5405053496360779,1.585114649780208,0,1,207,208,193,201,0.1688657771885756,0.3536175813870228,0.1507124702024234,0.3421505337372392,0.0003754727233861,0.0013627392698507,-0.2198559817560011,0.0493413363416375,/kaggle/input/datasets/hintrngia/locked-resnet-xai-inputs/R-C0/ResNet50/seed_3407/best_checkpoint.pt,E03_XAI_R_C0_ResNet50,R,C0
E03_XAI_R_C0_ResNet50,R-C0,ResNet50,3407,56,normal,E-E35138A3EAFB63D43C970EAE.jpeg,0,0.4444496220985374,0.712890625,0,1,0.5054949937412866,0.505495011806488,0.4013519287109375,1.25948066417629,0.5963434250591213,0.5963433980941772,1.4858366994135488,1,1,80,143,76,198,0.225856948556848,0.3847888933712632,0.2004815354043227,0.3833576951119306,0.0013532560898458,0.0013472647755052,0.1817166080219378,0.2794047587133868,/kaggle/input/datasets/hintrngia/locked-resnet-xai-inputs/R-C0/ResNet50/seed_3407/best_checkpoint.pt,E03_XAI_R_C0_ResNet50,R,C0
E03_XAI_R_C0_ResNet50,R-C0,ResNet50,3407,57,normal,E-EACE2F51FB2EF2E191B9BC55.jpeg,0,0.8020210559906192,0.712890625,1,0,0.3890036236782309,0.3890036344528198,0.4419708251953125,0.8801567920378575,0.508268783799701,0.5082687735557556,1.150005282758405,0,1,144,207,223,230,0.7892898667893286,0.8978494774078913,0.8465079122690797,0.9353294844255984,0.0005875356271874,0.001614290188005,-0.2849039344929804,-0.0722302431158706,/kaggle/input/datasets/hintrngia/locked-resnet-xai-inputs/R-C0/ResNet50/seed_3407/best_checkpoint.pt,E03_XAI_R_C0_ResNet50,R,C0
E03_XAI_R_C0_ResNet50,R-C0,ResNet50,3407,58,normal,E-ED70ACD6E494856AB99B813B.jpeg,0,0.9724359809724952,0.712890625,1,0,0.2841213245039941,0.2841213345527649,0.3370513916015625,0.8429614343199674,0.1039896797198483,0.1039896830916404,0.3085276676227979,0,0,240,240,244,250,0.9219495755582492,0.9833655735848552,0.9548707028681968,0.97935180386271,0.001761440927367,0.0038617101201206,0.2008241129280931,0.0027004050018012,/kaggle/input/datasets/hintrngia/locked-resnet-xai-inputs/R-C0/ResNet50/seed_3407/best_checkpoint.pt,E03_XAI_R_C0_ResNet50,R,C0
E03_XAI_R_C0_ResNet50,R-C0,ResNet50,3407,59,normal,E-EE1CB872F9ABCF62B8C9A410.jpeg,0,0.074005288411868,0.712890625,0,1,0.3653309796902914,0.3653309941291809,0.260040283203125,1.4049014836863594,0.6525141386983127,0.6525141596794128,2.50928098777917,0,1,175,207,171,189,0.3316023330499641,0.7466835805204861,0.2953684701012718,0.7857762285101489,0.0005150937575665,0.0014108845974566,0.2988197947515688,0.8998785890890758,/kaggle/input/datasets/hintrngia/locked-resnet-xai-inputs/R-C0/ResNet50/seed_3407/best_checkpoint.pt,E03_XAI_R_C0_ResNet50,R,C0
E03_XAI_R_C0_ResNet50,R-C0,ResNet50,3407,60,normal,E-EFAD2710B0F9E9CA19CFEDAD.jpeg,0,0.5859782555971013,0.712890625,0,1,0.3632941423054453,0.3632941544055938,0.36236572265625,1.0025621067091823,0.5439262906701553,0.5439262986183167,1.5010423355802298,0,1,207,208,199,200,0.0930774564261534,0.2546411645560082,0.0847681075724356,0.2804776910844609,0.0003084607874082,0.011294044505612,-0.3326559027365833,-0.0685317503866891,/kaggle/input/datasets/hintrngia/locked-resnet-xai-inputs/R-C0/ResNet50/seed_3407/best_checkpoint.pt,E03_XAI_R_C0_ResNet50,R,C0
E03_XAI_R_C0_ResNet50,R-C0,ResNet50,3407,61,normal,E-F32C5A7DA665488BF8EB2294.jpeg,0,0.6990710940469159,0.712890625,0,1,0.357254054684678,0.3572540581226349,0.3988037109375,0.8958142687410108,0.3725371720252456,0.3725371658802032,0.9341366737774142,1,0,79,143,40,1,0.1115780386227421,0.2100673399965997,0.131936535723714,0.2034914870697088,0.0091622356071767,0.0148673961523951,-0.2543091744221502,-0.0316883949557007,/kaggle/input/datasets/hintrngia/locked-resnet-xai-inputs/R-C0/ResNet50/seed_3407/best_checkpoint.pt,E03_XAI_R_C0_ResNet50,R,C0
E03_XAI_R_C0_ResNet50,R-C0,ResNet50,3407,62,normal,E-F57AB9616B464FB4687D409D.jpeg,0,0.527837157138619,0.712890625,0,1,0.3058290113790735,0.3058290183544159,0.43695068359375,0.6999165417564939,0.5113022177672212,0.5113022327423096,1.1701600133954675,0,1,176,208,174,190,0.137204035249362,0.2628481158047665,0.1313382292510257,0.280585201316874,0.0016748254705509,0.0011586190846245,0.0860505200585239,0.026115073716578,/kaggle/input/datasets/hintrngia/locked-resnet-xai-inputs/R-C0/ResNet50/seed_3407/best_checkpoint.pt,E03_XAI_R_C0_ResNet50,R,C0
E03_XAI_R_C0_ResNet50,R-C0,ResNet50,3407,63,normal,E-F803B5977A560D3CAEE3206F.jpeg,0,0.4333454060575685,0.712890625,0,1,0.4414245377876076,0.441424548625946,0.3428192138671875,1.2876306809297482,0.6818710995003814,0.6818711161613464,1.9890107436176168,0,1,80,207,84,188,0.2967769711885398,0.3193649393002589,0.2822233651121485,0.2966555977437149,0.001729668784672,5.8130086413976656e-05,0.7967622705188891,0.8781621857389104,/kaggle/input/datasets/hintrngia/locked-resnet-xai-inputs/R-C0/ResNet50/seed_3407/best_checkpoint.pt,E03_XAI_R_C0_ResNet50,R,C0
E03_XAI_R_C0_ResNet50,R-C0,ResNet50,3407,64,pneumonia,E-018B83433C4DD934AA5C8B2B.jpeg,1,0.9914257579632816,0.712890625,1,1,0.4505529751723411,0.4505529701709747,0.3726043701171875,1.20919938494183,0.499355099903408,0.4993551075458526,1.3401751024722448,0,0,143,175,131,157,0.9800987851901696,0.9846184221860106,0.9817657856924976,0.9907655381114746,0.0011320839624591,0.0030045199835532,0.1727678672485501,0.5852607781487936,/kaggle/input/datasets/hintrngia/locked-resnet-xai-inputs/R-C0/ResNet50/seed_3407/best_checkpoint.pt,E03_XAI_R_C0_ResNet50,R,C0
E03_XAI_R_C0_ResNet50,R-C0,ResNet50,3407,65,pneumonia,E-01E4EA18817F6CBD784D8ACE.jpeg,1,0.985140134775085,0.712890625,1,1,0.5096688769201123,0.5096688866615295,0.355072021484375,1.435395767848581,0.7507225177190407,0.7507225275039673,2.114282377362916,1,1,175,175,160,158,0.9755794798106558,0.9800533181912112,0.980515934191886,0.9850704226655654,0.0021441120926232,0.0006304901597644,0.9155279242573054,0.7800432854783654,/kaggle/input/datasets/hintrngia/locked-resnet-xai-inputs/R-C0/ResNet50/seed_3407/best_checkpoint.pt,E03_XAI_R_C0_ResNet50,R,C0
E03_XAI_R_C0_ResNet50,R-C0,ResNet50,3407,66,pneumonia,E-0981A556ADE7F427711A3360.jpeg,1,0.9762831131155943,0.712890625,1,1,0.4103514093831342,0.4103513956069946,0.315826416015625,1.2992941330241128,0.4800899015683391,0.4800899028778076,1.5201068600436114,1,0,143,144,255,88,0.9685728757345736,0.9755890626438366,0.976107765162644,0.9816550983514924,0.0094499766772333,0.0485166107333214,-0.3747554847437289,-0.1046751246696024,/kaggle/input/datasets/hintrngia/locked-resnet-xai-inputs/R-C0/ResNet50/seed_3407/best_checkpoint.pt,E03_XAI_R_C0_ResNet50,R,C0
E03_XAI_R_C0_ResNet50,R-C0,ResNet50,3407,67,pneumonia,E-0B7E667233F7AB135F8A84DD.jpeg,1,0.998958148636076,0.712890625,1,1,0.4705224573061513,0.4705224633216858,0.3825225830078125,1.2300514484828249,0.5236047615356798,0.5236047506332397,1.3688205214409157,0,0,112,144,255,199,0.9949931447350432,0.9958603638797928,0.9951311362202332,0.996898384535744,0.0017985305622661,0.0047841627065998,0.8679475330682831,0.4483072519479659,/kaggle/input/datasets/hintrngia/locked-resnet-xai-inputs/R-C0/ResNet50/seed_3407/best_checkpoint.pt,E03_XAI_R_C0_ResNet50,R,C0
E03_XAI_R_C0_ResNet50,R-C0,ResNet50,3407,68,pneumonia,E-122745006C7E29B76E58625B.jpeg,1,0.9781466022992134,0.712890625,1,1,0.4500580539188681,0.4500580430030823,0.3352813720703125,1.3423294325593655,0.5592640104072272,0.5592640042304993,1.66804378947108,0,0,112,143,248,48,0.95577601668503,0.9449473782613178,0.9552111829987,0.972744071393712,0.0021229999661521,0.0079574469467256,0.4266407918318938,0.810974447068448,/kaggle/input/datasets/hintrngia/locked-resnet-xai-inputs/R-C0/ResNet50/seed_3407/best_checkpoint.pt,E03_XAI_R_C0_ResNet50,R,C0
E03_XAI_R_C0_ResNet50,R-C0,ResNet50,3407,69,pneumonia,E-1265B89238C345234A9C993B.jpeg,1,0.9329314664898783,0.712890625,1,1,0.3697695166972135,0.3697695136070251,0.3254241943359375,1.1362692852378948,0.1615117439224316,0.1615117490291595,0.4963114197824579,0,0,240,79,251,79,0.8844465049700354,0.9627725629166344,0.9176492657751086,0.962154627797464,0.0040145742157425,0.0047547608688207,0.3686400938467598,0.9665737022416516,/kaggle/input/datasets/hintrngia/locked-resnet-xai-inputs/R-C0/ResNet50/seed_3407/best_checkpoint.pt,E03_XAI_R_C0_ResNet50,R,C0
E03_XAI_R_C0_ResNet50,R-C0,ResNet50,3407,70,pneumonia,E-1777E855F7110F5A72B38BC0.jpeg,1,0.9843388728306836,0.712890625,1,1,0.4002211819221775,0.4002211689949035,0.3238525390625,1.23581301255427,0.3454349301387659,0.3454349339008331,1.0666426489622205,0,0,240,80,246,79,0.962920734702298,0.97119333341875,0.9653176292725368,0.978091741154934,0.0031009877394362,0.0037925214279901,0.6606368634609564,0.8879494204975634,/kaggle/input/datasets/hintrngia/locked-resnet-xai-inputs/R-C0/ResNet50/seed_3407/best_checkpoint.pt,E03_XAI_R_C0_ResNet50,R,C0
E03_XAI_R_C0_ResNet50,R-C0,ResNet50,3407,71,pneumonia,E-198E88DB173F06A1227B639B.jpeg,1,0.9862037143384682,0.712890625,1,1,0.3443081495572244,0.3443081378936767,0.256744384765625,1.3410542546881172,0.3808441969210692,0.3808442056179046,1.4833594014869365,0,0,144,144,242,174,0.9856687745809553,0.9792279784554396,0.9848410312494922,0.9848649301819268,0.000782018268128,0.000869633485229,0.2118774766234189,0.2260821835258248,/kaggle/input/datasets/hintrngia/locked-resnet-xai-inputs/R-C0/ResNet50/seed_3407/best_checkpoint.pt,E03_XAI_R_C0_ResNet50,R,C0
E03_XAI_R_C0_ResNet50,R-C0,ResNet50,3407,72,pneumonia,E-1A06E979246F3D9634B22BF8.jpeg,1,0.996682581729544,0.712890625,1,1,0.4084443164880597,0.4084443151950836,0.303802490234375,1.3444403176977138,0.5395293901462156,0.5395293831825256,1.7759215526178995,1,0,143,207,254,11,0.9884268373412812,0.9900148208023096,0.9885568530792002,0.9945534619979156,0.0021486434871373,0.0044617546635272,0.9762472985516848,0.8610652628785456,/kaggle/input/datasets/hintrngia/locked-resnet-xai-inputs/R-C0/ResNet50/seed_3407/best_checkpoint.pt,E03_XAI_R_C0_ResNet50,R,C0
E03_XAI_R_C0_ResNet50,R-C0,ResNet50,3407,73,pneumonia,E-220D81ED5B8FE3B14418B9F7.jpeg,1,0.9460231644561382,0.712890625,1,1,0.3504838219465603,0.3504838347434997,0.2836456298828125,1.2356397737957812,0.5177990729600199,0.5177990794181824,1.8255140161121024,1,1,112,176,104,184,0.9363466493059156,0.9544254833155016,0.9226956201562848,0.9679872720553218,0.0009419987899741,0.0100181783663879,-0.1247396113996976,-0.0006861141472351,/kaggle/input/datasets/hintrngia/locked-resnet-xai-inputs/R-C0/ResNet50/seed_3407/best_checkpoint.pt,E03_XAI_R_C0_ResNet50,R,C0
E03_XAI_R_C0_ResNet50,R-C0,ResNet50,3407,74,pneumonia,E-227257A6740CF45FAF02E456.jpeg,1,0.9486464080404706,0.712890625,1,1,0.3171046657182128,0.3171046674251556,0.381500244140625,0.8312043585516675,0.2671920666712512,0.2671920657157898,0.7003719414993649,0,0,240,0,251,8,0.9053680133918396,0.9628942534291464,0.8955308571054528,0.9679480762884642,2.834745153545981e-05,0.0020475164000494,0.8034264252054971,0.9141868509239648,/kaggle/input/datasets/hintrngia/locked-resnet-xai-inputs/R-C0/ResNet50/seed_3407/best_checkpoint.pt,E03_XAI_R_C0_ResNet50,R,C0
E03_XAI_R_C0_ResNet50,R-C0,ResNet50,3407,75,pneumonia,E-2C0709EBA6450DCFB3BBB340.jpeg,1,0.983089803978099,0.712890625,1,1,0.4358294721561033,0.4358294606208801,0.3762359619140625,1.1583939768512952,0.5274374022453896,0.5274373888969421,1.4018792875675814,1,0,112,175,251,43,0.9651479014733008,0.9713666530032,0.9747693634058596,0.9835875795314596,0.0027392057619671,0.0110027358272943,0.8916699642397529,0.3850284596835314,/kaggle/input/datasets/hintrngia/locked-resnet-xai-inputs/R-C0/ResNet50/seed_3407/best_checkpoint.pt,E03_XAI_R_C0_ResNet50,R,C0
E03_XAI_R_C0_ResNet50,R-C0,ResNet50,3407,76,pneumonia,E-30421FA65AB177DCD15E84C4.jpeg,1,0.9993265284134244,0.712890625,1,1,0.5365230715421172,0.5365230441093445,0.41265869140625,1.3001618109963096,0.6141132237179331,0.6141132116317749,1.4881868151744737,1,1,143,175,95,160,0.997938926320705,0.9975368577412358,0.9976498487389218,0.998191210543364,0.0006808413471556,0.0025629336628613,0.9797513683024056,0.7718234392589908,/kaggle/input/datasets/hintrngia/locked-resnet-xai-inputs/R-C0/ResNet50/seed_3407/best_checkpoint.pt,E03_XAI_R_C0_ResNet50,R,C0
E03_XAI_R_C0_ResNet50,R-C0,ResNet50,3407,77,pneumonia,E-386D019ED9E9E8244987AC20.jpeg,1,0.9990307380537224,0.712890625,1,1,0.3780063726161491,0.3780063688755035,0.3555145263671875,1.0632656180854094,0.3823208872888672,0.3823208808898926,1.0754015910280788,0,0,240,176,247,197,0.994949139333802,0.9970020000403144,0.9928952903850314,0.9982285768709036,0.000589180076509,0.0005098816512966,-0.1858613141015013,0.1271914507788064,/kaggle/input/datasets/hintrngia/locked-resnet-xai-inputs/R-C0/ResNet50/seed_3407/best_checkpoint.pt,E03_XAI_R_C0_ResNet50,R,C0
E03_XAI_R_C0_ResNet50,R-C0,ResNet50,3407,78,pneumonia,E-3AC987E53985CBAF71C33ABC.jpeg,1,0.9816136003691674,0.712890625,1,1,0.4297845127142464,0.4297845065593719,0.4218597412109375,1.0187853230093988,0.4765902970378133,0.4765903055667877,1.129736380318665,0,0,143,176,254,46,0.9560783691254706,0.9658189747356284,0.9645777878351314,0.9853764794721876,0.0009821098461603,0.0060326896040645,-9.025066228375071e-06,0.0642957396587024,/kaggle/input/datasets/hintrngia/locked-resnet-xai-inputs/R-C0/ResNet50/seed_3407/best_checkpoint.pt,E03_XAI_R_C0_ResNet50,R,C0
E03_XAI_R_C0_ResNet50,R-C0,ResNet50,3407,79,pneumonia,E-3EB4BE73D28C1518A6A12685.jpeg,1,0.9936056288414054,0.712890625,1,1,0.4602458931873188,0.4602459073066711,0.40576171875,1.1342762806830673,0.3501675349819028,0.3501675426959991,0.8629881006533539,0,0,240,240,254,150,0.9730761335804504,0.9938712297577742,0.9754880445789428,0.992585095926496,0.0011512854002096,0.0046470478987494,0.6659640722305324,0.262283155867544,/kaggle/input/datasets/hintrngia/locked-resnet-xai-inputs/R-C0/ResNet50/seed_3407/best_checkpoint.pt,E03_XAI_R_C0_ResNet50,R,C0
E03_XAI_R_C0_ResNet50,R-C0,ResNet50,3407,80,pneumonia,E-401B5DEDAD367F085127D1DA.jpeg,1,0.9143701658441568,0.712890625,1,1,0.5366191595090968,0.5366191864013672,0.364349365234375,1.4728148604400773,0.7441997859652397,0.744199812412262,2.042544483332689,0,1,112,143,98,137,0.8691670882622938,0.8977977332125509,0.8886081000564936,0.9418021003444332,0.0007935798746012,0.0023651738468802,0.91032478702351,0.4805293473040464,/kaggle/input/datasets/hintrngia/locked-resnet-xai-inputs/R-C0/ResNet50/seed_3407/best_checkpoint.pt,E03_XAI_R_C0_ResNet50,R,C0
E03_XAI_R_C0_ResNet50,R-C0,ResNet50,3407,81,pneumonia,E-4329094918EDAAADE18246AB.jpeg,1,0.9998657182135224,0.712890625,1,1,0.4586698891242883,0.458669900894165,0.4228057861328125,1.0848240591017129,0.3764747105901194,0.3764747083187103,0.8904199586139545,0,0,240,240,250,75,0.9971983143828804,0.9993618924403578,0.9971654408144964,0.9993766607478975,3.2186454641536244e-06,0.0009003352566422,0.7215280589884921,0.2767043776985213,/kaggle/input/datasets/hintrngia/locked-resnet-xai-inputs/R-C0/ResNet50/seed_3407/best_checkpoint.pt,E03_XAI_R_C0_ResNet50,R,C0
E03_XAI_R_C0_ResNet50,R-C0,ResNet50,3407,82,pneumonia,E-443A80FA1DE791815F946FF9.jpeg,1,0.9409164154729476,0.712890625,1,1,0.439999043760068,0.4399990439414978,0.309112548828125,1.423426662644872,0.5770231792498999,0.5770232081413269,1.866709007568439,1,0,175,207,19,112,0.9371321996187348,0.953221116527459,0.941012731743718,0.964539897955466,0.0033912073632378,0.0096936539479386,-0.3007826823490551,-0.0811941807179486,/kaggle/input/datasets/hintrngia/locked-resnet-xai-inputs/R-C0/ResNet50/seed_3407/best_checkpoint.pt,E03_XAI_R_C0_ResNet50,R,C0
E03_XAI_R_C0_ResNet50,R-C0,ResNet50,3407,83,pneumonia,E-4B97630FB65DE326125E1DE1.jpeg,1,0.9968224016361846,0.712890625,1,1,0.3748143025245662,0.3748143017292022,0.3383941650390625,1.1076263755354634,0.2439528817143704,0.2439528852701187,0.7209133812523326,0,0,240,79,255,53,0.9870750223342288,0.9962214324144804,0.9845825641471871,0.9965615567839652,0.0003000447148786,0.0013138026409484,0.7466106018471884,0.4013540616514324,/kaggle/input/datasets/hintrngia/locked-resnet-xai-inputs/R-C0/ResNet50/seed_3407/best_checkpoint.pt,E03_XAI_R_C0_ResNet50,R,C0
E03_XAI_R_C0_ResNet50,R-C0,ResNet50,3407,84,pneumonia,E-55F059ED3BB72FAD418A344C.jpeg,1,0.9533874694392604,0.712890625,1,1,0.3251859553538057,0.3251859545707702,0.3324737548828125,0.9780800757293592,0.1231635458506991,0.1231635436415672,0.3704459195406588,0,0,240,240,244,250,0.8947233086371849,0.9441893206396278,0.934158465859456,0.9590421352639772,0.0009147426685389,0.0012134582194559,0.5968106329744429,0.968999266417606,/kaggle/input/datasets/hintrngia/locked-resnet-xai-inputs/R-C0/ResNet50/seed_3407/best_checkpoint.pt,E03_XAI_R_C0_ResNet50,R,C0
E03_XAI_R_C0_ResNet50,R-C0,ResNet50,3407,85,pneumonia,E-6060B7AB38566FD26078DE5E.jpeg,1,0.9867562942070092,0.712890625,1,1,0.4152270803657578,0.4152270853519439,0.271087646484375,1.5317078655212375,0.5600387884675198,0.5600388050079346,2.0658956456719224,0,1,144,175,161,155,0.9828959762775114,0.9888832572935116,0.984114078445443,0.9895343314178155,0.0007794893227327,0.0044731420029026,0.8191703371536859,0.8481238524294912,/kaggle/input/datasets/hintrngia/locked-resnet-xai-inputs/R-C0/ResNet50/seed_3407/best_checkpoint.pt,E03_XAI_R_C0_ResNet50,R,C0
E03_XAI_R_C0_ResNet50,R-C0,ResNet50,3407,86,pneumonia,E-638A63581494A3F6A20C2D9C.jpeg,1,0.9435344992671348,0.712890625,1,1,0.4570767757680879,0.4570767879486084,0.312408447265625,1.46307431751184,0.6398060547600788,0.6398060321807861,2.0479793691880688,1,1,112,144,104,125,0.933566622547211,0.9635953505699328,0.9488845498032056,0.9685285628029712,0.0015037089662925,0.0022068749966545,0.4245595683667482,0.8737968479827164,/kaggle/input/datasets/hintrngia/locked-resnet-xai-inputs/R-C0/ResNet50/seed_3407/best_checkpoint.pt,E03_XAI_R_C0_ResNet50,R,C0
E03_XAI_R_C0_ResNet50,R-C0,ResNet50,3407,87,pneumonia,E-63AE2F3741553AC167D0B283.jpeg,1,0.9865497186520678,0.712890625,1,1,0.449648882365149,0.4496488869190216,0.3596954345703125,1.2500822616842322,0.5560971725532977,0.556097149848938,1.5460223264095754,0,1,144,176,150,175,0.9707848319248844,0.9823111461728408,0.9625263440023566,0.9853419442151968,0.0012858419278118,8.212952831399001e-05,0.9091602357137653,0.7578604674498745,/kaggle/input/datasets/hintrngia/locked-resnet-xai-inputs/R-C0/ResNet50/seed_3407/best_checkpoint.pt,E03_XAI_R_C0_ResNet50,R,C0
E03_XAI_R_C0_ResNet50,R-C0,ResNet50,3407,88,pneumonia,E-63E40A6B7E9FE7A4F927B234.jpeg,1,0.9900488549149324,0.712890625,1,1,0.3438506525964239,0.3438506424427032,0.3593597412109375,0.9568424427225696,0.2691086801975912,0.2691086828708648,0.7488559494471293,0,0,240,0,246,26,0.9629237927751586,0.98250586925353,0.9653181851157152,0.9881265084421328,0.0008836787501362,0.0024723973290991,-0.4699364637024887,-0.080739724787575,/kaggle/input/datasets/hintrngia/locked-resnet-xai-inputs/R-C0/ResNet50/seed_3407/best_checkpoint.pt,E03_XAI_R_C0_ResNet50,R,C0
E03_XAI_R_C0_ResNet50,R-C0,ResNet50,3407,89,pneumonia,E-6C94FB136A3DC9D9B1FE1032.jpeg,1,0.935019508689074,0.712890625,1,1,0.4842300074902997,0.4842300117015838,0.3358001708984375,1.4420183473842088,0.6692515902572702,0.669251561164856,1.9930055082065008,1,1,143,176,162,196,0.9236426335646076,0.9282482102078454,0.9286955055847714,0.9593245907120088,0.0023276780101153,0.0051369769526123,0.2303615828954013,0.7695668298892062,/kaggle/input/datasets/hintrngia/locked-resnet-xai-inputs/R-C0/ResNet50/seed_3407/best_checkpoint.pt,E03_XAI_R_C0_ResNet50,R,C0
E03_XAI_R_C0_ResNet50,R-C0,ResNet50,3407,90,pneumonia,E-6EBA6C5A4DF4C84E483A5386.jpeg,1,0.996814515253385,0.712890625,1,1,0.3524011181706356,0.3524011075496673,0.3423919677734375,1.029233017533347,0.3254214277714504,0.3254214227199554,0.9504353442858317,0,0,240,47,255,50,0.9830554129250124,0.9935168527444588,0.9799466089164948,0.9954521576600877,0.0021583143917209,6.468080269195209e-05,0.595312186866874,0.8145386200069179,/kaggle/input/datasets/hintrngia/locked-resnet-xai-inputs/R-C0/ResNet50/seed_3407/best_checkpoint.pt,E03_XAI_R_C0_ResNet50,R,C0
E03_XAI_R_C0_ResNet50,R-C0,ResNet50,3407,91,pneumonia,E-73D66A02A1612F6E79C3F7EC.jpeg,1,0.994528984760078,0.712890625,1,1,0.4492583320630328,0.4492583274841308,0.3591766357421875,1.2508005459060674,0.5792780789288527,0.5792780518531799,1.6127944339471216,1,0,112,143,255,77,0.9833174103930308,0.9866028975859542,0.9900837298291836,0.9952998309056948,0.0023603336167937,0.0017351108949053,0.8549777490774438,0.8907386783266376,/kaggle/input/datasets/hintrngia/locked-resnet-xai-inputs/R-C0/ResNet50/seed_3407/best_checkpoint.pt,E03_XAI_R_C0_ResNet50,R,C0
E03_XAI_R_C0_ResNet50,R-C0,ResNet50,3407,92,pneumonia,E-7725ED8C0E93C0BF91B23FCE.jpeg,1,0.998415108909967,0.712890625,1,1,0.4231042639875485,0.4231042563915252,0.38677978515625,1.0939151429970009,0.4528568351486006,0.4528568387031555,1.1708389438337814,0,0,144,175,251,179,0.9904020541655292,0.99734271702687,0.993301815492304,0.9984722817095908,0.0004249180721438,0.0025618643995911,0.0085375552839964,0.6635923301577151,/kaggle/input/datasets/hintrngia/locked-resnet-xai-inputs/R-C0/ResNet50/seed_3407/best_checkpoint.pt,E03_XAI_R_C0_ResNet50,R,C0
E03_XAI_R_C0_ResNet50,R-C0,ResNet50,3407,93,pneumonia,E-77D4D0C371CD4C8665643C00.jpeg,1,0.978511378723937,0.712890625,1,1,0.3304961339460985,0.3304961323738098,0.29443359375,1.1224810652099666,0.3556807834012974,0.3556807935237884,1.2080169890644394,1,0,143,144,255,239,0.9595398093324012,0.9778226144001704,0.9698045285980844,0.98384661324843,1.3383996826377142e-06,0.0074611490370311,0.5000581518390455,0.4524094408166779,/kaggle/input/datasets/hintrngia/locked-resnet-xai-inputs/R-C0/ResNet50/seed_3407/best_checkpoint.pt,E03_XAI_R_C0_ResNet50,R,C0
E03_XAI_R_C0_ResNet50,R-C0,ResNet50,3407,94,pneumonia,E-7B805F2D3984459EDD091000.jpeg,1,0.9971804255070396,0.712890625,1,1,0.3799941989100151,0.3799942135810852,0.3260345458984375,1.165502869835108,0.4482274183416018,0.4482274055480957,1.3747850464939029,0,0,240,112,242,115,0.9893107526628816,0.9902271153966362,0.9904318836543944,0.994239392375255,0.0018540405599973,0.0097212064676362,0.0,0.0,/kaggle/input/datasets/hintrngia/locked-resnet-xai-inputs/R-C0/ResNet50/seed_3407/best_checkpoint.pt,E03_XAI_R_C0_ResNet50,R,C0
E03_XAI_R_C0_ResNet50,R-C0,ResNet50,3407,95,pneumonia,E-8B99D004F7E59741CFAB602B.jpeg,1,0.9968454239261272,0.712890625,1,1,0.5451031587569753,0.545103132724762,0.44635009765625,1.221245747719716,0.5638832514847469,0.5638832449913025,1.2633205513915071,1,0,175,176,247,89,0.9921591978045474,0.9952589527888756,0.9937226508689004,0.9961892116137288,0.0012000087799419,0.0046628876396982,0.720276791200257,0.3538232736251374,/kaggle/input/datasets/hintrngia/locked-resnet-xai-inputs/R-C0/ResNet50/seed_3407/best_checkpoint.pt,E03_XAI_R_C0_ResNet50,R,C0
E03_XAI_R_C0_ResNet50,R-C0,ResNet50,3407,96,pneumonia,E-8E859FAC3770F43BC30CF790.jpeg,1,0.998612789868816,0.712890625,1,1,0.3466255197981577,0.3466255068778991,0.32305908203125,1.0729477642873635,0.2549435528799373,0.2549435496330261,0.7891545759276202,0,0,240,47,249,55,0.9820158941527724,0.9967145169586176,0.9832856515577127,0.9969532173465092,0.0007172351055842,0.0021852617017074,-0.170224910699602,-0.0567904300917234,/kaggle/input/datasets/hintrngia/locked-resnet-xai-inputs/R-C0/ResNet50/seed_3407/best_checkpoint.pt,E03_XAI_R_C0_ResNet50,R,C0
E03_XAI_R_C0_ResNet50,R-C0,ResNet50,3407,97,pneumonia,E-9A9C78D1B9953A6FD2BA65F6.jpeg,1,0.9980382049994606,0.712890625,1,1,0.5237593877702116,0.5237593650817871,0.39300537109375,1.332702874549953,0.6222340785001376,0.6222341060638428,1.5832711821938583,0,1,144,143,163,160,0.995207308027009,0.9963005163468208,0.995727741952573,0.998405511962054,0.0001927849996475,0.0052095054684522,-0.5507271254918362,0.0707223070520182,/kaggle/input/datasets/hintrngia/locked-resnet-xai-inputs/R-C0/ResNet50/seed_3407/best_checkpoint.pt,E03_XAI_R_C0_ResNet50,R,C0
E03_XAI_R_C0_ResNet50,R-C0,ResNet50,3407,98,pneumonia,E-9B56CC62692974C989F872CC.jpeg,1,0.9981069210900708,0.712890625,1,1,0.4258412477494199,0.4258412420749664,0.37744140625,1.1282314041278294,0.4795046815586004,0.4795046746730804,1.270408263689539,0,0,144,144,251,147,0.991758086892926,0.9943789676086244,0.9916728563508392,0.9971220762365622,0.0021336388800969,0.0006749553782807,0.097529297645031,0.6559889296948406,/kaggle/input/datasets/hintrngia/locked-resnet-xai-inputs/R-C0/ResNet50/seed_3407/best_checkpoint.pt,E03_XAI_R_C0_ResNet50,R,C0
E03_XAI_R_C0_ResNet50,R-C0,ResNet50,3407,99,pneumonia,E-9FC76B9714A55204D742CE4C.jpeg,1,0.9866978033367492,0.712890625,1,1,0.3915939430692958,0.3915939331054687,0.32318115234375,1.2116855832384026,0.5177954739397924,0.5177955031394958,1.6021833890518524,0,0,240,79,251,72,0.9773064200698404,0.984027511926816,0.9830069212304682,0.9900697171591912,0.0021908730999866,0.0042727796324526,0.5999044094502616,0.7730816214693251,/kaggle/input/datasets/hintrngia/locked-resnet-xai-inputs/R-C0/ResNet50/seed_3407/best_checkpoint.pt,E03_XAI_R_C0_ResNet50,R,C0
E03_XAI_R_C0_ResNet50,R-C0,ResNet50,3407,100,pneumonia,E-A0A20FFCEFD96663F4AB4E87.jpeg,1,0.992214916169588,0.712890625,1,1,0.4035900889366922,0.4035900831222534,0.3404388427734375,1.1854995324528288,0.4100431002872611,0.4100430905818939,1.2044545121431558,0,0,144,207,255,233,0.9705831775686232,0.9860156234859884,0.9576506681921052,0.9912859603310128,0.0008094327960356,0.0072299070853578,0.8969548445661387,0.5129231943116042,/kaggle/input/datasets/hintrngia/locked-resnet-xai-inputs/R-C0/ResNet50/seed_3407/best_checkpoint.pt,E03_XAI_R_C0_ResNet50,R,C0
E03_XAI_R_C0_ResNet50,R-C0,ResNet50,3407,101,pneumonia,E-A0D5A9410E976B289DD85CF6.jpeg,1,0.937267897939048,0.712890625,1,1,0.3462587765939509,0.3462587893009186,0.2681732177734375,1.2911758283278043,0.2459990399942037,0.2459990382194519,0.9173139735453848,0,0,240,240,251,246,0.901944967415873,0.9774438272992464,0.9198607803956628,0.9753821983802208,0.0010354925773015,0.0018257701932254,0.6242163635717037,0.9796437426284476,/kaggle/input/datasets/hintrngia/locked-resnet-xai-inputs/R-C0/ResNet50/seed_3407/best_checkpoint.pt,E03_XAI_R_C0_ResNet50,R,C0
E03_XAI_R_C0_ResNet50,R-C0,ResNet50,3407,102,pneumonia,E-A540763BCA2A1AF575A9EE6B.jpeg,1,0.9819016473068264,0.712890625,1,1,0.4410287440395893,0.441028743982315,0.3713226318359375,1.187723845053566,0.45462636371061,0.4546263515949249,1.2243432657546145,0,0,240,240,255,243,0.9565223092786516,0.9782027929927568,0.9492785775737372,0.9854802668552676,0.0021889153393942,0.0112498461060787,-0.2368133137199777,0.0579213007424751,/kaggle/input/datasets/hintrngia/locked-resnet-xai-inputs/R-C0/ResNet50/seed_3407/best_checkpoint.pt,E03_XAI_R_C0_ResNet50,R,C0
E03_XAI_R_C0_ResNet50,R-C0,ResNet50,3407,103,pneumonia,E-A9AC7ECA864D894719491A2C.jpeg,1,0.9974514511431886,0.712890625,1,1,0.3381502570656273,0.3381502628326416,0.3572845458984375,0.9464452379693766,0.2561629592408635,0.2561629712581634,0.7169718426995187,0,0,240,111,250,83,0.9837077989284584,0.9941853900731424,0.9822407387311208,0.9957120132842548,0.0005038857029428,2.749744276331345e-05,0.6626869955092622,0.4540207599080114,/kaggle/input/datasets/hintrngia/locked-resnet-xai-inputs/R-C0/ResNet50/seed_3407/best_checkpoint.pt,E03_XAI_R_C0_ResNet50,R,C0
E03_XAI_R_C0_ResNet50,R-C0,ResNet50,3407,104,pneumonia,E-B15903E1E2039605DB9FB6A1.jpeg,1,0.951629404101278,0.712890625,1,1,0.3189704347145506,0.3189704418182373,0.2703704833984375,1.1797531694482075,0.2105540982474472,0.2105540931224823,0.7787614076835434,0,0,240,0,247,93,0.9079143638643832,0.9717527419824028,0.902841621358246,0.9748761093399254,0.004441277221428,0.000123627996847,0.6632024598625795,0.9258446963077288,/kaggle/input/datasets/hintrngia/locked-resnet-xai-inputs/R-C0/ResNet50/seed_3407/best_checkpoint.pt,E03_XAI_R_C0_ResNet50,R,C0
E03_XAI_R_C0_ResNet50,R-C0,ResNet50,3407,105,pneumonia,E-B29F964F9024332A9FD3DA8C.jpeg,1,0.9558859693044875,0.712890625,1,1,0.5095085256847699,0.5095085501670837,0.444091796875,1.1473045196288167,0.6428813516110838,0.6428813338279724,1.4476316746558546,0,1,112,175,155,196,0.9530050336079956,0.9720502407884368,0.9715488465398374,0.9839495426725938,0.0007058491902018,0.0010383685115054,-0.3420639316381546,0.0015418123549599,/kaggle/input/datasets/hintrngia/locked-resnet-xai-inputs/R-C0/ResNet50/seed_3407/best_checkpoint.pt,E03_XAI_R_C0_ResNet50,R,C0
E03_XAI_R_C0_ResNet50,R-C0,ResNet50,3407,106,pneumonia,E-B352C843937DC9BD58C4B554.jpeg,1,0.9175797106631908,0.712890625,1,1,0.3589083073339847,0.3589082956314087,0.322052001953125,1.1144420936908943,0.3554049899678383,0.3554050028324127,1.1035639828736972,0,0,240,207,255,201,0.8699878626448765,0.9724101667487648,0.8425078731359609,0.9715269701448344,0.0003091649033832,0.0085652623417248,0.925533729445498,0.589888803886914,/kaggle/input/datasets/hintrngia/locked-resnet-xai-inputs/R-C0/ResNet50/seed_3407/best_checkpoint.pt,E03_XAI_R_C0_ResNet50,R,C0
E03_XAI_R_C0_ResNet50,R-C0,ResNet50,3407,107,pneumonia,E-B41848B096ED1788DCCEEDA2.jpeg,1,0.9784360871981512,0.712890625,1,1,0.3441410437909094,0.3441410362720489,0.2685089111328125,1.2816745721362184,0.4969041648577184,0.4969041645526886,1.850605861687528,1,0,144,175,251,84,0.972381301346104,0.9765594570560362,0.9665367755581962,0.9833800163922856,0.0008880504242481,0.0003578772904314,0.4116838905662427,0.6695270640687166,/kaggle/input/datasets/hintrngia/locked-resnet-xai-inputs/R-C0/ResNet50/seed_3407/best_checkpoint.pt,E03_XAI_R_C0_ResNet50,R,C0
E03_XAI_R_C0_ResNet50,R-C0,ResNet50,3407,108,pneumonia,E-B813D1454C73F6C74F660590.jpeg,1,0.8261197100464224,0.712890625,1,1,0.2634025472149343,0.2634025514125824,0.2771453857421875,0.9504128907271888,0.2681324862393814,0.2681324779987335,0.9674795253088204,0,0,143,176,254,7,0.7861243925203376,0.9194962280198662,0.8405187083026716,0.9162638788453752,0.0024861902592647,0.0192726026827409,0.2170804377750249,0.4176642103351228,/kaggle/input/datasets/hintrngia/locked-resnet-xai-inputs/R-C0/ResNet50/seed_3407/best_checkpoint.pt,E03_XAI_R_C0_ResNet50,R,C0
E03_XAI_R_C0_ResNet50,R-C0,ResNet50,3407,109,pneumonia,E-BF1AD901130E35A45E611B5A.jpeg,1,0.993910852952705,0.712890625,1,1,0.4625079586843431,0.462507963180542,0.2906494140625,1.5912915571365551,0.6083804288386953,0.6083804368972778,2.0931761751560654,1,0,144,176,246,58,0.9882258100623382,0.9926444207461932,0.9882931375220492,0.9939735173945412,0.0019646729892982,0.0009528820090166,-0.2509410074827397,-0.0742536543189281,/kaggle/input/datasets/hintrngia/locked-resnet-xai-inputs/R-C0/ResNet50/seed_3407/best_checkpoint.pt,E03_XAI_R_C0_ResNet50,R,C0
E03_XAI_R_C0_ResNet50,R-C0,ResNet50,3407,110,pneumonia,E-BFFC08BEA9A0FA7A1279A0B5.jpeg,1,0.9948714317084102,0.712890625,1,1,0.3893010686122191,0.389301061630249,0.364898681640625,1.0668744180216774,0.3728368812939601,0.3728368878364563,1.021754530922513,0,0,240,176,255,186,0.970504036663704,0.9866989131099612,0.9673683959968442,0.9931882381665852,0.0005689602415379,0.0086200133933216,0.965031644706997,0.8596677297860899,/kaggle/input/datasets/hintrngia/locked-resnet-xai-inputs/R-C0/ResNet50/seed_3407/best_checkpoint.pt,E03_XAI_R_C0_ResNet50,R,C0
E03_XAI_R_C0_ResNet50,R-C0,ResNet50,3407,111,pneumonia,E-C378B1871ED2B8AC1E544A5B.jpeg,1,0.9924645076061492,0.712890625,1,1,0.3764313606769165,0.3764313459396362,0.2780303955078125,1.3539216098634763,0.4865443510591856,0.4865443408489227,1.7499682010325883,0,1,144,175,163,160,0.988328160934127,0.9898374126239854,0.9899990726677836,0.9947554404498462,0.0024405019331776,0.0026665660462168,0.9307733329212756,0.6996655768923665,/kaggle/input/datasets/hintrngia/locked-resnet-xai-inputs/R-C0/ResNet50/seed_3407/best_checkpoint.pt,E03_XAI_R_C0_ResNet50,R,C0
E03_XAI_R_C0_ResNet50,R-C0,ResNet50,3407,112,pneumonia,E-D2A52B478FEFC3F6A00973AF.jpeg,1,0.9720299830146706,0.712890625,1,1,0.4256328070095481,0.4256328046321869,0.35107421875,1.2123727242775446,0.5189003383798737,0.5189003348350525,1.478036012520141,0,0,144,175,251,214,0.9416920272720748,0.973786193451914,0.9508906600269426,0.980501454352134,0.0011887856208991,0.0024283338127014,0.7066522098099803,0.6055229743141671,/kaggle/input/datasets/hintrngia/locked-resnet-xai-inputs/R-C0/ResNet50/seed_3407/best_checkpoint.pt,E03_XAI_R_C0_ResNet50,R,C0
E03_XAI_R_C0_ResNet50,R-C0,ResNet50,3407,113,pneumonia,E-D33BB0B839138FAFF4DA3ED6.jpeg,1,0.9705504745437492,0.712890625,1,1,0.2713867971510029,0.2713868021965027,0.3347625732421875,0.8106844039422091,0.129289731357626,0.1292897313833236,0.3862132200306933,0,0,240,0,252,19,0.8819410975932158,0.9630751360479148,0.9026704219206256,0.9733727047088588,0.0025800638850009,0.0006228357738108,-0.0646458740980264,-0.0156785649347112,/kaggle/input/datasets/hintrngia/locked-resnet-xai-inputs/R-C0/ResNet50/seed_3407/best_checkpoint.pt,E03_XAI_R_C0_ResNet50,R,C0
E03_XAI_R_C0_ResNet50,R-C0,ResNet50,3407,114,pneumonia,E-DA47F22802134421DB0B257A.jpeg,1,0.9992367167772004,0.712890625,1,1,0.4436884604946001,0.4436884522438049,0.39227294921875,1.1310707541222231,0.3482696818972394,0.3482696712017059,0.8878248744677719,0,0,240,111,238,91,0.9952688797395142,0.9978079553287648,0.9965367501745336,0.997772335459582,0.0009225759685916,0.001366654128583,0.9494455605077454,0.9568132027470656,/kaggle/input/datasets/hintrngia/locked-resnet-xai-inputs/R-C0/ResNet50/seed_3407/best_checkpoint.pt,E03_XAI_R_C0_ResNet50,R,C0
E03_XAI_R_C0_ResNet50,R-C0,ResNet50,3407,115,pneumonia,E-E09BD72833F7B4079F215903.jpeg,1,0.9894399642585928,0.712890625,1,1,0.4784139570466211,0.4784139692783355,0.3171234130859375,1.5086049698795825,0.6405154745741967,0.6405154466629028,2.0197672204058392,1,0,112,175,131,159,0.9853431712354382,0.9803594122916804,0.9889938808726062,0.9860676996943204,0.0015181886490504,0.001360219028165,0.9351250097065104,0.8210299222763072,/kaggle/input/datasets/hintrngia/locked-resnet-xai-inputs/R-C0/ResNet50/seed_3407/best_checkpoint.pt,E03_XAI_R_C0_ResNet50,R,C0
E03_XAI_R_C0_ResNet50,R-C0,ResNet50,3407,116,pneumonia,E-E0D541D212A934D795DA0D1B.jpeg,1,0.9546286907392788,0.712890625,1,1,0.5014252710096628,0.5014252662658691,0.306488037109375,1.6360353759279729,0.7813112723723701,0.7813112735748291,2.549239049397374,0,1,112,112,203,179,0.9391278289195536,0.9451258764161974,0.9310590976997628,0.964906890745215,0.0027526475894642,0.0040527698499045,0.7511515801487342,0.9165388172251884,/kaggle/input/datasets/hintrngia/locked-resnet-xai-inputs/R-C0/ResNet50/seed_3407/best_checkpoint.pt,E03_XAI_R_C0_ResNet50,R,C0
E03_XAI_R_C0_ResNet50,R-C0,ResNet50,3407,117,pneumonia,E-E1AD2A3BA30BC31AC67A922E.jpeg,1,0.9974053952221072,0.712890625,1,1,0.4409756186510553,0.4409756064414978,0.3279571533203125,1.3446135087663686,0.5038620947640117,0.5038620829582214,1.5363656186876782,0,0,144,144,247,112,0.9938726786554614,0.9918808619291556,0.9917310618451176,0.9962073174012336,0.0021788898324489,0.0049699962798746,0.8739432717844454,0.450170863540787,/kaggle/input/datasets/hintrngia/locked-resnet-xai-inputs/R-C0/ResNet50/seed_3407/best_checkpoint.pt,E03_XAI_R_C0_ResNet50,R,C0
E03_XAI_R_C0_ResNet50,R-C0,ResNet50,3407,118,pneumonia,E-E280E4CD8F00E10AB30B96C9.jpeg,1,0.9615962456093088,0.712890625,1,1,0.4659225858024416,0.4659225940704345,0.3293609619140625,1.4146260172874134,0.6428305928930894,0.6428306102752686,1.9517510185703733,1,1,112,112,107,96,0.9254125462741518,0.944210002074203,0.944212306764486,0.9719348840431272,0.0026991255128795,0.0064196985864161,-0.1171996849289451,-0.0383620721926779,/kaggle/input/datasets/hintrngia/locked-resnet-xai-inputs/R-C0/ResNet50/seed_3407/best_checkpoint.pt,E03_XAI_R_C0_ResNet50,R,C0
E03_XAI_R_C0_ResNet50,R-C0,ResNet50,3407,119,pneumonia,E-E2EF7E089A1E8F497DBAC1CB.jpeg,1,0.9966763893172862,0.712890625,1,1,0.4494153606550075,0.4494153559207916,0.3351898193359375,1.3407786714565744,0.6063981068630001,0.6063981056213379,1.8091185110107693,1,1,112,144,199,166,0.9957738146889076,0.9951033313300898,0.9944325623622297,0.9980020883943844,0.0012695455695,0.0020193032449987,-0.2376981529392808,0.2635225887477801,/kaggle/input/datasets/hintrngia/locked-resnet-xai-inputs/R-C0/ResNet50/seed_3407/best_checkpoint.pt,E03_XAI_R_C0_ResNet50,R,C0
E03_XAI_R_C0_ResNet50,R-C0,ResNet50,3407,120,pneumonia,E-E7BF66D9C027E263610D5923.jpeg,1,0.8970934291223881,0.712890625,1,1,0.3806091536535253,0.3806091547012329,0.3877410888671875,0.981606449720099,0.4171956776775646,0.4171956777572632,1.075964579602411,0,0,112,207,251,174,0.8820019427053706,0.9242163807020952,0.9182471704599544,0.9261843138728456,0.0024921369268628,0.0003795024112744,0.8709853630550974,0.313268322016458,/kaggle/input/datasets/hintrngia/locked-resnet-xai-inputs/R-C0/ResNet50/seed_3407/best_checkpoint.pt,E03_XAI_R_C0_ResNet50,R,C0
E03_XAI_R_C0_ResNet50,R-C0,ResNet50,3407,121,pneumonia,E-EB1401E2B7015C0BDE01BE91.jpeg,1,0.9902470503770696,0.712890625,1,1,0.3599817936272225,0.3599818050861358,0.329986572265625,1.0908983088483148,0.3549023398592266,0.3549023270606994,1.0755053983637417,0,0,240,0,251,18,0.9701089266197168,0.9770042293388576,0.9796818216177994,0.9836323919769174,0.000994328929158,0.010470062742434,-0.2442200410325811,0.5856374978808079,/kaggle/input/datasets/hintrngia/locked-resnet-xai-inputs/R-C0/ResNet50/seed_3407/best_checkpoint.pt,E03_XAI_R_C0_ResNet50,R,C0
E03_XAI_R_C0_ResNet50,R-C0,ResNet50,3407,122,pneumonia,E-EB344A640162B22F1A6C369F.jpeg,1,0.9878716061503096,0.712890625,1,1,0.2612269898111711,0.2612269818782806,0.2807464599609375,0.9304729607187844,0.1723683331301644,0.1723683327436447,0.6139644045882089,0,0,240,0,247,26,0.9452379867856694,0.9801236081134844,0.9587709084025032,0.9851573080890984,0.0010896773598644,0.0044312388879988,0.8873806578408407,0.5224233260821041,/kaggle/input/datasets/hintrngia/locked-resnet-xai-inputs/R-C0/ResNet50/seed_3407/best_checkpoint.pt,E03_XAI_R_C0_ResNet50,R,C0
E03_XAI_R_C0_ResNet50,R-C0,ResNet50,3407,123,pneumonia,E-EC00E01864643AB223676743.jpeg,1,0.9589668653934724,0.712890625,1,1,0.4396015611563572,0.4396015703678131,0.3099517822265625,1.4182901546764648,0.5972832120611143,0.5972831845283508,1.927019769883188,0,1,112,143,163,132,0.9430988940127948,0.9634154933675084,0.967032238763854,0.977128362486408,0.002218960789747,0.0063936120114873,-0.0935597364976372,0.150866763094472,/kaggle/input/datasets/hintrngia/locked-resnet-xai-inputs/R-C0/ResNet50/seed_3407/best_checkpoint.pt,E03_XAI_R_C0_ResNet50,R,C0
E03_XAI_R_C0_ResNet50,R-C0,ResNet50,3407,124,pneumonia,E-EF92BEF2BC79AC7D99E44B1F.jpeg,1,0.9392057597435453,0.712890625,1,1,0.3880297915526361,0.3880297839641571,0.343048095703125,1.1311235841648235,0.5172238497074119,0.5172238349914551,1.5077298378447177,0,1,112,143,102,147,0.93334773671453,0.932075397621444,0.9546461989157442,0.9623290533635224,0.0005882552571828,0.0005921160947622,0.8665519570329728,0.8431480280490421,/kaggle/input/datasets/hintrngia/locked-resnet-xai-inputs/R-C0/ResNet50/seed_3407/best_checkpoint.pt,E03_XAI_R_C0_ResNet50,R,C0
E03_XAI_R_C0_ResNet50,R-C0,ResNet50,3407,125,pneumonia,E-F051ECCC0E91B0C03A0B3894.jpeg,1,0.9984592238336631,0.712890625,1,1,0.5054727580029452,0.5054727792739868,0.5049896240234375,1.0009567206067689,0.4335843894721228,0.4335843920707702,0.8586005906766896,0,0,240,240,255,203,0.9915835106737194,0.9969143413505251,0.9913496925191624,0.9972010358525156,0.0004211094286805,0.0016846810767066,-0.3432782669539813,0.7476060536431598,/kaggle/input/datasets/hintrngia/locked-resnet-xai-inputs/R-C0/ResNet50/seed_3407/best_checkpoint.pt,E03_XAI_R_C0_ResNet50,R,C0
E03_XAI_R_C0_ResNet50,R-C0,ResNet50,3407,126,pneumonia,E-FA7B18636100FBD243EBAF3A.jpeg,1,0.9846329847774647,0.712890625,1,1,0.3665686410470065,0.3665686547756195,0.2697601318359375,1.3588688534225135,0.3304739234061969,0.330473929643631,1.2250658433366437,0,0,240,0,251,6,0.9506535412015592,0.9859917083742988,0.9569236151718424,0.9884009993789562,0.0004943087410037,0.0023859068760765,-0.4605252252201761,-0.0179024244501964,/kaggle/input/datasets/hintrngia/locked-resnet-xai-inputs/R-C0/ResNet50/seed_3407/best_checkpoint.pt,E03_XAI_R_C0_ResNet50,R,C0
E03_XAI_R_C0_ResNet50,R-C0,ResNet50,3407,127,pneumonia,E-FDAF56855798F8C5BE7AC652.jpeg,1,0.9974344783135723,0.712890625,1,1,0.464187845797559,0.4641878604888916,0.37738037109375,1.2300264702486183,0.4701491741312859,0.4701491594314575,1.2458230743922023,1,0,144,176,253,18,0.994752970710481,0.9946237293143484,0.9942814886619348,0.9964979136572696,0.0004313447714284,0.0038792902684864,-0.1891107297995299,0.0114438753526976,/kaggle/input/datasets/hintrngia/locked-resnet-xai-inputs/R-C0/ResNet50/seed_3407/best_checkpoint.pt,E03_XAI_R_C0_ResNet50,R,C0
E03_XAI_R_C0_ResNet50,R-C0,ResNet50,42,0,normal,E-03B36F677CCFA6787A3BC686.jpeg,0,0.8058682532226082,0.4501953125,1,0,0.3537098473649754,0.3537098467350006,0.3590850830078125,0.9850307464798806,0.2657840470492165,0.2657840549945831,0.7401701146227618,0,0,240,240,7,136,0.8013201586659103,0.943046082610618,0.8566946917949028,0.9477765738072158,0.0006569940797241,0.0013255696709467,-0.4620810796741345,-0.1091734065602229,/kaggle/input/datasets/hintrngia/locked-resnet-xai-inputs/R-C0/ResNet50/seed_42/best_checkpoint.pt,E03_XAI_R_C0_ResNet50,R,C0
E03_XAI_R_C0_ResNet50,R-C0,ResNet50,42,1,normal,E-06530ECE35CCF9FF05F7DDEB.jpeg,0,0.0644865560240579,0.4501953125,0,1,0.2813288641852968,0.2813288569450378,0.2779541015625,1.012141438474287,0.1425039750644312,0.1425039768218994,0.512688872959078,0,0,207,208,95,1,0.5525954128277029,0.6428181768585812,0.4404293485996801,0.7684270952035359,0.0005103215855644,0.0010560722621383,0.446250587768174,0.0549966951266185,/kaggle/input/datasets/hintrngia/locked-resnet-xai-inputs/R-C0/ResNet50/seed_42/best_checkpoint.pt,E03_XAI_R_C0_ResNet50,R,C0
E03_XAI_R_C0_ResNet50,R-C0,ResNet50,42,2,normal,E-10FEC5D206E4A3A02E4F32C9.jpeg,0,0.4810128847608159,0.4501953125,1,0,0.1020897776556192,0.1020897775888443,0.2476806640625,0.4121830746943482,0.0616684079799016,0.0616684071719646,0.2489835377877546,0,0,143,240,253,118,0.5873934907070274,0.8348868097678364,0.6942876079308282,0.8308541338554125,0.0011793463936318,0.0051976295856404,0.0313599668112142,0.2073906887954062,/kaggle/input/datasets/hintrngia/locked-resnet-xai-inputs/R-C0/ResNet50/seed_42/best_checkpoint.pt,E03_XAI_R_C0_ResNet50,R,C0
E03_XAI_R_C0_ResNet50,R-C0,ResNet50,42,3,normal,E-16E04AC17A9CE052EFE7227B.jpeg,0,0.0493172984696291,0.4501953125,0,1,0.4013242011335525,0.4013242125511169,0.3753509521484375,1.0691972375091874,0.165446196088932,0.1654461920261383,0.4407773448873632,0,0,112,47,124,1,0.4189262690085833,0.8136923520027173,0.4097235091511588,0.8301886922410793,0.002037769501107,0.0029163724937008,0.9764914787851908,0.9904946821054554,/kaggle/input/datasets/hintrngia/locked-resnet-xai-inputs/R-C0/ResNet50/seed_42/best_checkpoint.pt,E03_XAI_R_C0_ResNet50,R,C0
E03_XAI_R_C0_ResNet50,R-C0,ResNet50,42,4,normal,E-256958BC036CED77CAAB2A55.jpeg,0,0.4694585123727848,0.4501953125,1,0,0.3578722221877456,0.3578722178936004,0.3496246337890625,1.0235898377906036,0.3466366660842845,0.3466366529464721,0.9914537838126684,0,0,240,240,222,195,0.5442635484404974,0.7446213644402784,0.7425198496799479,0.784148790873463,0.000268872906496,0.0153049045355696,-0.2429317104959945,-0.0309519757213848,/kaggle/input/datasets/hintrngia/locked-resnet-xai-inputs/R-C0/ResNet50/seed_42/best_checkpoint.pt,E03_XAI_R_C0_ResNet50,R,C0
E03_XAI_R_C0_ResNet50,R-C0,ResNet50,42,5,normal,E-280031A047E47DC7EA750C62.jpeg,0,0.1184611129375164,0.4501953125,0,1,0.5457641640359732,0.545764148235321,0.3791046142578125,1.439613614580863,0.6639792133668005,0.6639792323112488,1.751440600813308,0,0,112,47,107,2,0.3496999642554715,0.6047929037012951,0.3641701304736078,0.7246059341022544,0.0008231264003477,0.0128479624272672,0.8503504480030413,0.85929660851627,/kaggle/input/datasets/hintrngia/locked-resnet-xai-inputs/R-C0/ResNet50/seed_42/best_checkpoint.pt,E03_XAI_R_C0_ResNet50,R,C0
E03_XAI_R_C0_ResNet50,R-C0,ResNet50,42,6,normal,E-28020DB22FEE86C7B17E72DA.jpeg,0,0.1670777433554464,0.4501953125,0,1,0.2665091642659899,0.2665091753005981,0.3710174560546875,0.7183197445747858,0.0651690373094686,0.0651690363883972,0.1756495179565427,0,0,80,47,69,33,0.2763321732100015,0.4713042498585846,0.2046942169010259,0.5977811448497762,7.902360511224948e-05,9.415286663719268e-05,0.7343689657834376,0.8952016835884404,/kaggle/input/datasets/hintrngia/locked-resnet-xai-inputs/R-C0/ResNet50/seed_42/best_checkpoint.pt,E03_XAI_R_C0_ResNet50,R,C0
E03_XAI_R_C0_ResNet50,R-C0,ResNet50,42,7,normal,E-28234EA54B2F1B13D8D5995E.jpeg,0,0.2195210234617421,0.4501953125,0,1,0.3743904406068756,0.3743904531002044,0.3462677001953125,1.0812167591597497,0.5038058005844237,0.5038058161735535,1.454960425994835,0,1,207,208,189,195,0.5691491388970751,0.6034308527790013,0.4747814775221806,0.6974724889699269,0.001573547443652,0.0004837073209196,0.7778337632613916,0.9359451324286736,/kaggle/input/datasets/hintrngia/locked-resnet-xai-inputs/R-C0/ResNet50/seed_42/best_checkpoint.pt,E03_XAI_R_C0_ResNet50,R,C0
E03_XAI_R_C0_ResNet50,R-C0,ResNet50,42,8,normal,E-28CAAFCB1AFEEA2D46764B17.jpeg,0,0.5289266629337278,0.4501953125,1,0,0.2894272642991353,0.289427250623703,0.38934326171875,0.7433729892266866,0.2115918326024184,0.2115918397903442,0.5434583140551847,0,0,0,111,7,86,0.6343921259827388,0.7704640076882259,0.7558386272228896,0.8004908632160317,0.0037528084361558,0.0169012372030921,-0.3694890071462446,-0.0605208054034587,/kaggle/input/datasets/hintrngia/locked-resnet-xai-inputs/R-C0/ResNet50/seed_42/best_checkpoint.pt,E03_XAI_R_C0_ResNet50,R,C0
E03_XAI_R_C0_ResNet50,R-C0,ResNet50,42,9,normal,E-29AE82E82E5A6A48DC6D8B99.jpeg,0,0.0589334461881244,0.4501953125,0,1,0.3124199338383028,0.3124199211597442,0.3269195556640625,0.9556477378775736,0.0795014268013253,0.0795014277100563,0.2431834542287821,0,0,112,47,118,0,0.6098689021865261,0.8305045523863135,0.5602506532888325,0.8824719089467681,0.0013254605110468,0.0007836212493616,0.3712088008208504,0.2266236474212462,/kaggle/input/datasets/hintrngia/locked-resnet-xai-inputs/R-C0/ResNet50/seed_42/best_checkpoint.pt,E03_XAI_R_C0_ResNet50,R,C0
E03_XAI_R_C0_ResNet50,R-C0,ResNet50,42,10,normal,E-2B646E91E652E02CC65E6BA0.jpeg,0,0.0057554011834305,0.4501953125,0,1,0.3269535977969951,0.3269535899162292,0.2742767333984375,1.1920573566188524,0.2165966465086811,0.2165966480970382,0.7897011307701212,0,0,143,47,107,26,0.7849153134373097,0.890211771181276,0.7427117130694676,0.9422448994005472,0.0004614188465412,0.0021559164594799,0.5476196871002607,0.8049527063384427,/kaggle/input/datasets/hintrngia/locked-resnet-xai-inputs/R-C0/ResNet50/seed_42/best_checkpoint.pt,E03_XAI_R_C0_ResNet50,R,C0
E03_XAI_R_C0_ResNet50,R-C0,ResNet50,42,11,normal,E-2F227E134B6699426A9E9AB9.jpeg,0,0.541229522875531,0.4501953125,1,0,0.3496643288629976,0.3496643304824829,0.3509368896484375,0.9963738187036572,0.3207989959559151,0.3207989931106567,0.9141216139382954,0,0,143,175,226,226,0.709427951869978,0.7891446170159325,0.7847389101569996,0.8183217807943016,0.0009460428835682,0.0064041467314279,0.7999271003757226,0.4141829104058195,/kaggle/input/datasets/hintrngia/locked-resnet-xai-inputs/R-C0/ResNet50/seed_42/best_checkpoint.pt,E03_XAI_R_C0_ResNet50,R,C0
E03_XAI_R_C0_ResNet50,R-C0,ResNet50,42,12,normal,E-2F5E9CF0C3839769BD6D37AD.jpeg,0,0.34589956793466,0.4501953125,0,1,0.372305003686163,0.3723050057888031,0.3790740966796875,0.9821430874522552,0.4255923804184492,0.4255923926830292,1.1227155433362914,0,0,207,240,142,1,0.3631415083335743,0.5333269903269094,0.3893370427697224,0.5746082203680474,0.0017252861082588,0.0076516729115067,0.5704536660609346,0.5002336404858166,/kaggle/input/datasets/hintrngia/locked-resnet-xai-inputs/R-C0/ResNet50/seed_42/best_checkpoint.pt,E03_XAI_R_C0_ResNet50,R,C0
E03_XAI_R_C0_ResNet50,R-C0,ResNet50,42,13,normal,E-306538194ADB5E9E447B7A10.jpeg,0,0.0268200947728984,0.4501953125,0,1,0.4071058574381941,0.4071058630943298,0.2563934326171875,1.5878170251186987,0.5135186987537036,0.5135186910629272,2.00285433800647,0,0,80,175,87,42,0.4717724521474499,0.8098211333263912,0.4181308249746914,0.8895994723000147,5.011393812937026e-05,0.0018939081101587,0.019527111310088,0.1826836559993845,/kaggle/input/datasets/hintrngia/locked-resnet-xai-inputs/R-C0/ResNet50/seed_42/best_checkpoint.pt,E03_XAI_R_C0_ResNet50,R,C0
E03_XAI_R_C0_ResNet50,R-C0,ResNet50,42,14,normal,E-36FB7A78C2BFA1A3824C3EFA.jpeg,0,0.3787730709063063,0.4501953125,0,1,0.3894125813904345,0.3894125819206238,0.3275299072265625,1.1889374765433738,0.5623589948297526,0.5623589754104614,1.7169699084632035,0,1,207,240,202,215,0.2150372006684173,0.3616088869751648,0.1677424416583105,0.4007068063617535,0.0020642273225272,0.0062338999921499,0.5264806481379296,0.7953662335368502,/kaggle/input/datasets/hintrngia/locked-resnet-xai-inputs/R-C0/ResNet50/seed_42/best_checkpoint.pt,E03_XAI_R_C0_ResNet50,R,C0
E03_XAI_R_C0_ResNet50,R-C0,ResNet50,42,15,normal,E-3B865A0E9283DC8B3D382B5F.jpeg,0,0.9333028601593762,0.4501953125,1,0,0.224290654922124,0.2242906540632248,0.360931396484375,0.6214218466634109,0.1336604594131006,0.1336604654788971,0.3703209549377257,0,0,240,240,255,211,0.8691964682317642,0.9492652434940672,0.8972373345191932,0.9569827877888898,0.0009155528627025,0.0042051711408169,-0.2140414542185071,-0.0528067361876249,/kaggle/input/datasets/hintrngia/locked-resnet-xai-inputs/R-C0/ResNet50/seed_42/best_checkpoint.pt,E03_XAI_R_C0_ResNet50,R,C0
E03_XAI_R_C0_ResNet50,R-C0,ResNet50,42,16,normal,E-3D66EC3C4F2D4073FE577EEA.jpeg,0,0.0334098835982836,0.4501953125,0,1,0.2566907424133771,0.2566907405853271,0.2598114013671875,0.9879887528515346,0.2502198187845246,0.2502198219299316,0.9630825185800554,0,0,80,207,122,31,0.4522643166133875,0.8155825190594559,0.416733773567549,0.8916240803384006,0.0007665789594307,8.060816361427081e-05,0.4365104310932972,0.4228992789701143,/kaggle/input/datasets/hintrngia/locked-resnet-xai-inputs/R-C0/ResNet50/seed_42/best_checkpoint.pt,E03_XAI_R_C0_ResNet50,R,C0
E03_XAI_R_C0_ResNet50,R-C0,ResNet50,42,17,normal,E-40D9418B91304B06987F2A6E.jpeg,0,0.5398951987631081,0.4501953125,1,0,0.3601737426176283,0.3601737320423126,0.3151092529296875,1.1430122704076746,0.3776517391168393,0.3776517510414123,1.1984787358850022,0,0,240,240,234,199,0.5991711979547526,0.8179787645048688,0.6926825879346227,0.8371433421710062,0.0041480810059069,0.0077302249408663,0.3660905712516097,0.1652812052076966,/kaggle/input/datasets/hintrngia/locked-resnet-xai-inputs/R-C0/ResNet50/seed_42/best_checkpoint.pt,E03_XAI_R_C0_ResNet50,R,C0
E03_XAI_R_C0_ResNet50,R-C0,ResNet50,42,18,normal,E-44BF14DBF8A5FE52BF53ED2E.jpeg,0,0.5045070735903439,0.4501953125,1,0,0.3206907283179112,0.3206907212734222,0.32672119140625,0.981542479499469,0.2746967818305584,0.2746967673301697,0.8407681811156118,0,0,0,80,7,65,0.6255506485739628,0.8266213599236192,0.7243238734327007,0.8029306226393378,0.0007229010935916,0.0040767543261795,-0.1365315604092936,0.0463362478579837,/kaggle/input/datasets/hintrngia/locked-resnet-xai-inputs/R-C0/ResNet50/seed_42/best_checkpoint.pt,E03_XAI_R_C0_ResNet50,R,C0
E03_XAI_R_C0_ResNet50,R-C0,ResNet50,42,19,normal,E-47080ACF9F207EB21662EAAE.jpeg,0,0.7433087813690534,0.4501953125,1,0,0.3232864306716173,0.3232864439487457,0.3899383544921875,0.8290706132066175,0.3043047485327332,0.3043047487735748,0.780391938948981,1,0,143,176,134,206,0.8202084250477002,0.947647977968098,0.8880369941693774,0.9580315268069262,0.0002664077404196,2.582395610839505e-05,-0.1587563220856395,-0.0404352717642177,/kaggle/input/datasets/hintrngia/locked-resnet-xai-inputs/R-C0/ResNet50/seed_42/best_checkpoint.pt,E03_XAI_R_C0_ResNet50,R,C0
E03_XAI_R_C0_ResNet50,R-C0,ResNet50,42,20,normal,E-4F18C9F59223CD9D0CA81789.jpeg,0,0.4820995293554004,0.4501953125,1,0,0.5350299247101694,0.535029947757721,0.305145263671875,1.7533613934296262,0.6381702385772612,0.6381702423095703,2.0913653743074003,1,0,144,144,208,135,0.6670253523910863,0.8971470178621217,0.778688482624126,0.8978871800921926,0.0007413280867658,0.0083419132413007,0.7541659933131418,0.307487000056286,/kaggle/input/datasets/hintrngia/locked-resnet-xai-inputs/R-C0/ResNet50/seed_42/best_checkpoint.pt,E03_XAI_R_C0_ResNet50,R,C0
E03_XAI_R_C0_ResNet50,R-C0,ResNet50,42,21,normal,E-57BEC1C15CFD6C2BBAF49905.jpeg,0,0.0367310559063778,0.4501953125,0,1,0.2927978464333508,0.2927978336811065,0.3210601806640625,0.9119718484794486,0.0892374627773077,0.0892374664545059,0.2779462174123681,0,0,112,47,110,5,0.473360368506368,0.7747926829123466,0.4602433014122497,0.8627810682574361,0.0009490288147144,0.0003948983901478,0.0106980635709016,-0.0352522385942656,/kaggle/input/datasets/hintrngia/locked-resnet-xai-inputs/R-C0/ResNet50/seed_42/best_checkpoint.pt,E03_XAI_R_C0_ResNet50,R,C0
E03_XAI_R_C0_ResNet50,R-C0,ResNet50,42,22,normal,E-5822F4C00AF6A5D69871506D.jpeg,0,0.3411348897696215,0.4501953125,0,1,0.5564646944133793,0.556464672088623,0.414520263671875,1.3424306196376068,0.6932334363708554,0.6932334303855896,1.6723752663623788,0,1,111,208,86,103,0.2997581816119825,0.43054915618843,0.2994915295998244,0.5074039069491667,0.0005240769814007,0.0068476637921599,0.5390014676054578,0.4883950505774536,/kaggle/input/datasets/hintrngia/locked-resnet-xai-inputs/R-C0/ResNet50/seed_42/best_checkpoint.pt,E03_XAI_R_C0_ResNet50,R,C0
E03_XAI_R_C0_ResNet50,R-C0,ResNet50,42,23,normal,E-592EC4B388705AD74965EF2F.jpeg,0,0.0762849842967366,0.4501953125,0,1,0.2092307393144044,0.2092307358980178,0.3038330078125,0.6886372906643635,0.0778794886550348,0.0778794884681701,0.2563233310815772,0,0,79,47,98,11,0.4720105339713188,0.7022669290895067,0.4064295242753691,0.7576265067083914,8.766509641755516e-05,0.0006077021356677,0.804871473730168,0.9445460412955626,/kaggle/input/datasets/hintrngia/locked-resnet-xai-inputs/R-C0/ResNet50/seed_42/best_checkpoint.pt,E03_XAI_R_C0_ResNet50,R,C0
E03_XAI_R_C0_ResNet50,R-C0,ResNet50,42,24,normal,E-5EB53A5E9ABA53D43AB743A8.jpeg,0,0.2179186731168229,0.4501953125,0,1,0.2784926871971075,0.2784926891326904,0.2571563720703125,1.0829701980745057,0.1551820567252957,0.1551820635795593,0.6034540597845476,0,0,111,47,111,1,0.3888450356655211,0.5285181948912065,0.3071701677976594,0.6256502253140964,5.445732562048278e-05,0.0028322439714431,0.7642234299595455,0.8431753179993163,/kaggle/input/datasets/hintrngia/locked-resnet-xai-inputs/R-C0/ResNet50/seed_42/best_checkpoint.pt,E03_XAI_R_C0_ResNet50,R,C0
E03_XAI_R_C0_ResNet50,R-C0,ResNet50,42,25,normal,E-5FBF0EE47B9EC5825E465989.jpeg,0,0.2690354297271705,0.4501953125,0,1,0.3229958105043823,0.3229958117008209,0.329376220703125,0.9806288074314462,0.5053555675221563,0.5053555965423584,1.534280666780878,0,1,207,207,195,183,0.4387932570517532,0.5881493136139865,0.4406295887330572,0.606213885725383,0.0001472188175581,0.0009186578220918,-0.124254731249779,0.1639847751510278,/kaggle/input/datasets/hintrngia/locked-resnet-xai-inputs/R-C0/ResNet50/seed_42/best_checkpoint.pt,E03_XAI_R_C0_ResNet50,R,C0
E03_XAI_R_C0_ResNet50,R-C0,ResNet50,42,26,normal,E-67976418F9EE68ADAB32C212.jpeg,0,0.2385818709338708,0.4501953125,0,1,0.1728894965782679,0.1728895008563995,0.26171875,0.6605927033438296,0.0645066709948582,0.06450667232275,0.2464732503684134,0,0,112,47,114,22,0.4471971187792059,0.4827002171644415,0.321253929538644,0.5375205515238641,0.0004662112436355,0.00081137649629,0.8549048170823568,0.9327313525133816,/kaggle/input/datasets/hintrngia/locked-resnet-xai-inputs/R-C0/ResNet50/seed_42/best_checkpoint.pt,E03_XAI_R_C0_ResNet50,R,C0
E03_XAI_R_C0_ResNet50,R-C0,ResNet50,42,27,normal,E-74019A53B16F834307F73E46.jpeg,0,0.3455019545053042,0.4501953125,0,1,0.398506559987563,0.3985065519809723,0.372467041015625,1.069910934672058,0.5624660250041743,0.562466025352478,1.5101095212893718,0,1,48,47,183,195,0.2855825542185171,0.4328264635781279,0.2180895281785579,0.4966974437971703,0.000988101305239,0.0006615977825464,0.1000135841514175,0.4295421549944672,/kaggle/input/datasets/hintrngia/locked-resnet-xai-inputs/R-C0/ResNet50/seed_42/best_checkpoint.pt,E03_XAI_R_C0_ResNet50,R,C0
E03_XAI_R_C0_ResNet50,R-C0,ResNet50,42,28,normal,E-778E5DF620CB9DE6A84B008B.jpeg,0,0.92262237028059,0.4501953125,1,0,0.4452238374219661,0.4452238380908966,0.3386688232421875,1.3146289438741143,0.5273756555648752,0.5273756384849548,1.5572016653795748,1,1,144,176,143,179,0.909151164571552,0.9457917613642016,0.9402986326588764,0.9563595995425364,0.0003112225282976,0.0069045025666067,0.5615027619294878,0.4514699122212108,/kaggle/input/datasets/hintrngia/locked-resnet-xai-inputs/R-C0/ResNet50/seed_42/best_checkpoint.pt,E03_XAI_R_C0_ResNet50,R,C0
E03_XAI_R_C0_ResNet50,R-C0,ResNet50,42,29,normal,E-77C42172A076E16EE5474210.jpeg,0,0.628536631213887,0.4501953125,1,0,0.2643350649424009,0.2643350660800934,0.39276123046875,0.6730172034213359,0.299552310497129,0.299552321434021,0.7626829922587354,0,1,240,207,228,206,0.5378668048332211,0.8527473523969382,0.5536179388623699,0.8756771211992253,0.0034272542503064,0.0103852023951001,0.9360820517218916,0.9378609853139762,/kaggle/input/datasets/hintrngia/locked-resnet-xai-inputs/R-C0/ResNet50/seed_42/best_checkpoint.pt,E03_XAI_R_C0_ResNet50,R,C0
E03_XAI_R_C0_ResNet50,R-C0,ResNet50,42,30,normal,E-7B1FB0C84C51C5CD8EDBCCFD.jpeg,0,0.9872645219055964,0.4501953125,1,0,0.304724641142155,0.304724633693695,0.388427734375,0.7845079384778547,0.2418142405150638,0.2418142408132553,0.6225462785353247,0,0,240,240,255,219,0.9553126392566134,0.9914633316020648,0.9514155027061058,0.9930311910403066,0.0010273545917897,0.0077337637517157,0.3099043883967179,0.2087786579881058,/kaggle/input/datasets/hintrngia/locked-resnet-xai-inputs/R-C0/ResNet50/seed_42/best_checkpoint.pt,E03_XAI_R_C0_ResNet50,R,C0
E03_XAI_R_C0_ResNet50,R-C0,ResNet50,42,31,normal,E-7B7A8A9BEAA512F9DC3E0865.jpeg,0,0.4708406311300995,0.4501953125,1,0,0.1672305682755143,0.1672305613756179,0.356475830078125,0.469121758518282,0.1877508652087493,0.1877508610486984,0.5266861014605169,0,1,240,208,212,227,0.5487554949572933,0.8908838378716694,0.7407552152536874,0.8743712785570382,0.0004719069767746,0.0051108988680796,0.2473649344136556,0.1976363774955836,/kaggle/input/datasets/hintrngia/locked-resnet-xai-inputs/R-C0/ResNet50/seed_42/best_checkpoint.pt,E03_XAI_R_C0_ResNet50,R,C0
E03_XAI_R_C0_ResNet50,R-C0,ResNet50,42,32,normal,E-82FCB2C3D1996A8155B45525.jpeg,0,0.1552045346942606,0.4501953125,0,1,0.2838523971490569,0.2838523983955383,0.2450714111328125,1.158243614940576,0.3767472515854341,0.3767472505569458,1.5372958022478682,0,1,112,47,177,189,0.2910826774136353,0.5795244737281745,0.2635248395473986,0.7166595452293145,0.0006633733759535,0.0010847179362922,0.6654562343512791,0.7628619153950488,/kaggle/input/datasets/hintrngia/locked-resnet-xai-inputs/R-C0/ResNet50/seed_42/best_checkpoint.pt,E03_XAI_R_C0_ResNet50,R,C0
E03_XAI_R_C0_ResNet50,R-C0,ResNet50,42,33,normal,E-843CBB869621D4078F498542.jpeg,0,0.5818728015448145,0.4501953125,1,0,0.3650846696695902,0.3650846779346466,0.3597412109375,1.0148536185725423,0.406030687777006,0.4060306847095489,1.128674378781552,0,1,240,240,223,226,0.5654922489093491,0.7775636519167134,0.7000652264487379,0.7489745581646636,0.000508203504776,0.012445058657119,0.4677464036875328,0.703754813973135,/kaggle/input/datasets/hintrngia/locked-resnet-xai-inputs/R-C0/ResNet50/seed_42/best_checkpoint.pt,E03_XAI_R_C0_ResNet50,R,C0
E03_XAI_R_C0_ResNet50,R-C0,ResNet50,42,34,normal,E-845A5BC2008587BFFF60937F.jpeg,0,0.7807261943927433,0.4501953125,1,0,0.19263260356028,0.1926326006650924,0.3625030517578125,0.531395812052301,0.2023841080207399,0.2023841142654419,0.5582962875467108,0,1,143,240,99,192,0.7735219801472021,0.9310872532952762,0.8530981450415248,0.9376176403566484,0.0007718053278274,0.0091568284653354,0.8296701173547938,0.740233080374889,/kaggle/input/datasets/hintrngia/locked-resnet-xai-inputs/R-C0/ResNet50/seed_42/best_checkpoint.pt,E03_XAI_R_C0_ResNet50,R,C0
E03_XAI_R_C0_ResNet50,R-C0,ResNet50,42,35,normal,E-8BB569A271B438E1FF7419AA.jpeg,0,0.4937075816320841,0.4501953125,1,0,0.2911692930334986,0.2911692857742309,0.3291015625,0.8847399289801263,0.2398946078338084,0.239894613623619,0.7289379181656376,0,0,0,144,7,133,0.641843864505892,0.8238219894789982,0.7458878546071287,0.8260978846356659,0.0002751357447521,0.0021840045195789,-0.0752641202969375,0.1396041560057928,/kaggle/input/datasets/hintrngia/locked-resnet-xai-inputs/R-C0/ResNet50/seed_42/best_checkpoint.pt,E03_XAI_R_C0_ResNet50,R,C0
E03_XAI_R_C0_ResNet50,R-C0,ResNet50,42,36,normal,E-8E65534102472D38A215B619.jpeg,0,0.5334004271770674,0.4501953125,1,0,0.1857057929102032,0.1857057958841323,0.4018096923828125,0.4621735026074917,0.0651933437449864,0.0651933401823043,0.1622493060293712,0,0,240,111,254,79,0.6574833921876899,0.8592141138523528,0.7280809645417645,0.8487025596436759,0.002001145740987,0.0043270578966099,-0.1565485658930309,-0.0320516596375606,/kaggle/input/datasets/hintrngia/locked-resnet-xai-inputs/R-C0/ResNet50/seed_42/best_checkpoint.pt,E03_XAI_R_C0_ResNet50,R,C0
E03_XAI_R_C0_ResNet50,R-C0,ResNet50,42,37,normal,E-91CCC5E035FBDB0CCBB30E2A.jpeg,0,0.1018330710306444,0.4501953125,0,1,0.4761063109263373,0.4761063158512115,0.4178619384765625,1.139386642062021,0.6477110564292019,0.6477110385894775,1.5500599523149234,0,1,79,207,68,185,0.5767796732070636,0.6800257339307018,0.5667501116627615,0.7738485578322103,0.0007439039403562,0.0003059603263841,0.7417142010543206,0.7636452372696998,/kaggle/input/datasets/hintrngia/locked-resnet-xai-inputs/R-C0/ResNet50/seed_42/best_checkpoint.pt,E03_XAI_R_C0_ResNet50,R,C0
E03_XAI_R_C0_ResNet50,R-C0,ResNet50,42,38,normal,E-91CD2D4F539A3D56107014E7.jpeg,0,0.7746513983955413,0.4501953125,1,0,0.2725920237503638,0.2725920379161834,0.376434326171875,0.7241423132753888,0.2240903687096162,0.2240903675556183,0.595297381587086,0,0,240,208,241,206,0.7818340555808055,0.8893827302422569,0.8692346867448953,0.9044905631039892,0.0021093138217322,0.004461829249779,0.7744786846326638,0.900779038477878,/kaggle/input/datasets/hintrngia/locked-resnet-xai-inputs/R-C0/ResNet50/seed_42/best_checkpoint.pt,E03_XAI_R_C0_ResNet50,R,C0
E03_XAI_R_C0_ResNet50,R-C0,ResNet50,42,39,normal,E-93DEE19500CF7BC746908FEA.jpeg,0,0.2002290176341785,0.4501953125,0,1,0.406013796845289,0.4060137867927551,0.3555908203125,1.1418005574173045,0.5694712103146794,0.5694712400436401,1.601478940919277,0,1,80,208,191,200,0.4188611868266636,0.6639301412426064,0.3118641076821151,0.7196542382299778,0.0004002925727817,0.0006167435036515,0.5973836010329452,0.5546368503431547,/kaggle/input/datasets/hintrngia/locked-resnet-xai-inputs/R-C0/ResNet50/seed_42/best_checkpoint.pt,E03_XAI_R_C0_ResNet50,R,C0
E03_XAI_R_C0_ResNet50,R-C0,ResNet50,42,40,normal,E-9A48264C99FDAC90E29908DD.jpeg,0,0.9328061218716932,0.4501953125,1,0,0.2039126143289397,0.203912615776062,0.3754425048828125,0.5431260757025562,0.1135782530809782,0.1135782524943351,0.3025183659384267,0,0,240,240,255,211,0.8781061034737554,0.9380935424097032,0.910640429149404,0.9555285708826636,0.000651753783503,0.0031408437955855,0.715774577293248,0.8891105076279648,/kaggle/input/datasets/hintrngia/locked-resnet-xai-inputs/R-C0/ResNet50/seed_42/best_checkpoint.pt,E03_XAI_R_C0_ResNet50,R,C0
E03_XAI_R_C0_ResNet50,R-C0,ResNet50,42,41,normal,E-A5B76F5465A7745EBBAE1D8D.jpeg,0,0.3645370687906946,0.4501953125,0,1,0.4430216937566421,0.443021684885025,0.36846923828125,1.2023302021714135,0.6365309775858707,0.6365309953689575,1.727500999961389,0,1,176,208,179,186,0.2563723203427563,0.439028754736885,0.1694365631914853,0.510468210826692,0.0001700174120795,0.0024715143536757,0.4225242292259223,0.6528482487135571,/kaggle/input/datasets/hintrngia/locked-resnet-xai-inputs/R-C0/ResNet50/seed_42/best_checkpoint.pt,E03_XAI_R_C0_ResNet50,R,C0
E03_XAI_R_C0_ResNet50,R-C0,ResNet50,42,42,normal,E-A92185A886C303721C499620.jpeg,0,0.9313625310225296,0.4501953125,1,0,0.3280889397466265,0.3280889391899109,0.4248199462890625,0.7723011657352437,0.3387647574574196,0.3387647569179535,0.7974313833816835,0,0,0,143,7,131,0.9250129425869074,0.9275152088736208,0.960603985871256,0.9587594157790078,0.0006146992714023,0.0040295522633287,0.5695387082214299,0.8853461986781934,/kaggle/input/datasets/hintrngia/locked-resnet-xai-inputs/R-C0/ResNet50/seed_42/best_checkpoint.pt,E03_XAI_R_C0_ResNet50,R,C0
E03_XAI_R_C0_ResNet50,R-C0,ResNet50,42,43,normal,E-B1906A980682154F21AC8637.jpeg,0,0.0762680681107831,0.4501953125,0,1,0.4315277465379565,0.4315277338027954,0.37506103515625,1.1505533928849276,0.6138912812523769,0.6138913035392761,1.6367770141641893,0,1,207,208,201,200,0.427378828731669,0.6256952404325078,0.3982922453161394,0.747821348317119,0.000364432253405,0.0001397272696271,0.7014572554226012,0.9176187050305752,/kaggle/input/datasets/hintrngia/locked-resnet-xai-inputs/R-C0/ResNet50/seed_42/best_checkpoint.pt,E03_XAI_R_C0_ResNet50,R,C0
E03_XAI_R_C0_ResNet50,R-C0,ResNet50,42,44,normal,E-B701F1D8C0C0617522833A87.jpeg,0,0.0577431570578917,0.4501953125,0,1,0.2825410809960652,0.2825410664081573,0.2968597412109375,0.9517662443669048,0.286514099022511,0.2865141034126282,0.9651497298144068,0,0,80,207,75,26,0.4503257967872554,0.7103498285273551,0.4550169517054169,0.7888068244868499,7.014955375517218e-05,0.0001740900232658,0.600920956349805,0.7123781830233683,/kaggle/input/datasets/hintrngia/locked-resnet-xai-inputs/R-C0/ResNet50/seed_42/best_checkpoint.pt,E03_XAI_R_C0_ResNet50,R,C0
E03_XAI_R_C0_ResNet50,R-C0,ResNet50,42,45,normal,E-B80945974BB38152A2ADE2AF.jpeg,0,0.027064681441518,0.4501953125,0,1,0.3146708045070807,0.3146708011627197,0.287933349609375,1.092859875155063,0.1918540151165549,0.1918540149927139,0.6663139764005588,0,0,207,207,127,1,0.7090015048511471,0.8272360243147115,0.6647694119392455,0.8868573669198663,0.0005708664106049,0.0001082698547303,0.2102584453738754,0.0460600539673361,/kaggle/input/datasets/hintrngia/locked-resnet-xai-inputs/R-C0/ResNet50/seed_42/best_checkpoint.pt,E03_XAI_R_C0_ResNet50,R,C0
E03_XAI_R_C0_ResNet50,R-C0,ResNet50,42,46,normal,E-BB74E7A26CC5772AE8204932.jpeg,0,0.7965321821097404,0.4501953125,1,0,0.313300900274003,0.3133009076118469,0.396759033203125,0.7896503269116629,0.1429074726221652,0.1429074704647064,0.3601870673704415,0,0,240,176,255,182,0.7379385387509538,0.902336013715175,0.821656868826353,0.9209500656359996,0.0023788965292806,0.0024406378101692,0.8809812742062423,0.9022676905380368,/kaggle/input/datasets/hintrngia/locked-resnet-xai-inputs/R-C0/ResNet50/seed_42/best_checkpoint.pt,E03_XAI_R_C0_ResNet50,R,C0
E03_XAI_R_C0_ResNet50,R-C0,ResNet50,42,47,normal,E-BB96C349B18A4710DE07EC01.jpeg,0,0.2310739031442968,0.4501953125,0,1,0.541608742239759,0.5416087508201599,0.3329010009765625,1.6269363584097192,0.5656947380829543,0.5656947493553162,1.6992881860477835,1,0,175,47,144,1,0.2719713358475326,0.5631707398061134,0.2457972139073975,0.6493467323171165,0.000391942154379,0.0029570038998825,-0.2003684078601617,-0.0798618484186672,/kaggle/input/datasets/hintrngia/locked-resnet-xai-inputs/R-C0/ResNet50/seed_42/best_checkpoint.pt,E03_XAI_R_C0_ResNet50,R,C0
E03_XAI_R_C0_ResNet50,R-C0,ResNet50,42,48,normal,E-BCDF7BD5461E233F18CDF83C.jpeg,0,0.0209580221082146,0.4501953125,0,1,0.3363114225020161,0.3363114297389984,0.2940521240234375,1.1437136311085117,0.1353976199273518,0.1353976130485534,0.4604544870301971,0,0,112,47,99,15,0.3691524633355439,0.825830074681471,0.3788834324663365,0.9013981556499986,0.0007171394984264,0.0007232252689465,0.1676251307735431,0.4730214694544679,/kaggle/input/datasets/hintrngia/locked-resnet-xai-inputs/R-C0/ResNet50/seed_42/best_checkpoint.pt,E03_XAI_R_C0_ResNet50,R,C0
E03_XAI_R_C0_ResNet50,R-C0,ResNet50,42,49,normal,E-BF6060CF2B5D86362B50F1EF.jpeg,0,0.1997384014458272,0.4501953125,0,1,0.3356475048155348,0.3356474936008453,0.3540191650390625,0.9481054642295972,0.4269574476508121,0.4269574582576751,1.2060291922435942,1,1,176,208,175,197,0.4894974799118567,0.5687613262898118,0.4301923843569964,0.6503959417595228,0.0011242752385038,0.0046446815857951,-0.0195231188506508,0.7270308078352129,/kaggle/input/datasets/hintrngia/locked-resnet-xai-inputs/R-C0/ResNet50/seed_42/best_checkpoint.pt,E03_XAI_R_C0_ResNet50,R,C0
E03_XAI_R_C0_ResNet50,R-C0,ResNet50,42,50,normal,E-C7B56CF9C42EB131FD94EA3C.jpeg,0,0.9664475229764468,0.4501953125,1,0,0.175623444850218,0.1756234467029571,0.32830810546875,0.5349348429867953,0.0746215088045321,0.0746215060353279,0.2272910950461898,0,0,240,240,255,58,0.8485003022470543,0.9778072789470952,0.8714450911641867,0.9786314715043448,0.0009355098129614,0.0066716648600926,-0.3272833719547928,-0.0632328104572792,/kaggle/input/datasets/hintrngia/locked-resnet-xai-inputs/R-C0/ResNet50/seed_42/best_checkpoint.pt,E03_XAI_R_C0_ResNet50,R,C0
E03_XAI_R_C0_ResNet50,R-C0,ResNet50,42,51,normal,E-D31B79C24E008C43E1511E9D.jpeg,0,0.0168591740202648,0.4501953125,0,1,0.4091073385654564,0.4091073274612427,0.29034423828125,1.4090423870204831,0.3706143655255324,0.3706143796443939,1.2764653699327988,0,0,112,47,99,30,0.6541876415538498,0.8487671988033483,0.5944155810123346,0.9131026529800652,0.0017994361847278,0.0032208163414629,0.8472785246016074,0.9688850225487574,/kaggle/input/datasets/hintrngia/locked-resnet-xai-inputs/R-C0/ResNet50/seed_42/best_checkpoint.pt,E03_XAI_R_C0_ResNet50,R,C0
E03_XAI_R_C0_ResNet50,R-C0,ResNet50,42,52,normal,E-E13640D767DD410F37B990A9.jpeg,0,0.1327793681555915,0.4501953125,0,1,0.4001905016756502,0.4001905024051666,0.3385162353515625,1.182189980519063,0.7067599391657239,0.7067599296569824,2.0878169652091447,0,1,80,207,65,188,0.5302561332295683,0.6495826012283276,0.4358177898898734,0.7724726790103145,0.0002569148957825,0.0016798413970701,0.3081810842500095,0.4615033828920933,/kaggle/input/datasets/hintrngia/locked-resnet-xai-inputs/R-C0/ResNet50/seed_42/best_checkpoint.pt,E03_XAI_R_C0_ResNet50,R,C0
E03_XAI_R_C0_ResNet50,R-C0,ResNet50,42,53,normal,E-E2352C479C37BA410D3419C8.jpeg,0,0.234437196823178,0.4501953125,0,1,0.6289301407705998,0.6289301514625549,0.460540771484375,1.3656340105209075,0.7794675423597585,0.7794675230979919,1.6925049650814767,0,1,240,0,210,127,0.2625779262935366,0.549424450080575,0.1961495347338083,0.5486953132451372,9.701812935936084e-05,0.0002310354191613,0.0,0.0,/kaggle/input/datasets/hintrngia/locked-resnet-xai-inputs/R-C0/ResNet50/seed_42/best_checkpoint.pt,E03_XAI_R_C0_ResNet50,R,C0
E03_XAI_R_C0_ResNet50,R-C0,ResNet50,42,54,normal,E-E249A212D4F7D1C6D4206FBF.jpeg,0,0.2670742541902097,0.4501953125,0,1,0.5218072381092936,0.5218072533607483,0.44427490234375,1.1745143274052297,0.6033182537009211,0.6033182740211487,1.357984100650624,1,0,79,143,247,10,0.3017855406080977,0.4627146622331357,0.2896288600513278,0.5146737410612078,0.0007949537854795,0.001139563431428,-0.3507676528332115,0.1313541721645824,/kaggle/input/datasets/hintrngia/locked-resnet-xai-inputs/R-C0/ResNet50/seed_42/best_checkpoint.pt,E03_XAI_R_C0_ResNet50,R,C0
E03_XAI_R_C0_ResNet50,R-C0,ResNet50,42,55,normal,E-E2DD25AE8644A21D4C1655DA.jpeg,0,0.383595714443454,0.4501953125,0,1,0.3304500918944188,0.3304500877857208,0.3409881591796875,0.9690955037540891,0.4645739800367437,0.4645739793777466,1.3624343471467328,0,0,207,208,103,1,0.2280494940054591,0.4056808965397052,0.1863967356329787,0.4409204752844291,0.0002090451597624,0.0006774024802531,0.6737846469280991,0.8320187269212445,/kaggle/input/datasets/hintrngia/locked-resnet-xai-inputs/R-C0/ResNet50/seed_42/best_checkpoint.pt,E03_XAI_R_C0_ResNet50,R,C0
E03_XAI_R_C0_ResNet50,R-C0,ResNet50,42,56,normal,E-E35138A3EAFB63D43C970EAE.jpeg,0,0.5520360301118584,0.4501953125,1,0,0.2835377050400424,0.2835377156734466,0.4013519287109375,0.7064565653159038,0.0861299338471276,0.0861299335956573,0.2145995264648654,0,0,144,144,44,3,0.6299781990854952,0.8480463168247737,0.6922451701017003,0.814705260871809,0.0014248191041089,0.0028383967265019,0.5834605914975063,0.0308682989422908,/kaggle/input/datasets/hintrngia/locked-resnet-xai-inputs/R-C0/ResNet50/seed_42/best_checkpoint.pt,E03_XAI_R_C0_ResNet50,R,C0
E03_XAI_R_C0_ResNet50,R-C0,ResNet50,42,57,normal,E-EACE2F51FB2EF2E191B9BC55.jpeg,0,0.8272879251467494,0.4501953125,1,0,0.3499258291605628,0.3499258160591125,0.4419708251953125,0.7917396561321127,0.3807071375526384,0.3807071447372436,0.8613852223942591,0,1,240,240,223,230,0.777441549758382,0.8458470245113627,0.8901997498385896,0.894178273272664,5.972601261206023e-05,0.0081709822152917,0.6569782505051117,0.613210781714535,/kaggle/input/datasets/hintrngia/locked-resnet-xai-inputs/R-C0/ResNet50/seed_42/best_checkpoint.pt,E03_XAI_R_C0_ResNet50,R,C0
E03_XAI_R_C0_ResNet50,R-C0,ResNet50,42,58,normal,E-ED70ACD6E494856AB99B813B.jpeg,0,0.9722316110152842,0.4501953125,1,0,0.1971252885340658,0.1971252858638763,0.3370513916015625,0.5848523205834824,0.0771215422477328,0.0771215409040451,0.2288124130901092,0,0,240,240,255,147,0.8341683497198746,0.9915957743429736,0.8313709932876208,0.9920089924437524,0.0005232938126548,0.0065969038933769,0.0261472221264809,0.2352078806980514,/kaggle/input/datasets/hintrngia/locked-resnet-xai-inputs/R-C0/ResNet50/seed_42/best_checkpoint.pt,E03_XAI_R_C0_ResNet50,R,C0
E03_XAI_R_C0_ResNet50,R-C0,ResNet50,42,59,normal,E-EE1CB872F9ABCF62B8C9A410.jpeg,0,0.0623604164453265,0.4501953125,0,1,0.3807994948729295,0.3807995021343231,0.260040283203125,1.464386556507001,0.6747053461288156,0.6747053265571594,2.594618563777612,0,1,79,207,67,172,0.4311825595674522,0.7666781093126548,0.3742300541139909,0.8575823799082569,0.001202127174736,0.0011714670034201,0.7776218338088347,0.8455593042485726,/kaggle/input/datasets/hintrngia/locked-resnet-xai-inputs/R-C0/ResNet50/seed_42/best_checkpoint.pt,E03_XAI_R_C0_ResNet50,R,C0
E03_XAI_R_C0_ResNet50,R-C0,ResNet50,42,60,normal,E-EFAD2710B0F9E9CA19CFEDAD.jpeg,0,0.6313317671990063,0.4501953125,1,0,0.3211767944622027,0.3211767971515655,0.36236572265625,0.8863332660381892,0.3651852308938209,0.3651852309703827,1.0077808359380769,0,1,143,176,239,225,0.7081356243948735,0.8806464527216988,0.8081477129026476,0.9077191593498712,0.0006272145051626,0.0052835873220593,-0.3210111720353973,-0.0968496821434786,/kaggle/input/datasets/hintrngia/locked-resnet-xai-inputs/R-C0/ResNet50/seed_42/best_checkpoint.pt,E03_XAI_R_C0_ResNet50,R,C0
E03_XAI_R_C0_ResNet50,R-C0,ResNet50,42,61,normal,E-F32C5A7DA665488BF8EB2294.jpeg,0,0.4471003700244687,0.4501953125,0,1,0.4525635187544573,0.4525635242462158,0.3988037109375,1.134802676962508,0.5974552531955064,0.5974552631378174,1.4981185901982212,0,1,79,208,67,201,0.2431705085634847,0.2839183732692019,0.133461465002756,0.4137957310533352,0.001098229488348,0.0025326386118056,0.81330596442445,0.6059172929867138,/kaggle/input/datasets/hintrngia/locked-resnet-xai-inputs/R-C0/ResNet50/seed_42/best_checkpoint.pt,E03_XAI_R_C0_ResNet50,R,C0
E03_XAI_R_C0_ResNet50,R-C0,ResNet50,42,62,normal,E-F57AB9616B464FB4687D409D.jpeg,0,0.4010507997919104,0.4501953125,0,1,0.4102858445780524,0.4102858304977417,0.43695068359375,0.9389751749639352,0.4748315692208225,0.4748315811157226,1.0866937323807733,0,0,240,0,243,22,0.1830071634995428,0.349855340341096,0.1837237414079653,0.4058514909765534,0.0021128455754787,0.0056765235053818,-0.3968461116266547,0.0652667013162876,/kaggle/input/datasets/hintrngia/locked-resnet-xai-inputs/R-C0/ResNet50/seed_42/best_checkpoint.pt,E03_XAI_R_C0_ResNet50,R,C0
E03_XAI_R_C0_ResNet50,R-C0,ResNet50,42,63,normal,E-F803B5977A560D3CAEE3206F.jpeg,0,0.2369592984412975,0.4501953125,0,1,0.433231606651546,0.4332315921783447,0.3428192138671875,1.263731987960819,0.6939075106954365,0.6939074993133545,2.0241208270323643,0,1,80,207,83,187,0.4549489745819758,0.5405697090871745,0.4039016302857018,0.62681079858003,0.0017025741796209,0.0040062697037783,0.0841328125686014,0.6458635954459012,/kaggle/input/datasets/hintrngia/locked-resnet-xai-inputs/R-C0/ResNet50/seed_42/best_checkpoint.pt,E03_XAI_R_C0_ResNet50,R,C0
E03_XAI_R_C0_ResNet50,R-C0,ResNet50,42,64,pneumonia,E-018B83433C4DD934AA5C8B2B.jpeg,1,0.9849763567145172,0.4501953125,1,1,0.4110049281228425,0.4110049307346344,0.3726043701171875,1.1030598701608831,0.2947527127537416,0.2947527170181274,0.7910608044157915,0,0,240,240,255,221,0.9611251282350938,0.9879059586299996,0.9776459154092036,0.9887692807306778,0.0005264525821644,0.0032296299723615,0.565862751739312,0.7485842054703578,/kaggle/input/datasets/hintrngia/locked-resnet-xai-inputs/R-C0/ResNet50/seed_42/best_checkpoint.pt,E03_XAI_R_C0_ResNet50,R,C0
E03_XAI_R_C0_ResNet50,R-C0,ResNet50,42,65,pneumonia,E-01E4EA18817F6CBD784D8ACE.jpeg,1,0.986433244122078,0.4501953125,1,1,0.3795831337489871,0.3795831203460693,0.355072021484375,1.069031381752197,0.3898564264524075,0.3898564279079437,1.0979643645889547,0,0,0,143,7,136,0.9705850814514556,0.9874653035354676,0.9792633390861638,0.9837346621971428,0.0009501725861644,0.0075124639580112,0.8539482600045589,0.2875362789519077,/kaggle/input/datasets/hintrngia/locked-resnet-xai-inputs/R-C0/ResNet50/seed_42/best_checkpoint.pt,E03_XAI_R_C0_ResNet50,R,C0
E03_XAI_R_C0_ResNet50,R-C0,ResNet50,42,66,pneumonia,E-0981A556ADE7F427711A3360.jpeg,1,0.9934267892577928,0.4501953125,1,1,0.2670885655892555,0.2670885622501373,0.315826416015625,0.8456815264497753,0.1680950085710517,0.1680950075387954,0.5322385970486252,0,0,240,208,255,218,0.962642227789058,0.9907142964635308,0.9822204770287896,0.9923081553255948,0.0007957569090242,0.0133704727497411,0.6808933817759392,0.917516052144439,/kaggle/input/datasets/hintrngia/locked-resnet-xai-inputs/R-C0/ResNet50/seed_42/best_checkpoint.pt,E03_XAI_R_C0_ResNet50,R,C0
E03_XAI_R_C0_ResNet50,R-C0,ResNet50,42,67,pneumonia,E-0B7E667233F7AB135F8A84DD.jpeg,1,0.9986888611394672,0.4501953125,1,1,0.397099025333361,0.3970990180969238,0.3825225830078125,1.038106096144527,0.3757967691466176,0.375796765089035,0.9824172110093236,0,0,240,112,255,197,0.9903790876274146,0.9950901766817886,0.994744405089916,0.9961403428179328,0.0004895272414832,0.0011443852698425,0.6206222964923835,0.270566241676299,/kaggle/input/datasets/hintrngia/locked-resnet-xai-inputs/R-C0/ResNet50/seed_42/best_checkpoint.pt,E03_XAI_R_C0_ResNet50,R,C0
E03_XAI_R_C0_ResNet50,R-C0,ResNet50,42,68,pneumonia,E-122745006C7E29B76E58625B.jpeg,1,0.9746313885343568,0.4501953125,1,1,0.4332883009446604,0.4332883059978485,0.3352813720703125,1.2923124785286153,0.4687021892417371,0.4687021970748901,1.3979368622466883,1,0,144,144,10,101,0.9723778102543648,0.9710420227340708,0.9770588811362512,0.981457204894446,0.0005140065844349,0.0094431383448873,-0.1653878283841567,-0.0528744466342675,/kaggle/input/datasets/hintrngia/locked-resnet-xai-inputs/R-C0/ResNet50/seed_42/best_checkpoint.pt,E03_XAI_R_C0_ResNet50,R,C0
E03_XAI_R_C0_ResNet50,R-C0,ResNet50,42,69,pneumonia,E-1265B89238C345234A9C993B.jpeg,1,0.933055983489686,0.4501953125,1,1,0.2165367904832091,0.2165367901325225,0.3254241943359375,0.6653985605620852,0.0853137631196211,0.0853137597441673,0.2621617095610022,0,0,240,144,251,79,0.9253331166901526,0.9873937029506068,0.9305243066128986,0.9848252063235522,8.223708832558185e-05,0.0003120105681316,-0.2862918014210829,-0.023593944766704,/kaggle/input/datasets/hintrngia/locked-resnet-xai-inputs/R-C0/ResNet50/seed_42/best_checkpoint.pt,E03_XAI_R_C0_ResNet50,R,C0
E03_XAI_R_C0_ResNet50,R-C0,ResNet50,42,70,pneumonia,E-1777E855F7110F5A72B38BC0.jpeg,1,0.9875024877344046,0.4501953125,1,1,0.297708395681844,0.2977083921432495,0.3238525390625,0.9192714577556222,0.1688428333416018,0.1688428372144699,0.5213571393646447,0,0,240,80,250,85,0.9419200713985608,0.9790580651725844,0.964571986725604,0.9841057073556684,0.0021575492086121,0.0020708754808682,0.8367753873596754,0.9780113326814718,/kaggle/input/datasets/hintrngia/locked-resnet-xai-inputs/R-C0/ResNet50/seed_42/best_checkpoint.pt,E03_XAI_R_C0_ResNet50,R,C0
E03_XAI_R_C0_ResNet50,R-C0,ResNet50,42,71,pneumonia,E-198E88DB173F06A1227B639B.jpeg,1,0.9847930948678584,0.4501953125,1,1,0.2418187278490822,0.2418187260627746,0.256744384765625,0.9418656928751604,0.1492192993491402,0.1492193043231964,0.581197908127021,0,0,240,240,254,195,0.984238281797906,0.9898625494659536,0.9887197521332018,0.9919734424826604,0.0023248510624677,0.001709081025183,0.4189406559290567,-0.015081218967439,/kaggle/input/datasets/hintrngia/locked-resnet-xai-inputs/R-C0/ResNet50/seed_42/best_checkpoint.pt,E03_XAI_R_C0_ResNet50,R,C0
E03_XAI_R_C0_ResNet50,R-C0,ResNet50,42,72,pneumonia,E-1A06E979246F3D9634B22BF8.jpeg,1,0.9985608337310165,0.4501953125,1,1,0.3433247397129094,0.34332475066185,0.303802490234375,1.130091920734567,0.360686399596542,0.3606863915920257,1.1872397731772466,1,0,143,207,255,147,0.9881035102457274,0.9941517579086344,0.9923252830548414,0.996345478589759,0.0004701748443831,0.0092279707102558,-0.6949496828824548,-0.080020503786636,/kaggle/input/datasets/hintrngia/locked-resnet-xai-inputs/R-C0/ResNet50/seed_42/best_checkpoint.pt,E03_XAI_R_C0_ResNet50,R,C0
E03_XAI_R_C0_ResNet50,R-C0,ResNet50,42,73,pneumonia,E-220D81ED5B8FE3B14418B9F7.jpeg,1,0.9658768641675032,0.4501953125,1,1,0.1420582903080435,0.1420582830905914,0.2836456298828125,0.5008301744917931,0.102042319237447,0.1020423173904419,0.359752834124769,0,0,240,208,254,139,0.8725510480689083,0.9795165311518296,0.8994287964155951,0.984652397940015,0.0006261215200062,0.0079017394678135,0.5558633387905813,0.8020140129042455,/kaggle/input/datasets/hintrngia/locked-resnet-xai-inputs/R-C0/ResNet50/seed_42/best_checkpoint.pt,E03_XAI_R_C0_ResNet50,R,C0
E03_XAI_R_C0_ResNet50,R-C0,ResNet50,42,74,pneumonia,E-227257A6740CF45FAF02E456.jpeg,1,0.9464086787995242,0.4501953125,1,1,0.2082144198548096,0.2082144170999527,0.381500244140625,0.5457779465484683,0.1856854815567659,0.1856854856014251,0.4867244108193028,0,0,240,208,255,186,0.8359123082999865,0.9643264626182972,0.8756957105515291,0.9739527206264889,0.0001741629628097,0.0039860839765676,0.3940081851770315,0.7523797814572906,/kaggle/input/datasets/hintrngia/locked-resnet-xai-inputs/R-C0/ResNet50/seed_42/best_checkpoint.pt,E03_XAI_R_C0_ResNet50,R,C0
E03_XAI_R_C0_ResNet50,R-C0,ResNet50,42,75,pneumonia,E-2C0709EBA6450DCFB3BBB340.jpeg,1,0.9850191489168814,0.4501953125,1,1,0.313321907043281,0.3133219182491302,0.3762359619140625,0.8327803260732639,0.238862690726004,0.2388626933097839,0.6348746927614634,0,0,240,240,251,43,0.9441486510584042,0.9837780521521772,0.9664713826544123,0.9915175740738192,0.0012642668031143,0.0076660014230628,0.8614574693290264,0.8166221811335869,/kaggle/input/datasets/hintrngia/locked-resnet-xai-inputs/R-C0/ResNet50/seed_42/best_checkpoint.pt,E03_XAI_R_C0_ResNet50,R,C0
E03_XAI_R_C0_ResNet50,R-C0,ResNet50,42,76,pneumonia,E-30421FA65AB177DCD15E84C4.jpeg,1,0.9992818850401174,0.4501953125,1,1,0.4047632139670346,0.4047632217407226,0.41265869140625,0.9808668092938758,0.3550067963121281,0.3550067842006683,0.8602915768048969,1,0,143,176,255,207,0.9962658293247018,0.9987081784621012,0.9980008851886136,0.9988165941551326,0.0001670311594928,0.0075240989133705,-0.0727790329652981,0.0704532090371889,/kaggle/input/datasets/hintrngia/locked-resnet-xai-inputs/R-C0/ResNet50/seed_42/best_checkpoint.pt,E03_XAI_R_C0_ResNet50,R,C0
E03_XAI_R_C0_ResNet50,R-C0,ResNet50,42,77,pneumonia,E-386D019ED9E9E8244987AC20.jpeg,1,0.999067940966984,0.4501953125,1,1,0.3486984131817085,0.3486984074115753,0.3555145263671875,0.9808274692594724,0.3655898130001527,0.365589827299118,1.0283400139395684,0,0,144,175,247,197,0.9952518081683428,0.9981967544674032,0.9957978690670956,0.99883582340774,0.0003981252583183,0.001090661788263,2.5988928470565215e-05,0.8194585888194826,/kaggle/input/datasets/hintrngia/locked-resnet-xai-inputs/R-C0/ResNet50/seed_42/best_checkpoint.pt,E03_XAI_R_C0_ResNet50,R,C0
E03_XAI_R_C0_ResNet50,R-C0,ResNet50,42,78,pneumonia,E-3AC987E53985CBAF71C33ABC.jpeg,1,0.9762670378067247,0.4501953125,1,1,0.310986664225871,0.3109866678714752,0.4218597412109375,0.7371802375196834,0.2504273115009858,0.2504273056983948,0.5936269499956093,0,0,143,207,255,221,0.9222993825875678,0.9824465128347392,0.9508533783327514,0.988224904189835,0.0004067323093759,0.0024064660571964,0.756936974054978,0.2085427359535017,/kaggle/input/datasets/hintrngia/locked-resnet-xai-inputs/R-C0/ResNet50/seed_42/best_checkpoint.pt,E03_XAI_R_C0_ResNet50,R,C0
E03_XAI_R_C0_ResNet50,R-C0,ResNet50,42,79,pneumonia,E-3EB4BE73D28C1518A6A12685.jpeg,1,0.9917699643236468,0.4501953125,1,1,0.4407541123263708,0.4407541155815124,0.40576171875,1.0862387750233544,0.3431430756735262,0.3431430757045746,0.8456763164613498,0,0,240,240,254,151,0.9761374113344512,0.9906464455140604,0.9826712960354256,0.9932931707122112,0.0017582045929222,0.0027890496546534,0.5127079506291349,0.8041304815132037,/kaggle/input/datasets/hintrngia/locked-resnet-xai-inputs/R-C0/ResNet50/seed_42/best_checkpoint.pt,E03_XAI_R_C0_ResNet50,R,C0
E03_XAI_R_C0_ResNet50,R-C0,ResNet50,42,80,pneumonia,E-401B5DEDAD367F085127D1DA.jpeg,1,0.9226274763607047,0.4501953125,1,1,0.4409802331196317,0.4409802258014679,0.364349365234375,1.2103224959262997,0.4751231630391987,0.4751231670379638,1.3040318122513164,0,0,144,144,12,35,0.9316578949686832,0.9406282921956334,0.9543558913519754,0.9453706273158704,0.0002683907986738,0.001940969622597,0.833829845646382,0.7433247964748716,/kaggle/input/datasets/hintrngia/locked-resnet-xai-inputs/R-C0/ResNet50/seed_42/best_checkpoint.pt,E03_XAI_R_C0_ResNet50,R,C0
E03_XAI_R_C0_ResNet50,R-C0,ResNet50,42,81,pneumonia,E-4329094918EDAAADE18246AB.jpeg,1,0.9997780920249022,0.4501953125,1,1,0.4193995018714337,0.4193994998931885,0.4228057861328125,0.9919436195693198,0.3090080566167577,0.3090080618858337,0.7308510591661854,0,0,240,207,250,75,0.9985956832844788,0.9994488883217932,0.998949090148156,0.9994726885144096,0.0001511843179917,0.001916837624903,0.5800892858349631,0.1688457299136727,/kaggle/input/datasets/hintrngia/locked-resnet-xai-inputs/R-C0/ResNet50/seed_42/best_checkpoint.pt,E03_XAI_R_C0_ResNet50,R,C0
E03_XAI_R_C0_ResNet50,R-C0,ResNet50,42,82,pneumonia,E-443A80FA1DE791815F946FF9.jpeg,1,0.9842921190214164,0.4501953125,1,1,0.3726227773378892,0.3726227879524231,0.309112548828125,1.2054598842736652,0.4371074480796473,0.4371074438095093,1.414072155067024,0,0,144,207,254,102,0.9805212804658352,0.985525951235298,0.9894760922362014,0.9846092478331951,0.0001612564091608,0.004222364531225,0.3409107676127592,0.6792476098802517,/kaggle/input/datasets/hintrngia/locked-resnet-xai-inputs/R-C0/ResNet50/seed_42/best_checkpoint.pt,E03_XAI_R_C0_ResNet50,R,C0
E03_XAI_R_C0_ResNet50,R-C0,ResNet50,42,83,pneumonia,E-4B97630FB65DE326125E1DE1.jpeg,1,0.9984760257488952,0.4501953125,1,1,0.3281575442476939,0.3281575441360473,0.3383941650390625,0.9697494169552632,0.2075269027656698,0.2075269073247909,0.6132697434121359,0,0,240,80,255,53,0.98906608295441,0.9965117393825688,0.9951095254577188,0.9971010733264692,0.0008196748101244,0.0017581635605957,0.3845640938630441,0.9084812312360736,/kaggle/input/datasets/hintrngia/locked-resnet-xai-inputs/R-C0/ResNet50/seed_42/best_checkpoint.pt,E03_XAI_R_C0_ResNet50,R,C0
E03_XAI_R_C0_ResNet50,R-C0,ResNet50,42,84,pneumonia,E-55F059ED3BB72FAD418A344C.jpeg,1,0.937611110549468,0.4501953125,1,1,0.1766498714452073,0.1766498684883117,0.3324737548828125,0.5313197473510994,0.0988035611155055,0.0988035574555397,0.2971770242446083,0,0,240,240,255,211,0.7942362078983718,0.9650059246516334,0.8172943245641506,0.9596930543963452,0.0008694530280466,0.0038064555571907,0.98119969080781,0.7776876745863855,/kaggle/input/datasets/hintrngia/locked-resnet-xai-inputs/R-C0/ResNet50/seed_42/best_checkpoint.pt,E03_XAI_R_C0_ResNet50,R,C0
E03_XAI_R_C0_ResNet50,R-C0,ResNet50,42,85,pneumonia,E-6060B7AB38566FD26078DE5E.jpeg,1,0.9970430013230092,0.4501953125,1,1,0.2750957565051215,0.2750957608222961,0.271087646484375,1.0147852920364542,0.2812719581823842,0.2812719643115997,1.0375683356659198,0,0,143,207,250,18,0.9816471921682686,0.992107273610214,0.9908213523720146,0.9953802861260828,0.0017409252427876,0.003822946898969,-0.0673312561504887,0.6910585256324657,/kaggle/input/datasets/hintrngia/locked-resnet-xai-inputs/R-C0/ResNet50/seed_42/best_checkpoint.pt,E03_XAI_R_C0_ResNet50,R,C0
E03_XAI_R_C0_ResNet50,R-C0,ResNet50,42,86,pneumonia,E-638A63581494A3F6A20C2D9C.jpeg,1,0.8633490016029128,0.4501953125,1,1,0.3622598836760554,0.3622598946094513,0.312408447265625,1.1595713459311303,0.3780742946368401,0.3780742883682251,1.210192291360748,0,1,240,240,218,231,0.8949346337473687,0.9265673861270114,0.9191349171271818,0.929672714158607,0.0016007422349517,0.0128736332767314,0.722111438136466,0.4868952855626586,/kaggle/input/datasets/hintrngia/locked-resnet-xai-inputs/R-C0/ResNet50/seed_42/best_checkpoint.pt,E03_XAI_R_C0_ResNet50,R,C0
E03_XAI_R_C0_ResNet50,R-C0,ResNet50,42,87,pneumonia,E-63AE2F3741553AC167D0B283.jpeg,1,0.9950035647241195,0.4501953125,1,1,0.2888391044942592,0.2888391017913818,0.3596954345703125,0.8030102045618195,0.2694445190103265,0.2694445252418518,0.7490907393145023,0,0,240,175,255,166,0.974490090337341,0.9944126381773276,0.9877784116096472,0.9933393478929176,0.0004121009243946,0.0010751198323666,0.6110889486279779,0.1857250014257306,/kaggle/input/datasets/hintrngia/locked-resnet-xai-inputs/R-C0/ResNet50/seed_42/best_checkpoint.pt,E03_XAI_R_C0_ResNet50,R,C0
E03_XAI_R_C0_ResNet50,R-C0,ResNet50,42,88,pneumonia,E-63E40A6B7E9FE7A4F927B234.jpeg,1,0.9924677806044137,0.4501953125,1,1,0.2621514624202531,0.2621514499187469,0.3593597412109375,0.7294959127499346,0.2267435222471382,0.2267435193061828,0.6309652869936924,0,0,240,240,255,59,0.95180092442907,0.9831667775056466,0.961268851981465,0.9909340123307228,0.0003098622141236,0.0060472036563884,0.9569402315099276,0.91578158312934,/kaggle/input/datasets/hintrngia/locked-resnet-xai-inputs/R-C0/ResNet50/seed_42/best_checkpoint.pt,E03_XAI_R_C0_ResNet50,R,C0
E03_XAI_R_C0_ResNet50,R-C0,ResNet50,42,89,pneumonia,E-6C94FB136A3DC9D9B1FE1032.jpeg,1,0.9350013555694544,0.4501953125,1,1,0.3623127166651244,0.3623127043247223,0.3358001708984375,1.0789533420895894,0.3811657156908141,0.3811657130718231,1.1350968484351889,1,0,144,207,2,98,0.8977286737171195,0.9634179406413036,0.9106119025942472,0.971082612191854,0.0019588113453951,0.0016667753557225,0.2058667993290716,0.5944836927535418,/kaggle/input/datasets/hintrngia/locked-resnet-xai-inputs/R-C0/ResNet50/seed_42/best_checkpoint.pt,E03_XAI_R_C0_ResNet50,R,C0
E03_XAI_R_C0_ResNet50,R-C0,ResNet50,42,90,pneumonia,E-6EBA6C5A4DF4C84E483A5386.jpeg,1,0.9980678549907738,0.4501953125,1,1,0.2910032440422517,0.2910032570362091,0.3423919677734375,0.8499125897568076,0.2218689771353515,0.2218689769506454,0.6479970268524621,0,0,240,240,255,121,0.9842914475454838,0.9926636866289976,0.9897421325852166,0.9962166317209888,0.000394732298531,0.0071708155409612,0.5382826860075921,0.8715141328332541,/kaggle/input/datasets/hintrngia/locked-resnet-xai-inputs/R-C0/ResNet50/seed_42/best_checkpoint.pt,E03_XAI_R_C0_ResNet50,R,C0
E03_XAI_R_C0_ResNet50,R-C0,ResNet50,42,91,pneumonia,E-73D66A02A1612F6E79C3F7EC.jpeg,1,0.997024612429246,0.4501953125,1,1,0.3493436230415536,0.3493436276912689,0.3591766357421875,0.9726234623242812,0.2992053715810341,0.2992053627967834,0.8330312771117996,1,0,144,176,255,77,0.990151231312454,0.9957255732095904,0.9903618361458204,0.9938823635526196,0.0011966411158809,0.0033274461789425,0.4889137728988176,0.8329282822590705,/kaggle/input/datasets/hintrngia/locked-resnet-xai-inputs/R-C0/ResNet50/seed_42/best_checkpoint.pt,E03_XAI_R_C0_ResNet50,R,C0
E03_XAI_R_C0_ResNet50,R-C0,ResNet50,42,92,pneumonia,E-7725ED8C0E93C0BF91B23FCE.jpeg,1,0.9985183869217448,0.4501953125,1,1,0.3336317047014723,0.333631694316864,0.38677978515625,0.862588267291924,0.2443330749654526,0.2443330734968185,0.6317110778339871,0,0,144,175,251,57,0.9929492410305054,0.997214669588097,0.9957800749717568,0.9979542502429242,0.0010907301053553,0.0020020483548979,0.8412011157847114,0.9373639725827436,/kaggle/input/datasets/hintrngia/locked-resnet-xai-inputs/R-C0/ResNet50/seed_42/best_checkpoint.pt,E03_XAI_R_C0_ResNet50,R,C0
E03_XAI_R_C0_ResNet50,R-C0,ResNet50,42,93,pneumonia,E-77D4D0C371CD4C8665643C00.jpeg,1,0.9821086223555188,0.4501953125,1,1,0.2941126039828262,0.2941125929355621,0.29443359375,0.998909805898554,0.2481291952585796,0.2481291890144348,0.8427339832331195,0,0,240,112,255,110,0.9454570853646704,0.9929148080866356,0.9544511969371264,0.994255300740553,0.0004598799442853,0.0094010964749861,0.8005149612411137,0.7543104956220834,/kaggle/input/datasets/hintrngia/locked-resnet-xai-inputs/R-C0/ResNet50/seed_42/best_checkpoint.pt,E03_XAI_R_C0_ResNet50,R,C0
E03_XAI_R_C0_ResNet50,R-C0,ResNet50,42,94,pneumonia,E-7B805F2D3984459EDD091000.jpeg,1,0.9981121377934938,0.4501953125,1,1,0.2945664171405487,0.2945664227008819,0.3260345458984375,0.9034822255685404,0.2286921353328362,0.2286921292543411,0.7014352871798921,0,0,240,144,255,180,0.9872208153014844,0.994959626960709,0.993211959189144,0.9968730081408193,0.0001132858042006,0.0096632887982541,0.3777308673592947,0.1933156716153437,/kaggle/input/datasets/hintrngia/locked-resnet-xai-inputs/R-C0/ResNet50/seed_42/best_checkpoint.pt,E03_XAI_R_C0_ResNet50,R,C0
E03_XAI_R_C0_ResNet50,R-C0,ResNet50,42,95,pneumonia,E-8B99D004F7E59741CFAB602B.jpeg,1,0.9978009595919942,0.4501953125,1,1,0.4487574770154374,0.4487574696540832,0.44635009765625,1.0053934778368558,0.3708053368171452,0.3708053231239319,0.8307499847411606,0,0,240,112,252,105,0.9921076508152744,0.9976192127337372,0.996623921954466,0.997905060306504,0.0001054751266097,0.0018693446718225,0.9506961645457268,0.9305525326071622,/kaggle/input/datasets/hintrngia/locked-resnet-xai-inputs/R-C0/ResNet50/seed_42/best_checkpoint.pt,E03_XAI_R_C0_ResNet50,R,C0
E03_XAI_R_C0_ResNet50,R-C0,ResNet50,42,96,pneumonia,E-8E859FAC3770F43BC30CF790.jpeg,1,0.9962034150034896,0.4501953125,1,1,0.2903223158752692,0.2903223037719726,0.32305908203125,0.89866631840174,0.1768975046082647,0.1768975108861923,0.5475701332895918,0,0,240,175,246,115,0.981960311688607,0.9962019125537104,0.9864250136232044,0.996941084663378,0.0008811097901148,0.001718107067078,0.7622373303842902,0.941068544188902,/kaggle/input/datasets/hintrngia/locked-resnet-xai-inputs/R-C0/ResNet50/seed_42/best_checkpoint.pt,E03_XAI_R_C0_ResNet50,R,C0
E03_XAI_R_C0_ResNet50,R-C0,ResNet50,42,97,pneumonia,E-9A9C78D1B9953A6FD2BA65F6.jpeg,1,0.9994957104458811,0.4501953125,1,1,0.4142691528070446,0.4142691493034363,0.39300537109375,1.0541055753363284,0.3950161065249138,0.3950161039829254,1.005116305218852,0,0,144,175,255,175,0.9968124544135502,0.9983144694178264,0.9981903813175868,0.998796135521684,0.001705863646479,0.0028458273997948,0.8271014275995396,0.8536810188742459,/kaggle/input/datasets/hintrngia/locked-resnet-xai-inputs/R-C0/ResNet50/seed_42/best_checkpoint.pt,E03_XAI_R_C0_ResNet50,R,C0
E03_XAI_R_C0_ResNet50,R-C0,ResNet50,42,98,pneumonia,E-9B56CC62692974C989F872CC.jpeg,1,0.9991342112526588,0.4501953125,1,1,0.3280890420524791,0.328089028596878,0.37744140625,0.8692449652308889,0.2807214876201873,0.2807214856147766,0.7437485208876372,0,0,144,176,252,89,0.9917135500790012,0.9977701373881048,0.995819645413398,0.997787240364669,0.0001384971671464,0.0019078356187529,-0.0150624990922618,0.8948657805185947,/kaggle/input/datasets/hintrngia/locked-resnet-xai-inputs/R-C0/ResNet50/seed_42/best_checkpoint.pt,E03_XAI_R_C0_ResNet50,R,C0
E03_XAI_R_C0_ResNet50,R-C0,ResNet50,42,99,pneumonia,E-9FC76B9714A55204D742CE4C.jpeg,1,0.9953875235890924,0.4501953125,1,1,0.3268042495468,0.3268042504787445,0.32318115234375,1.0112107317421664,0.3691472249496042,0.3691472113132477,1.1422300535551115,1,0,144,175,254,183,0.9855280281412632,0.9955961497611068,0.9914557250339772,0.9966214097245808,0.0012503439603703,0.0051237214857916,-0.3396468052114021,-0.0886281261040485,/kaggle/input/datasets/hintrngia/locked-resnet-xai-inputs/R-C0/ResNet50/seed_42/best_checkpoint.pt,E03_XAI_R_C0_ResNet50,R,C0
E03_XAI_R_C0_ResNet50,R-C0,ResNet50,42,100,pneumonia,E-A0A20FFCEFD96663F4AB4E87.jpeg,1,0.9896615875823512,0.4501953125,1,1,0.3323639461231369,0.3323639333248138,0.3404388427734375,0.9762809185211736,0.2437828902128587,0.2437828928232193,0.7160842406431763,0,0,240,240,255,233,0.9562519478243524,0.986101881999391,0.9743681888380696,0.9893155628006092,0.000508052399626,0.0067668103108104,0.0,0.0,/kaggle/input/datasets/hintrngia/locked-resnet-xai-inputs/R-C0/ResNet50/seed_42/best_checkpoint.pt,E03_XAI_R_C0_ResNet50,R,C0
E03_XAI_R_C0_ResNet50,R-C0,ResNet50,42,101,pneumonia,E-A0D5A9410E976B289DD85CF6.jpeg,1,0.8240287447109863,0.4501953125,1,1,0.2326548637111433,0.232654869556427,0.2681732177734375,0.8675544323285057,0.1982840128336614,0.1982840150594711,0.7393878273153249,0,0,144,240,251,246,0.6308725525895384,0.9463904182670604,0.7423430736155874,0.9458769138694628,0.0001534345129395,0.0083831095517729,0.0612111162231857,-0.0481263618353332,/kaggle/input/datasets/hintrngia/locked-resnet-xai-inputs/R-C0/ResNet50/seed_42/best_checkpoint.pt,E03_XAI_R_C0_ResNet50,R,C0
E03_XAI_R_C0_ResNet50,R-C0,ResNet50,42,102,pneumonia,E-A540763BCA2A1AF575A9EE6B.jpeg,1,0.9837527398800464,0.4501953125,1,1,0.3198600709306933,0.3198600709438324,0.3713226318359375,0.8614074217593555,0.2574904696967977,0.2574904561042785,0.693441356977577,0,0,240,240,255,184,0.919250136601902,0.9839574234130914,0.931955349819108,0.990395097323278,0.0001226680959391,0.00363818975409,0.959099968784964,0.925633480503458,/kaggle/input/datasets/hintrngia/locked-resnet-xai-inputs/R-C0/ResNet50/seed_42/best_checkpoint.pt,E03_XAI_R_C0_ResNet50,R,C0
E03_XAI_R_C0_ResNet50,R-C0,ResNet50,42,103,pneumonia,E-A9AC7ECA864D894719491A2C.jpeg,1,0.9960972088741012,0.4501953125,1,1,0.2891123066192416,0.2891122996807098,0.3572845458984375,0.8091934284261636,0.2222069893760094,0.2222069948911667,0.6219328317636623,0,0,240,240,255,235,0.97994464831762,0.9926566008384984,0.988600776000094,0.9945699978683096,0.0001071260440665,0.0019055294156795,0.0,0.0,/kaggle/input/datasets/hintrngia/locked-resnet-xai-inputs/R-C0/ResNet50/seed_42/best_checkpoint.pt,E03_XAI_R_C0_ResNet50,R,C0
E03_XAI_R_C0_ResNet50,R-C0,ResNet50,42,104,pneumonia,E-B15903E1E2039605DB9FB6A1.jpeg,1,0.954147246198162,0.4501953125,1,1,0.1827355971933526,0.1827355921268463,0.2703704833984375,0.6758711043322738,0.0916834706392217,0.0916834697127342,0.3391031058080049,0,0,240,208,255,197,0.9311817674512116,0.9809968518382484,0.965045752305336,0.984273609676362,0.0031221882338677,0.0008352253504762,0.3488603114936857,0.5672682955859953,/kaggle/input/datasets/hintrngia/locked-resnet-xai-inputs/R-C0/ResNet50/seed_42/best_checkpoint.pt,E03_XAI_R_C0_ResNet50,R,C0
E03_XAI_R_C0_ResNet50,R-C0,ResNet50,42,105,pneumonia,E-B29F964F9024332A9FD3DA8C.jpeg,1,0.9890672107182724,0.4501953125,1,1,0.4293393877906742,0.4293393790721893,0.444091796875,0.9667807214901604,0.5070034874878269,0.5070034861564636,1.1416637079440015,0,1,143,176,155,196,0.9851293845771768,0.990644737508779,0.9935148521352136,0.995350040818705,0.0005307411505244,0.0003620966837234,0.9936544877317304,0.6633641908565039,/kaggle/input/datasets/hintrngia/locked-resnet-xai-inputs/R-C0/ResNet50/seed_42/best_checkpoint.pt,E03_XAI_R_C0_ResNet50,R,C0
E03_XAI_R_C0_ResNet50,R-C0,ResNet50,42,106,pneumonia,E-B352C843937DC9BD58C4B554.jpeg,1,0.930339867827638,0.4501953125,1,1,0.2488231315722259,0.2488231360912323,0.322052001953125,0.7726178693602481,0.20875012480669,0.2087501287460327,0.6481876328689112,0,0,143,144,255,201,0.8610356504269121,0.9808546167327116,0.8462475171755586,0.9861938631104554,0.0001342870424869,0.0055476198092337,-0.4617723345383475,-0.0507111776124548,/kaggle/input/datasets/hintrngia/locked-resnet-xai-inputs/R-C0/ResNet50/seed_42/best_checkpoint.pt,E03_XAI_R_C0_ResNet50,R,C0
E03_XAI_R_C0_ResNet50,R-C0,ResNet50,42,107,pneumonia,E-B41848B096ED1788DCCEEDA2.jpeg,1,0.9912466093850943,0.4501953125,1,1,0.2501793223157784,0.2501793205738067,0.2685089111328125,0.931735640580034,0.3122844118508248,0.3122844099998474,1.1630318358274512,0,0,240,175,255,166,0.9813612140934642,0.9940722896162748,0.9858496840322766,0.9953053482595168,0.0001986277915641,0.0037369589259019,-0.2072713487102071,-0.0556886400193735,/kaggle/input/datasets/hintrngia/locked-resnet-xai-inputs/R-C0/ResNet50/seed_42/best_checkpoint.pt,E03_XAI_R_C0_ResNet50,R,C0
E03_XAI_R_C0_ResNet50,R-C0,ResNet50,42,108,pneumonia,E-B813D1454C73F6C74F660590.jpeg,1,0.9385241204867478,0.4501953125,1,1,0.1184871755468759,0.1184871718287468,0.2771453857421875,0.4275271451103928,0.0720443135717873,0.0720443129539489,0.2599513370170485,0,0,240,207,255,219,0.7078402137292906,0.9716781195556088,0.7922051966626751,0.9696606408145882,0.0001648433518732,0.0063595796634302,-0.3068111107161412,-0.0362401357594702,/kaggle/input/datasets/hintrngia/locked-resnet-xai-inputs/R-C0/ResNet50/seed_42/best_checkpoint.pt,E03_XAI_R_C0_ResNet50,R,C0
E03_XAI_R_C0_ResNet50,R-C0,ResNet50,42,109,pneumonia,E-BF1AD901130E35A45E611B5A.jpeg,1,0.9965523073277084,0.4501953125,1,1,0.3384773547663716,0.3384773433208465,0.2906494140625,1.164555434794673,0.2860653750891408,0.2860653698444366,0.9842282875809498,0,0,240,176,255,147,0.986092831345295,0.99735032436607,0.9907271340763574,0.9978470140672028,0.0005127810843608,0.0045857884180037,-0.2967835932432988,0.1657932767904272,/kaggle/input/datasets/hintrngia/locked-resnet-xai-inputs/R-C0/ResNet50/seed_42/best_checkpoint.pt,E03_XAI_R_C0_ResNet50,R,C0
E03_XAI_R_C0_ResNet50,R-C0,ResNet50,42,110,pneumonia,E-BFFC08BEA9A0FA7A1279A0B5.jpeg,1,0.9963826223194802,0.4501953125,1,1,0.319845729772333,0.3198457360267639,0.364898681640625,0.8765329826193702,0.3066047930068309,0.30660480260849,0.8402463709331636,0,0,240,240,255,186,0.9774558172166454,0.9905627546810508,0.9879419555096848,0.9946884979766571,0.0008295166395927,0.0021013494110662,0.3583395887395421,0.6412004076804219,/kaggle/input/datasets/hintrngia/locked-resnet-xai-inputs/R-C0/ResNet50/seed_42/best_checkpoint.pt,E03_XAI_R_C0_ResNet50,R,C0
E03_XAI_R_C0_ResNet50,R-C0,ResNet50,42,111,pneumonia,E-C378B1871ED2B8AC1E544A5B.jpeg,1,0.996042448646052,0.4501953125,1,1,0.2252346537760625,0.2252346575260162,0.2780303955078125,0.8101080220552129,0.144761200786936,0.1447612047195434,0.5206668160239636,0,0,240,240,255,10,0.9930175986436668,0.9972730352958528,0.9963547105923848,0.9976690563150866,0.0010842296722863,0.0005220202943319,0.9750659602079472,0.9375315825428082,/kaggle/input/datasets/hintrngia/locked-resnet-xai-inputs/R-C0/ResNet50/seed_42/best_checkpoint.pt,E03_XAI_R_C0_ResNet50,R,C0
E03_XAI_R_C0_ResNet50,R-C0,ResNet50,42,112,pneumonia,E-D2A52B478FEFC3F6A00973AF.jpeg,1,0.9576519385182574,0.4501953125,1,1,0.3411275334150837,0.3411275446414947,0.35107421875,0.9716678559584024,0.3271010111020496,0.3271010220050812,0.9317147019986056,0,0,144,175,251,214,0.929238199095689,0.9759924698169952,0.943582190405726,0.985653929685393,0.0005518126134607,0.0004892764835043,-0.2534358006549666,-0.0475762328522028,/kaggle/input/datasets/hintrngia/locked-resnet-xai-inputs/R-C0/ResNet50/seed_42/best_checkpoint.pt,E03_XAI_R_C0_ResNet50,R,C0
E03_XAI_R_C0_ResNet50,R-C0,ResNet50,42,113,pneumonia,E-D33BB0B839138FAFF4DA3ED6.jpeg,1,0.9363771652073496,0.4501953125,1,1,0.1799011764244396,0.1799011826515197,0.3347625732421875,0.537399311643743,0.1004337787691465,0.1004337817430496,0.3000149562612147,0,0,240,176,255,54,0.804798352673322,0.9407218386012934,0.8483141301224095,0.9521187015707,0.0006793232120747,0.0042613423970218,0.9892797843663969,0.8261297198433747,/kaggle/input/datasets/hintrngia/locked-resnet-xai-inputs/R-C0/ResNet50/seed_42/best_checkpoint.pt,E03_XAI_R_C0_ResNet50,R,C0
E03_XAI_R_C0_ResNet50,R-C0,ResNet50,42,114,pneumonia,E-DA47F22802134421DB0B257A.jpeg,1,0.9990249417686252,0.4501953125,1,1,0.4126135494166266,0.4126135408878326,0.39227294921875,1.0518531808996436,0.2828944880516863,0.282894492149353,0.7211674641728378,0,0,240,240,255,131,0.9959344251593234,0.9981698443341608,0.9976966643038307,0.9978790554769844,0.0001471259468076,0.0014158605119969,-0.3723114131045668,-0.0766572763287144,/kaggle/input/datasets/hintrngia/locked-resnet-xai-inputs/R-C0/ResNet50/seed_42/best_checkpoint.pt,E03_XAI_R_C0_ResNet50,R,C0
E03_XAI_R_C0_ResNet50,R-C0,ResNet50,42,115,pneumonia,E-E09BD72833F7B4079F215903.jpeg,1,0.988728900701836,0.4501953125,1,1,0.4458626592550429,0.4458626508712768,0.3171234130859375,1.405959449402805,0.4879509564249034,0.4879509508609772,1.5386784333475665,0,0,144,112,218,251,0.9756922580792008,0.9814781565119608,0.9853467577058764,0.9883405941155023,0.0006718003370965,0.0057166021558571,-0.3031221287980805,0.5846205408102538,/kaggle/input/datasets/hintrngia/locked-resnet-xai-inputs/R-C0/ResNet50/seed_42/best_checkpoint.pt,E03_XAI_R_C0_ResNet50,R,C0
E03_XAI_R_C0_ResNet50,R-C0,ResNet50,42,116,pneumonia,E-E0D541D212A934D795DA0D1B.jpeg,1,0.8349387531728582,0.4501953125,1,1,0.5155865301490881,0.5155865550041199,0.306488037109375,1.682240308665271,0.6954543442201101,0.6954543590545654,2.2691076323214743,0,1,143,143,91,130,0.8996807687027146,0.9286790372348628,0.9388643217109156,0.939146002699416,0.0008578753175282,0.0018214480029679,-0.2290340945596243,0.0758606671347166,/kaggle/input/datasets/hintrngia/locked-resnet-xai-inputs/R-C0/ResNet50/seed_42/best_checkpoint.pt,E03_XAI_R_C0_ResNet50,R,C0
E03_XAI_R_C0_ResNet50,R-C0,ResNet50,42,117,pneumonia,E-E1AD2A3BA30BC31AC67A922E.jpeg,1,0.9990035969032588,0.4501953125,1,1,0.3628694792934716,0.3628694713115692,0.3279571533203125,1.106453924299863,0.3142275907890134,0.3142275810241699,0.958136108963327,0,0,240,240,247,112,0.993769603908845,0.997011044236009,0.9963999754910076,0.9984074243025896,0.001112638914907,0.0040031773886499,0.0,0.0,/kaggle/input/datasets/hintrngia/locked-resnet-xai-inputs/R-C0/ResNet50/seed_42/best_checkpoint.pt,E03_XAI_R_C0_ResNet50,R,C0
E03_XAI_R_C0_ResNet50,R-C0,ResNet50,42,118,pneumonia,E-E280E4CD8F00E10AB30B96C9.jpeg,1,0.9793994174059392,0.4501953125,1,1,0.3032915255615654,0.3032915294170379,0.3293609619140625,0.9208484326709636,0.2861369831238202,0.2861369848251343,0.8687641105398508,0,0,143,112,254,118,0.9644890331780792,0.9850396272313068,0.973819224005408,0.9922769163873586,0.0019464722357568,0.0106213256377056,0.263141426036602,0.6084538881444969,/kaggle/input/datasets/hintrngia/locked-resnet-xai-inputs/R-C0/ResNet50/seed_42/best_checkpoint.pt,E03_XAI_R_C0_ResNet50,R,C0
E03_XAI_R_C0_ResNet50,R-C0,ResNet50,42,119,pneumonia,E-E2EF7E089A1E8F497DBAC1CB.jpeg,1,0.9980523347479966,0.4501953125,1,1,0.363280380211771,0.3632803857326507,0.3351898193359375,1.0838049345636012,0.4615051618755513,0.4615051746368408,1.3768471930020545,0,0,175,207,255,84,0.9906962441408712,0.9945147442771174,0.9951713520933688,0.9963753129164694,0.0003480638583124,0.0056862362404229,0.929430788179104,0.386913284706159,/kaggle/input/datasets/hintrngia/locked-resnet-xai-inputs/R-C0/ResNet50/seed_42/best_checkpoint.pt,E03_XAI_R_C0_ResNet50,R,C0
E03_XAI_R_C0_ResNet50,R-C0,ResNet50,42,120,pneumonia,E-E7BF66D9C027E263610D5923.jpeg,1,0.94323765312506,0.4501953125,1,1,0.2637551780431831,0.2637551724910736,0.3877410888671875,0.6802353055069872,0.2531541903983171,0.2531541883945465,0.6528949282572157,0,0,143,207,246,178,0.8893856147913936,0.948056159569356,0.9367032944142396,0.9660307844699852,0.0006004865688448,0.0013461603826933,-0.1787700465745243,-0.0681164141729846,/kaggle/input/datasets/hintrngia/locked-resnet-xai-inputs/R-C0/ResNet50/seed_42/best_checkpoint.pt,E03_XAI_R_C0_ResNet50,R,C0
E03_XAI_R_C0_ResNet50,R-C0,ResNet50,42,121,pneumonia,E-EB1401E2B7015C0BDE01BE91.jpeg,1,0.98986332728007,0.4501953125,1,1,0.2299938757945787,0.2299938797950744,0.329986572265625,0.6969794989398647,0.1850996144382373,0.1850996166467666,0.5609307468706335,0,0,240,176,254,151,0.9356663285428812,0.984963181216518,0.9585619707955352,0.987140721666421,0.0001086289257187,0.0173253030821195,0.5183960145049733,0.8775052549504936,/kaggle/input/datasets/hintrngia/locked-resnet-xai-inputs/R-C0/ResNet50/seed_42/best_checkpoint.pt,E03_XAI_R_C0_ResNet50,R,C0
E03_XAI_R_C0_ResNet50,R-C0,ResNet50,42,122,pneumonia,E-EB344A640162B22F1A6C369F.jpeg,1,0.9920428094500416,0.4501953125,1,1,0.1663234287244084,0.1663234233856201,0.2807464599609375,0.5924328618339493,0.1196442025883801,0.1196442022919654,0.4261645992082221,0,0,240,240,255,59,0.9303165364762372,0.9797141667920412,0.9488761763996127,0.9850909166382116,0.000814697916075,0.0085874372252392,-0.2013873150692158,-0.0432812352232284,/kaggle/input/datasets/hintrngia/locked-resnet-xai-inputs/R-C0/ResNet50/seed_42/best_checkpoint.pt,E03_XAI_R_C0_ResNet50,R,C0
E03_XAI_R_C0_ResNet50,R-C0,ResNet50,42,123,pneumonia,E-EC00E01864643AB223676743.jpeg,1,0.9645264371359242,0.4501953125,1,1,0.4041245932361191,0.4041245877742767,0.3099517822265625,1.3038305194861568,0.4768833232571601,0.4768833220005035,1.5385726122670826,0,0,144,175,250,74,0.9547104069570757,0.9745109763305876,0.9786799695843176,0.9716915994945504,0.000724535556229,0.0010501094631362,-0.1751980000215514,-0.0310874808651043,/kaggle/input/datasets/hintrngia/locked-resnet-xai-inputs/R-C0/ResNet50/seed_42/best_checkpoint.pt,E03_XAI_R_C0_ResNet50,R,C0
E03_XAI_R_C0_ResNet50,R-C0,ResNet50,42,124,pneumonia,E-EF92BEF2BC79AC7D99E44B1F.jpeg,1,0.94356796040247,0.4501953125,1,1,0.2372375175013661,0.2372375130653381,0.343048095703125,0.6915575992780683,0.2236987098224802,0.2236987054347992,0.6520913907537614,0,0,111,208,10,75,0.8830405308040319,0.9726859494789404,0.9284362016963796,0.9793080170655788,0.0015264489767677,0.0029559073504086,0.501203637798793,0.4893523290082577,/kaggle/input/datasets/hintrngia/locked-resnet-xai-inputs/R-C0/ResNet50/seed_42/best_checkpoint.pt,E03_XAI_R_C0_ResNet50,R,C0
E03_XAI_R_C0_ResNet50,R-C0,ResNet50,42,125,pneumonia,E-F051ECCC0E91B0C03A0B3894.jpeg,1,0.9992876246164312,0.4501953125,1,1,0.4355684231793644,0.4355684220790863,0.5049896240234375,0.8625294510192727,0.3341139387997814,0.3341139256954193,0.6616253540771256,0,0,240,240,255,203,0.9916484137495084,0.996532362060668,0.994692184345505,0.9975436196395552,0.0008310236238021,0.0024672989666305,-0.406634414330378,-0.0770384201771952,/kaggle/input/datasets/hintrngia/locked-resnet-xai-inputs/R-C0/ResNet50/seed_42/best_checkpoint.pt,E03_XAI_R_C0_ResNet50,R,C0
E03_XAI_R_C0_ResNet50,R-C0,ResNet50,42,126,pneumonia,E-FA7B18636100FBD243EBAF3A.jpeg,1,0.9764225223853404,0.4501953125,1,1,0.2704825568343773,0.2704825699329376,0.2697601318359375,1.0026780273034532,0.1851114977139768,0.1851114928722381,0.686207767078635,0,0,240,207,251,6,0.943044618096796,0.9863550798620726,0.958450450572831,0.9845914198341816,0.0001754201839616,0.0016587470470882,0.6261352990717292,0.8786454691963566,/kaggle/input/datasets/hintrngia/locked-resnet-xai-inputs/R-C0/ResNet50/seed_42/best_checkpoint.pt,E03_XAI_R_C0_ResNet50,R,C0
E03_XAI_R_C0_ResNet50,R-C0,ResNet50,42,127,pneumonia,E-FDAF56855798F8C5BE7AC652.jpeg,1,0.9983663954152884,0.4501953125,1,1,0.3936716970584887,0.3936716914176941,0.37738037109375,1.0431695106916188,0.3779965110121018,0.3779965043067932,1.0016326761155228,1,0,144,207,255,214,0.9935464203510184,0.9975347290170417,0.9965998943399554,0.9975009149310616,0.0010576456455064,0.0032213352296196,0.6927458805730337,0.5323486184938995,/kaggle/input/datasets/hintrngia/locked-resnet-xai-inputs/R-C0/ResNet50/seed_42/best_checkpoint.pt,E03_XAI_R_C0_ResNet50,R,C0
E03_XAI_R_C0_ResNet50,R-C0,ResNet50,2024,0,normal,E-03B36F677CCFA6787A3BC686.jpeg,0,0.8334906674367956,0.65234375,1,0,0.3320854672269364,0.3320854604244232,0.3590850830078125,0.9248099766364044,0.2593906060908068,0.2593905925750732,0.7223653066233424,0,0,0,144,7,136,0.7119702978363444,0.9069231336491056,0.75990988201092,0.91900906422549,0.00276725811256,0.0051982113628695,-0.0551141978412212,0.2947163908964275,/kaggle/input/datasets/hintrngia/locked-resnet-xai-inputs/R-C0/ResNet50/seed_2024/best_checkpoint.pt,E03_XAI_R_C0_ResNet50,R,C0
E03_XAI_R_C0_ResNet50,R-C0,ResNet50,2024,1,normal,E-06530ECE35CCF9FF05F7DDEB.jpeg,0,0.0230780752718463,0.65234375,0,1,0.3028705415374664,0.3028705418109894,0.2779541015625,1.0896422820706742,0.3900485929812445,0.3900485932826996,1.403284178174069,0,1,112,207,104,182,0.6322045751933938,0.9171492223709208,0.6938915184620789,0.937156138412129,0.0012886563441483,0.0069830104304192,-0.2434624220673767,-0.0716171273422812,/kaggle/input/datasets/hintrngia/locked-resnet-xai-inputs/R-C0/ResNet50/seed_2024/best_checkpoint.pt,E03_XAI_R_C0_ResNet50,R,C0
E03_XAI_R_C0_ResNet50,R-C0,ResNet50,2024,2,normal,E-10FEC5D206E4A3A02E4F32C9.jpeg,0,0.6457162286292418,0.65234375,0,1,0.4463849936510662,0.446384996175766,0.2476806640625,1.8022601616508305,0.467975016577443,0.4679750204086303,1.889428948152988,1,0,207,144,67,45,0.1444998942682749,0.2916335529372085,0.153992775510266,0.3549929949578474,0.0092158756427834,0.0160793718572972,0.7471352571689313,0.6618156232006399,/kaggle/input/datasets/hintrngia/locked-resnet-xai-inputs/R-C0/ResNet50/seed_2024/best_checkpoint.pt,E03_XAI_R_C0_ResNet50,R,C0
E03_XAI_R_C0_ResNet50,R-C0,ResNet50,2024,3,normal,E-16E04AC17A9CE052EFE7227B.jpeg,0,0.0783454839450894,0.65234375,0,1,0.4160747961752459,0.4160747826099396,0.3753509521484375,1.1084953795740038,0.3408462448553928,0.3408462405204773,0.9080734787122656,1,0,80,112,81,17,0.6269537090060386,0.8322865104974603,0.6958745549161724,0.8739469098804729,0.0015012450990867,0.0019783319369417,0.3974878823608511,0.4272801388173767,/kaggle/input/datasets/hintrngia/locked-resnet-xai-inputs/R-C0/ResNet50/seed_2024/best_checkpoint.pt,E03_XAI_R_C0_ResNet50,R,C0
E03_XAI_R_C0_ResNet50,R-C0,ResNet50,2024,4,normal,E-256958BC036CED77CAAB2A55.jpeg,0,0.3607196786809762,0.65234375,0,1,0.3704687950827887,0.37046879529953,0.3496246337890625,1.0596186860972217,0.2979182365281,0.2979182302951813,0.8521088268278079,0,0,80,0,68,2,0.4519455217399614,0.5413605476635457,0.5036650172178041,0.5756061922581315,0.0047795476860737,0.0086144862650326,0.7417465290222405,0.8517149192789674,/kaggle/input/datasets/hintrngia/locked-resnet-xai-inputs/R-C0/ResNet50/seed_2024/best_checkpoint.pt,E03_XAI_R_C0_ResNet50,R,C0
E03_XAI_R_C0_ResNet50,R-C0,ResNet50,2024,5,normal,E-280031A047E47DC7EA750C62.jpeg,0,0.3494747505049739,0.65234375,0,1,0.6702738864353224,0.6702739000320435,0.3791046142578125,1.7680446537100136,0.761379120787868,0.7613791227340698,2.008361523845993,1,1,80,112,78,128,0.3294800650837912,0.4786590546908271,0.3221242297633908,0.5741039371955364,0.0001178298133722,0.0020019528557676,0.7358537699628093,0.6856891640047523,/kaggle/input/datasets/hintrngia/locked-resnet-xai-inputs/R-C0/ResNet50/seed_2024/best_checkpoint.pt,E03_XAI_R_C0_ResNet50,R,C0
E03_XAI_R_C0_ResNet50,R-C0,ResNet50,2024,6,normal,E-28020DB22FEE86C7B17E72DA.jpeg,0,0.3847775772077589,0.65234375,0,1,0.185989357110765,0.1859893500804901,0.3710174560546875,0.5012954352297389,0.0508344598637175,0.0508344583213329,0.1370136607702485,0,0,80,0,69,33,0.2713482071755104,0.4713721777446903,0.2967353852000798,0.479744102273163,0.0003495952757502,0.0029239992266437,-0.0783164533557446,-0.0174806965145796,/kaggle/input/datasets/hintrngia/locked-resnet-xai-inputs/R-C0/ResNet50/seed_2024/best_checkpoint.pt,E03_XAI_R_C0_ResNet50,R,C0
E03_XAI_R_C0_ResNet50,R-C0,ResNet50,2024,7,normal,E-28234EA54B2F1B13D8D5995E.jpeg,0,0.6113797428226025,0.65234375,0,1,0.5492354890061134,0.549235463142395,0.3462677001953125,1.5861585954922068,0.6215776270496438,0.6215776205062866,1.795078278161788,0,1,207,207,199,198,0.3010696413832006,0.379443594478664,0.2765078051530625,0.4213916384029682,0.0016670465608875,0.0126538987851011,-0.0871937359780954,-0.0216538449372475,/kaggle/input/datasets/hintrngia/locked-resnet-xai-inputs/R-C0/ResNet50/seed_2024/best_checkpoint.pt,E03_XAI_R_C0_ResNet50,R,C0
E03_XAI_R_C0_ResNet50,R-C0,ResNet50,2024,8,normal,E-28CAAFCB1AFEEA2D46764B17.jpeg,0,0.829860285091402,0.65234375,1,0,0.2455074347841275,0.2455074340105056,0.38934326171875,0.6305680845748778,0.1315254831370124,0.1315254867076873,0.3378136879944836,0,0,176,0,170,15,0.6481582392624392,0.9098871415580008,0.7252896619587563,0.9105809688866222,0.0005183816373636,0.0006724099417769,-0.2963573567430219,-0.0402019015286169,/kaggle/input/datasets/hintrngia/locked-resnet-xai-inputs/R-C0/ResNet50/seed_2024/best_checkpoint.pt,E03_XAI_R_C0_ResNet50,R,C0
E03_XAI_R_C0_ResNet50,R-C0,ResNet50,2024,9,normal,E-29AE82E82E5A6A48DC6D8B99.jpeg,0,0.1784158752374118,0.65234375,0,1,0.1878101948318104,0.1878101974725723,0.3269195556640625,0.5744844307350072,0.1245797643637163,0.1245797649025917,0.3810716190123928,0,0,80,0,80,23,0.3663692305974943,0.7762234890630226,0.4419284732709463,0.7970700602038635,0.000279417614136,0.0045974010574699,0.7904023876977819,0.7705242978801878,/kaggle/input/datasets/hintrngia/locked-resnet-xai-inputs/R-C0/ResNet50/seed_2024/best_checkpoint.pt,E03_XAI_R_C0_ResNet50,R,C0
E03_XAI_R_C0_ResNet50,R-C0,ResNet50,2024,10,normal,E-2B646E91E652E02CC65E6BA0.jpeg,0,0.018551182661112,0.65234375,0,1,0.3086652002387768,0.3086651861667633,0.2742767333984375,1.1253787239415007,0.3367263243318405,0.3367263376712799,1.227688255433185,0,0,112,207,147,214,0.6908183517934069,0.913708848131252,0.7747214299921314,0.9470199478672754,0.0039341030967791,0.0014845425217015,0.7462461939565859,0.7032622826975148,/kaggle/input/datasets/hintrngia/locked-resnet-xai-inputs/R-C0/ResNet50/seed_2024/best_checkpoint.pt,E03_XAI_R_C0_ResNet50,R,C0
E03_XAI_R_C0_ResNet50,R-C0,ResNet50,2024,11,normal,E-2F227E134B6699426A9E9AB9.jpeg,0,0.2938195937203504,0.65234375,0,1,0.267549638370945,0.2675496339797973,0.3509368896484375,0.7623867603060241,0.2489722131079304,0.2489722073078155,0.7094501047106975,0,0,143,240,103,206,0.3480862047042641,0.611365240404813,0.4126074487383584,0.6590891616079926,0.0005297930156589,0.0029100743337092,0.7188840845737516,0.6233657414179079,/kaggle/input/datasets/hintrngia/locked-resnet-xai-inputs/R-C0/ResNet50/seed_2024/best_checkpoint.pt,E03_XAI_R_C0_ResNet50,R,C0
E03_XAI_R_C0_ResNet50,R-C0,ResNet50,2024,12,normal,E-2F5E9CF0C3839769BD6D37AD.jpeg,0,0.6905192953857312,0.65234375,1,0,0.3216140054480471,0.321613997220993,0.3790740966796875,0.8484198953847448,0.2808212227551366,0.2808212339878082,0.7408082620649936,0,0,0,0,7,11,0.5581399081012535,0.7575282381902868,0.5230832316422145,0.8049592313463213,0.001699735854854,0.0024114170466282,0.4966888718759086,0.8219493124657887,/kaggle/input/datasets/hintrngia/locked-resnet-xai-inputs/R-C0/ResNet50/seed_2024/best_checkpoint.pt,E03_XAI_R_C0_ResNet50,R,C0
E03_XAI_R_C0_ResNet50,R-C0,ResNet50,2024,13,normal,E-306538194ADB5E9E447B7A10.jpeg,0,0.0738430968138946,0.65234375,0,1,0.3216443462911822,0.3216443359851837,0.2563934326171875,1.254495261473482,0.2969481128342272,0.296948105096817,1.158173631060163,0,0,175,0,172,11,0.446332706879293,0.8298757224676211,0.5117943408361673,0.8865600591327405,0.0007751270552381,0.0031141835136883,-0.3674836814930797,0.0545230271321845,/kaggle/input/datasets/hintrngia/locked-resnet-xai-inputs/R-C0/ResNet50/seed_2024/best_checkpoint.pt,E03_XAI_R_C0_ResNet50,R,C0
E03_XAI_R_C0_ResNet50,R-C0,ResNet50,2024,14,normal,E-36FB7A78C2BFA1A3824C3EFA.jpeg,0,0.7513037849937552,0.65234375,1,0,0.2995397114747268,0.299539715051651,0.3275299072265625,0.914541557475318,0.2790811539009407,0.2790811657905578,0.8520783835104613,0,0,111,0,99,13,0.5555898967195416,0.8344382096198955,0.6158058029043945,0.8657582116229259,0.0016801583639836,0.0026222111295592,0.1070846987988512,0.0394311168508244,/kaggle/input/datasets/hintrngia/locked-resnet-xai-inputs/R-C0/ResNet50/seed_2024/best_checkpoint.pt,E03_XAI_R_C0_ResNet50,R,C0
E03_XAI_R_C0_ResNet50,R-C0,ResNet50,2024,15,normal,E-3B865A0E9283DC8B3D382B5F.jpeg,0,0.7804592664416261,0.65234375,1,0,0.2417322814225261,0.2417322844266891,0.360931396484375,0.6697457848696488,0.1038143515965712,0.103814348578453,0.2876290414404707,0,0,240,240,11,40,0.747118574600858,0.8409252183590306,0.7696992124519833,0.8367368336787379,0.0020943738875557,0.0072798998794121,0.1130709089730319,0.0007932634853808,/kaggle/input/datasets/hintrngia/locked-resnet-xai-inputs/R-C0/ResNet50/seed_2024/best_checkpoint.pt,E03_XAI_R_C0_ResNet50,R,C0
E03_XAI_R_C0_ResNet50,R-C0,ResNet50,2024,16,normal,E-3D66EC3C4F2D4073FE577EEA.jpeg,0,0.0771099944517202,0.65234375,0,1,0.3289448224872368,0.3289448320865631,0.2598114013671875,1.2660907903050185,0.3485171184541165,0.3485171198844909,1.3414234965060772,1,0,207,176,95,30,0.4594470649628098,0.7951597252727693,0.5729463831763769,0.8573392230350234,0.0014981689991147,0.0019957450731538,0.7327764822155701,0.7748049097958745,/kaggle/input/datasets/hintrngia/locked-resnet-xai-inputs/R-C0/ResNet50/seed_2024/best_checkpoint.pt,E03_XAI_R_C0_ResNet50,R,C0
E03_XAI_R_C0_ResNet50,R-C0,ResNet50,2024,17,normal,E-40D9418B91304B06987F2A6E.jpeg,0,0.7459462914035886,0.65234375,1,0,0.417708307987964,0.4177083075046539,0.3151092529296875,1.325598357091628,0.4684726551161162,0.4684726595878601,1.486699139300266,0,0,143,143,31,63,0.6801126004969648,0.7934037206960212,0.6988658692409309,0.806221770288341,0.0023617523566712,0.0063293759575471,-0.4621729828703327,-0.1132975018794996,/kaggle/input/datasets/hintrngia/locked-resnet-xai-inputs/R-C0/ResNet50/seed_2024/best_checkpoint.pt,E03_XAI_R_C0_ResNet50,R,C0
E03_XAI_R_C0_ResNet50,R-C0,ResNet50,2024,18,normal,E-44BF14DBF8A5FE52BF53ED2E.jpeg,0,0.3069797298587704,0.65234375,0,1,0.3250066400380063,0.3250066339969635,0.32672119140625,0.9947522492775444,0.4378094796324028,0.4378094673156738,1.3400094366331567,0,1,111,207,81,184,0.355929183705263,0.6047616573070916,0.358164526064206,0.5974628473732737,0.0084376736708943,0.0112192501498348,0.5393542798388624,0.8773181221728651,/kaggle/input/datasets/hintrngia/locked-resnet-xai-inputs/R-C0/ResNet50/seed_2024/best_checkpoint.pt,E03_XAI_R_C0_ResNet50,R,C0
E03_XAI_R_C0_ResNet50,R-C0,ResNet50,2024,19,normal,E-47080ACF9F207EB21662EAAE.jpeg,0,0.7052455582443902,0.65234375,1,0,0.265625453289208,0.2656254470348358,0.3899383544921875,0.6811985797989254,0.0968065339428512,0.0968065336346626,0.248261123399675,0,0,112,0,107,10,0.6646482752279241,0.9109410848874384,0.6844784497456018,0.9057731146757828,0.0001784408050028,0.000636071448324,0.8828003094764277,0.7847311898948635,/kaggle/input/datasets/hintrngia/locked-resnet-xai-inputs/R-C0/ResNet50/seed_2024/best_checkpoint.pt,E03_XAI_R_C0_ResNet50,R,C0
E03_XAI_R_C0_ResNet50,R-C0,ResNet50,2024,20,normal,E-4F18C9F59223CD9D0CA81789.jpeg,0,0.8537632672601508,0.65234375,1,0,0.3675586117264314,0.3675585985183716,0.305145263671875,1.204536512556426,0.3180462646806282,0.3180462718009949,1.0422782279282754,0,0,79,0,78,17,0.803870790782232,0.947882983648858,0.7801928838623682,0.9416438206446296,0.0009252756231111,0.0078717421463544,-0.1842683949742581,-0.0167555742674927,/kaggle/input/datasets/hintrngia/locked-resnet-xai-inputs/R-C0/ResNet50/seed_2024/best_checkpoint.pt,E03_XAI_R_C0_ResNet50,R,C0
E03_XAI_R_C0_ResNet50,R-C0,ResNet50,2024,21,normal,E-57BEC1C15CFD6C2BBAF49905.jpeg,0,0.2435059104946528,0.65234375,0,1,0.2746959912263241,0.2746959924697876,0.3210601806640625,0.8555903465143472,0.140803120693983,0.14080311357975,0.4385567852193752,0,0,80,47,79,19,0.4039061091532991,0.7171166545675407,0.4516373713740306,0.7283190868814403,0.0016802825383593,0.0002525207787437,0.7700579666550442,0.7674619286068185,/kaggle/input/datasets/hintrngia/locked-resnet-xai-inputs/R-C0/ResNet50/seed_2024/best_checkpoint.pt,E03_XAI_R_C0_ResNet50,R,C0
E03_XAI_R_C0_ResNet50,R-C0,ResNet50,2024,22,normal,E-5822F4C00AF6A5D69871506D.jpeg,0,0.4611664622521494,0.65234375,0,1,0.35839673386102,0.3583967387676239,0.414520263671875,0.8646060645776267,0.2080999971442736,0.2080999910831451,0.5020261139971698,0,0,112,208,146,214,0.241553525690249,0.4263945177593125,0.2997357381243074,0.4219873140729405,0.0029338640205322,0.0018690775706832,0.8432953450728401,0.8849762584772715,/kaggle/input/datasets/hintrngia/locked-resnet-xai-inputs/R-C0/ResNet50/seed_2024/best_checkpoint.pt,E03_XAI_R_C0_ResNet50,R,C0
E03_XAI_R_C0_ResNet50,R-C0,ResNet50,2024,23,normal,E-592EC4B388705AD74965EF2F.jpeg,0,0.1258097715614316,0.65234375,0,1,0.2999529874466775,0.2999529838562011,0.3038330078125,0.9872297602101976,0.348496195489638,0.3484961986541748,1.1469991295504678,0,1,79,47,87,199,0.4408571664316384,0.7362341179208358,0.5629690031343,0.7972988200678859,0.0054497508593832,0.0022429235482606,0.3764742134495036,0.3441988158098462,/kaggle/input/datasets/hintrngia/locked-resnet-xai-inputs/R-C0/ResNet50/seed_2024/best_checkpoint.pt,E03_XAI_R_C0_ResNet50,R,C0
E03_XAI_R_C0_ResNet50,R-C0,ResNet50,2024,24,normal,E-5EB53A5E9ABA53D43AB743A8.jpeg,0,0.2608774793527016,0.65234375,0,1,0.321134260730023,0.3211342692375183,0.2571563720703125,1.2487898244349842,0.1951196589989455,0.1951196640729904,0.7587587950011804,0,0,80,47,82,40,0.4982128260630817,0.6649599454016254,0.5984866112947609,0.7647849934426676,0.0035733504169846,0.0114173412050216,0.1324218028935571,0.1750985223829106,/kaggle/input/datasets/hintrngia/locked-resnet-xai-inputs/R-C0/ResNet50/seed_2024/best_checkpoint.pt,E03_XAI_R_C0_ResNet50,R,C0
E03_XAI_R_C0_ResNet50,R-C0,ResNet50,2024,25,normal,E-5FBF0EE47B9EC5825E465989.jpeg,0,0.1283515001113317,0.65234375,0,1,0.2086351446384602,0.208635151386261,0.329376220703125,0.6334250365526789,0.2232107139132177,0.2232107073068618,0.6776770752810449,0,0,112,208,150,226,0.2639517433791954,0.8090506881092057,0.296381864064648,0.8138939252390971,0.0006214999801987,0.0013256454142463,-0.2047567650711655,0.1514425994588509,/kaggle/input/datasets/hintrngia/locked-resnet-xai-inputs/R-C0/ResNet50/seed_2024/best_checkpoint.pt,E03_XAI_R_C0_ResNet50,R,C0
E03_XAI_R_C0_ResNet50,R-C0,ResNet50,2024,26,normal,E-67976418F9EE68ADAB32C212.jpeg,0,0.3157484538460033,0.65234375,0,1,0.183899746362768,0.1838997453451156,0.26171875,0.7026617174458003,0.1323418686213697,0.1323418617248535,0.5056644532398604,0,0,111,47,91,38,0.6948146546897239,0.5591801688598104,0.7416817768178658,0.5903432213933546,0.0021131568636312,0.0069322101835415,0.4707361126056045,0.8701702413589855,/kaggle/input/datasets/hintrngia/locked-resnet-xai-inputs/R-C0/ResNet50/seed_2024/best_checkpoint.pt,E03_XAI_R_C0_ResNet50,R,C0
E03_XAI_R_C0_ResNet50,R-C0,ResNet50,2024,27,normal,E-74019A53B16F834307F73E46.jpeg,0,0.2973125940621846,0.65234375,0,1,0.4569152946264335,0.4569152891635895,0.372467041015625,1.2267267820007353,0.5076693482233539,0.5076693296432495,1.3629913316331717,1,1,207,207,199,204,0.333344269012287,0.5902871799678356,0.3212403734157462,0.5878716824934058,0.0027612364735175,0.0114131373274616,0.4535855557476732,0.3332909774384162,/kaggle/input/datasets/hintrngia/locked-resnet-xai-inputs/R-C0/ResNet50/seed_2024/best_checkpoint.pt,E03_XAI_R_C0_ResNet50,R,C0
E03_XAI_R_C0_ResNet50,R-C0,ResNet50,2024,28,normal,E-778E5DF620CB9DE6A84B008B.jpeg,0,0.8915360528528714,0.65234375,1,0,0.4306252305857551,0.4306252300739288,0.3386688232421875,1.2715230958174386,0.5378244119507304,0.5378243923187256,1.5880540960397866,1,0,144,143,130,128,0.8322103119908223,0.8574577932976408,0.7767197375456326,0.918425775912017,9.339438187822012e-05,0.0033974314001652,-0.1010886106577731,-0.0509745672875236,/kaggle/input/datasets/hintrngia/locked-resnet-xai-inputs/R-C0/ResNet50/seed_2024/best_checkpoint.pt,E03_XAI_R_C0_ResNet50,R,C0
E03_XAI_R_C0_ResNet50,R-C0,ResNet50,2024,29,normal,E-77C42172A076E16EE5474210.jpeg,0,0.3223147343541663,0.65234375,0,1,0.4822036735916354,0.4822036623954773,0.39276123046875,1.2277272708819509,0.5684693057546651,0.5684692859649658,1.44736613915842,0,1,112,207,102,191,0.2652646823717266,0.6768254370354805,0.2856000071516912,0.7037117440239022,0.0068543203887487,0.0051995096671725,0.9506105582819564,0.8107892809922684,/kaggle/input/datasets/hintrngia/locked-resnet-xai-inputs/R-C0/ResNet50/seed_2024/best_checkpoint.pt,E03_XAI_R_C0_ResNet50,R,C0
E03_XAI_R_C0_ResNet50,R-C0,ResNet50,2024,30,normal,E-7B1FB0C84C51C5CD8EDBCCFD.jpeg,0,0.9825873185793816,0.65234375,1,0,0.3516451504984285,0.3516451418399811,0.388427734375,0.9053039198249926,0.4559796801574547,0.4559796750545501,1.1739112318824227,0,1,80,0,97,165,0.9187595840689746,0.9666690068333216,0.8976079208679292,0.9706370751814052,0.0032743583384707,0.0057180696262499,-0.0957624890540325,0.1289735229096933,/kaggle/input/datasets/hintrngia/locked-resnet-xai-inputs/R-C0/ResNet50/seed_2024/best_checkpoint.pt,E03_XAI_R_C0_ResNet50,R,C0
E03_XAI_R_C0_ResNet50,R-C0,ResNet50,2024,31,normal,E-7B7A8A9BEAA512F9DC3E0865.jpeg,0,0.2231358764132656,0.65234375,0,1,0.541040810790885,0.54104083776474,0.356475830078125,1.5177489331389191,0.5309605515902874,0.5309605598449707,1.489471394102435,1,0,80,112,129,3,0.2414490744287354,0.6403126410562232,0.2979082918462747,0.6992989460899515,0.0016214678726341,0.0070020226266755,0.3852158179427055,0.6387647948997498,/kaggle/input/datasets/hintrngia/locked-resnet-xai-inputs/R-C0/ResNet50/seed_2024/best_checkpoint.pt,E03_XAI_R_C0_ResNet50,R,C0
E03_XAI_R_C0_ResNet50,R-C0,ResNet50,2024,32,normal,E-82FCB2C3D1996A8155B45525.jpeg,0,0.1801705381578678,0.65234375,0,1,0.3315974340217207,0.3315974473953247,0.2450714111328125,1.3530645312276628,0.4150444035619676,0.4150443971157074,1.6935651598180133,0,1,111,47,88,189,0.4014325416278687,0.697155769795712,0.5071959540052529,0.7719063278722926,4.906142431115868e-05,0.0036016007124839,0.8282781244640987,0.737018191991646,/kaggle/input/datasets/hintrngia/locked-resnet-xai-inputs/R-C0/ResNet50/seed_2024/best_checkpoint.pt,E03_XAI_R_C0_ResNet50,R,C0
E03_XAI_R_C0_ResNet50,R-C0,ResNet50,2024,33,normal,E-843CBB869621D4078F498542.jpeg,0,0.7406462192910263,0.65234375,1,0,0.2808948328393602,0.2808948457241058,0.3597412109375,0.7808247270512516,0.1311313781405739,0.1311313807964325,0.3645158634976524,0,0,0,112,175,7,0.5492707378110675,0.8395384997577034,0.5961042700636159,0.8624731782521031,0.0005650212335627,0.0008014019770733,0.0931206396205571,0.1069912686588268,/kaggle/input/datasets/hintrngia/locked-resnet-xai-inputs/R-C0/ResNet50/seed_2024/best_checkpoint.pt,E03_XAI_R_C0_ResNet50,R,C0
E03_XAI_R_C0_ResNet50,R-C0,ResNet50,2024,34,normal,E-845A5BC2008587BFFF60937F.jpeg,0,0.7582458829728128,0.65234375,1,0,0.2082567580186597,0.2082567512989044,0.3625030517578125,0.5744965649497362,0.1733362660931974,0.1733362674713134,0.4781649844123327,0,0,0,0,25,6,0.669294709796193,0.8298605104292396,0.7376675094095548,0.8699131768378194,0.0010330483744594,0.0032770899002542,0.2889540176566128,0.1065072764136999,/kaggle/input/datasets/hintrngia/locked-resnet-xai-inputs/R-C0/ResNet50/seed_2024/best_checkpoint.pt,E03_XAI_R_C0_ResNet50,R,C0
E03_XAI_R_C0_ResNet50,R-C0,ResNet50,2024,35,normal,E-8BB569A271B438E1FF7419AA.jpeg,0,0.4703833388771413,0.65234375,0,1,0.2078045569258911,0.2078045606613159,0.3291015625,0.6314298703030046,0.0655049895416805,0.0655049905180931,0.1990418673313974,0,0,112,0,183,19,0.1868389334532614,0.4867212751658086,0.2020805108659356,0.5560655474434186,0.0020842363510169,0.0010730950443818,0.8664263288499899,0.8795262766207573,/kaggle/input/datasets/hintrngia/locked-resnet-xai-inputs/R-C0/ResNet50/seed_2024/best_checkpoint.pt,E03_XAI_R_C0_ResNet50,R,C0
E03_XAI_R_C0_ResNet50,R-C0,ResNet50,2024,36,normal,E-8E65534102472D38A215B619.jpeg,0,0.6433279945996816,0.65234375,0,1,0.4113088268822973,0.4113088250160217,0.4018096923828125,1.0236408794500529,0.1953525866694989,0.1953525841236114,0.4861818676175248,0,0,80,0,78,1,0.245311780410435,0.3404170569267948,0.2935710965348327,0.3677069642491258,0.0085426365970752,0.0072904929697505,-0.1562255207202283,-0.0366304455292574,/kaggle/input/datasets/hintrngia/locked-resnet-xai-inputs/R-C0/ResNet50/seed_2024/best_checkpoint.pt,E03_XAI_R_C0_ResNet50,R,C0
E03_XAI_R_C0_ResNet50,R-C0,ResNet50,2024,37,normal,E-91CCC5E035FBDB0CCBB30E2A.jpeg,0,0.2640588964224636,0.65234375,0,1,0.612597260004498,0.6125972867012024,0.4178619384765625,1.4660278996404883,0.7061250753881867,0.7061250805854797,1.6898525813635277,1,1,80,112,68,185,0.4195466030164946,0.6275336018061745,0.4847688592477431,0.6682647046810948,0.0056513097656595,0.0094582092271996,-0.2374434017608924,0.1213998324371737,/kaggle/input/datasets/hintrngia/locked-resnet-xai-inputs/R-C0/ResNet50/seed_2024/best_checkpoint.pt,E03_XAI_R_C0_ResNet50,R,C0
E03_XAI_R_C0_ResNet50,R-C0,ResNet50,2024,38,normal,E-91CD2D4F539A3D56107014E7.jpeg,0,0.5280636841607549,0.65234375,0,1,0.5005380620319813,0.5005380511283875,0.376434326171875,1.3296823037425185,0.2974576960138395,0.2974576950073242,0.7901981177933921,1,0,80,143,79,18,0.2173072067966523,0.4468429571190745,0.2397689648107802,0.4769947131780364,0.0031914851896027,0.0003239814966065,-0.1901820913596314,-0.0289275966915445,/kaggle/input/datasets/hintrngia/locked-resnet-xai-inputs/R-C0/ResNet50/seed_2024/best_checkpoint.pt,E03_XAI_R_C0_ResNet50,R,C0
E03_XAI_R_C0_ResNet50,R-C0,ResNet50,2024,39,normal,E-93DEE19500CF7BC746908FEA.jpeg,0,0.2625358637894676,0.65234375,0,1,0.3953960577520554,0.3953960537910461,0.3555908203125,1.1119411277393882,0.4190660652044262,0.4190660715103149,1.1785064216116237,0,1,111,208,191,200,0.2937216942581925,0.637197786048347,0.3362162274343417,0.6561594971373317,0.002167191267719,0.0012862947755276,-0.0979988443443782,0.1684287496024268,/kaggle/input/datasets/hintrngia/locked-resnet-xai-inputs/R-C0/ResNet50/seed_2024/best_checkpoint.pt,E03_XAI_R_C0_ResNet50,R,C0
E03_XAI_R_C0_ResNet50,R-C0,ResNet50,2024,40,normal,E-9A48264C99FDAC90E29908DD.jpeg,0,0.9319271134695796,0.65234375,1,0,0.3063073060067168,0.306307315826416,0.3754425048828125,0.815856761083365,0.3569626359469119,0.3569626212120056,0.950778431595888,0,0,240,0,253,9,0.8036972721660708,0.8993746139447338,0.8399233739123431,0.9251457072528526,0.0002060727119304,0.0034014876774522,-0.2836501124066953,-0.0392994326981766,/kaggle/input/datasets/hintrngia/locked-resnet-xai-inputs/R-C0/ResNet50/seed_2024/best_checkpoint.pt,E03_XAI_R_C0_ResNet50,R,C0
E03_XAI_R_C0_ResNet50,R-C0,ResNet50,2024,41,normal,E-A5B76F5465A7745EBBAE1D8D.jpeg,0,0.5445161899907319,0.65234375,0,1,0.2592817609907148,0.2592817544937134,0.36846923828125,0.7036727467404129,0.1439241443643404,0.1439241468906402,0.3906001625418841,0,0,112,208,143,223,0.1405600698700128,0.4629757370713637,0.149080571292309,0.4980212496818985,3.630865063913857e-05,0.000420429932985,-0.2906202785909648,-0.047750418799486,/kaggle/input/datasets/hintrngia/locked-resnet-xai-inputs/R-C0/ResNet50/seed_2024/best_checkpoint.pt,E03_XAI_R_C0_ResNet50,R,C0
E03_XAI_R_C0_ResNet50,R-C0,ResNet50,2024,42,normal,E-A92185A886C303721C499620.jpeg,0,0.8952701839745801,0.65234375,1,0,0.2757842577065689,0.2757842540740967,0.4248199462890625,0.6491791642921483,0.1331624599260539,0.1331624537706375,0.3134562326681466,0,0,0,144,75,2,0.8035736441618054,0.9169812182592744,0.7668074214864509,0.9210408669939992,0.0008500743660355,0.000669106055086,0.2650018242843596,0.7695973408469903,/kaggle/input/datasets/hintrngia/locked-resnet-xai-inputs/R-C0/ResNet50/seed_2024/best_checkpoint.pt,E03_XAI_R_C0_ResNet50,R,C0
E03_XAI_R_C0_ResNet50,R-C0,ResNet50,2024,43,normal,E-B1906A980682154F21AC8637.jpeg,0,0.2806957951259063,0.65234375,0,1,0.3532726226070019,0.3532726168632507,0.37506103515625,0.9419070217726802,0.3631479001965202,0.3631479144096374,0.968236809897443,0,1,208,207,201,200,0.3301193356437866,0.6388770949924399,0.4358968551105258,0.6377288114399432,0.0024877527614142,0.0003177682920583,0.0906488900762122,0.3564438453559299,/kaggle/input/datasets/hintrngia/locked-resnet-xai-inputs/R-C0/ResNet50/seed_2024/best_checkpoint.pt,E03_XAI_R_C0_ResNet50,R,C0
E03_XAI_R_C0_ResNet50,R-C0,ResNet50,2024,44,normal,E-B701F1D8C0C0617522833A87.jpeg,0,0.0845693405541093,0.65234375,0,1,0.2781844173764239,0.2781844139099121,0.2968597412109375,0.9370904126024836,0.2302267268806496,0.2302267253398895,0.7755404149498974,1,0,207,207,79,26,0.4158186961059575,0.7752040837156261,0.4350340819089445,0.8360815633535198,0.0041009917917017,0.0003257734761018,0.4806932880009915,0.7537388675155652,/kaggle/input/datasets/hintrngia/locked-resnet-xai-inputs/R-C0/ResNet50/seed_2024/best_checkpoint.pt,E03_XAI_R_C0_ResNet50,R,C0
E03_XAI_R_C0_ResNet50,R-C0,ResNet50,2024,45,normal,E-B80945974BB38152A2ADE2AF.jpeg,0,0.0039080592653681,0.65234375,0,1,0.2495958386637041,0.2495958358049392,0.287933349609375,0.8668528289700325,0.2514940419856659,0.2514940500259399,0.873445338398124,0,0,112,207,155,208,0.7490174584643909,0.9690993863575946,0.7825328581267128,0.9789578404085512,0.0004285156064754,0.0014044224183408,-0.1103653490001365,-0.0408515102481077,/kaggle/input/datasets/hintrngia/locked-resnet-xai-inputs/R-C0/ResNet50/seed_2024/best_checkpoint.pt,E03_XAI_R_C0_ResNet50,R,C0
E03_XAI_R_C0_ResNet50,R-C0,ResNet50,2024,46,normal,E-BB74E7A26CC5772AE8204932.jpeg,0,0.8114056019442139,0.65234375,1,0,0.3355365101571986,0.3355365097522735,0.396759033203125,0.8456934362611404,0.3076077380998716,0.3076077401638031,0.7753011585306201,1,0,143,112,254,181,0.6696321037343198,0.8270428982075673,0.7155914851843749,0.8662428077464615,0.0014295630827695,0.0003139684205621,0.9147323209358806,0.5578999561143259,/kaggle/input/datasets/hintrngia/locked-resnet-xai-inputs/R-C0/ResNet50/seed_2024/best_checkpoint.pt,E03_XAI_R_C0_ResNet50,R,C0
E03_XAI_R_C0_ResNet50,R-C0,ResNet50,2024,47,normal,E-BB96C349B18A4710DE07EC01.jpeg,0,0.4187458138009494,0.65234375,0,1,0.611319840756089,0.6113198399543762,0.3329010009765625,1.8363412514915456,0.6078176745761971,0.6078176498413086,1.825821108357045,1,0,80,112,86,10,0.2589027475325945,0.5610791910387695,0.3327438646155792,0.6077087630140745,0.0048302735864639,0.0015684243819519,0.1883903476894243,0.6427382724250011,/kaggle/input/datasets/hintrngia/locked-resnet-xai-inputs/R-C0/ResNet50/seed_2024/best_checkpoint.pt,E03_XAI_R_C0_ResNet50,R,C0
E03_XAI_R_C0_ResNet50,R-C0,ResNet50,2024,48,normal,E-BCDF7BD5461E233F18CDF83C.jpeg,0,0.0968722227439139,0.65234375,0,1,0.3302471352911073,0.3302471339702606,0.2940521240234375,1.1230904601960463,0.3017512234961562,0.3017512261867523,1.026182771161024,0,0,111,47,90,22,0.5365898535598995,0.8346126321181877,0.6097385852878405,0.8790655966440009,0.0026667475803017,0.0003277385907118,0.6497656741623493,0.7388907079595592,/kaggle/input/datasets/hintrngia/locked-resnet-xai-inputs/R-C0/ResNet50/seed_2024/best_checkpoint.pt,E03_XAI_R_C0_ResNet50,R,C0
E03_XAI_R_C0_ResNet50,R-C0,ResNet50,2024,49,normal,E-BF6060CF2B5D86362B50F1EF.jpeg,0,0.1343730152618653,0.65234375,0,1,0.3160838888898282,0.3160838782787323,0.3540191650390625,0.8928440042361873,0.3233991040236041,0.3233990967273712,0.9135073350843034,1,1,176,208,183,208,0.4696386525490369,0.7836925614158863,0.4566774939813288,0.7847250395217849,0.0029152224246064,0.0005822191479381,0.3071502104116319,0.908254901363384,/kaggle/input/datasets/hintrngia/locked-resnet-xai-inputs/R-C0/ResNet50/seed_2024/best_checkpoint.pt,E03_XAI_R_C0_ResNet50,R,C0
E03_XAI_R_C0_ResNet50,R-C0,ResNet50,2024,50,normal,E-C7B56CF9C42EB131FD94EA3C.jpeg,0,0.9340008415543928,0.65234375,1,0,0.2617837318461129,0.2617837190628052,0.32830810546875,0.7973721254074575,0.2597646945512031,0.259764701128006,0.7912223007114543,0,0,240,0,247,10,0.769805771433418,0.9193417113612904,0.7709443684550894,0.9489061181891972,0.0004897708741076,0.0132104434986387,-0.3062190256118581,-0.0724237841470906,/kaggle/input/datasets/hintrngia/locked-resnet-xai-inputs/R-C0/ResNet50/seed_2024/best_checkpoint.pt,E03_XAI_R_C0_ResNet50,R,C0
E03_XAI_R_C0_ResNet50,R-C0,ResNet50,2024,51,normal,E-D31B79C24E008C43E1511E9D.jpeg,0,0.0529195418842584,0.65234375,0,1,0.4406006598409773,0.4406006634235382,0.29034423828125,1.5175112909048922,0.4830792827561815,0.4830792844295501,1.663815633524759,1,0,80,144,84,11,0.6935737393416652,0.8835406256922597,0.7599587479533404,0.9282991629585278,0.0038684203722059,0.0078070158435053,-0.6168096487345892,-0.0056912161178191,/kaggle/input/datasets/hintrngia/locked-resnet-xai-inputs/R-C0/ResNet50/seed_2024/best_checkpoint.pt,E03_XAI_R_C0_ResNet50,R,C0
E03_XAI_R_C0_ResNet50,R-C0,ResNet50,2024,52,normal,E-E13640D767DD410F37B990A9.jpeg,0,0.2978512078953423,0.65234375,0,1,0.3092206244566151,0.3092206120491028,0.3385162353515625,0.913458771439654,0.2366399581640799,0.2366399616003036,0.6990505430805114,0,0,112,208,127,226,0.2958046214695734,0.7247604086166223,0.3062013481959587,0.7435411442754308,0.0015700198139743,0.00523412243196,0.6354068439178401,0.8279783221950909,/kaggle/input/datasets/hintrngia/locked-resnet-xai-inputs/R-C0/ResNet50/seed_2024/best_checkpoint.pt,E03_XAI_R_C0_ResNet50,R,C0
E03_XAI_R_C0_ResNet50,R-C0,ResNet50,2024,53,normal,E-E2352C479C37BA410D3419C8.jpeg,0,0.3276520185761228,0.65234375,0,1,0.5936386158799942,0.5936385989189148,0.460540771484375,1.289003390441697,0.6303583667851923,0.6303583383560181,1.3687352039505123,1,1,240,207,55,150,0.29465070184158,0.5464842150547342,0.2896840077321782,0.580202102305859,0.0007052396230891,0.0088935680702653,-0.1766064858181701,-0.0652180335068387,/kaggle/input/datasets/hintrngia/locked-resnet-xai-inputs/R-C0/ResNet50/seed_2024/best_checkpoint.pt,E03_XAI_R_C0_ResNet50,R,C0
E03_XAI_R_C0_ResNet50,R-C0,ResNet50,2024,54,normal,E-E249A212D4F7D1C6D4206FBF.jpeg,0,0.3243603413858065,0.65234375,0,1,0.5397222729400982,0.5397222638130188,0.44427490234375,1.2148385382402211,0.4063628154520566,0.4063628017902374,0.9146652518706548,0,0,143,240,136,210,0.2610973115027251,0.6103643974007678,0.3035570971873975,0.6224718385341628,0.0009960912444761,0.0041430651191337,0.8950959244950706,0.893696077204049,/kaggle/input/datasets/hintrngia/locked-resnet-xai-inputs/R-C0/ResNet50/seed_2024/best_checkpoint.pt,E03_XAI_R_C0_ResNet50,R,C0
E03_XAI_R_C0_ResNet50,R-C0,ResNet50,2024,55,normal,E-E2DD25AE8644A21D4C1655DA.jpeg,0,0.441129981377254,0.65234375,0,1,0.26144249780698,0.2614425122737884,0.3409881591796875,0.7667201654037786,0.2381207667202871,0.2381207644939422,0.6983256172095018,0,0,80,0,69,3,0.3231244477553611,0.4375916609321266,0.3157750756777985,0.4811112993516633,6.246747522842266e-05,0.0103450382039993,0.8445461664198541,0.6525090939656222,/kaggle/input/datasets/hintrngia/locked-resnet-xai-inputs/R-C0/ResNet50/seed_2024/best_checkpoint.pt,E03_XAI_R_C0_ResNet50,R,C0
E03_XAI_R_C0_ResNet50,R-C0,ResNet50,2024,56,normal,E-E35138A3EAFB63D43C970EAE.jpeg,0,0.5568190355403919,0.65234375,0,1,0.5104758139996849,0.5104758143424988,0.4013519287109375,1.2718907708734115,0.6375420423950372,0.6375420689582825,1.5884863053796583,0,1,111,207,81,179,0.1719063406484083,0.4411532424538663,0.1913941326416345,0.4841777549373076,0.0062189511489502,0.0091507057450398,0.2093584822851281,0.4253385044042918,/kaggle/input/datasets/hintrngia/locked-resnet-xai-inputs/R-C0/ResNet50/seed_2024/best_checkpoint.pt,E03_XAI_R_C0_ResNet50,R,C0
E03_XAI_R_C0_ResNet50,R-C0,ResNet50,2024,57,normal,E-EACE2F51FB2EF2E191B9BC55.jpeg,0,0.911984665102752,0.65234375,1,0,0.2939357007964344,0.2939356863498688,0.4419708251953125,0.6650567956980882,0.1806298655241885,0.1806298643350601,0.4086918303812609,0,0,80,0,65,3,0.7875220559880038,0.9206390381705076,0.7954034609208417,0.9234500339010644,0.0008078525304384,0.0011393495069753,-0.0724502280691914,-0.0222250380469235,/kaggle/input/datasets/hintrngia/locked-resnet-xai-inputs/R-C0/ResNet50/seed_2024/best_checkpoint.pt,E03_XAI_R_C0_ResNet50,R,C0
E03_XAI_R_C0_ResNet50,R-C0,ResNet50,2024,58,normal,E-ED70ACD6E494856AB99B813B.jpeg,0,0.9341594787975404,0.65234375,1,0,0.1926930610917538,0.1926930546760559,0.3370513916015625,0.5717023157095922,0.0760995835732994,0.076099582016468,0.225780357148796,0,0,240,0,251,10,0.7620231826144159,0.936165004165809,0.6804903851042677,0.9479672740738224,0.0025091436521008,0.0014003451862615,0.918873966288784,0.8947217920104795,/kaggle/input/datasets/hintrngia/locked-resnet-xai-inputs/R-C0/ResNet50/seed_2024/best_checkpoint.pt,E03_XAI_R_C0_ResNet50,R,C0
E03_XAI_R_C0_ResNet50,R-C0,ResNet50,2024,59,normal,E-EE1CB872F9ABCF62B8C9A410.jpeg,0,0.104478282329721,0.65234375,0,1,0.3396378838005611,0.3396378755569458,0.260040283203125,1.3060971923925344,0.4322052586448585,0.4322052597999573,1.6620704043275112,0,1,111,207,83,169,0.4089614450966654,0.7395459535136994,0.4289154300934549,0.8038239182284085,0.0015750138858164,0.000840457148411,0.7777673176270237,0.878593591125011,/kaggle/input/datasets/hintrngia/locked-resnet-xai-inputs/R-C0/ResNet50/seed_2024/best_checkpoint.pt,E03_XAI_R_C0_ResNet50,R,C0
E03_XAI_R_C0_ResNet50,R-C0,ResNet50,2024,60,normal,E-EFAD2710B0F9E9CA19CFEDAD.jpeg,0,0.7156636266610533,0.65234375,1,0,0.3927033099977152,0.3927033245563507,0.36236572265625,1.083720908034793,0.3900574069384512,0.3900574147701263,1.0764191603974371,0,0,0,79,8,58,0.6122790946742457,0.8738913127082304,0.6240517401183557,0.8807817231445041,0.0001518060680343,0.0014797555997447,-0.1399597655677474,-0.0373332025615332,/kaggle/input/datasets/hintrngia/locked-resnet-xai-inputs/R-C0/ResNet50/seed_2024/best_checkpoint.pt,E03_XAI_R_C0_ResNet50,R,C0
E03_XAI_R_C0_ResNet50,R-C0,ResNet50,2024,61,normal,E-F32C5A7DA665488BF8EB2294.jpeg,0,0.6461904255062438,0.65234375,0,1,0.5307283279628042,0.5307283401489258,0.3988037109375,1.3308008762385346,0.4020577026726319,0.4020577073097229,1.0081593817857977,1,0,80,112,79,10,0.2650770492726547,0.3112430878083266,0.2660911914925249,0.3400963194643743,0.0012558507871744,0.0131789504841046,-0.2294557522089937,-0.0750901403697539,/kaggle/input/datasets/hintrngia/locked-resnet-xai-inputs/R-C0/ResNet50/seed_2024/best_checkpoint.pt,E03_XAI_R_C0_ResNet50,R,C0
E03_XAI_R_C0_ResNet50,R-C0,ResNet50,2024,62,normal,E-F57AB9616B464FB4687D409D.jpeg,0,0.3808059589124613,0.65234375,0,1,0.4114835572559924,0.4114835560321808,0.43695068359375,0.9417162455765022,0.3663800145083692,0.3663800060749054,0.838492828286789,0,0,112,208,145,226,0.2313633316893269,0.5139427604097317,0.247800949963994,0.5491242735316721,5.240493211300379e-05,0.0034062501623145,0.7896785300008546,0.8773480241322135,/kaggle/input/datasets/hintrngia/locked-resnet-xai-inputs/R-C0/ResNet50/seed_2024/best_checkpoint.pt,E03_XAI_R_C0_ResNet50,R,C0
E03_XAI_R_C0_ResNet50,R-C0,ResNet50,2024,63,normal,E-F803B5977A560D3CAEE3206F.jpeg,0,0.246979192008222,0.65234375,0,1,0.3990047529920113,0.3990047574043274,0.3428192138671875,1.163892619935214,0.4381367439632755,0.4381367564201355,1.2780402213191446,0,0,112,208,136,214,0.3343066243920232,0.6711243024697773,0.338978987632086,0.7013216271613897,0.0032388818924204,0.0016017075788868,0.7093266968789179,0.7605337818067127,/kaggle/input/datasets/hintrngia/locked-resnet-xai-inputs/R-C0/ResNet50/seed_2024/best_checkpoint.pt,E03_XAI_R_C0_ResNet50,R,C0
E03_XAI_R_C0_ResNet50,R-C0,ResNet50,2024,64,pneumonia,E-018B83433C4DD934AA5C8B2B.jpeg,1,0.9971640904976484,0.65234375,1,1,0.4066257094527876,0.4066257178783417,0.3726043701171875,1.0913068714811371,0.5190725237424695,0.5190725326538086,1.3930929569591908,0,0,143,176,98,199,0.9546808160856556,0.982653964482128,0.9578722602476404,0.9784720598965396,0.000848671928073,0.0023117453293797,0.1407134825227161,0.3347042487772511,/kaggle/input/datasets/hintrngia/locked-resnet-xai-inputs/R-C0/ResNet50/seed_2024/best_checkpoint.pt,E03_XAI_R_C0_ResNet50,R,C0
E03_XAI_R_C0_ResNet50,R-C0,ResNet50,2024,65,pneumonia,E-01E4EA18817F6CBD784D8ACE.jpeg,1,0.9676248799012086,0.65234375,1,1,0.3490014208628191,0.349001407623291,0.355072021484375,0.9829031851167046,0.385191983865284,0.3851919770240783,1.0848277548171574,0,0,0,144,7,136,0.8737737932958693,0.948834027368762,0.8864478648336895,0.94430710400591,0.0010967976814142,0.0059744159074523,-0.1357109683281507,0.1578928310435952,/kaggle/input/datasets/hintrngia/locked-resnet-xai-inputs/R-C0/ResNet50/seed_2024/best_checkpoint.pt,E03_XAI_R_C0_ResNet50,R,C0
E03_XAI_R_C0_ResNet50,R-C0,ResNet50,2024,66,pneumonia,E-0981A556ADE7F427711A3360.jpeg,1,0.9917912539401108,0.65234375,1,1,0.3253751645868047,0.3253751695156097,0.315826416015625,1.0302341668934598,0.400690152079358,0.4006901383399963,1.268703730151358,1,0,143,175,254,139,0.9252391399840164,0.9832492828826208,0.9485928345385302,0.9866342514608044,0.0009214751295364,0.0134164324133774,0.6478496181250744,0.4207731740927732,/kaggle/input/datasets/hintrngia/locked-resnet-xai-inputs/R-C0/ResNet50/seed_2024/best_checkpoint.pt,E03_XAI_R_C0_ResNet50,R,C0
E03_XAI_R_C0_ResNet50,R-C0,ResNet50,2024,67,pneumonia,E-0B7E667233F7AB135F8A84DD.jpeg,1,0.997551751328575,0.65234375,1,1,0.455079539465822,0.4550795257091522,0.3825225830078125,1.1896801906111976,0.5390605661903592,0.5390605926513672,1.409225468341433,0,0,112,144,111,116,0.9566179969644172,0.9824854361404008,0.9660913505346987,0.9847961383640772,0.0005698851926189,0.0024646687775131,-0.1584103128162902,-0.0088400075486826,/kaggle/input/datasets/hintrngia/locked-resnet-xai-inputs/R-C0/ResNet50/seed_2024/best_checkpoint.pt,E03_XAI_R_C0_ResNet50,R,C0
E03_XAI_R_C0_ResNet50,R-C0,ResNet50,2024,68,pneumonia,E-122745006C7E29B76E58625B.jpeg,1,0.974784844857048,0.65234375,1,1,0.4075116364518544,0.4075116217136383,0.3352813720703125,1.2154317847589646,0.5596455609134929,0.5596455335617065,1.6691817903803154,0,0,0,112,11,95,0.925827968150248,0.9512383786856892,0.9123016189489552,0.9512134066983527,0.000694771979302,0.0006308177912851,0.0941518312390652,0.2609575105694103,/kaggle/input/datasets/hintrngia/locked-resnet-xai-inputs/R-C0/ResNet50/seed_2024/best_checkpoint.pt,E03_XAI_R_C0_ResNet50,R,C0
E03_XAI_R_C0_ResNet50,R-C0,ResNet50,2024,69,pneumonia,E-1265B89238C345234A9C993B.jpeg,1,0.9576987696989246,0.65234375,1,1,0.2417676812420683,0.2417676746845245,0.3254241943359375,0.7429308743789651,0.1364609893160914,0.1364609897136688,0.4193326485590739,0,0,48,0,67,2,0.6331876357944167,0.9655370483290102,0.692675468830292,0.9618694452428124,0.0006116556926049,0.000113835036764,-0.1386897848725018,0.0911528511721656,/kaggle/input/datasets/hintrngia/locked-resnet-xai-inputs/R-C0/ResNet50/seed_2024/best_checkpoint.pt,E03_XAI_R_C0_ResNet50,R,C0
E03_XAI_R_C0_ResNet50,R-C0,ResNet50,2024,70,pneumonia,E-1777E855F7110F5A72B38BC0.jpeg,1,0.9763744808611188,0.65234375,1,1,0.3512821418810394,0.3512821495532989,0.3238525390625,1.084697816166406,0.4383283514601861,0.438328355550766,1.3534812872830173,0,0,176,0,127,166,0.8846079208449824,0.9525931500299276,0.8649306178968146,0.9679217588415836,0.0008245010948232,0.0045814079557321,0.5809555161707338,0.8004709157947224,/kaggle/input/datasets/hintrngia/locked-resnet-xai-inputs/R-C0/ResNet50/seed_2024/best_checkpoint.pt,E03_XAI_R_C0_ResNet50,R,C0
E03_XAI_R_C0_ResNet50,R-C0,ResNet50,2024,71,pneumonia,E-198E88DB173F06A1227B639B.jpeg,1,0.9710661241380528,0.65234375,1,1,0.2544298263137381,0.254429817199707,0.256744384765625,0.99098496952913,0.2582663553107704,0.2582663595676422,1.0059279603974,0,0,240,0,213,3,0.9386063788706762,0.9719924644913454,0.9327571952631046,0.9728233680435096,0.0021394417883339,0.0044662328752633,-0.2550472956400003,-0.0318718500848398,/kaggle/input/datasets/hintrngia/locked-resnet-xai-inputs/R-C0/ResNet50/seed_2024/best_checkpoint.pt,E03_XAI_R_C0_ResNet50,R,C0
E03_XAI_R_C0_ResNet50,R-C0,ResNet50,2024,72,pneumonia,E-1A06E979246F3D9634B22BF8.jpeg,1,0.9974926400066328,0.65234375,1,1,0.41067990864037,0.4106799066066742,0.303802490234375,1.3517990202237715,0.6032468978466576,0.6032469272613525,1.9856548818321724,0,1,111,207,86,192,0.9643280583252324,0.991593503627528,0.9567294159389108,0.9933002761706284,2.6366526298504667e-05,0.0016357319264268,-0.0804475399317044,0.1505943188733223,/kaggle/input/datasets/hintrngia/locked-resnet-xai-inputs/R-C0/ResNet50/seed_2024/best_checkpoint.pt,E03_XAI_R_C0_ResNet50,R,C0
E03_XAI_R_C0_ResNet50,R-C0,ResNet50,2024,73,pneumonia,E-220D81ED5B8FE3B14418B9F7.jpeg,1,0.9626880253489772,0.65234375,1,1,0.2162349081247827,0.2162349075078964,0.2836456298828125,0.762341757967925,0.291686181986527,0.2916861772537231,1.0283471742788228,0,0,0,0,11,10,0.8452285968500752,0.9419267335652368,0.8228139725445044,0.9632746238970172,0.0028755915436826,0.0127380732272074,0.0028403112752976,0.1087418223994556,/kaggle/input/datasets/hintrngia/locked-resnet-xai-inputs/R-C0/ResNet50/seed_2024/best_checkpoint.pt,E03_XAI_R_C0_ResNet50,R,C0
E03_XAI_R_C0_ResNet50,R-C0,ResNet50,2024,74,pneumonia,E-227257A6740CF45FAF02E456.jpeg,1,0.8434267666430509,0.65234375,1,1,0.2489733231328383,0.2489733248949051,0.381500244140625,0.6526164188798373,0.2282377461357736,0.2282377481460571,0.5982636961344716,0,0,240,240,10,35,0.7415035582078648,0.8879350892592598,0.7324839044257829,0.9044083450054912,0.0018307197098825,0.0051117266292765,0.4040300710046998,0.732525197061278,/kaggle/input/datasets/hintrngia/locked-resnet-xai-inputs/R-C0/ResNet50/seed_2024/best_checkpoint.pt,E03_XAI_R_C0_ResNet50,R,C0
E03_XAI_R_C0_ResNet50,R-C0,ResNet50,2024,75,pneumonia,E-2C0709EBA6450DCFB3BBB340.jpeg,1,0.984784130376582,0.65234375,1,1,0.3340398340374423,0.3340398371219635,0.3762359619140625,0.8878466384182107,0.4339537012046653,0.4339537024497986,1.1534083530903576,0,0,79,0,72,3,0.8484926255722542,0.9344117637741856,0.8656723435192555,0.975518984974233,0.0003807332064505,0.0028817281397159,0.1848233478606798,0.6269124191615855,/kaggle/input/datasets/hintrngia/locked-resnet-xai-inputs/R-C0/ResNet50/seed_2024/best_checkpoint.pt,E03_XAI_R_C0_ResNet50,R,C0
E03_XAI_R_C0_ResNet50,R-C0,ResNet50,2024,76,pneumonia,E-30421FA65AB177DCD15E84C4.jpeg,1,0.9994715916367184,0.65234375,1,1,0.4945280807990869,0.4945280849933624,0.41265869140625,1.1983949232084368,0.6064084750604526,0.6064084768295288,1.4695158194631646,0,1,111,144,95,160,0.9863334470429724,0.9959091369409788,0.9845319789727364,0.9957974530998788,0.0015469447882909,0.0015103219933365,-0.2414740712295174,0.0504714383357423,/kaggle/input/datasets/hintrngia/locked-resnet-xai-inputs/R-C0/ResNet50/seed_2024/best_checkpoint.pt,E03_XAI_R_C0_ResNet50,R,C0
E03_XAI_R_C0_ResNet50,R-C0,ResNet50,2024,77,pneumonia,E-386D019ED9E9E8244987AC20.jpeg,1,0.9973857651936406,0.65234375,1,1,0.3904508596232953,0.3904508650302887,0.3555145263671875,1.0982697770836636,0.5505279066506684,0.5505279302597046,1.5485384304158207,0,1,143,175,157,127,0.9401745373317968,0.9868978350457084,0.9330302497078096,0.989638244021978,0.0004017149771059,0.0009931123314137,0.0503003008585503,0.1175734811240777,/kaggle/input/datasets/hintrngia/locked-resnet-xai-inputs/R-C0/ResNet50/seed_2024/best_checkpoint.pt,E03_XAI_R_C0_ResNet50,R,C0
E03_XAI_R_C0_ResNet50,R-C0,ResNet50,2024,78,pneumonia,E-3AC987E53985CBAF71C33ABC.jpeg,1,0.9267443487614986,0.65234375,1,1,0.2759556712095876,0.2759556770324707,0.4218597412109375,0.6541408061775792,0.1819958463819023,0.1819958537817001,0.4314131655689351,0,0,207,0,187,6,0.8073071879865767,0.9485462383792248,0.8227390437453301,0.952828239077518,0.0024229761037599,0.0034086084246758,0.2590214543333762,0.1359651400762129,/kaggle/input/datasets/hintrngia/locked-resnet-xai-inputs/R-C0/ResNet50/seed_2024/best_checkpoint.pt,E03_XAI_R_C0_ResNet50,R,C0
E03_XAI_R_C0_ResNet50,R-C0,ResNet50,2024,79,pneumonia,E-3EB4BE73D28C1518A6A12685.jpeg,1,0.979099694763112,0.65234375,1,1,0.4555692011862164,0.4555692076683044,0.40576171875,1.1227505704324563,0.5861597188581336,0.5861597061157227,1.444590979809215,1,1,175,176,160,195,0.93694583248715,0.9567028249679488,0.9446944924483932,0.9549150984450828,1.2315459755107838e-05,0.0027992046464493,0.2777483077948156,0.6160863578219771,/kaggle/input/datasets/hintrngia/locked-resnet-xai-inputs/R-C0/ResNet50/seed_2024/best_checkpoint.pt,E03_XAI_R_C0_ResNet50,R,C0
E03_XAI_R_C0_ResNet50,R-C0,ResNet50,2024,80,pneumonia,E-401B5DEDAD367F085127D1DA.jpeg,1,0.8814733409042872,0.65234375,1,1,0.3893806744064933,0.3893806636333465,0.364349365234375,1.0687013936637886,0.2669036223667393,0.2669036090373993,0.7325486135952186,0,0,0,48,10,35,0.7724860624526102,0.8731048046552145,0.7431327860771324,0.8379097810969468,0.0003631872938474,0.0038325865552817,0.6455634641424477,0.9251298084035372,/kaggle/input/datasets/hintrngia/locked-resnet-xai-inputs/R-C0/ResNet50/seed_2024/best_checkpoint.pt,E03_XAI_R_C0_ResNet50,R,C0
E03_XAI_R_C0_ResNet50,R-C0,ResNet50,2024,81,pneumonia,E-4329094918EDAAADE18246AB.jpeg,1,0.9995827029363136,0.65234375,1,1,0.4966460544480948,0.4966460466384887,0.4228057861328125,1.1746434668992147,0.629630315983861,0.6296303272247314,1.4891714745504463,0,1,143,143,94,128,0.9849783225374998,0.9922090774310118,0.9875084234629954,0.9945099823856792,0.000551436435863,0.0031739160158791,0.8296980607234149,0.8268031166499443,/kaggle/input/datasets/hintrngia/locked-resnet-xai-inputs/R-C0/ResNet50/seed_2024/best_checkpoint.pt,E03_XAI_R_C0_ResNet50,R,C0
E03_XAI_R_C0_ResNet50,R-C0,ResNet50,2024,82,pneumonia,E-443A80FA1DE791815F946FF9.jpeg,1,0.9743236809504312,0.65234375,1,1,0.3741190719821726,0.3741190731525421,0.309112548828125,1.2103004986387431,0.518145994788749,0.5181459784507751,1.676237334113706,0,1,144,207,159,160,0.960571846995358,0.9383492571338324,0.9371567235078064,0.9562939090611516,0.002006030346406,0.0077925543902671,-0.1167302932126312,0.4812459272878465,/kaggle/input/datasets/hintrngia/locked-resnet-xai-inputs/R-C0/ResNet50/seed_2024/best_checkpoint.pt,E03_XAI_R_C0_ResNet50,R,C0
E03_XAI_R_C0_ResNet50,R-C0,ResNet50,2024,83,pneumonia,E-4B97630FB65DE326125E1DE1.jpeg,1,0.9974663665278928,0.65234375,1,1,0.4204795695784062,0.4204795658588409,0.3383941650390625,1.2425733449921286,0.5488616940167945,0.5488616824150085,1.6219596870218986,0,1,112,144,86,156,0.9791680095618228,0.9867381871735272,0.970141563219342,0.9936454450013216,0.0007878858487158,0.0025718477892779,0.8173143148146812,0.659667018529346,/kaggle/input/datasets/hintrngia/locked-resnet-xai-inputs/R-C0/ResNet50/seed_2024/best_checkpoint.pt,E03_XAI_R_C0_ResNet50,R,C0
E03_XAI_R_C0_ResNet50,R-C0,ResNet50,2024,84,pneumonia,E-55F059ED3BB72FAD418A344C.jpeg,1,0.9087585111429456,0.65234375,1,1,0.2393208827015325,0.2393208891153335,0.3324737548828125,0.7198188704726071,0.1527076020922949,0.1527076065540313,0.4593072380889735,0,0,240,0,249,7,0.7378985268733832,0.856485963076006,0.78229852888193,0.8898111121686222,0.0008487405919503,0.0072402199074955,-0.1472428526489496,-0.01829465983226,/kaggle/input/datasets/hintrngia/locked-resnet-xai-inputs/R-C0/ResNet50/seed_2024/best_checkpoint.pt,E03_XAI_R_C0_ResNet50,R,C0
E03_XAI_R_C0_ResNet50,R-C0,ResNet50,2024,85,pneumonia,E-6060B7AB38566FD26078DE5E.jpeg,1,0.9884466490072372,0.65234375,1,1,0.380055525646549,0.3800555169582367,0.271087646484375,1.40196549188181,0.5626358419204907,0.5626358389854431,2.075475770353556,1,1,112,143,99,134,0.9594691768239384,0.9759820644424304,0.9519649460322686,0.9755462723921298,0.0013411604746181,0.0033546487528662,-0.0314778436667923,0.297584375090376,/kaggle/input/datasets/hintrngia/locked-resnet-xai-inputs/R-C0/ResNet50/seed_2024/best_checkpoint.pt,E03_XAI_R_C0_ResNet50,R,C0
E03_XAI_R_C0_ResNet50,R-C0,ResNet50,2024,86,pneumonia,E-638A63581494A3F6A20C2D9C.jpeg,1,0.9065482230515842,0.65234375,1,1,0.3884722244098572,0.3884722292423248,0.312408447265625,1.243475417550279,0.4676235826575963,0.4676235914230346,1.4968339900873415,0,0,0,144,11,136,0.8433873550993882,0.8845061732119432,0.8306329813422733,0.9132060609472374,0.0008568835181227,0.0115478317456828,0.3972548884834486,0.0991110718701184,/kaggle/input/datasets/hintrngia/locked-resnet-xai-inputs/R-C0/ResNet50/seed_2024/best_checkpoint.pt,E03_XAI_R_C0_ResNet50,R,C0
E03_XAI_R_C0_ResNet50,R-C0,ResNet50,2024,87,pneumonia,E-63AE2F3741553AC167D0B283.jpeg,1,0.9913379592042156,0.65234375,1,1,0.2907857887943046,0.2907857894897461,0.3596954345703125,0.8084222396141156,0.3810015901816934,0.3810015916824341,1.059233878341639,0,0,79,0,78,6,0.9355699192535568,0.978845027096456,0.8955358191050051,0.9740006339643476,0.000412937879327,0.0054581068829684,0.5214016882157868,0.3631589110948117,/kaggle/input/datasets/hintrngia/locked-resnet-xai-inputs/R-C0/ResNet50/seed_2024/best_checkpoint.pt,E03_XAI_R_C0_ResNet50,R,C0
E03_XAI_R_C0_ResNet50,R-C0,ResNet50,2024,88,pneumonia,E-63E40A6B7E9FE7A4F927B234.jpeg,1,0.9527280321518778,0.65234375,1,1,0.2742073119128889,0.2742073237895965,0.3593597412109375,0.7630440488099481,0.2204093560447055,0.2204093486070633,0.6133390326417486,0,0,240,240,255,59,0.8010425758091586,0.9360815101196772,0.7733957375076368,0.9513927484803388,0.0030905141822787,0.0030812307445212,0.1016492320982156,0.1341775690933996,/kaggle/input/datasets/hintrngia/locked-resnet-xai-inputs/R-C0/ResNet50/seed_2024/best_checkpoint.pt,E03_XAI_R_C0_ResNet50,R,C0
E03_XAI_R_C0_ResNet50,R-C0,ResNet50,2024,89,pneumonia,E-6C94FB136A3DC9D9B1FE1032.jpeg,1,0.9509619538046956,0.65234375,1,1,0.3403889207313303,0.3403889238834381,0.3358001708984375,1.0136651206001936,0.4553312002890171,0.4553312063217163,1.3559588104758045,0,0,48,0,51,2,0.8577601590504509,0.9341530625389246,0.8392964593316298,0.946216681327527,0.000153736438922,0.0042469977979691,0.7882824485479494,0.3325169778922435,/kaggle/input/datasets/hintrngia/locked-resnet-xai-inputs/R-C0/ResNet50/seed_2024/best_checkpoint.pt,E03_XAI_R_C0_ResNet50,R,C0
E03_XAI_R_C0_ResNet50,R-C0,ResNet50,2024,90,pneumonia,E-6EBA6C5A4DF4C84E483A5386.jpeg,1,0.9978156243956904,0.65234375,1,1,0.3935223363161439,0.3935223221778869,0.3423919677734375,1.1493328505198452,0.4714328298994246,0.4714328348636627,1.3768805178612546,0,0,112,207,11,8,0.9546142985585064,0.9836260278368912,0.947688335834002,0.9893336163243848,0.0003134372764195,0.004258030601046,0.8610900168872717,0.5948181204485246,/kaggle/input/datasets/hintrngia/locked-resnet-xai-inputs/R-C0/ResNet50/seed_2024/best_checkpoint.pt,E03_XAI_R_C0_ResNet50,R,C0
E03_XAI_R_C0_ResNet50,R-C0,ResNet50,2024,91,pneumonia,E-73D66A02A1612F6E79C3F7EC.jpeg,1,0.9958870814758872,0.65234375,1,1,0.4537744072976219,0.4537743926048279,0.3591766357421875,1.26337395627074,0.6445581316624721,0.6445581316947937,1.7945435964413006,1,1,112,144,99,147,0.9534898167437098,0.975372633565019,0.9260480538152605,0.981361191303692,0.0008495852630907,0.0046952654250084,-0.3605292382341366,-0.0350697521030962,/kaggle/input/datasets/hintrngia/locked-resnet-xai-inputs/R-C0/ResNet50/seed_2024/best_checkpoint.pt,E03_XAI_R_C0_ResNet50,R,C0
E03_XAI_R_C0_ResNet50,R-C0,ResNet50,2024,92,pneumonia,E-7725ED8C0E93C0BF91B23FCE.jpeg,1,0.9985565382983452,0.65234375,1,1,0.415492342784845,0.4154923558235168,0.38677978515625,1.0742348972994953,0.5289742315414138,0.5289742350578308,1.3676367065763806,0,0,143,175,117,170,0.978874317181365,0.9898072759367652,0.9818456407934816,0.994788662405534,3.0061682776971743e-05,0.0062315860997786,-0.0187187016448058,-0.0114737267098995,/kaggle/input/datasets/hintrngia/locked-resnet-xai-inputs/R-C0/ResNet50/seed_2024/best_checkpoint.pt,E03_XAI_R_C0_ResNet50,R,C0
E03_XAI_R_C0_ResNet50,R-C0,ResNet50,2024,93,pneumonia,E-77D4D0C371CD4C8665643C00.jpeg,1,0.9769302119271082,0.65234375,1,1,0.3116070598601559,0.3116070628166199,0.29443359375,1.0583271286792693,0.4434002564442459,0.4434002637863159,1.5059431595320327,0,0,240,208,255,206,0.8992064043490577,0.9559095090042368,0.890044710715372,0.9680865175121622,0.0028544142185221,0.0167007552671976,0.379630496304853,0.4551807666472347,/kaggle/input/datasets/hintrngia/locked-resnet-xai-inputs/R-C0/ResNet50/seed_2024/best_checkpoint.pt,E03_XAI_R_C0_ResNet50,R,C0
E03_XAI_R_C0_ResNet50,R-C0,ResNet50,2024,94,pneumonia,E-7B805F2D3984459EDD091000.jpeg,1,0.996042020065198,0.65234375,1,1,0.3282910183302478,0.3282910287380218,0.3260345458984375,1.006920961168677,0.4435667286037889,0.4435667395591736,1.360489967041602,0,0,207,0,125,204,0.9366327023922284,0.980534565455127,0.934319198348771,0.9848333481039754,0.0002053242715654,0.0064504734306291,-0.5262706523333889,-0.0185760148787765,/kaggle/input/datasets/hintrngia/locked-resnet-xai-inputs/R-C0/ResNet50/seed_2024/best_checkpoint.pt,E03_XAI_R_C0_ResNet50,R,C0
E03_XAI_R_C0_ResNet50,R-C0,ResNet50,2024,95,pneumonia,E-8B99D004F7E59741CFAB602B.jpeg,1,0.998056799195062,0.65234375,1,1,0.5119850591073946,0.5119850635528564,0.44635009765625,1.1470481619602837,0.6095424483553427,0.6095424294471741,1.3656151338512148,0,1,112,112,74,187,0.9850477443429408,0.9938908322613866,0.9840579486854,0.9893918465337662,0.0012409455848552,0.0005402776407302,-0.261866312087902,-0.0612892759786395,/kaggle/input/datasets/hintrngia/locked-resnet-xai-inputs/R-C0/ResNet50/seed_2024/best_checkpoint.pt,E03_XAI_R_C0_ResNet50,R,C0
E03_XAI_R_C0_ResNet50,R-C0,ResNet50,2024,96,pneumonia,E-8E859FAC3770F43BC30CF790.jpeg,1,0.994284963408313,0.65234375,1,1,0.2923889032934062,0.292388916015625,0.32305908203125,0.9050632517587696,0.3725097726253863,0.3725097775459289,1.1530701142441584,0,0,208,0,243,15,0.944461281854404,0.9821194246297432,0.9426952214308978,0.9849559431120988,0.0007679711967459,0.0001566131133727,0.2153011686188177,0.2575675258292765,/kaggle/input/datasets/hintrngia/locked-resnet-xai-inputs/R-C0/ResNet50/seed_2024/best_checkpoint.pt,E03_XAI_R_C0_ResNet50,R,C0
E03_XAI_R_C0_ResNet50,R-C0,ResNet50,2024,97,pneumonia,E-9A9C78D1B9953A6FD2BA65F6.jpeg,1,0.998780926257332,0.65234375,1,1,0.4778815200536053,0.477881520986557,0.39300537109375,1.215966893082508,0.5602036765354379,0.5602036714553833,1.4254351663855591,0,1,143,112,162,160,0.980055912868654,0.9923455072019208,0.9822472118301606,0.976434611039718,0.0016549452408795,0.0087255698320884,-0.3486328336089594,0.0015487736423035,/kaggle/input/datasets/hintrngia/locked-resnet-xai-inputs/R-C0/ResNet50/seed_2024/best_checkpoint.pt,E03_XAI_R_C0_ResNet50,R,C0
E03_XAI_R_C0_ResNet50,R-C0,ResNet50,2024,98,pneumonia,E-9B56CC62692974C989F872CC.jpeg,1,0.9963790612282988,0.65234375,1,1,0.3819515222365808,0.3819515109062195,0.37744140625,1.011949181811795,0.5056289286191578,0.5056289434432983,1.3396223102354916,0,0,144,176,131,159,0.9418842050196496,0.9820662569977474,0.9465728242663938,0.988509710149605,3.0512276260274973e-05,0.0033761670810222,0.906344796527567,0.8174527024493798,/kaggle/input/datasets/hintrngia/locked-resnet-xai-inputs/R-C0/ResNet50/seed_2024/best_checkpoint.pt,E03_XAI_R_C0_ResNet50,R,C0
E03_XAI_R_C0_ResNet50,R-C0,ResNet50,2024,99,pneumonia,E-9FC76B9714A55204D742CE4C.jpeg,1,0.944589489296247,0.65234375,1,1,0.3570063623376296,0.3570063710212707,0.32318115234375,1.1046633126609486,0.3786299402306963,0.3786299526691437,1.1715718490537732,0,0,80,0,85,2,0.850066309566833,0.931721920675218,0.7842577927565124,0.9416462132925588,0.001051654521099,0.0006083339432441,0.6105676721707182,0.339910849052824,/kaggle/input/datasets/hintrngia/locked-resnet-xai-inputs/R-C0/ResNet50/seed_2024/best_checkpoint.pt,E03_XAI_R_C0_ResNet50,R,C0
E03_XAI_R_C0_ResNet50,R-C0,ResNet50,2024,100,pneumonia,E-A0A20FFCEFD96663F4AB4E87.jpeg,1,0.991192430043962,0.65234375,1,1,0.3635960846554222,0.3635960817337036,0.3404388427734375,1.068021738334353,0.4131441489698658,0.4131441414356231,1.213563486481517,0,0,0,0,11,10,0.916597057417056,0.9762147912868055,0.938926833261222,0.9807067416335392,0.0023921504598489,0.0076163239720949,-0.2935899346447149,0.0102277557134525,/kaggle/input/datasets/hintrngia/locked-resnet-xai-inputs/R-C0/ResNet50/seed_2024/best_checkpoint.pt,E03_XAI_R_C0_ResNet50,R,C0
E03_XAI_R_C0_ResNet50,R-C0,ResNet50,2024,101,pneumonia,E-A0D5A9410E976B289DD85CF6.jpeg,1,0.8697393504422588,0.65234375,1,1,0.2925835241645643,0.2925835251808166,0.2681732177734375,1.0910244005490122,0.371855078572147,0.371855080127716,1.3866227271296856,0,1,112,207,94,203,0.7919185076815535,0.8602493031507789,0.7884312241889819,0.8761349169123696,0.003538811635311,0.005786611234448,0.4184150210048513,0.5167378141348461,/kaggle/input/datasets/hintrngia/locked-resnet-xai-inputs/R-C0/ResNet50/seed_2024/best_checkpoint.pt,E03_XAI_R_C0_ResNet50,R,C0
E03_XAI_R_C0_ResNet50,R-C0,ResNet50,2024,102,pneumonia,E-A540763BCA2A1AF575A9EE6B.jpeg,1,0.982872767405938,0.65234375,1,1,0.3936179023418148,0.3936178982257843,0.3713226318359375,1.0600428538267177,0.5108749477647021,0.5108749270439148,1.3758249671957066,0,0,0,0,8,7,0.8837916118462356,0.9503008612203968,0.8745428806763809,0.9645807967212254,0.001857563396947,0.0044513004161783,0.144887338494786,0.1182793791506433,/kaggle/input/datasets/hintrngia/locked-resnet-xai-inputs/R-C0/ResNet50/seed_2024/best_checkpoint.pt,E03_XAI_R_C0_ResNet50,R,C0
E03_XAI_R_C0_ResNet50,R-C0,ResNet50,2024,103,pneumonia,E-A9AC7ECA864D894719491A2C.jpeg,1,0.9879506374860332,0.65234375,1,1,0.3187895987544824,0.3187896013259887,0.3572845458984375,0.8922568927599298,0.4014746503040765,0.40147465467453,1.1236832236740533,0,1,112,207,163,192,0.9303136686560574,0.9646236180494422,0.9567068346729226,0.979245692190092,3.0466408771356868e-06,0.0010337960952753,-0.0230871409984878,0.0663686646140795,/kaggle/input/datasets/hintrngia/locked-resnet-xai-inputs/R-C0/ResNet50/seed_2024/best_checkpoint.pt,E03_XAI_R_C0_ResNet50,R,C0
E03_XAI_R_C0_ResNet50,R-C0,ResNet50,2024,104,pneumonia,E-B15903E1E2039605DB9FB6A1.jpeg,1,0.977647815070617,0.65234375,1,1,0.2523671561761125,0.2523671686649322,0.2703704833984375,0.9334123792063722,0.270913077672371,0.2709130644798279,1.002006854694763,0,0,79,0,82,1,0.8272371034891826,0.9593645383621598,0.7672827929751167,0.963574248942698,0.0001910570688397,0.0078910036351976,0.8560627748953704,0.6263317841463398,/kaggle/input/datasets/hintrngia/locked-resnet-xai-inputs/R-C0/ResNet50/seed_2024/best_checkpoint.pt,E03_XAI_R_C0_ResNet50,R,C0
E03_XAI_R_C0_ResNet50,R-C0,ResNet50,2024,105,pneumonia,E-B29F964F9024332A9FD3DA8C.jpeg,1,0.9832523444970208,0.65234375,1,1,0.4825074655778121,0.4825074672698974,0.444091796875,1.0865038917024292,0.6097372453574448,0.6097372174263,1.372998217143537,0,1,112,144,151,144,0.9487922805674542,0.9673097796975912,0.9492840615400492,0.9741216172728596,0.0024862378850856,0.0018356640084942,0.2066295079611601,0.1522087655457339,/kaggle/input/datasets/hintrngia/locked-resnet-xai-inputs/R-C0/ResNet50/seed_2024/best_checkpoint.pt,E03_XAI_R_C0_ResNet50,R,C0
E03_XAI_R_C0_ResNet50,R-C0,ResNet50,2024,106,pneumonia,E-B352C843937DC9BD58C4B554.jpeg,1,0.8255087562181914,0.65234375,1,1,0.3187848573529862,0.3187848627567291,0.322052001953125,0.9898552265462572,0.5140257064473177,0.5140256881713867,1.5960953614010904,1,1,112,112,99,164,0.734262202496142,0.83806177716783,0.705575865858403,0.8922062740600004,3.811476015330717e-05,0.000109632118313,-0.3867320132072301,-0.0172299458248951,/kaggle/input/datasets/hintrngia/locked-resnet-xai-inputs/R-C0/ResNet50/seed_2024/best_checkpoint.pt,E03_XAI_R_C0_ResNet50,R,C0
E03_XAI_R_C0_ResNet50,R-C0,ResNet50,2024,107,pneumonia,E-B41848B096ED1788DCCEEDA2.jpeg,1,0.9920829243681698,0.65234375,1,1,0.3187076863741623,0.318707674741745,0.2685089111328125,1.186953852032568,0.4807825599744659,0.4807825684547424,1.790564633203762,0,1,111,175,83,162,0.9487291574564336,0.986712908218956,0.9243560610559586,0.9886783612238008,0.0006708326645406,0.0003090868880878,0.3429362830790878,0.735218370062294,/kaggle/input/datasets/hintrngia/locked-resnet-xai-inputs/R-C0/ResNet50/seed_2024/best_checkpoint.pt,E03_XAI_R_C0_ResNet50,R,C0
E03_XAI_R_C0_ResNet50,R-C0,ResNet50,2024,108,pneumonia,E-B813D1454C73F6C74F660590.jpeg,1,0.9324595404777974,0.65234375,1,1,0.1490218557521184,0.1490218490362167,0.2771453857421875,0.5377028210411734,0.0672075744081842,0.0672075748443603,0.2424993446244982,0,0,0,0,9,2,0.7539861158141211,0.951927253635859,0.7450403866067848,0.9475048299782812,0.0024621268983347,0.0039458518829116,0.5075058449691123,0.1840694527412871,/kaggle/input/datasets/hintrngia/locked-resnet-xai-inputs/R-C0/ResNet50/seed_2024/best_checkpoint.pt,E03_XAI_R_C0_ResNet50,R,C0
E03_XAI_R_C0_ResNet50,R-C0,ResNet50,2024,109,pneumonia,E-BF1AD901130E35A45E611B5A.jpeg,1,0.9953305799379916,0.65234375,1,1,0.4206946577509444,0.4206946492195129,0.2906494140625,1.4474299186458366,0.6098707879163905,0.6098707914352417,2.0983038616594167,1,1,143,144,99,160,0.9400427802570804,0.9895399458734666,0.9316060527571156,0.991911036453066,1.1338441468500273e-05,0.0104340591555127,0.2987292690738706,0.4348977487847025,/kaggle/input/datasets/hintrngia/locked-resnet-xai-inputs/R-C0/ResNet50/seed_2024/best_checkpoint.pt,E03_XAI_R_C0_ResNet50,R,C0
E03_XAI_R_C0_ResNet50,R-C0,ResNet50,2024,110,pneumonia,E-BFFC08BEA9A0FA7A1279A0B5.jpeg,1,0.9951809900658184,0.65234375,1,1,0.3469001309466332,0.3469001352787018,0.364898681640625,0.9506752104089048,0.43603721105039,0.4360372126102447,1.1949541968469666,0,0,0,0,11,10,0.9295073070087332,0.9683074649339384,0.9273476247620652,0.9828865363206594,0.0026460163861769,0.0079668504276025,0.7842252071673739,0.3065363568057929,/kaggle/input/datasets/hintrngia/locked-resnet-xai-inputs/R-C0/ResNet50/seed_2024/best_checkpoint.pt,E03_XAI_R_C0_ResNet50,R,C0
E03_XAI_R_C0_ResNet50,R-C0,ResNet50,2024,111,pneumonia,E-C378B1871ED2B8AC1E544A5B.jpeg,1,0.9915837997419494,0.65234375,1,1,0.3216802858226272,0.3216802775859833,0.2780303955078125,1.1569968284765764,0.4813062112354928,0.4813062250614166,1.7311280313665145,0,0,112,175,24,7,0.9521432507569152,0.985138725936618,0.9519373389217536,0.9790641866009464,0.0029037006680145,0.0118606165549478,-0.0039372277647045,0.5500656729213823,/kaggle/input/datasets/hintrngia/locked-resnet-xai-inputs/R-C0/ResNet50/seed_2024/best_checkpoint.pt,E03_XAI_R_C0_ResNet50,R,C0
E03_XAI_R_C0_ResNet50,R-C0,ResNet50,2024,112,pneumonia,E-D2A52B478FEFC3F6A00973AF.jpeg,1,0.9833764646518046,0.65234375,1,1,0.3916616634844798,0.391661673784256,0.35107421875,1.1156093001616336,0.5198494553369566,0.5198494791984558,1.4807394777887164,0,1,80,0,166,131,0.7803024508941325,0.9462997365254208,0.823994587461725,0.9602577533019696,1.3458087931295104e-05,0.001831834631545,0.304471113611225,0.2581344019363897,/kaggle/input/datasets/hintrngia/locked-resnet-xai-inputs/R-C0/ResNet50/seed_2024/best_checkpoint.pt,E03_XAI_R_C0_ResNet50,R,C0
E03_XAI_R_C0_ResNet50,R-C0,ResNet50,2024,113,pneumonia,E-D33BB0B839138FAFF4DA3ED6.jpeg,1,0.8513115247732755,0.65234375,1,1,0.2221490617299405,0.222149059176445,0.3347625732421875,0.6636018464621625,0.1563236132413412,0.1563236117362976,0.4669686092066428,0,0,240,0,10,40,0.6618505967190675,0.9260840583469032,0.7036862519222843,0.9225456174282608,0.0015112970889553,0.0001702657353257,0.802895084147834,0.8726944680910836,/kaggle/input/datasets/hintrngia/locked-resnet-xai-inputs/R-C0/ResNet50/seed_2024/best_checkpoint.pt,E03_XAI_R_C0_ResNet50,R,C0
E03_XAI_R_C0_ResNet50,R-C0,ResNet50,2024,114,pneumonia,E-DA47F22802134421DB0B257A.jpeg,1,0.9990072038652704,0.65234375,1,1,0.4885369593085623,0.4885369539260864,0.39227294921875,1.2454005821240837,0.6296345132679488,0.6296344995498657,1.6050928684272714,1,1,112,175,97,165,0.980904819482638,0.9941148965561027,0.9824839384428784,0.9948495533582644,0.0001395977061059,0.0045139723359769,0.9323120161694,0.5204394416417095,/kaggle/input/datasets/hintrngia/locked-resnet-xai-inputs/R-C0/ResNet50/seed_2024/best_checkpoint.pt,E03_XAI_R_C0_ResNet50,R,C0
E03_XAI_R_C0_ResNet50,R-C0,ResNet50,2024,115,pneumonia,E-E09BD72833F7B4079F215903.jpeg,1,0.9762456114824378,0.65234375,1,1,0.464749861414536,0.4647498726844787,0.3171234130859375,1.465517341945967,0.6174022375001889,0.6174022555351257,1.946883175519048,0,0,111,0,91,2,0.9186698133222614,0.9572352218689604,0.9370360701094465,0.9679535525696772,0.0020753990632328,5.577706755133249e-05,0.6860849740062115,0.419183496841866,/kaggle/input/datasets/hintrngia/locked-resnet-xai-inputs/R-C0/ResNet50/seed_2024/best_checkpoint.pt,E03_XAI_R_C0_ResNet50,R,C0
E03_XAI_R_C0_ResNet50,R-C0,ResNet50,2024,116,pneumonia,E-E0D541D212A934D795DA0D1B.jpeg,1,0.9360045100736342,0.65234375,1,1,0.4396188461778473,0.439618855714798,0.306488037109375,1.4343752217022503,0.6513259882591569,0.6513260006904602,2.125126952432147,1,1,144,143,163,134,0.8982006653463707,0.9259393384152798,0.8458533896294838,0.9236847734185568,0.0024116366045247,0.0071660068698946,0.0,0.0,/kaggle/input/datasets/hintrngia/locked-resnet-xai-inputs/R-C0/ResNet50/seed_2024/best_checkpoint.pt,E03_XAI_R_C0_ResNet50,R,C0
E03_XAI_R_C0_ResNet50,R-C0,ResNet50,2024,117,pneumonia,E-E1AD2A3BA30BC31AC67A922E.jpeg,1,0.999136840957117,0.65234375,1,1,0.4345296146651667,0.4345296025276184,0.3279571533203125,1.3249584900524063,0.5403877388188284,0.540387749671936,1.6477388382836615,0,1,143,175,159,164,0.9760436965851024,0.9921768668411042,0.9677333853609054,0.994568145863962,0.0008356176772272,0.0033793889690008,0.8724370528257775,0.5021034672959026,/kaggle/input/datasets/hintrngia/locked-resnet-xai-inputs/R-C0/ResNet50/seed_2024/best_checkpoint.pt,E03_XAI_R_C0_ResNet50,R,C0
E03_XAI_R_C0_ResNet50,R-C0,ResNet50,2024,118,pneumonia,E-E280E4CD8F00E10AB30B96C9.jpeg,1,0.965469259084759,0.65234375,1,1,0.3616804826901134,0.3616804778575897,0.3293609619140625,1.0981279644929012,0.4378974855173725,0.4378974735736847,1.329536697283601,0,0,80,0,66,2,0.8200571225745492,0.9638385557791658,0.7682476512014222,0.9760155296196368,0.0016786035994261,0.0022809306892142,-0.1499565534000408,0.1242425738659892,/kaggle/input/datasets/hintrngia/locked-resnet-xai-inputs/R-C0/ResNet50/seed_2024/best_checkpoint.pt,E03_XAI_R_C0_ResNet50,R,C0
E03_XAI_R_C0_ResNet50,R-C0,ResNet50,2024,119,pneumonia,E-E2EF7E089A1E8F497DBAC1CB.jpeg,1,0.995999782710454,0.65234375,1,1,0.4795719737065723,0.4795719683170318,0.3351898193359375,1.4307474333697785,0.7244174894968545,0.724417507648468,2.1612156685785884,0,1,143,112,111,117,0.9671868617416792,0.9860554459672636,0.9648456784276324,0.9882651651224216,0.0009368452578604,0.0039217333745177,0.6483903230178457,0.5340809282676767,/kaggle/input/datasets/hintrngia/locked-resnet-xai-inputs/R-C0/ResNet50/seed_2024/best_checkpoint.pt,E03_XAI_R_C0_ResNet50,R,C0
E03_XAI_R_C0_ResNet50,R-C0,ResNet50,2024,120,pneumonia,E-E7BF66D9C027E263610D5923.jpeg,1,0.9069560779684288,0.65234375,1,1,0.257863050542393,0.2578630447387695,0.3877410888671875,0.665039269621277,0.1524975339998373,0.1524975299835205,0.3932973274650088,0,0,48,0,59,1,0.8216766113513682,0.8907056836028978,0.8207263312808242,0.912967357701385,0.0006713140906317,0.0021206651138816,0.7324379646112935,0.9376113004171028,/kaggle/input/datasets/hintrngia/locked-resnet-xai-inputs/R-C0/ResNet50/seed_2024/best_checkpoint.pt,E03_XAI_R_C0_ResNet50,R,C0
E03_XAI_R_C0_ResNet50,R-C0,ResNet50,2024,121,pneumonia,E-EB1401E2B7015C0BDE01BE91.jpeg,1,0.9822748955834936,0.65234375,1,1,0.2658762218032339,0.2658762335777282,0.329986572265625,0.8057183053776352,0.3195839571983971,0.3195839524269104,0.9684756413092644,0,0,240,48,11,6,0.8513211201316202,0.9557516812442636,0.8881748969281513,0.9668513631737286,0.0009296810954196,0.0147129722466242,0.6131623805853125,0.588657411122591,/kaggle/input/datasets/hintrngia/locked-resnet-xai-inputs/R-C0/ResNet50/seed_2024/best_checkpoint.pt,E03_XAI_R_C0_ResNet50,R,C0
E03_XAI_R_C0_ResNet50,R-C0,ResNet50,2024,122,pneumonia,E-EB344A640162B22F1A6C369F.jpeg,1,0.9642966679828064,0.65234375,1,1,0.2214512141115487,0.2214512079954147,0.2807464599609375,0.7887943240401357,0.286064072826995,0.2860640585422516,1.018940979226585,0,0,240,240,255,59,0.8748729680226308,0.9507942763685924,0.8694634585780172,0.9586795145568332,0.0005994213119576,0.0161127142834357,0.2590453628601522,0.1234851615120621,/kaggle/input/datasets/hintrngia/locked-resnet-xai-inputs/R-C0/ResNet50/seed_2024/best_checkpoint.pt,E03_XAI_R_C0_ResNet50,R,C0
E03_XAI_R_C0_ResNet50,R-C0,ResNet50,2024,123,pneumonia,E-EC00E01864643AB223676743.jpeg,1,0.96560499183719,0.65234375,1,1,0.4203239582980635,0.4203239679336548,0.3099517822265625,1.356094665043169,0.5722342999848113,0.5722342729568481,1.8462042575594249,0,1,112,144,163,132,0.9303247484494256,0.9579695780535574,0.9451278434301492,0.9610399447722234,0.0005852804501924,0.0014749705759218,0.8055637869655012,0.6786529037392383,/kaggle/input/datasets/hintrngia/locked-resnet-xai-inputs/R-C0/ResNet50/seed_2024/best_checkpoint.pt,E03_XAI_R_C0_ResNet50,R,C0
E03_XAI_R_C0_ResNet50,R-C0,ResNet50,2024,124,pneumonia,E-EF92BEF2BC79AC7D99E44B1F.jpeg,1,0.9812591170267853,0.65234375,1,1,0.3300214226907799,0.3300214111804962,0.343048095703125,0.9620266861250312,0.4183398184678381,0.4183398187160492,1.2194786203677714,0,0,79,0,65,6,0.8681980892263423,0.9383467100914062,0.8353303888373874,0.9609620701792364,0.0014038388572908,0.0007442713432331,0.5984778005490102,0.5763903096985628,/kaggle/input/datasets/hintrngia/locked-resnet-xai-inputs/R-C0/ResNet50/seed_2024/best_checkpoint.pt,E03_XAI_R_C0_ResNet50,R,C0
E03_XAI_R_C0_ResNet50,R-C0,ResNet50,2024,125,pneumonia,E-F051ECCC0E91B0C03A0B3894.jpeg,1,0.99703483624684,0.65234375,1,1,0.4930000020019684,0.4930000007152557,0.5049896240234375,0.9762576863937452,0.5833337937720753,0.5833337903022766,1.1551401573847024,0,1,112,144,99,133,0.9553548522306274,0.9828461159609274,0.9668398266466892,0.9893031651567316,0.0004932214076212,0.0010196350028787,0.0,0.0,/kaggle/input/datasets/hintrngia/locked-resnet-xai-inputs/R-C0/ResNet50/seed_2024/best_checkpoint.pt,E03_XAI_R_C0_ResNet50,R,C0
E03_XAI_R_C0_ResNet50,R-C0,ResNet50,2024,126,pneumonia,E-FA7B18636100FBD243EBAF3A.jpeg,1,0.9830275355345468,0.65234375,1,1,0.2753912706415657,0.2753912806510925,0.2697601318359375,1.0208746146708327,0.3976250176141492,0.3976250290870666,1.473994748252779,0,0,240,0,251,6,0.9026863199282008,0.9609790601298775,0.8954085340754898,0.97133904720888,0.0010571862344522,0.0033235086237169,0.0654299777523668,0.6487423161142393,/kaggle/input/datasets/hintrngia/locked-resnet-xai-inputs/R-C0/ResNet50/seed_2024/best_checkpoint.pt,E03_XAI_R_C0_ResNet50,R,C0
E03_XAI_R_C0_ResNet50,R-C0,ResNet50,2024,127,pneumonia,E-FDAF56855798F8C5BE7AC652.jpeg,1,0.996375722223604,0.65234375,1,1,0.4328162114678463,0.432816207408905,0.37738037109375,1.1468964594354187,0.5316277581749866,0.5316277742385864,1.4087318761020509,0,1,48,0,155,194,0.9554834809304896,0.9809502237264972,0.9416142841284728,0.9855663612005706,0.0032203140289596,9.364902008934806e-05,0.1512015623448178,0.2736272866973452,/kaggle/input/datasets/hintrngia/locked-resnet-xai-inputs/R-C0/ResNet50/seed_2024/best_checkpoint.pt,E03_XAI_R_C0_ResNet50,R,C0
E04_XAI_R_P_ResNet50,R-P,ResNet50,3407,0,normal,E-03B36F677CCFA6787A3BC686.jpeg,0,0.6506223471947323,0.62451171875,1,0,0.7008550519498308,0.7008550763130188,0.3590850830078125,1.9517799126581443,0.7162410409709258,0.7162410616874695,1.994627665876454,1,0,79,111,78,30,0.7663508597433142,0.8536508303516932,0.8057496563775202,0.8778717187344942,0.0002929082706677,0.0029247690786561,0.7573312249268167,0.652887138235391,/kaggle/input/datasets/hintrngia/locked-resnet-xai-inputs/R-P/ResNet50/seed_3407/best_checkpoint.pt,E04_XAI_R_P_ResNet50,R,P
E04_XAI_R_P_ResNet50,R-P,ResNet50,3407,1,normal,E-06530ECE35CCF9FF05F7DDEB.jpeg,0,0.0145641578445075,0.62451171875,0,1,0.7146069050938885,0.7146068811416626,0.2779541015625,2.5709529058098965,0.7569711065980818,0.7569711208343506,2.723367283817077,1,0,80,80,71,66,0.7846093504864496,0.8783990875306611,0.7310069650595108,0.9314500069091398,1.85747993841634e-06,0.0007456631175755,0.1754948332859492,0.4117906809831425,/kaggle/input/datasets/hintrngia/locked-resnet-xai-inputs/R-P/ResNet50/seed_3407/best_checkpoint.pt,E04_XAI_R_P_ResNet50,R,P
E04_XAI_R_P_ResNet50,R-P,ResNet50,3407,2,normal,E-10FEC5D206E4A3A02E4F32C9.jpeg,0,0.5197122170063144,0.62451171875,0,1,0.7642324292270792,0.7642324566841125,0.2476806640625,3.085555475716231,0.8735151630560573,0.8735151886940002,3.526779800766496,1,1,176,80,179,78,0.0992633440083458,0.3055540376428496,0.0772948386434287,0.2895708603564977,0.0018555371398394,0.0024666028869558,0.9350484166978392,0.9215398844579584,/kaggle/input/datasets/hintrngia/locked-resnet-xai-inputs/R-P/ResNet50/seed_3407/best_checkpoint.pt,E04_XAI_R_P_ResNet50,R,P
E04_XAI_R_P_ResNet50,R-P,ResNet50,3407,3,normal,E-16E04AC17A9CE052EFE7227B.jpeg,0,0.0311545586013748,0.62451171875,0,1,0.7942296705993201,0.7942296862602234,0.3753509521484375,2.115965514549252,0.7688321093438234,0.7688320875167847,2.048302008941697,1,0,80,80,63,64,0.6368414308439713,0.7160093537580217,0.5759894651809719,0.8228360842432582,0.0002416187846974,0.0007876542576852,0.6341558165824344,0.6134646379736807,/kaggle/input/datasets/hintrngia/locked-resnet-xai-inputs/R-P/ResNet50/seed_3407/best_checkpoint.pt,E04_XAI_R_P_ResNet50,R,P
E04_XAI_R_P_ResNet50,R-P,ResNet50,3407,4,normal,E-256958BC036CED77CAAB2A55.jpeg,0,0.1022849375030255,0.62451171875,0,1,0.7803462448429944,0.7803462743759155,0.3496246337890625,2.231954414613123,0.8680134657810776,0.8680134415626526,2.4827011082542096,1,1,80,80,77,119,0.3599615806988218,0.6029293808930968,0.303142507529985,0.7359641048378165,0.0008505755762828,0.0010673665882153,0.9547260892778214,0.9788419752844676,/kaggle/input/datasets/hintrngia/locked-resnet-xai-inputs/R-P/ResNet50/seed_3407/best_checkpoint.pt,E04_XAI_R_P_ResNet50,R,P
E04_XAI_R_P_ResNet50,R-P,ResNet50,3407,5,normal,E-280031A047E47DC7EA750C62.jpeg,0,0.0227432794509517,0.62451171875,0,1,0.8365329650738311,0.8365329504013062,0.3791046142578125,2.206601907791451,0.9060668543637932,0.9060668349266052,2.3900180063427467,1,1,79,80,72,94,0.3137489875795757,0.8521877508208715,0.339225524631931,0.8878965468749138,8.798923617381327e-06,9.87891000014951e-06,0.9891347326814548,0.9233185267063558,/kaggle/input/datasets/hintrngia/locked-resnet-xai-inputs/R-P/ResNet50/seed_3407/best_checkpoint.pt,E04_XAI_R_P_ResNet50,R,P
E04_XAI_R_P_ResNet50,R-P,ResNet50,3407,6,normal,E-28020DB22FEE86C7B17E72DA.jpeg,0,0.1719189510385502,0.62451171875,0,1,0.8162596816179396,0.8162596821784973,0.3710174560546875,2.200057351203508,0.7980762089746412,0.7980762124061584,2.1510476015365856,1,1,80,80,79,59,0.295893859868644,0.5458228195682588,0.2494100363472781,0.6913141327453117,0.0008282536296347,0.0014143916182782,-0.1328718506707472,-0.0009537609225306,/kaggle/input/datasets/hintrngia/locked-resnet-xai-inputs/R-P/ResNet50/seed_3407/best_checkpoint.pt,E04_XAI_R_P_ResNet50,R,P
E04_XAI_R_P_ResNet50,R-P,ResNet50,3407,7,normal,E-28234EA54B2F1B13D8D5995E.jpeg,0,0.0970632065579529,0.62451171875,0,1,0.8113638607638101,0.8113638758659363,0.3462677001953125,2.343169346451199,0.8898106977707594,0.8898106813430786,2.569719027413937,1,1,176,175,82,127,0.5465400326054041,0.4709254631181538,0.4179348912275938,0.6301111378917714,1.4584525165339812e-05,0.0007845115056357,0.0314865268449924,0.5427916165542563,/kaggle/input/datasets/hintrngia/locked-resnet-xai-inputs/R-P/ResNet50/seed_3407/best_checkpoint.pt,E04_XAI_R_P_ResNet50,R,P
E04_XAI_R_P_ResNet50,R-P,ResNet50,3407,8,normal,E-28CAAFCB1AFEEA2D46764B17.jpeg,0,0.3627875377929166,0.62451171875,0,1,0.8094460262787949,0.8094460368156433,0.38934326171875,2.0790035576974097,0.8842634880626239,0.8842635154724121,2.2711667954880124,1,1,79,176,75,173,0.25776689185898,0.3101290514798589,0.2598371415859155,0.3376337862695119,2.296650078925655e-05,0.0001625551871344,0.2686416538765233,0.210778437148624,/kaggle/input/datasets/hintrngia/locked-resnet-xai-inputs/R-P/ResNet50/seed_3407/best_checkpoint.pt,E04_XAI_R_P_ResNet50,R,P
E04_XAI_R_P_ResNet50,R-P,ResNet50,3407,9,normal,E-29AE82E82E5A6A48DC6D8B99.jpeg,0,0.0933721244302482,0.62451171875,0,1,0.7827774554622255,0.7827774286270142,0.3269195556640625,2.3944038889695407,0.8337082885675123,0.8337082862854004,2.550193997645764,1,0,80,80,80,55,0.6006934474603752,0.6361343192415682,0.5470611731159256,0.6895161429822588,0.0002083009630996,0.0003776368468358,0.9691864487294288,0.95758057585121,/kaggle/input/datasets/hintrngia/locked-resnet-xai-inputs/R-P/ResNet50/seed_3407/best_checkpoint.pt,E04_XAI_R_P_ResNet50,R,P
E04_XAI_R_P_ResNet50,R-P,ResNet50,3407,10,normal,E-2B646E91E652E02CC65E6BA0.jpeg,0,0.011296043434957,0.62451171875,0,1,0.7769929087227833,0.776992917060852,0.2742767333984375,2.8328794028404074,0.8402774867061779,0.8402774930000305,3.063611981573078,1,1,176,80,191,167,0.9049717335688467,0.9416508078769956,0.848282024029476,0.962901110630494,0.0002557845971902,0.0024156059509247,-0.2151890862302684,0.1230894117863155,/kaggle/input/datasets/hintrngia/locked-resnet-xai-inputs/R-P/ResNet50/seed_3407/best_checkpoint.pt,E04_XAI_R_P_ResNet50,R,P
E04_XAI_R_P_ResNet50,R-P,ResNet50,3407,11,normal,E-2F227E134B6699426A9E9AB9.jpeg,0,0.6788392267396313,0.62451171875,1,0,0.7311420392389719,0.7311420440673828,0.3509368896484375,2.0834003514746406,0.8054861900419029,0.8054862022399902,2.295245138944569,1,1,79,175,67,154,0.544467435723641,0.8358288143926346,0.548473954245199,0.853519707168721,0.0017337035146592,0.0004896963979983,-0.1241960376536079,0.0827307082784858,/kaggle/input/datasets/hintrngia/locked-resnet-xai-inputs/R-P/ResNet50/seed_3407/best_checkpoint.pt,E04_XAI_R_P_ResNet50,R,P
E04_XAI_R_P_ResNet50,R-P,ResNet50,3407,12,normal,E-2F5E9CF0C3839769BD6D37AD.jpeg,0,0.2246160217409313,0.62451171875,0,1,0.778633165245034,0.778633177280426,0.3790740966796875,2.054039492714187,0.730248437522144,0.7302484512329102,1.926400257676256,1,1,176,175,194,196,0.4911165981505959,0.4120934459843379,0.4308019045116709,0.6140742959183503,8.442262808339152e-05,0.0015898044577709,0.6240598396595475,0.7583298609522473,/kaggle/input/datasets/hintrngia/locked-resnet-xai-inputs/R-P/ResNet50/seed_3407/best_checkpoint.pt,E04_XAI_R_P_ResNet50,R,P
E04_XAI_R_P_ResNet50,R-P,ResNet50,3407,13,normal,E-306538194ADB5E9E447B7A10.jpeg,0,0.035580352703229,0.62451171875,0,1,0.7273651399120558,0.7273651361465454,0.2563934326171875,2.8369101832575425,0.7979660475516817,0.7979660630226135,3.1122717902961976,1,1,175,175,167,190,0.2929403674089096,0.9191622495526084,0.3090384873463642,0.9309684028824812,0.0002075433803075,0.0020262313126238,0.9573527221176086,0.9729973587690232,/kaggle/input/datasets/hintrngia/locked-resnet-xai-inputs/R-P/ResNet50/seed_3407/best_checkpoint.pt,E04_XAI_R_P_ResNet50,R,P
E04_XAI_R_P_ResNet50,R-P,ResNet50,3407,14,normal,E-36FB7A78C2BFA1A3824C3EFA.jpeg,0,0.2822304195932103,0.62451171875,0,1,0.794031245060523,0.7940312623977661,0.3275299072265625,2.424301499011714,0.7896935159216772,0.7896935343742371,2.4110577339596104,1,0,79,80,82,46,0.4400591277289747,0.3671873839096345,0.4197412905607943,0.4418424621123428,0.0008550382234024,0.0054993848608811,0.6137757731448459,0.6534583075990411,/kaggle/input/datasets/hintrngia/locked-resnet-xai-inputs/R-P/ResNet50/seed_3407/best_checkpoint.pt,E04_XAI_R_P_ResNet50,R,P
E04_XAI_R_P_ResNet50,R-P,ResNet50,3407,15,normal,E-3B865A0E9283DC8B3D382B5F.jpeg,0,0.9844847248514816,0.62451171875,1,0,0.7254164945832056,0.7254164814949036,0.360931396484375,2.0098459198869096,0.7744775117700667,0.7744775414466858,2.1457748461724484,1,1,48,144,50,159,0.9661099081717625,0.939889111955056,0.9447167151690978,0.9646983970341052,2.624806092654808e-05,0.0027149401898745,0.9628299672402872,0.9278517763856124,/kaggle/input/datasets/hintrngia/locked-resnet-xai-inputs/R-P/ResNet50/seed_3407/best_checkpoint.pt,E04_XAI_R_P_ResNet50,R,P
E04_XAI_R_P_ResNet50,R-P,ResNet50,3407,16,normal,E-3D66EC3C4F2D4073FE577EEA.jpeg,0,0.0946900661554302,0.62451171875,0,1,0.689264435382624,0.6892644166946411,0.2598114013671875,2.652941448125662,0.7092301904921169,0.7092301845550537,2.7297885572379967,1,1,111,48,80,176,0.4436300133410033,0.7639881263237958,0.4783908505827799,0.8581308139237542,0.0001187888100299,0.0004001171369059,-0.010350853223186,0.2863656023461297,/kaggle/input/datasets/hintrngia/locked-resnet-xai-inputs/R-P/ResNet50/seed_3407/best_checkpoint.pt,E04_XAI_R_P_ResNet50,R,P
E04_XAI_R_P_ResNet50,R-P,ResNet50,3407,17,normal,E-40D9418B91304B06987F2A6E.jpeg,0,0.9050787712741404,0.62451171875,1,0,0.7227600306618951,0.722760021686554,0.3151092529296875,2.2936807597432547,0.7400399362722757,0.7400399446487427,2.348518583290875,1,0,79,144,71,64,0.7780837096803653,0.9680740387439456,0.8824815795558154,0.965737875734754,0.0008013664858946,0.0005908882580384,0.6567809532208463,0.7859288226710935,/kaggle/input/datasets/hintrngia/locked-resnet-xai-inputs/R-P/ResNet50/seed_3407/best_checkpoint.pt,E04_XAI_R_P_ResNet50,R,P
E04_XAI_R_P_ResNet50,R-P,ResNet50,3407,18,normal,E-44BF14DBF8A5FE52BF53ED2E.jpeg,0,0.444742602565421,0.62451171875,0,1,0.7996657800031294,0.7996658086776733,0.32672119140625,2.447547943129324,0.8972472063232488,0.8972471952438354,2.746216743583058,1,1,79,175,68,186,0.1518973714889045,0.3654691352661161,0.1157579358462351,0.3955444464937881,0.0005102381850262,0.0029737019336225,0.6432791191265487,0.9243807877466956,/kaggle/input/datasets/hintrngia/locked-resnet-xai-inputs/R-P/ResNet50/seed_3407/best_checkpoint.pt,E04_XAI_R_P_ResNet50,R,P
E04_XAI_R_P_ResNet50,R-P,ResNet50,3407,19,normal,E-47080ACF9F207EB21662EAAE.jpeg,0,0.7337836311715032,0.62451171875,1,0,0.8279154046235616,0.8279154300689697,0.3899383544921875,2.1231956156294163,0.8435839111247967,0.843583881855011,2.163377624710416,1,1,144,111,147,78,0.755100053736611,0.9292538178789352,0.7446578781573687,0.9348551359234916,0.0023280871701651,0.0023043685482788,0.2895549527218581,0.1068541271618149,/kaggle/input/datasets/hintrngia/locked-resnet-xai-inputs/R-P/ResNet50/seed_3407/best_checkpoint.pt,E04_XAI_R_P_ResNet50,R,P
E04_XAI_R_P_ResNet50,R-P,ResNet50,3407,20,normal,E-4F18C9F59223CD9D0CA81789.jpeg,0,0.786930820478671,0.62451171875,1,0,0.7388145322929393,0.7388145327568054,0.305145263671875,2.421189578375341,0.7764395167414315,0.7764394879341125,2.544491457604084,1,1,80,48,93,52,0.894150353244957,0.9487117328684576,0.9104297768987966,0.950260296281198,0.0013413850471993,0.0017178191746461,0.9647907390513936,0.8854309737685607,/kaggle/input/datasets/hintrngia/locked-resnet-xai-inputs/R-P/ResNet50/seed_3407/best_checkpoint.pt,E04_XAI_R_P_ResNet50,R,P
E04_XAI_R_P_ResNet50,R-P,ResNet50,3407,21,normal,E-57BEC1C15CFD6C2BBAF49905.jpeg,0,0.2019730559070499,0.62451171875,0,1,0.7889553332504596,0.7889553308486938,0.3210601806640625,2.457344076797781,0.8434007534779955,0.843400776386261,2.626924185159161,1,1,176,175,78,202,0.2542836920272025,0.5290877394901082,0.2179289419836377,0.6933366830910295,0.0005210386649193,0.0009897901460739,-0.0827084811324467,0.0194459297372838,/kaggle/input/datasets/hintrngia/locked-resnet-xai-inputs/R-P/ResNet50/seed_3407/best_checkpoint.pt,E04_XAI_R_P_ResNet50,R,P
E04_XAI_R_P_ResNet50,R-P,ResNet50,3407,22,normal,E-5822F4C00AF6A5D69871506D.jpeg,0,0.3321844996135789,0.62451171875,0,1,0.842054012380757,0.842054009437561,0.414520263671875,2.031394086556184,0.9046321752456364,0.9046321511268616,2.1823593549620126,1,1,176,175,72,198,0.3646600164848944,0.4468243160892804,0.3236723439256265,0.4705499807936579,0.000222467554939,0.0011619290324794,-0.104896740567214,0.0555578924015148,/kaggle/input/datasets/hintrngia/locked-resnet-xai-inputs/R-P/ResNet50/seed_3407/best_checkpoint.pt,E04_XAI_R_P_ResNet50,R,P
E04_XAI_R_P_ResNet50,R-P,ResNet50,3407,23,normal,E-592EC4B388705AD74965EF2F.jpeg,0,0.040364302019027,0.62451171875,0,1,0.7340769744278488,0.734076976776123,0.3038330078125,2.4160540677030684,0.8125750932622496,0.812575101852417,2.674413484935456,1,1,80,80,71,134,0.816419193563195,0.7409430211282422,0.7735403511902098,0.8842472765809175,0.0004814621714108,0.0002766469471033,-0.0802579849625908,-0.0160953316864106,/kaggle/input/datasets/hintrngia/locked-resnet-xai-inputs/R-P/ResNet50/seed_3407/best_checkpoint.pt,E04_XAI_R_P_ResNet50,R,P
E04_XAI_R_P_ResNet50,R-P,ResNet50,3407,24,normal,E-5EB53A5E9ABA53D43AB743A8.jpeg,0,0.0843584231428749,0.62451171875,0,1,0.6898489237357617,0.6898488998413086,0.2571563720703125,2.6826048220463345,0.8010100214717224,0.801010012626648,3.114875260616555,1,0,80,80,83,64,0.3813496469156666,0.7549318684690955,0.3731833925719276,0.8620674617856444,0.0002865911298353,0.001153488480944,0.0761707432656488,0.4733733837233462,/kaggle/input/datasets/hintrngia/locked-resnet-xai-inputs/R-P/ResNet50/seed_3407/best_checkpoint.pt,E04_XAI_R_P_ResNet50,R,P
E04_XAI_R_P_ResNet50,R-P,ResNet50,3407,25,normal,E-5FBF0EE47B9EC5825E465989.jpeg,0,0.1882286776276586,0.62451171875,0,1,0.8221055403439241,0.8221055269241333,0.329376220703125,2.4959468494384978,0.8835546826852815,0.8835546970367432,2.682509019015223,1,1,176,175,191,184,0.65734179961546,0.571184678765164,0.5514879041207725,0.5588572731334578,0.0001154903182186,0.0002616034529392,0.9349907622912916,0.9747390567517406,/kaggle/input/datasets/hintrngia/locked-resnet-xai-inputs/R-P/ResNet50/seed_3407/best_checkpoint.pt,E04_XAI_R_P_ResNet50,R,P
E04_XAI_R_P_ResNet50,R-P,ResNet50,3407,26,normal,E-67976418F9EE68ADAB32C212.jpeg,0,0.1104724424824187,0.62451171875,0,1,0.6365855445668828,0.636585533618927,0.26171875,2.432326856852567,0.6975263070846506,0.6975263357162476,2.66517514348762,1,0,80,80,92,64,0.5158473479497288,0.5647886467450685,0.4986914830888805,0.689976083802994,0.0002525753228017,0.0010392267396559,0.7575087999687046,0.9101768240589798,/kaggle/input/datasets/hintrngia/locked-resnet-xai-inputs/R-P/ResNet50/seed_3407/best_checkpoint.pt,E04_XAI_R_P_ResNet50,R,P
E04_XAI_R_P_ResNet50,R-P,ResNet50,3407,27,normal,E-74019A53B16F834307F73E46.jpeg,0,0.1705813043632604,0.62451171875,0,1,0.8062376364385465,0.8062376379966736,0.372467041015625,2.164587863237877,0.8690767637625315,0.8690767884254456,2.333298434655521,1,1,176,175,183,194,0.5250554191216824,0.637647779623957,0.4574722189659215,0.7115936905424305,0.0005246574571271,0.0004991675153404,-0.043739826386083,0.0515360703531275,/kaggle/input/datasets/hintrngia/locked-resnet-xai-inputs/R-P/ResNet50/seed_3407/best_checkpoint.pt,E04_XAI_R_P_ResNet50,R,P
E04_XAI_R_P_ResNet50,R-P,ResNet50,3407,28,normal,E-778E5DF620CB9DE6A84B008B.jpeg,0,0.9549397906163616,0.62451171875,1,0,0.7889500462130556,0.7889500260353088,0.3386688232421875,2.3295620738282863,0.8537814940791835,0.853781521320343,2.5209922953806427,1,1,79,144,47,143,0.9315238049746086,0.9854103275333668,0.9487417698989832,0.9847342298175884,0.0001009201540049,0.0008018895799833,-0.1063516813668171,-0.0365278858339263,/kaggle/input/datasets/hintrngia/locked-resnet-xai-inputs/R-P/ResNet50/seed_3407/best_checkpoint.pt,E04_XAI_R_P_ResNet50,R,P
E04_XAI_R_P_ResNet50,R-P,ResNet50,3407,29,normal,E-77C42172A076E16EE5474210.jpeg,0,0.3271881622113458,0.62451171875,0,1,0.8542894023353892,0.8542894124984741,0.39276123046875,2.175085869131782,0.9363015481954275,0.9363015294075012,2.383895037394543,1,1,176,175,184,187,0.3095159860053577,0.453375730477799,0.2794309583100687,0.5309559248955611,0.0001983377810838,0.0006505102736534,-0.0683046442706669,0.2378691389939897,/kaggle/input/datasets/hintrngia/locked-resnet-xai-inputs/R-P/ResNet50/seed_3407/best_checkpoint.pt,E04_XAI_R_P_ResNet50,R,P
E04_XAI_R_P_ResNet50,R-P,ResNet50,3407,30,normal,E-7B1FB0C84C51C5CD8EDBCCFD.jpeg,0,0.9984550309454916,0.62451171875,1,0,0.7656270045998655,0.7656270265579224,0.388427734375,1.9710925272413888,0.8175731821337282,0.8175731897354126,2.1048269981268075,1,1,80,48,66,161,0.9972216586892588,0.9912068196674224,0.9948695608897324,0.994582080967026,0.00029894748702,0.0008773678448936,0.5296522097752426,0.664185653571824,/kaggle/input/datasets/hintrngia/locked-resnet-xai-inputs/R-P/ResNet50/seed_3407/best_checkpoint.pt,E04_XAI_R_P_ResNet50,R,P
E04_XAI_R_P_ResNet50,R-P,ResNet50,3407,31,normal,E-7B7A8A9BEAA512F9DC3E0865.jpeg,0,0.1715778484617325,0.62451171875,0,1,0.8381288134762299,0.8381288051605225,0.356475830078125,2.3511518671337304,0.9360690623862992,0.9360690712928772,2.625897700220379,1,1,79,112,73,103,0.0933341397853214,0.587549704891673,0.0939391466606463,0.6576917022790134,0.0006581197156391,0.001470062095472,0.9596228423461548,0.9723609741832894,/kaggle/input/datasets/hintrngia/locked-resnet-xai-inputs/R-P/ResNet50/seed_3407/best_checkpoint.pt,E04_XAI_R_P_ResNet50,R,P
E04_XAI_R_P_ResNet50,R-P,ResNet50,3407,32,normal,E-82FCB2C3D1996A8155B45525.jpeg,0,0.0578632009927512,0.62451171875,0,1,0.6922151876673701,0.6922152042388916,0.2450714111328125,2.824544831515396,0.8493765148400113,0.8493764996528625,3.4658327175490307,1,1,80,143,178,183,0.411252007606553,0.8318457547787678,0.3016079309726771,0.8840252668073036,0.0001256483499934,0.0004761203469266,0.7228088359816014,0.7794423833244006,/kaggle/input/datasets/hintrngia/locked-resnet-xai-inputs/R-P/ResNet50/seed_3407/best_checkpoint.pt,E04_XAI_R_P_ResNet50,R,P
E04_XAI_R_P_ResNet50,R-P,ResNet50,3407,33,normal,E-843CBB869621D4078F498542.jpeg,0,0.8732103659169039,0.62451171875,1,0,0.7575940017368072,0.7575939893722534,0.3597412109375,2.105941656677273,0.681450660222592,0.6814506649971008,1.8942802200690445,1,0,175,48,170,32,0.8073064848805726,0.930413089537932,0.7994479945276889,0.9464054787249832,0.0002312371045427,0.0024321137184342,0.6168797180943573,0.5904721911976124,/kaggle/input/datasets/hintrngia/locked-resnet-xai-inputs/R-P/ResNet50/seed_3407/best_checkpoint.pt,E04_XAI_R_P_ResNet50,R,P
E04_XAI_R_P_ResNet50,R-P,ResNet50,3407,34,normal,E-845A5BC2008587BFFF60937F.jpeg,0,0.846536736322,0.62451171875,1,0,0.6715253456751257,0.6715253591537476,0.3625030517578125,1.8524681169409032,0.6981481773751467,0.6981481909751892,1.9259097930065925,1,0,80,48,71,42,0.8565938242983624,0.8727776058127438,0.7952105770132675,0.8531265108966097,0.0014011869810013,0.0036684170377421,0.5880395937680143,0.6097873692247718,/kaggle/input/datasets/hintrngia/locked-resnet-xai-inputs/R-P/ResNet50/seed_3407/best_checkpoint.pt,E04_XAI_R_P_ResNet50,R,P
E04_XAI_R_P_ResNet50,R-P,ResNet50,3407,35,normal,E-8BB569A271B438E1FF7419AA.jpeg,0,0.3263612292674698,0.62451171875,0,1,0.7438837157713055,0.7438837289810181,0.3291015625,2.260346958308062,0.7384193952007265,0.7384194135665894,2.243743206782029,1,1,175,80,170,88,0.3163160582701912,0.3910417869777178,0.2649891420659318,0.5389595100041106,0.0001352405203907,0.0014831859582102,0.7999173112149975,0.8978772455370115,/kaggle/input/datasets/hintrngia/locked-resnet-xai-inputs/R-P/ResNet50/seed_3407/best_checkpoint.pt,E04_XAI_R_P_ResNet50,R,P
E04_XAI_R_P_ResNet50,R-P,ResNet50,3407,36,normal,E-8E65534102472D38A215B619.jpeg,0,0.322682366566871,0.62451171875,0,1,0.8211194763372214,0.821119487285614,0.4018096923828125,2.0435531842644643,0.8744832654255695,0.8744832873344421,2.176361800134057,1,1,79,111,78,111,0.2245653471061879,0.3634474139881348,0.2291858168553403,0.4028576977957774,0.0005126000064727,0.0020071293380133,0.8945086137521175,0.8672815097676619,/kaggle/input/datasets/hintrngia/locked-resnet-xai-inputs/R-P/ResNet50/seed_3407/best_checkpoint.pt,E04_XAI_R_P_ResNet50,R,P
E04_XAI_R_P_ResNet50,R-P,ResNet50,3407,37,normal,E-91CCC5E035FBDB0CCBB30E2A.jpeg,0,0.0877677234263202,0.62451171875,0,1,0.857772924144053,0.857772946357727,0.4178619384765625,2.0527663449590894,0.9047565848862036,0.9047566056251526,2.1652045845208043,1,1,79,175,68,185,0.3421760522692127,0.8466866884037065,0.3476108611986739,0.8544299001347349,9.93046560346933e-05,0.0003742998405648,0.4356014720154516,0.7924257396999573,/kaggle/input/datasets/hintrngia/locked-resnet-xai-inputs/R-P/ResNet50/seed_3407/best_checkpoint.pt,E04_XAI_R_P_ResNet50,R,P
E04_XAI_R_P_ResNet50,R-P,ResNet50,3407,38,normal,E-91CD2D4F539A3D56107014E7.jpeg,0,0.8244511433034909,0.62451171875,1,0,0.8051271627251155,0.8051271438598633,0.376434326171875,2.138825039981888,0.8386818714983962,0.8386818766593933,2.227963321058731,1,1,176,207,170,199,0.9182392260758924,0.8691233471177282,0.9245798752557746,0.8811985779387123,0.0012218220407433,0.0009230834090911,-0.1271117677262965,-0.0057115243491695,/kaggle/input/datasets/hintrngia/locked-resnet-xai-inputs/R-P/ResNet50/seed_3407/best_checkpoint.pt,E04_XAI_R_P_ResNet50,R,P
E04_XAI_R_P_ResNet50,R-P,ResNet50,3407,39,normal,E-93DEE19500CF7BC746908FEA.jpeg,0,0.2483846457550849,0.62451171875,0,1,0.8279727024087662,0.8279727101325989,0.3555908203125,2.3284422856617275,0.92964520465767,0.9296451807022096,2.614367839531628,1,1,175,175,187,183,0.1904474512812078,0.6284088774832006,0.1743279085614939,0.6408713238890325,0.0006057455670618,0.0008945349865644,0.0321793263368651,0.4204008403082637,/kaggle/input/datasets/hintrngia/locked-resnet-xai-inputs/R-P/ResNet50/seed_3407/best_checkpoint.pt,E04_XAI_R_P_ResNet50,R,P
E04_XAI_R_P_ResNet50,R-P,ResNet50,3407,40,normal,E-9A48264C99FDAC90E29908DD.jpeg,0,0.9621082165678604,0.62451171875,1,0,0.7662280195262547,0.7662280201911926,0.3754425048828125,2.040866469728617,0.8442511865566578,0.8442512154579163,2.2486830222384526,1,1,48,144,47,173,0.9370994627835868,0.9574724813739948,0.9243285387102362,0.9711048191092686,0.0002522285367596,0.0038219110660998,-0.1282723942842555,-0.0349835327462043,/kaggle/input/datasets/hintrngia/locked-resnet-xai-inputs/R-P/ResNet50/seed_3407/best_checkpoint.pt,E04_XAI_R_P_ResNet50,R,P
E04_XAI_R_P_ResNet50,R-P,ResNet50,3407,41,normal,E-A5B76F5465A7745EBBAE1D8D.jpeg,0,0.686907681853123,0.62451171875,1,0,0.707617431561602,0.7076174020767212,0.36846923828125,1.920424714047588,0.7543622695007175,0.7543622851371765,2.047286967616325,1,1,111,48,99,35,0.408165912004722,0.8523306024012061,0.3395149792483277,0.8690926134787605,0.0002384373719606,6.595818694776767e-06,-0.2131976851550309,-0.0375416593362987,/kaggle/input/datasets/hintrngia/locked-resnet-xai-inputs/R-P/ResNet50/seed_3407/best_checkpoint.pt,E04_XAI_R_P_ResNet50,R,P
E04_XAI_R_P_ResNet50,R-P,ResNet50,3407,42,normal,E-A92185A886C303721C499620.jpeg,0,0.9590204197931887,0.62451171875,1,0,0.754439545595825,0.7544395327568054,0.4248199462890625,1.7759042441064614,0.515050255340724,0.5150502324104309,1.2123965925796376,1,0,80,47,75,2,0.9837285045517844,0.968715638319514,0.9793431129603782,0.9687300153033032,0.0020875089188694,0.0052758525753963,0.8450006837979226,0.9458599950503128,/kaggle/input/datasets/hintrngia/locked-resnet-xai-inputs/R-P/ResNet50/seed_3407/best_checkpoint.pt,E04_XAI_R_P_ResNet50,R,P
E04_XAI_R_P_ResNet50,R-P,ResNet50,3407,43,normal,E-B1906A980682154F21AC8637.jpeg,0,0.0283375602424044,0.62451171875,0,1,0.824333867664006,0.8243338465690613,0.37506103515625,2.19786592153085,0.8200664403204665,0.8200664520263672,2.186487967162005,1,1,176,175,178,200,0.6276401763841681,0.65933891559895,0.5363219236329492,0.8197909616362511,0.0001534436258261,0.0010594967731059,-0.2449224056195784,-0.03000604103301,/kaggle/input/datasets/hintrngia/locked-resnet-xai-inputs/R-P/ResNet50/seed_3407/best_checkpoint.pt,E04_XAI_R_P_ResNet50,R,P
E04_XAI_R_P_ResNet50,R-P,ResNet50,3407,44,normal,E-B701F1D8C0C0617522833A87.jpeg,0,0.0235419913434312,0.62451171875,0,1,0.7615599863539647,0.7615599632263184,0.2968597412109375,2.5653865466817494,0.7807279551481885,0.7807279825210571,2.629955655029128,1,1,176,175,177,193,0.8399786875735173,0.8187724104729752,0.7394144798587975,0.8988536419496236,0.0001337971175925,0.0021225396098466,-7.02135358017768e-05,0.1091096223267111,/kaggle/input/datasets/hintrngia/locked-resnet-xai-inputs/R-P/ResNet50/seed_3407/best_checkpoint.pt,E04_XAI_R_P_ResNet50,R,P
E04_XAI_R_P_ResNet50,R-P,ResNet50,3407,45,normal,E-B80945974BB38152A2ADE2AF.jpeg,0,0.0467469141969914,0.62451171875,0,1,0.7926219663829799,0.7926219701766968,0.287933349609375,2.752796671376522,0.8870411817025972,0.8870412111282349,3.0807170579788767,1,1,176,175,186,183,0.7986728458799737,0.9080675712438692,0.7566849984322268,0.9160382427846412,0.0002905783449735,0.0015637122231367,0.0306318346358559,0.00939390787828,/kaggle/input/datasets/hintrngia/locked-resnet-xai-inputs/R-P/ResNet50/seed_3407/best_checkpoint.pt,E04_XAI_R_P_ResNet50,R,P
E04_XAI_R_P_ResNet50,R-P,ResNet50,3407,46,normal,E-BB74E7A26CC5772AE8204932.jpeg,0,0.4406043632714394,0.62451171875,0,1,0.8848174260503507,0.8848174214363098,0.396759033203125,2.230112869534489,0.9165153030163268,0.916515290737152,2.3100048803352817,1,1,79,175,58,182,0.1481580326294181,0.4447499955530275,0.1095878744328417,0.4736361954954211,0.0001455008330016,0.0003693071685012,0.9051029826810324,0.9028360631818224,/kaggle/input/datasets/hintrngia/locked-resnet-xai-inputs/R-P/ResNet50/seed_3407/best_checkpoint.pt,E04_XAI_R_P_ResNet50,R,P
E04_XAI_R_P_ResNet50,R-P,ResNet50,3407,47,normal,E-BB96C349B18A4710DE07EC01.jpeg,0,0.0918671757734539,0.62451171875,0,1,0.8129482334532516,0.8129482269287109,0.3329010009765625,2.442011982747046,0.8965123338694885,0.8965123295783997,2.6930298534386394,1,1,176,80,63,192,0.1529046907333088,0.6458250244299769,0.1463793186940151,0.7483584607289843,0.0010138419693505,0.0025460129858853,0.2056739236031348,0.3360583667680277,/kaggle/input/datasets/hintrngia/locked-resnet-xai-inputs/R-P/ResNet50/seed_3407/best_checkpoint.pt,E04_XAI_R_P_ResNet50,R,P
E04_XAI_R_P_ResNet50,R-P,ResNet50,3407,48,normal,E-BCDF7BD5461E233F18CDF83C.jpeg,0,0.030366413219731,0.62451171875,0,1,0.7664753145471617,0.7664753198623657,0.2940521240234375,2.606596762708878,0.8573341365035493,0.8573341369628906,2.9155855933732866,1,1,111,80,82,144,0.4073508182490136,0.8272801171409001,0.3160090142527069,0.9135068894925636,0.0002486074166468,0.000189279989318,0.7641703716473213,0.8398415827577044,/kaggle/input/datasets/hintrngia/locked-resnet-xai-inputs/R-P/ResNet50/seed_3407/best_checkpoint.pt,E04_XAI_R_P_ResNet50,R,P
E04_XAI_R_P_ResNet50,R-P,ResNet50,3407,49,normal,E-BF6060CF2B5D86362B50F1EF.jpeg,0,0.1195019827633687,0.62451171875,0,1,0.7740618848573437,0.7740618586540222,0.3540191650390625,2.186497120210805,0.8074420548361325,0.8074420690536499,2.280786281011197,1,1,175,175,177,188,0.725578591920937,0.7000690161519911,0.6453661291045967,0.7821607752374176,0.0003929723477505,0.0010142200081204,0.6415226398864344,0.5912437952643659,/kaggle/input/datasets/hintrngia/locked-resnet-xai-inputs/R-P/ResNet50/seed_3407/best_checkpoint.pt,E04_XAI_R_P_ResNet50,R,P
E04_XAI_R_P_ResNet50,R-P,ResNet50,3407,50,normal,E-C7B56CF9C42EB131FD94EA3C.jpeg,0,0.987549443528384,0.62451171875,1,0,0.7287796272487537,0.7287796139717102,0.32830810546875,2.2198039436407475,0.7820678968604083,0.7820678949356079,2.382115713359533,1,1,48,143,50,147,0.988585466625425,0.965066329322164,0.96347238031556,0.970535221125662,0.0003358921876799,0.0014128834322109,0.9654078309197724,0.9389328226168768,/kaggle/input/datasets/hintrngia/locked-resnet-xai-inputs/R-P/ResNet50/seed_3407/best_checkpoint.pt,E04_XAI_R_P_ResNet50,R,P
E04_XAI_R_P_ResNet50,R-P,ResNet50,3407,51,normal,E-D31B79C24E008C43E1511E9D.jpeg,0,0.007310265752505,0.62451171875,0,1,0.723773928349413,0.7237739562988281,0.29034423828125,2.492813126356271,0.8163439379958572,0.8163439631462097,2.811641597671668,1,1,80,80,181,171,0.7660740704846334,0.9444558098838725,0.7009427720457,0.961303739660572,0.000267189891615,0.0021784428575866,0.4193189909417553,0.5711892942061993,/kaggle/input/datasets/hintrngia/locked-resnet-xai-inputs/R-P/ResNet50/seed_3407/best_checkpoint.pt,E04_XAI_R_P_ResNet50,R,P
E04_XAI_R_P_ResNet50,R-P,ResNet50,3407,52,normal,E-E13640D767DD410F37B990A9.jpeg,0,0.0522023027052274,0.62451171875,0,1,0.8132230788263808,0.8132230639457703,0.3385162353515625,2.402316326074631,0.8878751826752642,0.8878751993179321,2.622843721965568,1,1,176,175,183,185,0.7710995968781904,0.7968440740207696,0.7144222360808756,0.8589620249716993,0.000232563491629,0.0012275438216452,-0.1982963183630707,-0.0514565560073892,/kaggle/input/datasets/hintrngia/locked-resnet-xai-inputs/R-P/ResNet50/seed_3407/best_checkpoint.pt,E04_XAI_R_P_ResNet50,R,P
E04_XAI_R_P_ResNet50,R-P,ResNet50,3407,53,normal,E-E2352C479C37BA410D3419C8.jpeg,0,0.1781492886783178,0.62451171875,0,1,0.8954385762274648,0.895438551902771,0.460540771484375,1.9443198771334944,0.917949542758004,0.9179495573043824,1.9931992987273397,1,1,48,175,50,206,0.2216388690596601,0.7115489843556183,0.207151746670682,0.7775239874893698,2.8640767950061097e-05,0.0007537533856356,0.2248062714638636,0.2347132345471277,/kaggle/input/datasets/hintrngia/locked-resnet-xai-inputs/R-P/ResNet50/seed_3407/best_checkpoint.pt,E04_XAI_R_P_ResNet50,R,P
E04_XAI_R_P_ResNet50,R-P,ResNet50,3407,54,normal,E-E249A212D4F7D1C6D4206FBF.jpeg,0,0.1123599248265887,0.62451171875,0,1,0.8927248852124019,0.892724871635437,0.44427490234375,2.0093975160489066,0.938366972055922,0.938366949558258,2.112131401313948,1,1,176,175,175,187,0.1913917741388226,0.7198822749235325,0.1692807949519536,0.7652245992020501,2.8671007935687776e-05,7.020837276183745e-05,0.1324840999704758,0.6195948149139556,/kaggle/input/datasets/hintrngia/locked-resnet-xai-inputs/R-P/ResNet50/seed_3407/best_checkpoint.pt,E04_XAI_R_P_ResNet50,R,P
E04_XAI_R_P_ResNet50,R-P,ResNet50,3407,55,normal,E-E2DD25AE8644A21D4C1655DA.jpeg,0,0.3287584447015351,0.62451171875,0,1,0.8108013545601835,0.8108013272285461,0.3409881591796875,2.377799148541468,0.8950433119592804,0.8950433135032654,2.624851590484781,1,1,176,175,209,178,0.1987307364953379,0.3299166016175174,0.1469656766284014,0.4360475738678863,0.0001477111765234,0.0011614052264123,0.0870656208828197,0.4479507236804979,/kaggle/input/datasets/hintrngia/locked-resnet-xai-inputs/R-P/ResNet50/seed_3407/best_checkpoint.pt,E04_XAI_R_P_ResNet50,R,P
E04_XAI_R_P_ResNet50,R-P,ResNet50,3407,56,normal,E-E35138A3EAFB63D43C970EAE.jpeg,0,0.1361376177841913,0.62451171875,0,1,0.8415506667592987,0.8415506482124329,0.4013519287109375,2.096789890762932,0.8843169185397405,0.8843169212341309,2.203345381645456,1,1,79,79,80,179,0.2747684354007422,0.6171308672551463,0.2513242766126731,0.6949485917850682,7.93993199438292e-05,0.0008245168553638,0.9703933403834872,0.9500736198640636,/kaggle/input/datasets/hintrngia/locked-resnet-xai-inputs/R-P/ResNet50/seed_3407/best_checkpoint.pt,E04_XAI_R_P_ResNet50,R,P
E04_XAI_R_P_ResNet50,R-P,ResNet50,3407,57,normal,E-EACE2F51FB2EF2E191B9BC55.jpeg,0,0.3144376906725736,0.62451171875,0,1,0.8945353100043386,0.8945353031158447,0.4419708251953125,2.023969137802325,0.9430077008129916,0.9430077075958252,2.133642419488355,1,1,176,175,207,192,0.1605202825574116,0.4787677586801503,0.148398420338232,0.5658226593395399,5.326859903509451e-06,0.0015014093892719,0.94681110472053,0.9240051272294928,/kaggle/input/datasets/hintrngia/locked-resnet-xai-inputs/R-P/ResNet50/seed_3407/best_checkpoint.pt,E04_XAI_R_P_ResNet50,R,P
E04_XAI_R_P_ResNet50,R-P,ResNet50,3407,58,normal,E-ED70ACD6E494856AB99B813B.jpeg,0,0.9911625953352684,0.62451171875,1,0,0.695831186659854,0.6958311796188354,0.3370513916015625,2.064466143733994,0.7505053899809765,0.7505053877830505,2.2266793986958797,1,1,48,144,91,77,0.9953064786488236,0.964414548135085,0.9877509820277618,0.9773913101124516,0.0007709183445159,0.0025353561697617,0.9550924763639838,0.7659024990400726,/kaggle/input/datasets/hintrngia/locked-resnet-xai-inputs/R-P/ResNet50/seed_3407/best_checkpoint.pt,E04_XAI_R_P_ResNet50,R,P
E04_XAI_R_P_ResNet50,R-P,ResNet50,3407,59,normal,E-EE1CB872F9ABCF62B8C9A410.jpeg,0,0.1820722772364092,0.62451171875,0,1,0.7734865116938866,0.7734864950180054,0.260040283203125,2.974487268534829,0.8725842342177187,0.8725842237472534,3.355573311447741,1,1,79,143,57,174,0.1285354899463335,0.8042720697032355,0.1207067032643544,0.8295628582793305,0.0008369680668084,0.0004587456356075,-0.0090782801575085,0.1687553337432348,/kaggle/input/datasets/hintrngia/locked-resnet-xai-inputs/R-P/ResNet50/seed_3407/best_checkpoint.pt,E04_XAI_R_P_ResNet50,R,P
E04_XAI_R_P_ResNet50,R-P,ResNet50,3407,60,normal,E-EFAD2710B0F9E9CA19CFEDAD.jpeg,0,0.5823203845633355,0.62451171875,0,1,0.8191801462742849,0.8191801309585571,0.36236572265625,2.260644688657215,0.8402322436194786,0.840232253074646,2.3187409599901527,1,1,176,175,197,190,0.1019511254976868,0.2394716319154535,0.0634618798405804,0.2945257169863255,3.487344435548767e-05,0.0010301187482691,0.0447579784739503,0.5217686966578639,/kaggle/input/datasets/hintrngia/locked-resnet-xai-inputs/R-P/ResNet50/seed_3407/best_checkpoint.pt,E04_XAI_R_P_ResNet50,R,P
E04_XAI_R_P_ResNet50,R-P,ResNet50,3407,61,normal,E-F32C5A7DA665488BF8EB2294.jpeg,0,0.3434178617699535,0.62451171875,0,1,0.8560782649334427,0.8560782670974731,0.3988037109375,2.1466155942255165,0.8773673942939323,0.877367377281189,2.1999980698059054,1,1,79,80,66,202,0.2266824268040338,0.2844641643257456,0.2045183815606588,0.3049096667397038,0.0008703979062172,0.0001526464868574,0.7667741326680384,0.8058909499428533,/kaggle/input/datasets/hintrngia/locked-resnet-xai-inputs/R-P/ResNet50/seed_3407/best_checkpoint.pt,E04_XAI_R_P_ResNet50,R,P
E04_XAI_R_P_ResNet50,R-P,ResNet50,3407,62,normal,E-F57AB9616B464FB4687D409D.jpeg,0,0.2006835132915155,0.62451171875,0,1,0.8879152450406169,0.8879152536392212,0.43695068359375,2.032071989767491,0.9079299713457532,0.9079299569129944,2.077877448041461,1,1,176,175,174,190,0.183634129750563,0.5356167902471487,0.1442265602855471,0.639181458234692,0.0002045180584873,0.0001264618199067,-0.1965376339605087,-0.0312195234047929,/kaggle/input/datasets/hintrngia/locked-resnet-xai-inputs/R-P/ResNet50/seed_3407/best_checkpoint.pt,E04_XAI_R_P_ResNet50,R,P
E04_XAI_R_P_ResNet50,R-P,ResNet50,3407,63,normal,E-F803B5977A560D3CAEE3206F.jpeg,0,0.329958326489239,0.62451171875,0,1,0.7723509365482893,0.7723509073257446,0.3428192138671875,2.2529394657777493,0.9014374256972496,0.9014374017715454,2.629483381425868,1,1,79,175,71,187,0.337471573657272,0.596436042064133,0.2941904798047597,0.6336762101279348,0.0003460350327368,0.0021385616890874,0.6770974456531496,0.8560696327550208,/kaggle/input/datasets/hintrngia/locked-resnet-xai-inputs/R-P/ResNet50/seed_3407/best_checkpoint.pt,E04_XAI_R_P_ResNet50,R,P
E04_XAI_R_P_ResNet50,R-P,ResNet50,3407,64,pneumonia,E-018B83433C4DD934AA5C8B2B.jpeg,1,0.9978181816974075,0.62451171875,1,1,0.791882659081009,0.7918826341629028,0.3726043701171875,2.1252640134949425,0.8205690156246512,0.8205690383911133,2.202252795281426,1,1,176,207,95,95,0.9978376629802675,0.997526754702864,0.997057419212684,0.996310120250689,0.0003414358532767,0.0001601505618055,-0.2059917325650546,-0.0680348451562005,/kaggle/input/datasets/hintrngia/locked-resnet-xai-inputs/R-P/ResNet50/seed_3407/best_checkpoint.pt,E04_XAI_R_P_ResNet50,R,P
E04_XAI_R_P_ResNet50,R-P,ResNet50,3407,65,pneumonia,E-01E4EA18817F6CBD784D8ACE.jpeg,1,0.9986165499384818,0.62451171875,1,1,0.7202667035243034,0.7202666997909546,0.355072021484375,2.02850875299393,0.7153294169658135,0.7153294086456299,2.0146037245497017,1,0,80,48,88,27,0.995792992529504,0.999074372092304,0.9964254518067628,0.99903081181418,0.0001963166244659,0.0010425750380159,0.9921610913908934,0.7584429232826689,/kaggle/input/datasets/hintrngia/locked-resnet-xai-inputs/R-P/ResNet50/seed_3407/best_checkpoint.pt,E04_XAI_R_P_ResNet50,R,P
E04_XAI_R_P_ResNet50,R-P,ResNet50,3407,66,pneumonia,E-0981A556ADE7F427711A3360.jpeg,1,0.989416407167458,0.62451171875,1,1,0.7266357645549225,0.726635754108429,0.315826416015625,2.300744104061813,0.76995743650098,0.769957423210144,2.4379133519435805,1,0,80,48,43,130,0.985810678559827,0.9739651614838368,0.9657069779853426,0.9865873765468842,9.191054391555208e-05,0.0020208335289884,0.1468752802156112,0.0097434726014935,/kaggle/input/datasets/hintrngia/locked-resnet-xai-inputs/R-P/ResNet50/seed_3407/best_checkpoint.pt,E04_XAI_R_P_ResNet50,R,P
E04_XAI_R_P_ResNet50,R-P,ResNet50,3407,67,pneumonia,E-0B7E667233F7AB135F8A84DD.jpeg,1,0.9996461544796252,0.62451171875,1,1,0.8186922096492477,0.8186922073364258,0.3825225830078125,2.140245428679768,0.8797450245268127,0.8797450065612793,2.299851207762144,1,1,79,112,80,111,0.9992185706614158,0.9992714229144896,0.9987626406393162,0.9995177771597424,0.0004311000656175,0.0016299987812147,0.4076566568519855,0.636112977201579,/kaggle/input/datasets/hintrngia/locked-resnet-xai-inputs/R-P/ResNet50/seed_3407/best_checkpoint.pt,E04_XAI_R_P_ResNet50,R,P
E04_XAI_R_P_ResNet50,R-P,ResNet50,3407,68,pneumonia,E-122745006C7E29B76E58625B.jpeg,1,0.998918432612228,0.62451171875,1,1,0.7409694970121246,0.7409694790840149,0.3352813720703125,2.209993034914968,0.8337637789638133,0.8337637782096863,2.4867584316284743,1,1,80,48,46,146,0.9967273486817796,0.998041440619206,0.9961021323729844,0.9983045612959316,0.000565234374182,0.000124279256244,0.9803350264828627,0.9436250183246272,/kaggle/input/datasets/hintrngia/locked-resnet-xai-inputs/R-P/ResNet50/seed_3407/best_checkpoint.pt,E04_XAI_R_P_ResNet50,R,P
E04_XAI_R_P_ResNet50,R-P,ResNet50,3407,69,pneumonia,E-1265B89238C345234A9C993B.jpeg,1,0.9744129734967228,0.62451171875,1,1,0.7125619529194639,0.7125619649887085,0.3254241943359375,2.1896403688530963,0.7020465230716854,0.7020465135574341,2.1573273754408016,1,1,80,48,96,31,0.9811801095188338,0.99019835090317,0.976062268747304,0.9916234696470292,0.0002573216392947,0.0014532441358267,0.9460399944115944,0.8794196209355437,/kaggle/input/datasets/hintrngia/locked-resnet-xai-inputs/R-P/ResNet50/seed_3407/best_checkpoint.pt,E04_XAI_R_P_ResNet50,R,P
E04_XAI_R_P_ResNet50,R-P,ResNet50,3407,70,pneumonia,E-1777E855F7110F5A72B38BC0.jpeg,1,0.9991649411802273,0.62451171875,1,1,0.6717767250787233,0.6717767119407654,0.3238525390625,2.074329035750057,0.7806688095912642,0.7806687951087952,2.410568747897337,1,1,80,79,78,67,0.998407374045764,0.9977911400828168,0.9976253895486012,0.998037495044826,0.0006569373888843,0.0050098589935393,0.7985701736779207,0.9501170321978036,/kaggle/input/datasets/hintrngia/locked-resnet-xai-inputs/R-P/ResNet50/seed_3407/best_checkpoint.pt,E04_XAI_R_P_ResNet50,R,P
E04_XAI_R_P_ResNet50,R-P,ResNet50,3407,71,pneumonia,E-198E88DB173F06A1227B639B.jpeg,1,0.9981712833778617,0.62451171875,1,1,0.6666102925622566,0.6666103005409241,0.256744384765625,2.596396774834188,0.7177337733622948,0.7177338004112244,2.795518873830462,1,1,80,48,80,62,0.9995547630255016,0.9985045531391636,0.999423415901032,0.9988231178077716,0.0008285121412054,0.0003442126799347,0.6899140807593127,0.7285700826550182,/kaggle/input/datasets/hintrngia/locked-resnet-xai-inputs/R-P/ResNet50/seed_3407/best_checkpoint.pt,E04_XAI_R_P_ResNet50,R,P
E04_XAI_R_P_ResNet50,R-P,ResNet50,3407,72,pneumonia,E-1A06E979246F3D9634B22BF8.jpeg,1,0.9997974461132164,0.62451171875,1,1,0.717700938422763,0.7177009582519531,0.303802490234375,2.3623932044437064,0.7630667462181892,0.7630667686462402,2.5117198533478278,1,1,48,175,94,62,0.9993787238923224,0.9991341385134328,0.999229019130526,0.9994806167197936,0.000592202895462,0.0008900933511847,-0.1821633691676525,0.0172549008979992,/kaggle/input/datasets/hintrngia/locked-resnet-xai-inputs/R-P/ResNet50/seed_3407/best_checkpoint.pt,E04_XAI_R_P_ResNet50,R,P
E04_XAI_R_P_ResNet50,R-P,ResNet50,3407,73,pneumonia,E-220D81ED5B8FE3B14418B9F7.jpeg,1,0.9922064657759508,0.62451171875,1,1,0.6128954747527167,0.6128954887390137,0.2836456298828125,2.1607788387430222,0.698468806469698,0.698468804359436,2.4624698316637867,1,1,48,175,82,67,0.9866190006718614,0.980044134189171,0.973149424749228,0.988250572818316,0.0009823804687524,0.0010194093122403,0.8848104269767029,0.9046734405358544,/kaggle/input/datasets/hintrngia/locked-resnet-xai-inputs/R-P/ResNet50/seed_3407/best_checkpoint.pt,E04_XAI_R_P_ResNet50,R,P
E04_XAI_R_P_ResNet50,R-P,ResNet50,3407,74,pneumonia,E-227257A6740CF45FAF02E456.jpeg,1,0.985516015566494,0.62451171875,1,1,0.766498602370541,0.7664986252784729,0.381500244140625,2.009169362649219,0.8050044667903965,0.8050044775009155,2.110102101254917,1,1,48,144,66,164,0.9806351969450507,0.9628637175740982,0.9577645198073044,0.9748273075590386,0.000448232937602,0.0021965938427244,0.143221268806917,0.2013860849446596,/kaggle/input/datasets/hintrngia/locked-resnet-xai-inputs/R-P/ResNet50/seed_3407/best_checkpoint.pt,E04_XAI_R_P_ResNet50,R,P
E04_XAI_R_P_ResNet50,R-P,ResNet50,3407,75,pneumonia,E-2C0709EBA6450DCFB3BBB340.jpeg,1,0.9990881415918156,0.62451171875,1,1,0.7088465726690331,0.7088465690612793,0.3762359619140625,1.884047896598846,0.7618957951833839,0.7618957757949829,2.025047768712262,1,1,80,48,95,63,0.996162686807326,0.998060904269976,0.99649734551335,0.9983610326665232,0.0001470750270379,0.0020458265979433,-0.0091468626158088,0.3255939981715784,/kaggle/input/datasets/hintrngia/locked-resnet-xai-inputs/R-P/ResNet50/seed_3407/best_checkpoint.pt,E04_XAI_R_P_ResNet50,R,P
E04_XAI_R_P_ResNet50,R-P,ResNet50,3407,76,pneumonia,E-30421FA65AB177DCD15E84C4.jpeg,1,0.9999707230187198,0.62451171875,1,1,0.7847946074088638,0.7847946286201477,0.41265869140625,1.901800746603583,0.7351259116967656,0.7351258993148804,1.781438091589973,1,1,48,144,51,146,0.9999516694966064,0.99992709049016,0.99993605490881,0.9999450397860448,6.748545945844953e-05,0.0013636011068073,0.9854477827474066,0.9744401062597474,/kaggle/input/datasets/hintrngia/locked-resnet-xai-inputs/R-P/ResNet50/seed_3407/best_checkpoint.pt,E04_XAI_R_P_ResNet50,R,P
E04_XAI_R_P_ResNet50,R-P,ResNet50,3407,77,pneumonia,E-386D019ED9E9E8244987AC20.jpeg,1,0.9989448376649588,0.62451171875,1,1,0.736779609478371,0.7367796301841736,0.3555145263671875,2.072431799080412,0.8112272386653179,0.8112272620201111,2.28183992073352,1,1,176,175,91,64,0.9989991398334536,0.9935679665809752,0.9981440608103792,0.9981830519751628,0.0008256584296786,0.0017654387662675,0.6726439700914565,0.7170800705766923,/kaggle/input/datasets/hintrngia/locked-resnet-xai-inputs/R-P/ResNet50/seed_3407/best_checkpoint.pt,E04_XAI_R_P_ResNet50,R,P
E04_XAI_R_P_ResNet50,R-P,ResNet50,3407,78,pneumonia,E-3AC987E53985CBAF71C33ABC.jpeg,1,0.9736948782390442,0.62451171875,1,1,0.7563730448710316,0.7563730478286743,0.4218597412109375,1.7929491036520393,0.7506555440387136,0.7506555318832397,1.7793960188852729,1,1,79,48,163,34,0.9821336742998776,0.9767463303044468,0.9818395691353854,0.9768960599416404,5.655924944636404e-05,0.0003703125764162,-0.1275985853872713,-0.0432996734821216,/kaggle/input/datasets/hintrngia/locked-resnet-xai-inputs/R-P/ResNet50/seed_3407/best_checkpoint.pt,E04_XAI_R_P_ResNet50,R,P
E04_XAI_R_P_ResNet50,R-P,ResNet50,3407,79,pneumonia,E-3EB4BE73D28C1518A6A12685.jpeg,1,0.9989514698012296,0.62451171875,1,1,0.7813922070186404,0.7813922166824341,0.40576171875,1.9257415643491884,0.8559748073379647,0.8559747934341431,2.109550427711374,1,1,79,144,70,167,0.9935939788060628,0.9967512029186808,0.990864835571489,0.9966267160480085,0.0006113267993338,0.0008634621766954,0.0529318285528158,0.2324048941740405,/kaggle/input/datasets/hintrngia/locked-resnet-xai-inputs/R-P/ResNet50/seed_3407/best_checkpoint.pt,E04_XAI_R_P_ResNet50,R,P
E04_XAI_R_P_ResNet50,R-P,ResNet50,3407,80,pneumonia,E-401B5DEDAD367F085127D1DA.jpeg,1,0.980688450860426,0.62451171875,1,1,0.815896376220084,0.8158963918685913,0.364349365234375,2.239324269702631,0.8637721951795647,0.8637722134590149,2.370725127032748,1,1,79,112,63,111,0.9687677185885184,0.9945611871626352,0.974878308309082,0.9937805870985008,0.0001444811241886,3.718607919589445e-06,0.9040171926716432,0.893563031623789,/kaggle/input/datasets/hintrngia/locked-resnet-xai-inputs/R-P/ResNet50/seed_3407/best_checkpoint.pt,E04_XAI_R_P_ResNet50,R,P
E04_XAI_R_P_ResNet50,R-P,ResNet50,3407,81,pneumonia,E-4329094918EDAAADE18246AB.jpeg,1,0.9999381932870864,0.62451171875,1,1,0.8080333874281941,0.8080334067344666,0.4228057861328125,1.9111218765922309,0.815087688258,0.8150876760482788,1.9278063711312676,1,1,48,112,46,110,0.9999095485793468,0.999790860048554,0.9998630748833524,0.9998860161812116,0.000141718032698,0.0016990152709901,0.9392937666812134,0.8567676582162584,/kaggle/input/datasets/hintrngia/locked-resnet-xai-inputs/R-P/ResNet50/seed_3407/best_checkpoint.pt,E04_XAI_R_P_ResNet50,R,P
E04_XAI_R_P_ResNet50,R-P,ResNet50,3407,82,pneumonia,E-443A80FA1DE791815F946FF9.jpeg,1,0.9963168097875372,0.62451171875,1,1,0.7111239049751221,0.7111238837242126,0.309112548828125,2.3005339242002965,0.7890268452481923,0.7890268564224243,2.5525552043728665,1,1,80,111,91,130,0.9936329465670904,0.9972352680785816,0.9959789613629636,0.9966867608635526,0.0005541732317584,0.0030709988745741,0.9492358522044296,0.9765444983398538,/kaggle/input/datasets/hintrngia/locked-resnet-xai-inputs/R-P/ResNet50/seed_3407/best_checkpoint.pt,E04_XAI_R_P_ResNet50,R,P
E04_XAI_R_P_ResNet50,R-P,ResNet50,3407,83,pneumonia,E-4B97630FB65DE326125E1DE1.jpeg,1,0.9982313259039988,0.62451171875,1,1,0.7554535252550615,0.7554535269737244,0.3383941650390625,2.2324661690542325,0.7500076335111344,0.7500076293945312,2.216372830851139,1,1,48,175,51,149,0.9985947305450708,0.997203762336658,0.998105682827804,0.9981919008809798,7.89547406000457e-05,0.0051274081638226,0.847973625301271,0.9194529670047024,/kaggle/input/datasets/hintrngia/locked-resnet-xai-inputs/R-P/ResNet50/seed_3407/best_checkpoint.pt,E04_XAI_R_P_ResNet50,R,P
E04_XAI_R_P_ResNet50,R-P,ResNet50,3407,84,pneumonia,E-55F059ED3BB72FAD418A344C.jpeg,1,0.989262051848929,0.62451171875,1,1,0.7127857346905484,0.7127857208251953,0.3324737548828125,2.1438857179622643,0.7428868703933692,0.7428868412971497,2.234422595718016,1,1,80,79,95,63,0.9750704699400946,0.9245600335835746,0.9429869616712316,0.9341210209610284,0.0008861404075823,0.0013928122771852,0.9355998839129478,0.9579950870694436,/kaggle/input/datasets/hintrngia/locked-resnet-xai-inputs/R-P/ResNet50/seed_3407/best_checkpoint.pt,E04_XAI_R_P_ResNet50,R,P
E04_XAI_R_P_ResNet50,R-P,ResNet50,3407,85,pneumonia,E-6060B7AB38566FD26078DE5E.jpeg,1,0.9973068095213664,0.62451171875,1,1,0.6987965561532091,0.6987965703010559,0.271087646484375,2.5777513848956835,0.7487317175950041,0.7487317323684692,2.76195439853125,0,1,80,48,76,62,0.9988434457102372,0.9969418315614792,0.9988560657439908,0.997902984706897,0.0002759579318428,7.825052345389327e-05,0.5043760673564105,0.4648237603694345,/kaggle/input/datasets/hintrngia/locked-resnet-xai-inputs/R-P/ResNet50/seed_3407/best_checkpoint.pt,E04_XAI_R_P_ResNet50,R,P
E04_XAI_R_P_ResNet50,R-P,ResNet50,3407,86,pneumonia,E-638A63581494A3F6A20C2D9C.jpeg,1,0.9819151580316328,0.62451171875,1,1,0.7499100010714449,0.7499099969863892,0.312408447265625,2.4004152500839218,0.8275991242161486,0.8275991082191467,2.6490932990441296,1,1,79,175,79,138,0.985223889919227,0.9870533081525914,0.984875371905784,0.9867628430023564,0.0004581874573795,0.0003952643657525,-0.0769971838092533,0.0882720214229228,/kaggle/input/datasets/hintrngia/locked-resnet-xai-inputs/R-P/ResNet50/seed_3407/best_checkpoint.pt,E04_XAI_R_P_ResNet50,R,P
E04_XAI_R_P_ResNet50,R-P,ResNet50,3407,87,pneumonia,E-63AE2F3741553AC167D0B283.jpeg,1,0.9992386723443426,0.62451171875,1,1,0.7812546407708573,0.7812546491622925,0.3596954345703125,2.171989315639032,0.8682712789598431,0.8682712912559509,2.4139068653931317,1,1,80,48,91,57,0.9988428111837078,0.9989435556712972,0.9989465694034518,0.9991251454846838,5.251861092259169e-05,0.0019480253081204,-0.0737583967749637,0.0042720058635735,/kaggle/input/datasets/hintrngia/locked-resnet-xai-inputs/R-P/ResNet50/seed_3407/best_checkpoint.pt,E04_XAI_R_P_ResNet50,R,P
E04_XAI_R_P_ResNet50,R-P,ResNet50,3407,88,pneumonia,E-63E40A6B7E9FE7A4F927B234.jpeg,1,0.9996029139057496,0.62451171875,1,1,0.7327182108270551,0.7327182292938232,0.3593597412109375,2.03895463737259,0.8331468420769149,0.833146870136261,2.3184200858712027,1,1,48,176,51,162,0.996360735636976,0.9974238691393736,0.983075583596558,0.9983101469939278,0.0001706470885086,0.0003042351298787,-0.1264378245936256,-0.0432206731393911,/kaggle/input/datasets/hintrngia/locked-resnet-xai-inputs/R-P/ResNet50/seed_3407/best_checkpoint.pt,E04_XAI_R_P_ResNet50,R,P
E04_XAI_R_P_ResNet50,R-P,ResNet50,3407,89,pneumonia,E-6C94FB136A3DC9D9B1FE1032.jpeg,1,0.9958635792976436,0.62451171875,1,1,0.7704702172193811,0.7704702019691467,0.3358001708984375,2.294430688221446,0.8641477761604189,0.8641477823257446,2.573398857565739,1,1,79,143,78,130,0.9943739921223772,0.9921107057519988,0.9921093140661654,0.9944324090030392,0.0010128366710158,0.0013396103499806,0.9779068522145546,0.9438636183667072,/kaggle/input/datasets/hintrngia/locked-resnet-xai-inputs/R-P/ResNet50/seed_3407/best_checkpoint.pt,E04_XAI_R_P_ResNet50,R,P
E04_XAI_R_P_ResNet50,R-P,ResNet50,3407,90,pneumonia,E-6EBA6C5A4DF4C84E483A5386.jpeg,1,0.9999258581775312,0.62451171875,1,1,0.67594218350561,0.6759421825408936,0.3423919677734375,1.9741765202648809,0.7297646532954456,0.7297646403312683,2.1313720004621564,1,1,80,48,78,86,0.9998435093392786,0.9997368763664334,0.9997973343891864,0.9997463360474574,0.000512512997684,0.0006612287584832,0.9308382713696398,0.98528194957136,/kaggle/input/datasets/hintrngia/locked-resnet-xai-inputs/R-P/ResNet50/seed_3407/best_checkpoint.pt,E04_XAI_R_P_ResNet50,R,P
E04_XAI_R_P_ResNet50,R-P,ResNet50,3407,91,pneumonia,E-73D66A02A1612F6E79C3F7EC.jpeg,1,0.9997106058070144,0.62451171875,1,1,0.737096497676407,0.7370964884757996,0.3591766357421875,2.052183868121883,0.8166622682278465,0.8166622519493103,2.273706547031741,1,1,80,48,59,135,0.9995706980661606,0.9992557021501688,0.9995272606450188,0.9992791500668958,7.98557601313643e-05,0.0031586972900944,-0.0736111513497192,0.0924334776889739,/kaggle/input/datasets/hintrngia/locked-resnet-xai-inputs/R-P/ResNet50/seed_3407/best_checkpoint.pt,E04_XAI_R_P_ResNet50,R,P
E04_XAI_R_P_ResNet50,R-P,ResNet50,3407,92,pneumonia,E-7725ED8C0E93C0BF91B23FCE.jpeg,1,0.9997184401274796,0.62451171875,1,1,0.7658312011214481,0.7658311724662781,0.38677978515625,1.98001868378946,0.8391834148824036,0.8391833901405334,2.1696672036347326,1,1,79,143,55,121,0.9991416388478576,0.9994854753166243,0.9990174262992174,0.9995918878082384,0.0003557976105933,0.0011315511188445,0.8577265953244424,0.9568973936445204,/kaggle/input/datasets/hintrngia/locked-resnet-xai-inputs/R-P/ResNet50/seed_3407/best_checkpoint.pt,E04_XAI_R_P_ResNet50,R,P
E04_XAI_R_P_ResNet50,R-P,ResNet50,3407,93,pneumonia,E-77D4D0C371CD4C8665643C00.jpeg,1,0.9973427356325176,0.62451171875,1,1,0.6580946669847507,0.6580946445465088,0.29443359375,2.2351208590128846,0.7067339628095326,0.7067339420318604,2.400317008016456,1,1,48,175,97,98,0.9989521567443962,0.9962800975813226,0.998657120158313,0.9975429336099736,0.0001963142569181,0.0017781710920352,-0.2020365347996739,-0.0519262769362034,/kaggle/input/datasets/hintrngia/locked-resnet-xai-inputs/R-P/ResNet50/seed_3407/best_checkpoint.pt,E04_XAI_R_P_ResNet50,R,P
E04_XAI_R_P_ResNet50,R-P,ResNet50,3407,94,pneumonia,E-7B805F2D3984459EDD091000.jpeg,1,0.999525961128866,0.62451171875,1,1,0.7172048338303881,0.7172048091888428,0.3260345458984375,2.1997817190016526,0.7780917854329585,0.7780917882919312,2.386531719480244,1,1,79,112,91,71,0.9993111651245754,0.998213642380834,0.9986785424679612,0.9989160961471306,0.0004578755720362,0.0004271883028297,-0.0715246975252398,0.1064277309201345,/kaggle/input/datasets/hintrngia/locked-resnet-xai-inputs/R-P/ResNet50/seed_3407/best_checkpoint.pt,E04_XAI_R_P_ResNet50,R,P
E04_XAI_R_P_ResNet50,R-P,ResNet50,3407,95,pneumonia,E-8B99D004F7E59741CFAB602B.jpeg,1,0.999878585763121,0.62451171875,1,1,0.8555511964534586,0.8555511832237244,0.44635009765625,1.9167716125657688,0.896860007345917,0.8968600034713745,2.009319617168809,1,1,79,111,62,107,0.9997268578430134,0.9997532296666464,0.99966659792462,0.9998001560807994,0.0002601350307139,0.0004863676516534,0.9974781922937074,0.947506348443507,/kaggle/input/datasets/hintrngia/locked-resnet-xai-inputs/R-P/ResNet50/seed_3407/best_checkpoint.pt,E04_XAI_R_P_ResNet50,R,P
E04_XAI_R_P_ResNet50,R-P,ResNet50,3407,96,pneumonia,E-8E859FAC3770F43BC30CF790.jpeg,1,0.9992177894590588,0.62451171875,1,1,0.7404325571156158,0.7404325604438782,0.32305908203125,2.291941623990601,0.7675085043892566,0.7675085067749023,2.375752755698768,1,1,80,48,79,50,0.9987276097294142,0.9987828386675208,0.9981187782256632,0.9988718275092928,0.0007507030253472,0.0021401302774277,0.5369983041855213,0.7081949132697712,/kaggle/input/datasets/hintrngia/locked-resnet-xai-inputs/R-P/ResNet50/seed_3407/best_checkpoint.pt,E04_XAI_R_P_ResNet50,R,P
E04_XAI_R_P_ResNet50,R-P,ResNet50,3407,97,pneumonia,E-9A9C78D1B9953A6FD2BA65F6.jpeg,1,0.999918314772234,0.62451171875,1,1,0.7957197179100801,0.7957197427749634,0.39300537109375,2.0247044351978185,0.8110570818759074,0.8110570907592773,2.063730273249708,1,1,80,48,99,34,0.9998917338685622,0.999857850850372,0.9999030982347916,0.9998996361156745,2.527960786669059e-05,0.0021761355980496,-0.1802072315935892,-0.0329336170328011,/kaggle/input/datasets/hintrngia/locked-resnet-xai-inputs/R-P/ResNet50/seed_3407/best_checkpoint.pt,E04_XAI_R_P_ResNet50,R,P
E04_XAI_R_P_ResNet50,R-P,ResNet50,3407,98,pneumonia,E-9B56CC62692974C989F872CC.jpeg,1,0.9994942904292052,0.62451171875,1,1,0.7666658743566346,0.7666658759117126,0.37744140625,2.031218254440346,0.7941231942582051,0.7941231727600098,2.103964167969992,1,0,79,111,63,3,0.9988236974083152,0.9959724220752632,0.9979969287307372,0.9989501396548266,9.401046698198634e-05,6.080010852516082e-05,0.6748623660430062,0.8285755434789314,/kaggle/input/datasets/hintrngia/locked-resnet-xai-inputs/R-P/ResNet50/seed_3407/best_checkpoint.pt,E04_XAI_R_P_ResNet50,R,P
E04_XAI_R_P_ResNet50,R-P,ResNet50,3407,99,pneumonia,E-9FC76B9714A55204D742CE4C.jpeg,1,0.999137511003734,0.62451171875,1,1,0.713773014492182,0.7137730121612549,0.32318115234375,2.2085849045212296,0.7374682571852617,0.7374682426452637,2.2819036686918466,1,1,80,79,94,58,0.999120286700762,0.9980979954945846,0.9987907776989264,0.9985922411749332,7.367279970482699e-05,0.0014424973658835,0.8949545118729139,0.8377160699342465,/kaggle/input/datasets/hintrngia/locked-resnet-xai-inputs/R-P/ResNet50/seed_3407/best_checkpoint.pt,E04_XAI_R_P_ResNet50,R,P
E04_XAI_R_P_ResNet50,R-P,ResNet50,3407,100,pneumonia,E-A0A20FFCEFD96663F4AB4E87.jpeg,1,0.998214108893936,0.62451171875,1,1,0.741592909999766,0.7415928840637207,0.3404388427734375,2.178343998464644,0.8117846720630235,0.8117846846580505,2.3845242377447136,1,1,79,175,48,175,0.9946902329658622,0.9930951169564298,0.9877816182546252,0.9956559406788276,0.0002707552887456,0.0024460041881559,0.969396695216688,0.9338304330631444,/kaggle/input/datasets/hintrngia/locked-resnet-xai-inputs/R-P/ResNet50/seed_3407/best_checkpoint.pt,E04_XAI_R_P_ResNet50,R,P
E04_XAI_R_P_ResNet50,R-P,ResNet50,3407,101,pneumonia,E-A0D5A9410E976B289DD85CF6.jpeg,1,0.989365565423746,0.62451171875,1,1,0.7216909565666364,0.7216909527778625,0.2681732177734375,2.691137327428226,0.7801484210525644,0.780148446559906,2.9091213042447146,1,1,79,175,96,96,0.985173172221906,0.9818587854085408,0.9750919343958196,0.9857834374887252,0.0007456355585115,0.0037149846941245,-0.0351045164580694,-0.0351791888593435,/kaggle/input/datasets/hintrngia/locked-resnet-xai-inputs/R-P/ResNet50/seed_3407/best_checkpoint.pt,E04_XAI_R_P_ResNet50,R,P
E04_XAI_R_P_ResNet50,R-P,ResNet50,3407,102,pneumonia,E-A540763BCA2A1AF575A9EE6B.jpeg,1,0.9975861018572172,0.62451171875,1,1,0.7905557967850309,0.7905557751655579,0.3713226318359375,2.1290266980934365,0.8811373586139649,0.8811373710632324,2.3729697116961086,1,1,48,175,56,162,0.9940239272589496,0.9902680098778842,0.9882760674339957,0.9935440882733714,0.0002809737146823,0.0017362301747966,0.3215550425098556,0.3163464157784615,/kaggle/input/datasets/hintrngia/locked-resnet-xai-inputs/R-P/ResNet50/seed_3407/best_checkpoint.pt,E04_XAI_R_P_ResNet50,R,P
E04_XAI_R_P_ResNet50,R-P,ResNet50,3407,103,pneumonia,E-A9AC7ECA864D894719491A2C.jpeg,1,0.9985590386024504,0.62451171875,1,1,0.7275249151123618,0.7275249361991882,0.3572845458984375,2.0362619191460065,0.8090256911365681,0.8090257048606873,2.264373593607778,1,1,79,143,94,59,0.9908719830305568,0.9953784710431952,0.9875804058677148,0.99613522967541,4.324054630844287e-05,0.0022428400145351,0.9671726451665986,0.9274782147149624,/kaggle/input/datasets/hintrngia/locked-resnet-xai-inputs/R-P/ResNet50/seed_3407/best_checkpoint.pt,E04_XAI_R_P_ResNet50,R,P
E04_XAI_R_P_ResNet50,R-P,ResNet50,3407,104,pneumonia,E-B15903E1E2039605DB9FB6A1.jpeg,1,0.9976576734074368,0.62451171875,1,1,0.6596416314110309,0.6596416234970093,0.2703704833984375,2.4397693976044543,0.7627439769083235,0.7627439498901367,2.8211066804370386,1,1,80,48,91,92,0.9964383813868254,0.996042292750194,0.996062180785945,0.9970075079483024,0.0002229651358393,0.0014175002211888,0.8611198305559843,0.9299789082391356,/kaggle/input/datasets/hintrngia/locked-resnet-xai-inputs/R-P/ResNet50/seed_3407/best_checkpoint.pt,E04_XAI_R_P_ResNet50,R,P
E04_XAI_R_P_ResNet50,R-P,ResNet50,3407,105,pneumonia,E-B29F964F9024332A9FD3DA8C.jpeg,1,0.9979754741982974,0.62451171875,1,1,0.8475715918437102,0.847571611404419,0.444091796875,1.908550434410026,0.9098203953051596,0.9098203778266908,2.0487214618856147,1,1,79,143,79,143,0.9981406132974744,0.9979146874719782,0.9958964644149294,0.9978990539668504,0.0002218540080958,0.0002496213438824,0.9838232470724144,0.9550144785037302,/kaggle/input/datasets/hintrngia/locked-resnet-xai-inputs/R-P/ResNet50/seed_3407/best_checkpoint.pt,E04_XAI_R_P_ResNet50,R,P
E04_XAI_R_P_ResNet50,R-P,ResNet50,3407,106,pneumonia,E-B352C843937DC9BD58C4B554.jpeg,1,0.9895690937266808,0.62451171875,1,1,0.7771855492726548,0.7771855592727661,0.322052001953125,2.4132299894405715,0.887845638960632,0.8878456354141235,2.7568393724497287,1,1,48,112,72,134,0.9662095650478956,0.984789555553575,0.9231393303610708,0.9848923709972568,0.0003654629695973,0.0005494315903756,0.9904522766819616,0.9842093574914194,/kaggle/input/datasets/hintrngia/locked-resnet-xai-inputs/R-P/ResNet50/seed_3407/best_checkpoint.pt,E04_XAI_R_P_ResNet50,R,P
E04_XAI_R_P_ResNet50,R-P,ResNet50,3407,107,pneumonia,E-B41848B096ED1788DCCEEDA2.jpeg,1,0.9982484789412106,0.62451171875,1,1,0.6816638134241225,0.6816638112068176,0.2685089111328125,2.5387008965484625,0.7726965352581256,0.7726965546607971,2.8777314391473845,1,1,79,112,63,135,0.996229571132846,0.9973641836335276,0.9937716136190708,0.9973058955809564,4.2218068865063074e-05,0.0006698060247025,0.9552910034132888,0.845496181601512,/kaggle/input/datasets/hintrngia/locked-resnet-xai-inputs/R-P/ResNet50/seed_3407/best_checkpoint.pt,E04_XAI_R_P_ResNet50,R,P
E04_XAI_R_P_ResNet50,R-P,ResNet50,3407,108,pneumonia,E-B813D1454C73F6C74F660590.jpeg,1,0.8495448204245561,0.62451171875,1,1,0.6445109495802219,0.6445109248161316,0.2771453857421875,2.325533754979322,0.6475648822757563,0.6475648880004883,2.33655299921951,1,1,48,175,42,170,0.960654556930138,0.903052910353192,0.9520863382124136,0.925939196791278,0.0003447316733756,0.0034957036427024,-0.1084483910039752,-0.0024961477822344,/kaggle/input/datasets/hintrngia/locked-resnet-xai-inputs/R-P/ResNet50/seed_3407/best_checkpoint.pt,E04_XAI_R_P_ResNet50,R,P
E04_XAI_R_P_ResNet50,R-P,ResNet50,3407,109,pneumonia,E-BF1AD901130E35A45E611B5A.jpeg,1,0.9992776931573196,0.62451171875,1,1,0.6981891605531995,0.6981891393661499,0.2906494140625,2.4021695099755607,0.7696546827960272,0.7696546912193298,2.648051726780788,1,1,80,112,98,133,0.9996115397654328,0.999152028341008,0.999393993853714,0.9989468681015548,0.0018497483462186,0.0014637641724437,0.5241515148586284,0.5001728907832589,/kaggle/input/datasets/hintrngia/locked-resnet-xai-inputs/R-P/ResNet50/seed_3407/best_checkpoint.pt,E04_XAI_R_P_ResNet50,R,P
E04_XAI_R_P_ResNet50,R-P,ResNet50,3407,110,pneumonia,E-BFFC08BEA9A0FA7A1279A0B5.jpeg,1,0.99958504890573,0.62451171875,1,1,0.7551779220436322,0.755177915096283,0.364898681640625,2.06955508484785,0.8554983568565622,0.8554983735084534,2.3444819066217137,1,1,48,144,71,172,0.995961183346833,0.9959410086689716,0.990602452361062,0.9978717705914806,0.0004174608905385,0.001617402770046,0.2418982684146857,0.0877740900574869,/kaggle/input/datasets/hintrngia/locked-resnet-xai-inputs/R-P/ResNet50/seed_3407/best_checkpoint.pt,E04_XAI_R_P_ResNet50,R,P
E04_XAI_R_P_ResNet50,R-P,ResNet50,3407,111,pneumonia,E-C378B1871ED2B8AC1E544A5B.jpeg,1,0.999098768370402,0.62451171875,1,1,0.651499527975285,0.6514995098114014,0.2780303955078125,2.343267277613099,0.7274184433975525,0.7274184226989746,2.6163270460733217,1,1,80,48,83,51,0.9991947879287604,0.9986165001780616,0.9991679342621244,0.9988171711865996,0.0005491541763338,0.0014251389835521,0.9441214608448304,0.8008380204779412,/kaggle/input/datasets/hintrngia/locked-resnet-xai-inputs/R-P/ResNet50/seed_3407/best_checkpoint.pt,E04_XAI_R_P_ResNet50,R,P
E04_XAI_R_P_ResNet50,R-P,ResNet50,3407,112,pneumonia,E-D2A52B478FEFC3F6A00973AF.jpeg,1,0.9968953689260234,0.62451171875,1,1,0.776918932044858,0.7769189476966858,0.35107421875,2.2129763182585105,0.8030997112320029,0.8030996918678284,2.287549664260281,1,1,80,48,103,62,0.9963060073704968,0.992128184555343,0.993880223509946,0.9948603887841888,0.000416277517874,0.0026619991402947,0.966625076779265,0.8091725600879996,/kaggle/input/datasets/hintrngia/locked-resnet-xai-inputs/R-P/ResNet50/seed_3407/best_checkpoint.pt,E04_XAI_R_P_ResNet50,R,P
E04_XAI_R_P_ResNet50,R-P,ResNet50,3407,113,pneumonia,E-D33BB0B839138FAFF4DA3ED6.jpeg,1,0.9568283281928324,0.62451171875,1,1,0.7521899185736638,0.7521899342536926,0.3347625732421875,2.246935525942096,0.7865544898093951,0.7865545153617859,2.3495890899379424,1,1,48,144,47,148,0.9268374189433408,0.9657050598018044,0.8625238371969025,0.9677978532095708,0.000541272175272,0.0028007316750854,0.1632269702977591,0.1855780629907622,/kaggle/input/datasets/hintrngia/locked-resnet-xai-inputs/R-P/ResNet50/seed_3407/best_checkpoint.pt,E04_XAI_R_P_ResNet50,R,P
E04_XAI_R_P_ResNet50,R-P,ResNet50,3407,114,pneumonia,E-DA47F22802134421DB0B257A.jpeg,1,0.999731412441716,0.62451171875,1,1,0.7646913908902987,0.7646914124488831,0.39227294921875,1.9493859885400115,0.7870887747159683,0.7870887517929077,2.0064824155821417,1,1,79,176,58,198,0.9996654597212996,0.9997412354071096,0.9994981735326768,0.999820485014348,0.0001962337691449,0.0025191108972093,0.9855789619696008,0.9637065025995069,/kaggle/input/datasets/hintrngia/locked-resnet-xai-inputs/R-P/ResNet50/seed_3407/best_checkpoint.pt,E04_XAI_R_P_ResNet50,R,P
E04_XAI_R_P_ResNet50,R-P,ResNet50,3407,115,pneumonia,E-E09BD72833F7B4079F215903.jpeg,1,0.9992242324161308,0.62451171875,1,1,0.6862068786091676,0.6862068772315979,0.3171234130859375,2.1638480487191654,0.7703414793490124,0.7703414559364319,2.429153596238121,1,1,111,79,98,36,0.9983332648136238,0.9993472826674306,0.998301519904916,0.9993121253165048,0.0004422695299705,1.564299132050806e-05,0.9631497617787526,0.958137031579516,/kaggle/input/datasets/hintrngia/locked-resnet-xai-inputs/R-P/ResNet50/seed_3407/best_checkpoint.pt,E04_XAI_R_P_ResNet50,R,P
E04_XAI_R_P_ResNet50,R-P,ResNet50,3407,116,pneumonia,E-E0D541D212A934D795DA0D1B.jpeg,1,0.99623490459558,0.62451171875,1,1,0.7187423236278263,0.718742311000824,0.306488037109375,2.3450909549573447,0.8372025523647331,0.8372025489807129,2.731599445971081,1,1,79,143,62,129,0.9785483646312516,0.9978105799304704,0.9846270034969145,0.9976105688035176,0.0003356058136881,0.0013858261902821,0.8667950528804855,0.9609515195087672,/kaggle/input/datasets/hintrngia/locked-resnet-xai-inputs/R-P/ResNet50/seed_3407/best_checkpoint.pt,E04_XAI_R_P_ResNet50,R,P
E04_XAI_R_P_ResNet50,R-P,ResNet50,3407,117,pneumonia,E-E1AD2A3BA30BC31AC67A922E.jpeg,1,0.9998033273947868,0.62451171875,1,1,0.7034280302519659,0.7034280300140381,0.3279571533203125,2.14487783885883,0.746613341328582,0.7466133236885071,2.276557573968732,0,1,80,48,99,93,0.9995992314465214,0.9993504733557445,0.99936961000229,0.9995386793560108,7.08969778413504e-05,0.0026729480295453,0.9703993478256024,0.9573811515589956,/kaggle/input/datasets/hintrngia/locked-resnet-xai-inputs/R-P/ResNet50/seed_3407/best_checkpoint.pt,E04_XAI_R_P_ResNet50,R,P
E04_XAI_R_P_ResNet50,R-P,ResNet50,3407,118,pneumonia,E-E280E4CD8F00E10AB30B96C9.jpeg,1,0.9930559220613612,0.62451171875,1,1,0.7736853835698523,0.7736853957176208,0.3293609619140625,2.349050048535272,0.8453005416877183,0.845300555229187,2.566486740794362,1,1,80,48,96,65,0.9962957965592094,0.9910729663340292,0.9951883215991526,0.9922709229166986,0.0015187974926432,0.0019059833319725,0.0567023641530411,-0.0136786362367742,/kaggle/input/datasets/hintrngia/locked-resnet-xai-inputs/R-P/ResNet50/seed_3407/best_checkpoint.pt,E04_XAI_R_P_ResNet50,R,P
E04_XAI_R_P_ResNet50,R-P,ResNet50,3407,119,pneumonia,E-E2EF7E089A1E8F497DBAC1CB.jpeg,1,0.9997838765290356,0.62451171875,1,1,0.7653130042366666,0.7653130292892456,0.3351898193359375,2.2832226997611955,0.8166145913973564,0.81661456823349,2.436275042646568,1,1,80,48,86,70,0.9999001027562682,0.9994828284358296,0.9998056176217552,0.9996586836598904,0.0005695503462714,0.0023091191200501,0.0,0.0,/kaggle/input/datasets/hintrngia/locked-resnet-xai-inputs/R-P/ResNet50/seed_3407/best_checkpoint.pt,E04_XAI_R_P_ResNet50,R,P
E04_XAI_R_P_ResNet50,R-P,ResNet50,3407,120,pneumonia,E-E7BF66D9C027E263610D5923.jpeg,1,0.9782948518108676,0.62451171875,1,1,0.7600106901217862,0.7600107192993164,0.3877410888671875,1.9600984057227728,0.822553336797142,0.8225533366203308,2.121398429040081,1,1,80,48,84,49,0.983410397402289,0.9793901541972114,0.9846575340420788,0.9836296998015984,0.000522367889525,0.0001407495833418,0.9072142279170174,0.7121194422443976,/kaggle/input/datasets/hintrngia/locked-resnet-xai-inputs/R-P/ResNet50/seed_3407/best_checkpoint.pt,E04_XAI_R_P_ResNet50,R,P
E04_XAI_R_P_ResNet50,R-P,ResNet50,3407,121,pneumonia,E-EB1401E2B7015C0BDE01BE91.jpeg,1,0.9968375629333496,0.62451171875,1,1,0.7233675257046474,0.7233675122261047,0.329986572265625,2.192112002431322,0.7438786344636548,0.7438786625862122,2.2542694066498696,1,1,80,48,50,146,0.9933199668602242,0.994483470225246,0.9909130566623936,0.9960124396377048,0.0006205862594127,0.0014020833632368,0.198779150743668,0.2249214400534081,/kaggle/input/datasets/hintrngia/locked-resnet-xai-inputs/R-P/ResNet50/seed_3407/best_checkpoint.pt,E04_XAI_R_P_ResNet50,R,P
E04_XAI_R_P_ResNet50,R-P,ResNet50,3407,122,pneumonia,E-EB344A640162B22F1A6C369F.jpeg,1,0.9934904036233816,0.62451171875,1,1,0.7267735031895527,0.7267735004425049,0.2807464599609375,2.5887183164862506,0.8037709553047299,0.8037709593772888,2.8629780600495014,1,1,48,143,81,111,0.992059633077621,0.991530194466382,0.9889893363964218,0.9945700397410604,0.0008628080390731,0.0023423197364903,0.9875959844258348,0.847277704129828,/kaggle/input/datasets/hintrngia/locked-resnet-xai-inputs/R-P/ResNet50/seed_3407/best_checkpoint.pt,E04_XAI_R_P_ResNet50,R,P
E04_XAI_R_P_ResNet50,R-P,ResNet50,3407,123,pneumonia,E-EC00E01864643AB223676743.jpeg,1,0.9570180947214816,0.62451171875,1,1,0.7330852019891663,0.7330852150917053,0.3099517822265625,2.3651588538158816,0.8399155927775003,0.8399155735969543,2.709826627689965,1,1,79,143,44,138,0.9332040902457108,0.9879988842164747,0.9650120647615936,0.9839100741947372,0.0004720330591491,0.0009940236526653,0.6018959120350776,0.7514725133811342,/kaggle/input/datasets/hintrngia/locked-resnet-xai-inputs/R-P/ResNet50/seed_3407/best_checkpoint.pt,E04_XAI_R_P_ResNet50,R,P
E04_XAI_R_P_ResNet50,R-P,ResNet50,3407,124,pneumonia,E-EF92BEF2BC79AC7D99E44B1F.jpeg,1,0.9915860000546772,0.62451171875,1,1,0.7294377302898829,0.7294377088546753,0.343048095703125,2.126342455843687,0.767168332754464,0.7671683430671692,2.2363287899384643,1,1,80,48,91,63,0.9921017636303182,0.9840496479278432,0.9871034816278934,0.9852144963956356,0.0001531412065511,0.0016161409217985,-0.1203568738894945,-0.0339887052842247,/kaggle/input/datasets/hintrngia/locked-resnet-xai-inputs/R-P/ResNet50/seed_3407/best_checkpoint.pt,E04_XAI_R_P_ResNet50,R,P
E04_XAI_R_P_ResNet50,R-P,ResNet50,3407,125,pneumonia,E-F051ECCC0E91B0C03A0B3894.jpeg,1,0.9994848092094814,0.62451171875,1,1,0.8675819355097618,0.8675819635391235,0.5049896240234375,1.7180193299763635,0.8354493773077615,0.8354493975639343,1.6543891944777596,1,1,79,111,68,99,0.9997133828397036,0.9992567067872488,0.9996525083119716,0.9994035970087164,0.0002998733934151,0.0014552852482665,-0.0754820698859003,-0.0143758031835511,/kaggle/input/datasets/hintrngia/locked-resnet-xai-inputs/R-P/ResNet50/seed_3407/best_checkpoint.pt,E04_XAI_R_P_ResNet50,R,P
E04_XAI_R_P_ResNet50,R-P,ResNet50,3407,126,pneumonia,E-FA7B18636100FBD243EBAF3A.jpeg,1,0.9968183845110652,0.62451171875,1,1,0.696288697555623,0.6962887048721313,0.2697601318359375,2.581140114429849,0.8487353635274753,0.8487353920936584,3.14625944816656,1,1,80,112,94,104,0.9954731776218202,0.9922883753637688,0.9949496919285996,0.9948457101131392,4.314252373127658e-06,0.0021749328626703,0.1125774008866866,0.0707776172958219,/kaggle/input/datasets/hintrngia/locked-resnet-xai-inputs/R-P/ResNet50/seed_3407/best_checkpoint.pt,E04_XAI_R_P_ResNet50,R,P
E04_XAI_R_P_ResNet50,R-P,ResNet50,3407,127,pneumonia,E-FDAF56855798F8C5BE7AC652.jpeg,1,0.9999429159846712,0.62451171875,1,1,0.7636331105374262,0.763633131980896,0.37738037109375,2.023510412913665,0.8132338324118118,0.8132338523864746,2.154944704873868,1,1,79,144,62,158,0.9997981668914186,0.9997108006492544,0.9996739155937177,0.9998242180627648,0.0006473632891815,0.0011840252147292,0.9834326927435,0.9515703898678703,/kaggle/input/datasets/hintrngia/locked-resnet-xai-inputs/R-P/ResNet50/seed_3407/best_checkpoint.pt,E04_XAI_R_P_ResNet50,R,P
E04_XAI_R_P_ResNet50,R-P,ResNet50,42,0,normal,E-03B36F677CCFA6787A3BC686.jpeg,0,0.7769417297673886,0.43505859375,1,0,0.8013955008502088,0.8013954758644104,0.3590850830078125,2.23177051560444,0.892371314173805,0.8923712968826294,2.485124992380677,1,1,207,143,209,116,0.8842645477469206,0.923784673067576,0.9227191920063827,0.923859590393558,0.0003683331428271,0.0007645142418605,-0.1714614490067926,-0.0572596253513053,/kaggle/input/datasets/hintrngia/locked-resnet-xai-inputs/R-P/ResNet50/seed_42/best_checkpoint.pt,E04_XAI_R_P_ResNet50,R,P
E04_XAI_R_P_ResNet50,R-P,ResNet50,42,1,normal,E-06530ECE35CCF9FF05F7DDEB.jpeg,0,0.0344277973004599,0.43505859375,0,1,0.7442451221523654,0.7442451119422913,0.2779541015625,2.6775828022275703,0.8588661544782834,0.8588661551475525,3.0899567577892397,1,1,207,143,193,155,0.6504451874670298,0.8261637240496238,0.5973694421638454,0.8398519407500737,0.0001077099545261,0.0002928434720974,-0.1205828964491084,0.092419542940792,/kaggle/input/datasets/hintrngia/locked-resnet-xai-inputs/R-P/ResNet50/seed_42/best_checkpoint.pt,E04_XAI_R_P_ResNet50,R,P
E04_XAI_R_P_ResNet50,R-P,ResNet50,42,2,normal,E-10FEC5D206E4A3A02E4F32C9.jpeg,0,0.3828160156888024,0.43505859375,0,1,0.7518130050344198,0.7518129944801331,0.2476806640625,3.035412586122212,0.8348981552401039,0.8348981738090515,3.3708652970561515,1,1,176,111,179,78,0.2346632417899016,0.444813941775858,0.1942778294454862,0.4861701274200439,0.0017961271940294,0.0024009754491982,0.8486376443707215,0.8432980783653533,/kaggle/input/datasets/hintrngia/locked-resnet-xai-inputs/R-P/ResNet50/seed_42/best_checkpoint.pt,E04_XAI_R_P_ResNet50,R,P
E04_XAI_R_P_ResNet50,R-P,ResNet50,42,3,normal,E-16E04AC17A9CE052EFE7227B.jpeg,0,0.0769549588505201,0.43505859375,0,1,0.7903206729116588,0.7903206944465637,0.3753509521484375,2.1055512671221783,0.8673586200305582,0.8673586249351501,2.310793712033931,1,1,175,80,82,118,0.5677534115029842,0.7452094270160293,0.5040801402700442,0.750111746051862,0.000146196893251,0.0002439748570465,0.1954164214503052,0.3829999944156099,/kaggle/input/datasets/hintrngia/locked-resnet-xai-inputs/R-P/ResNet50/seed_42/best_checkpoint.pt,E04_XAI_R_P_ResNet50,R,P
E04_XAI_R_P_ResNet50,R-P,ResNet50,42,4,normal,E-256958BC036CED77CAAB2A55.jpeg,0,0.1667555751593601,0.43505859375,0,1,0.7787325744681936,0.7787325978279114,0.3496246337890625,2.22733897788799,0.8978630533924288,0.8978630304336548,2.568077208009698,1,1,80,80,74,118,0.3218694770809158,0.5553417545864616,0.3175809015686062,0.5844767759200902,4.1480236506852286e-05,1.660155076765868e-05,0.0632008217171277,0.5090252309500838,/kaggle/input/datasets/hintrngia/locked-resnet-xai-inputs/R-P/ResNet50/seed_42/best_checkpoint.pt,E04_XAI_R_P_ResNet50,R,P
E04_XAI_R_P_ResNet50,R-P,ResNet50,42,5,normal,E-280031A047E47DC7EA750C62.jpeg,0,0.0347306767237589,0.43505859375,0,1,0.8164834147385777,0.8164834380149841,0.3791046142578125,2.1537153177020496,0.9505521709826424,0.9505521655082704,2.5073611220574943,1,1,79,80,72,94,0.7033675791689389,0.8848035818657795,0.5827788461402228,0.8643204520689248,0.0005233979525446,0.0006533256382394,0.7409291852300692,0.7763162701064529,/kaggle/input/datasets/hintrngia/locked-resnet-xai-inputs/R-P/ResNet50/seed_42/best_checkpoint.pt,E04_XAI_R_P_ResNet50,R,P
E04_XAI_R_P_ResNet50,R-P,ResNet50,42,6,normal,E-28020DB22FEE86C7B17E72DA.jpeg,0,0.1770360017852015,0.43505859375,0,1,0.764736346981293,0.7647363543510437,0.3710174560546875,2.061186972476497,0.8277338041059865,0.8277338147163391,2.230983449964628,1,1,80,80,79,59,0.3037337004326123,0.5216042125163725,0.3033599032936893,0.5839490116011904,0.0001931309398451,8.897712853428441e-05,0.994476425049075,0.8446815290340817,/kaggle/input/datasets/hintrngia/locked-resnet-xai-inputs/R-P/ResNet50/seed_42/best_checkpoint.pt,E04_XAI_R_P_ResNet50,R,P
E04_XAI_R_P_ResNet50,R-P,ResNet50,42,7,normal,E-28234EA54B2F1B13D8D5995E.jpeg,0,0.1860397103478176,0.43505859375,0,1,0.8289480592445025,0.8289480805397034,0.3462677001953125,2.393951439238872,0.9134600375525548,0.9134600162506104,2.6380168783785414,1,1,207,143,183,152,0.4016527365780626,0.5193414170813605,0.2868393214921824,0.5456290144988122,0.0003911365274855,0.0003580124902543,-0.0118151003581857,0.2488407510293924,/kaggle/input/datasets/hintrngia/locked-resnet-xai-inputs/R-P/ResNet50/seed_42/best_checkpoint.pt,E04_XAI_R_P_ResNet50,R,P
E04_XAI_R_P_ResNet50,R-P,ResNet50,42,8,normal,E-28CAAFCB1AFEEA2D46764B17.jpeg,0,0.7401977686849863,0.43505859375,1,0,0.7572040451803953,0.7572040557861328,0.38934326171875,1.9448238087843857,0.7772236057707629,0.7772235870361328,1.9962426018103432,1,0,79,112,134,134,0.8126741534721823,0.9172891544599076,0.9070181466176168,0.8873011838737905,0.0010218818626253,0.0020582424278626,-0.0512488934645602,-4.564597999371496e-06,/kaggle/input/datasets/hintrngia/locked-resnet-xai-inputs/R-P/ResNet50/seed_42/best_checkpoint.pt,E04_XAI_R_P_ResNet50,R,P
E04_XAI_R_P_ResNet50,R-P,ResNet50,42,9,normal,E-29AE82E82E5A6A48DC6D8B99.jpeg,0,0.052725296627187,0.43505859375,0,1,0.7256117940869471,0.7256118059158325,0.3269195556640625,2.2195423354624118,0.8968315049202942,0.8968315124511719,2.743278856777428,1,1,80,80,83,86,0.657367462632328,0.8287971221474548,0.6095364808462891,0.8313002948214163,0.0002992087744427,3.2651803245520306e-05,-0.1278507002375961,-0.0063110844659026,/kaggle/input/datasets/hintrngia/locked-resnet-xai-inputs/R-P/ResNet50/seed_42/best_checkpoint.pt,E04_XAI_R_P_ResNet50,R,P
E04_XAI_R_P_ResNet50,R-P,ResNet50,42,10,normal,E-2B646E91E652E02CC65E6BA0.jpeg,0,0.0257168433372024,0.43505859375,0,1,0.8124076682183023,0.8124076724052429,0.2742767333984375,2.9619999412714693,0.8602084918390696,0.8602085113525391,3.136279483792226,1,0,176,111,175,56,0.6532887090974937,0.8800020920130858,0.6002249363496783,0.9033028787654224,0.0002087231240178,0.0008514758954534,0.9913540944335724,0.9901711844483364,/kaggle/input/datasets/hintrngia/locked-resnet-xai-inputs/R-P/ResNet50/seed_42/best_checkpoint.pt,E04_XAI_R_P_ResNet50,R,P
E04_XAI_R_P_ResNet50,R-P,ResNet50,42,11,normal,E-2F227E134B6699426A9E9AB9.jpeg,0,0.3462190334804409,0.43505859375,0,1,0.8183765045171927,0.8183764815330505,0.3509368896484375,2.3319762859271598,0.8156650693303039,0.815665066242218,2.3242500101583023,1,1,175,80,174,67,0.4245453688741086,0.3273522345694975,0.2853604235384668,0.4233533553765494,0.0005306986813534,0.0011842233860435,0.0424935771022154,0.415759828233222,/kaggle/input/datasets/hintrngia/locked-resnet-xai-inputs/R-P/ResNet50/seed_42/best_checkpoint.pt,E04_XAI_R_P_ResNet50,R,P
E04_XAI_R_P_ResNet50,R-P,ResNet50,42,12,normal,E-2F5E9CF0C3839769BD6D37AD.jpeg,0,0.1975961304015312,0.43505859375,0,1,0.8431631630824089,0.8431631922721863,0.3790740966796875,2.2242700581962223,0.8768102522771388,0.8768102526664734,2.3130313043205155,1,1,176,80,194,196,0.5797432132567399,0.4482673601583875,0.4579722286497502,0.5625701512865742,0.0001162911378562,0.0004032209572188,0.0675091091735371,0.267472127843021,/kaggle/input/datasets/hintrngia/locked-resnet-xai-inputs/R-P/ResNet50/seed_42/best_checkpoint.pt,E04_XAI_R_P_ResNet50,R,P
E04_XAI_R_P_ResNet50,R-P,ResNet50,42,13,normal,E-306538194ADB5E9E447B7A10.jpeg,0,0.0706558790231764,0.43505859375,0,1,0.7751718498380856,0.7751718759536743,0.2563934326171875,3.023368586025637,0.9092145307796324,0.9092145562171936,3.5461693441155737,1,1,144,111,79,96,0.6516237618388927,0.8249212112101509,0.5511710261100847,0.8571601808997448,0.0004383785954611,0.0004468936374781,0.6626865067206132,0.5353527095066616,/kaggle/input/datasets/hintrngia/locked-resnet-xai-inputs/R-P/ResNet50/seed_42/best_checkpoint.pt,E04_XAI_R_P_ResNet50,R,P
E04_XAI_R_P_ResNet50,R-P,ResNet50,42,14,normal,E-36FB7A78C2BFA1A3824C3EFA.jpeg,0,0.2636305918943331,0.43505859375,0,1,0.8476736562089636,0.8476736545562744,0.3275299072265625,2.5880801646079963,0.930089975970151,0.9300899505615234,2.839710070588391,1,1,80,80,95,96,0.3756009641768925,0.5546849111058219,0.3166401532463975,0.5094500388772807,0.0002046332931787,0.0004030785947816,0.9830253300653744,0.8764948258219575,/kaggle/input/datasets/hintrngia/locked-resnet-xai-inputs/R-P/ResNet50/seed_42/best_checkpoint.pt,E04_XAI_R_P_ResNet50,R,P
E04_XAI_R_P_ResNet50,R-P,ResNet50,42,15,normal,E-3B865A0E9283DC8B3D382B5F.jpeg,0,0.9827388869166162,0.43505859375,1,0,0.7803215832206316,0.7803215980529785,0.360931396484375,2.1619664867653383,0.8433314094672539,0.8433313965797424,2.336542117648007,1,1,207,144,196,163,0.9909171942295072,0.954592953191683,0.9763502239307258,0.9566926147937744,0.0008321469725043,0.0007219049296179,0.048398978540495,0.0967694289641318,/kaggle/input/datasets/hintrngia/locked-resnet-xai-inputs/R-P/ResNet50/seed_42/best_checkpoint.pt,E04_XAI_R_P_ResNet50,R,P
E04_XAI_R_P_ResNet50,R-P,ResNet50,42,16,normal,E-3D66EC3C4F2D4073FE577EEA.jpeg,0,0.0454204890797138,0.43505859375,0,1,0.7491548490566365,0.7491548657417297,0.2598114013671875,2.8834564038160413,0.8747948749079629,0.8747949004173279,3.3670380526204418,1,1,176,111,186,151,0.7693084627073292,0.7359410224175021,0.5789891353943992,0.8322332149388192,0.0001209174992382,0.0012624840871996,0.7118636949148476,0.6932161257626395,/kaggle/input/datasets/hintrngia/locked-resnet-xai-inputs/R-P/ResNet50/seed_42/best_checkpoint.pt,E04_XAI_R_P_ResNet50,R,P
E04_XAI_R_P_ResNet50,R-P,ResNet50,42,17,normal,E-40D9418B91304B06987F2A6E.jpeg,0,0.8565513475118295,0.43505859375,1,0,0.7669731720646183,0.7669731974601746,0.3151092529296875,2.433991274244677,0.8600302021578987,0.8600301742553711,2.7293079913137404,1,1,207,176,202,160,0.9232762554070424,0.949802920159818,0.9529883967008258,0.936897335172978,0.0005618864599616,0.0012625248989937,0.9244159004219464,0.5039247954827832,/kaggle/input/datasets/hintrngia/locked-resnet-xai-inputs/R-P/ResNet50/seed_42/best_checkpoint.pt,E04_XAI_R_P_ResNet50,R,P
E04_XAI_R_P_ResNet50,R-P,ResNet50,42,18,normal,E-44BF14DBF8A5FE52BF53ED2E.jpeg,0,0.4855802958990677,0.43505859375,1,0,0.6607446963230272,0.6607446670532227,0.32672119140625,2.0223502904084585,0.7855508031193628,0.7855508327484131,2.40434604115592,1,1,207,111,173,103,0.7789252216356433,0.8749271978133415,0.8321184191734375,0.8251447639979599,0.0008832341488544,0.0018621041296056,0.1230368351980472,0.085995902446848,/kaggle/input/datasets/hintrngia/locked-resnet-xai-inputs/R-P/ResNet50/seed_42/best_checkpoint.pt,E04_XAI_R_P_ResNet50,R,P
E04_XAI_R_P_ResNet50,R-P,ResNet50,42,19,normal,E-47080ACF9F207EB21662EAAE.jpeg,0,0.7678309906562999,0.43505859375,1,0,0.7686405737320352,0.7686405777931213,0.3899383544921875,1.9711848421092804,0.7635717899827296,0.7635717988014221,1.9581859060187112,1,1,79,112,158,130,0.9377485483483852,0.8800026667972751,0.9710426023325676,0.8454699846762712,0.0002168718229097,0.0034484162045133,0.7701083209597834,0.3299910341013607,/kaggle/input/datasets/hintrngia/locked-resnet-xai-inputs/R-P/ResNet50/seed_42/best_checkpoint.pt,E04_XAI_R_P_ResNet50,R,P
E04_XAI_R_P_ResNet50,R-P,ResNet50,42,20,normal,E-4F18C9F59223CD9D0CA81789.jpeg,0,0.6907129889223708,0.43505859375,1,0,0.7310907321945068,0.7310907244682312,0.305145263671875,2.3958776990248625,0.7246094047103354,0.724609375,2.374637561110938,1,1,79,111,153,104,0.8790603206413395,0.8315106390152248,0.9307373520381588,0.8567299791917435,0.0007231784883222,0.006466920350752,-0.1169689625274348,-0.0455824752540358,/kaggle/input/datasets/hintrngia/locked-resnet-xai-inputs/R-P/ResNet50/seed_42/best_checkpoint.pt,E04_XAI_R_P_ResNet50,R,P
E04_XAI_R_P_ResNet50,R-P,ResNet50,42,21,normal,E-57BEC1C15CFD6C2BBAF49905.jpeg,0,0.0751163863993595,0.43505859375,0,1,0.7950301049797975,0.7950301170349121,0.3210601806640625,2.476265052039162,0.8706058710343345,0.8706058859825134,2.7116594441379283,1,0,80,80,76,62,0.6228607948095691,0.8160784844658064,0.5075986918888518,0.834235962176946,0.0001683352371468,0.0003396339238288,0.9389764358047468,0.912147827223588,/kaggle/input/datasets/hintrngia/locked-resnet-xai-inputs/R-P/ResNet50/seed_42/best_checkpoint.pt,E04_XAI_R_P_ResNet50,R,P
E04_XAI_R_P_ResNet50,R-P,ResNet50,42,22,normal,E-5822F4C00AF6A5D69871506D.jpeg,0,0.2250778753730594,0.43505859375,0,1,0.8824922355152712,0.8824922442436218,0.414520263671875,2.1289483599620413,0.9416178460937388,0.9416178464889526,2.271584596981494,1,1,176,79,83,81,0.3684222566769178,0.4509137014255588,0.3784317220927121,0.4574329482115826,7.265070117656869e-05,0.0004298145896255,0.9871272113574772,0.9737515198980798,/kaggle/input/datasets/hintrngia/locked-resnet-xai-inputs/R-P/ResNet50/seed_42/best_checkpoint.pt,E04_XAI_R_P_ResNet50,R,P
E04_XAI_R_P_ResNet50,R-P,ResNet50,42,23,normal,E-592EC4B388705AD74965EF2F.jpeg,0,0.0482342215528225,0.43505859375,0,1,0.7405805708231243,0.7405805587768555,0.3038330078125,2.437459235107688,0.8666122053008938,0.8666121959686279,2.852264839624316,1,1,80,80,74,122,0.5655706649602605,0.7687372112348264,0.4872986218261372,0.7850247842988379,7.648109530533631e-05,0.001182183074051,0.2583628530659536,0.2023092861657255,/kaggle/input/datasets/hintrngia/locked-resnet-xai-inputs/R-P/ResNet50/seed_42/best_checkpoint.pt,E04_XAI_R_P_ResNet50,R,P
E04_XAI_R_P_ResNet50,R-P,ResNet50,42,24,normal,E-5EB53A5E9ABA53D43AB743A8.jpeg,0,0.1445487071249416,0.43505859375,0,1,0.7241350745917213,0.7241351008415222,0.2571563720703125,2.815932845691749,0.8271869897943047,0.8271870017051697,3.216669231778292,1,1,80,80,80,114,0.4672081285800982,0.7041483102762782,0.387262827226738,0.7253613578203795,9.24732097988823e-05,0.0002604610340408,-0.0819523086149685,0.0627023048004083,/kaggle/input/datasets/hintrngia/locked-resnet-xai-inputs/R-P/ResNet50/seed_42/best_checkpoint.pt,E04_XAI_R_P_ResNet50,R,P
E04_XAI_R_P_ResNet50,R-P,ResNet50,42,25,normal,E-5FBF0EE47B9EC5825E465989.jpeg,0,0.1679832443321039,0.43505859375,0,1,0.7964684073718085,0.7964684367179871,0.329376220703125,2.4181114400777743,0.9148184978637728,0.914818525314331,2.777427271194303,1,1,80,80,82,113,0.40828860905893,0.5743532068008732,0.2923497272025784,0.5906148655164211,0.0008638520554981,0.000608303821223,0.9945985956196346,0.9312512729685344,/kaggle/input/datasets/hintrngia/locked-resnet-xai-inputs/R-P/ResNet50/seed_42/best_checkpoint.pt,E04_XAI_R_P_ResNet50,R,P
E04_XAI_R_P_ResNet50,R-P,ResNet50,42,26,normal,E-67976418F9EE68ADAB32C212.jpeg,0,0.3030541750132202,0.43505859375,0,1,0.6753703773012318,0.6753703951835632,0.26171875,2.580519650583811,0.7466539132993987,0.7466539144515991,2.852886594099195,1,1,175,111,163,63,0.2016142236471004,0.5443217412602515,0.193664206308842,0.5919739471268756,0.0008923828420127,0.0022005898463772,-0.1270528405671171,-0.0270392770778331,/kaggle/input/datasets/hintrngia/locked-resnet-xai-inputs/R-P/ResNet50/seed_42/best_checkpoint.pt,E04_XAI_R_P_ResNet50,R,P
E04_XAI_R_P_ResNet50,R-P,ResNet50,42,27,normal,E-74019A53B16F834307F73E46.jpeg,0,0.402487698330041,0.43505859375,0,1,0.7761029266898568,0.7761029005050659,0.372467041015625,2.0836821549998548,0.8747129208269119,0.8747129440307617,2.3484303965306226,1,1,48,80,62,102,0.3829038244996543,0.3658373911495116,0.3190985443224355,0.4286065854857173,0.0006880245960209,0.0013346028249884,0.7727217001820116,0.837656612760757,/kaggle/input/datasets/hintrngia/locked-resnet-xai-inputs/R-P/ResNet50/seed_42/best_checkpoint.pt,E04_XAI_R_P_ResNet50,R,P
E04_XAI_R_P_ResNet50,R-P,ResNet50,42,28,normal,E-778E5DF620CB9DE6A84B008B.jpeg,0,0.972571813459401,0.43505859375,1,0,0.7504457113262969,0.7504457235336304,0.3386688232421875,2.2158688955836987,0.8162475535246932,0.8162475824356079,2.410164436485438,1,1,207,144,195,127,0.9846787039779088,0.9821319054325226,0.990252714262617,0.9738758837621472,0.0001755260711667,0.0002492447197646,0.9604343958679656,0.8041054433887621,/kaggle/input/datasets/hintrngia/locked-resnet-xai-inputs/R-P/ResNet50/seed_42/best_checkpoint.pt,E04_XAI_R_P_ResNet50,R,P
E04_XAI_R_P_ResNet50,R-P,ResNet50,42,29,normal,E-77C42172A076E16EE5474210.jpeg,0,0.6469072607544787,0.43505859375,1,0,0.825528046120398,0.8255280256271362,0.39276123046875,2.101857266143994,0.7715180402712171,0.7715180516242981,1.9643436786019608,1,0,207,111,74,42,0.7015912898969512,0.8957227420517477,0.6986336257331109,0.8813737494741642,0.0004633859308764,0.0019234447389725,-0.1350675412983744,-0.0495291868850632,/kaggle/input/datasets/hintrngia/locked-resnet-xai-inputs/R-P/ResNet50/seed_42/best_checkpoint.pt,E04_XAI_R_P_ResNet50,R,P
E04_XAI_R_P_ResNet50,R-P,ResNet50,42,30,normal,E-7B1FB0C84C51C5CD8EDBCCFD.jpeg,0,0.995170757230968,0.43505859375,1,0,0.7949548306469291,0.7949548363685608,0.388427734375,2.046596471608938,0.856472052133406,0.8564720749855042,2.204971417686003,1,1,207,144,194,162,0.995067893109722,0.9834931537767756,0.9934895841862968,0.991832655030962,0.0002033345007392,0.0017774531350056,0.3008349807233634,0.209171587999267,/kaggle/input/datasets/hintrngia/locked-resnet-xai-inputs/R-P/ResNet50/seed_42/best_checkpoint.pt,E04_XAI_R_P_ResNet50,R,P
E04_XAI_R_P_ResNet50,R-P,ResNet50,42,31,normal,E-7B7A8A9BEAA512F9DC3E0865.jpeg,0,0.158576553268322,0.43505859375,0,1,0.7868267507291579,0.7868267297744751,0.356475830078125,2.2072373057009718,0.9171835157137738,0.917183518409729,2.5729192229183235,1,1,80,80,83,82,0.2928763084757861,0.5003803869885284,0.2468880116174633,0.6180724674893932,0.0006061621596382,0.0009408425940835,0.9859649821371512,0.9610823428434812,/kaggle/input/datasets/hintrngia/locked-resnet-xai-inputs/R-P/ResNet50/seed_42/best_checkpoint.pt,E04_XAI_R_P_ResNet50,R,P
E04_XAI_R_P_ResNet50,R-P,ResNet50,42,32,normal,E-82FCB2C3D1996A8155B45525.jpeg,0,0.1969923965504512,0.43505859375,0,1,0.7114044489764195,0.7114044427871704,0.2450714111328125,2.902845524445466,0.8686065384314243,0.8686065673828125,3.544299738661467,1,1,175,111,178,63,0.3607408062195614,0.7051854180884367,0.3444218779782407,0.7637445590215394,0.0007195877630353,0.0007455029570747,0.137411787426887,0.1419763864363909,/kaggle/input/datasets/hintrngia/locked-resnet-xai-inputs/R-P/ResNet50/seed_42/best_checkpoint.pt,E04_XAI_R_P_ResNet50,R,P
E04_XAI_R_P_ResNet50,R-P,ResNet50,42,33,normal,E-843CBB869621D4078F498542.jpeg,0,0.7785262564974351,0.43505859375,1,0,0.7603175806268239,0.7603175640106201,0.3597412109375,2.113512596028144,0.8146898858236526,0.8146898746490479,2.264655427440571,1,1,207,112,193,130,0.8131953899476545,0.868407390173778,0.7608211192665703,0.8741480876162485,0.0002916368161375,0.0021290211790128,0.6259429620066982,0.612517608532312,/kaggle/input/datasets/hintrngia/locked-resnet-xai-inputs/R-P/ResNet50/seed_42/best_checkpoint.pt,E04_XAI_R_P_ResNet50,R,P
E04_XAI_R_P_ResNet50,R-P,ResNet50,42,34,normal,E-845A5BC2008587BFFF60937F.jpeg,0,0.7599006047288632,0.43505859375,1,0,0.7760765267830007,0.7760765552520752,0.3625030517578125,2.1408827402134416,0.8744765363600944,0.8744765520095825,2.412328757288174,1,1,207,144,209,143,0.9142781184852878,0.7152789577308871,0.9183661741795156,0.7451355472051276,0.0001979258202922,6.829367694516364e-05,-0.076606810405672,0.082734693618036,/kaggle/input/datasets/hintrngia/locked-resnet-xai-inputs/R-P/ResNet50/seed_42/best_checkpoint.pt,E04_XAI_R_P_ResNet50,R,P
E04_XAI_R_P_ResNet50,R-P,ResNet50,42,35,normal,E-8BB569A271B438E1FF7419AA.jpeg,0,0.4279755750634444,0.43505859375,0,1,0.7901668916314386,0.7901669144630432,0.3291015625,2.400981890298496,0.8228049547229423,0.8228049278259277,2.5001551146477534,1,1,176,111,170,88,0.2136790053842857,0.3618141962970019,0.1978325248268109,0.3642443868507224,0.0004880212510937,0.0005991232813912,-0.0348935778876263,0.0954860611461943,/kaggle/input/datasets/hintrngia/locked-resnet-xai-inputs/R-P/ResNet50/seed_42/best_checkpoint.pt,E04_XAI_R_P_ResNet50,R,P
E04_XAI_R_P_ResNet50,R-P,ResNet50,42,36,normal,E-8E65534102472D38A215B619.jpeg,0,0.1468706234991532,0.43505859375,0,1,0.793161918018937,0.793161928653717,0.4018096923828125,1.9739740804043997,0.9057052139877108,0.9057052135467528,2.2540651237572105,1,1,80,80,178,88,0.4082794125044722,0.5219808439262079,0.3440665420450171,0.5848014171043743,0.0003543107411719,0.0004437799463672,0.9886693157105588,0.9442551610100418,/kaggle/input/datasets/hintrngia/locked-resnet-xai-inputs/R-P/ResNet50/seed_42/best_checkpoint.pt,E04_XAI_R_P_ResNet50,R,P
E04_XAI_R_P_ResNet50,R-P,ResNet50,42,37,normal,E-91CCC5E035FBDB0CCBB30E2A.jpeg,0,0.1594329622426425,0.43505859375,0,1,0.8320602505874247,0.8320602774620056,0.4178619384765625,1.99123244778154,0.9460265464007572,0.9460265636444092,2.263969170893556,1,1,176,80,183,73,0.4121508517743846,0.7472404017784517,0.302338327634756,0.7366965362935922,0.0001109011011317,0.0003163844234541,0.0873508450341749,0.245327747298141,/kaggle/input/datasets/hintrngia/locked-resnet-xai-inputs/R-P/ResNet50/seed_42/best_checkpoint.pt,E04_XAI_R_P_ResNet50,R,P
E04_XAI_R_P_ResNet50,R-P,ResNet50,42,38,normal,E-91CD2D4F539A3D56107014E7.jpeg,0,0.8592146301070596,0.43505859375,1,0,0.8549480830429899,0.854948103427887,0.376434326171875,2.2711746076329704,0.8733295397947713,0.8733295202255249,2.3200050555326364,1,1,207,144,203,151,0.9570960058326946,0.9471786707491529,0.9630508773981888,0.9367061339055024,0.0002988609041225,0.000372868324982,-0.124822747603112,-0.0613956426046382,/kaggle/input/datasets/hintrngia/locked-resnet-xai-inputs/R-P/ResNet50/seed_42/best_checkpoint.pt,E04_XAI_R_P_ResNet50,R,P
E04_XAI_R_P_ResNet50,R-P,ResNet50,42,39,normal,E-93DEE19500CF7BC746908FEA.jpeg,0,0.2323109752394743,0.43505859375,0,1,0.815516350217394,0.8155163526535034,0.3555908203125,2.2934122694750743,0.9065757698610568,0.9065757989883424,2.5494914887407405,1,1,79,80,83,82,0.2899076649236398,0.5597189291785665,0.187964296272261,0.6211248744374178,0.0002669861687625,0.0003726157772886,0.0582586958110473,0.2467638331253766,/kaggle/input/datasets/hintrngia/locked-resnet-xai-inputs/R-P/ResNet50/seed_42/best_checkpoint.pt,E04_XAI_R_P_ResNet50,R,P
E04_XAI_R_P_ResNet50,R-P,ResNet50,42,40,normal,E-9A48264C99FDAC90E29908DD.jpeg,0,0.9699334583022216,0.43505859375,1,0,0.7888648259828697,0.7888648509979248,0.3754425048828125,2.1011601396306987,0.8688503229255728,0.8688503503799438,2.314203404318242,1,1,207,144,208,159,0.9781845175773825,0.9574699821124756,0.9749831147136672,0.971243818862279,0.0001009398128557,0.0024882847458981,-0.1110530195744921,-0.0233005185574933,/kaggle/input/datasets/hintrngia/locked-resnet-xai-inputs/R-P/ResNet50/seed_42/best_checkpoint.pt,E04_XAI_R_P_ResNet50,R,P
E04_XAI_R_P_ResNet50,R-P,ResNet50,42,41,normal,E-A5B76F5465A7745EBBAE1D8D.jpeg,0,0.9255233274461148,0.43505859375,1,0,0.7775158381253137,0.7775158286094666,0.36846923828125,2.110124149717598,0.8181622662368981,0.8181622624397278,2.2204357412664137,1,1,207,111,208,109,0.9269094642324212,0.9178485413125026,0.94151651836213,0.950435800595667,0.0004353806003948,0.0018401569483178,0.9800494538657272,0.4337823571867694,/kaggle/input/datasets/hintrngia/locked-resnet-xai-inputs/R-P/ResNet50/seed_42/best_checkpoint.pt,E04_XAI_R_P_ResNet50,R,P
E04_XAI_R_P_ResNet50,R-P,ResNet50,42,42,normal,E-A92185A886C303721C499620.jpeg,0,0.947756548318178,0.43505859375,1,0,0.7814917175347305,0.7814916968345642,0.4248199462890625,1.8395833914139608,0.8312093870715997,0.8312093615531921,1.95661572469108,1,1,207,175,200,227,0.9841218751027662,0.961286385131264,0.9852332883566776,0.95952979049929,2.2100104285494027e-05,0.0007085057640607,0.777895355776443,0.7477600052826948,/kaggle/input/datasets/hintrngia/locked-resnet-xai-inputs/R-P/ResNet50/seed_42/best_checkpoint.pt,E04_XAI_R_P_ResNet50,R,P
E04_XAI_R_P_ResNet50,R-P,ResNet50,42,43,normal,E-B1906A980682154F21AC8637.jpeg,0,0.0812649870071575,0.43505859375,0,1,0.8598522272737732,0.8598522543907166,0.37506103515625,2.292566133710903,0.9260593925939916,0.926059365272522,2.469089843492263,1,1,207,143,191,143,0.510059770121899,0.666764941303949,0.4008881213753973,0.7088295534335382,7.2253083919116e-05,0.0003150419318133,0.0996817091304126,0.2860351924753543,/kaggle/input/datasets/hintrngia/locked-resnet-xai-inputs/R-P/ResNet50/seed_42/best_checkpoint.pt,E04_XAI_R_P_ResNet50,R,P
E04_XAI_R_P_ResNet50,R-P,ResNet50,42,44,normal,E-B701F1D8C0C0617522833A87.jpeg,0,0.0926250204581814,0.43505859375,0,1,0.7796898777375955,0.7796898484230042,0.2968597412109375,2.6264587934932435,0.865511748104495,0.8655117750167847,2.915557847534114,1,1,80,80,207,207,0.6652887153895632,0.7737400448771335,0.5349007100573528,0.7897595813077449,0.0001089430619902,0.0017135733168197,0.9494811299092648,0.8399392417168532,/kaggle/input/datasets/hintrngia/locked-resnet-xai-inputs/R-P/ResNet50/seed_42/best_checkpoint.pt,E04_XAI_R_P_ResNet50,R,P
E04_XAI_R_P_ResNet50,R-P,ResNet50,42,45,normal,E-B80945974BB38152A2ADE2AF.jpeg,0,0.0410884186537295,0.43505859375,0,1,0.7988442868027439,0.7988442778587341,0.287933349609375,2.77440695177025,0.9006116079879253,0.9006115794181824,3.1278475008530298,1,1,207,143,186,155,0.6337689072430781,0.870590933266268,0.6152805938731276,0.8706191403475312,0.0001989045696086,0.0006899461375795,0.978139525386155,0.9623398001819964,/kaggle/input/datasets/hintrngia/locked-resnet-xai-inputs/R-P/ResNet50/seed_42/best_checkpoint.pt,E04_XAI_R_P_ResNet50,R,P
E04_XAI_R_P_ResNet50,R-P,ResNet50,42,46,normal,E-BB74E7A26CC5772AE8204932.jpeg,0,0.7084740350807655,0.43505859375,1,0,0.8074213687739185,0.8074213862419128,0.396759033203125,2.0350421822924205,0.8917041252533923,0.8917041420936584,2.247470254311449,1,1,207,143,207,147,0.8737380694457152,0.8675212469616554,0.8949625743906082,0.8387876422472906,0.0002191441543026,0.0025581774216573,-0.0188050929476561,0.0968695636378206,/kaggle/input/datasets/hintrngia/locked-resnet-xai-inputs/R-P/ResNet50/seed_42/best_checkpoint.pt,E04_XAI_R_P_ResNet50,R,P
E04_XAI_R_P_ResNet50,R-P,ResNet50,42,47,normal,E-BB96C349B18A4710DE07EC01.jpeg,0,0.24382426856665,0.43505859375,0,1,0.8016425160356473,0.8016425371170044,0.3329010009765625,2.4080507829175497,0.9267907201903332,0.926790714263916,2.783982978337704,1,1,176,80,78,83,0.3832832889643376,0.4257719995343306,0.2980825933405057,0.5047452768504095,0.0004708350790104,0.0007301227548371,0.6944603228810414,0.8309150731579498,/kaggle/input/datasets/hintrngia/locked-resnet-xai-inputs/R-P/ResNet50/seed_42/best_checkpoint.pt,E04_XAI_R_P_ResNet50,R,P
E04_XAI_R_P_ResNet50,R-P,ResNet50,42,48,normal,E-BCDF7BD5461E233F18CDF83C.jpeg,0,0.0479277961059701,0.43505859375,0,1,0.7662126184009864,0.7662126421928406,0.2940521240234375,2.6057033967893237,0.8181353019944367,0.8181353211402893,2.7822798584145816,1,1,175,111,94,64,0.654986380904625,0.865036895939749,0.6750901347284932,0.9144411299769226,0.0006000769954104,0.0004165881248283,0.6137694681257471,0.7481759675043479,/kaggle/input/datasets/hintrngia/locked-resnet-xai-inputs/R-P/ResNet50/seed_42/best_checkpoint.pt,E04_XAI_R_P_ResNet50,R,P
E04_XAI_R_P_ResNet50,R-P,ResNet50,42,49,normal,E-BF6060CF2B5D86362B50F1EF.jpeg,0,0.0758909794520745,0.43505859375,0,1,0.7968972239502639,0.7968972325325012,0.3540191650390625,2.251000235714172,0.8950941433303083,0.8950941562652588,2.5283776465365757,1,1,176,112,177,163,0.6183848494903545,0.7499009580783724,0.5168499905497401,0.7764997208433084,0.0004813723084293,3.474853885898632e-05,0.178915528080423,0.3746178845315538,/kaggle/input/datasets/hintrngia/locked-resnet-xai-inputs/R-P/ResNet50/seed_42/best_checkpoint.pt,E04_XAI_R_P_ResNet50,R,P
E04_XAI_R_P_ResNet50,R-P,ResNet50,42,50,normal,E-C7B56CF9C42EB131FD94EA3C.jpeg,0,0.9694362944298778,0.43505859375,1,0,0.7580585964350561,0.7580586075782776,0.32830810546875,2.3089853214337164,0.8087501699135436,0.8087501525878906,2.4633877642430746,1,1,79,143,173,100,0.9758548997075204,0.9317210448442468,0.9578218760659732,0.9513368003727738,0.0003536748398553,0.0087765924668331,0.7386223045670591,0.7637878021488724,/kaggle/input/datasets/hintrngia/locked-resnet-xai-inputs/R-P/ResNet50/seed_42/best_checkpoint.pt,E04_XAI_R_P_ResNet50,R,P
E04_XAI_R_P_ResNet50,R-P,ResNet50,42,51,normal,E-D31B79C24E008C43E1511E9D.jpeg,0,0.0324804254284039,0.43505859375,0,1,0.788170959172811,0.7881709337234497,0.29034423828125,2.714608575801416,0.9137244987860668,0.9137244820594788,3.1470385091677358,1,1,111,111,83,112,0.8171124188810475,0.9259763480796884,0.7258374867963795,0.9419631383598928,0.0002542581392606,0.0003312434498938,-0.1898320270655368,-0.0298266663595412,/kaggle/input/datasets/hintrngia/locked-resnet-xai-inputs/R-P/ResNet50/seed_42/best_checkpoint.pt,E04_XAI_R_P_ResNet50,R,P
E04_XAI_R_P_ResNet50,R-P,ResNet50,42,52,normal,E-E13640D767DD410F37B990A9.jpeg,0,0.3232505705042884,0.43505859375,0,1,0.8211932458977101,0.8211932182312012,0.3385162353515625,2.425860742084847,0.933904506503892,0.9339045286178588,2.758817477495563,1,1,207,143,77,143,0.30370097795923,0.493820846798176,0.2198250946994201,0.5159554827192366,7.98369423876677e-05,0.0006713184751219,0.9307216285919768,0.8492877328811831,/kaggle/input/datasets/hintrngia/locked-resnet-xai-inputs/R-P/ResNet50/seed_42/best_checkpoint.pt,E04_XAI_R_P_ResNet50,R,P
E04_XAI_R_P_ResNet50,R-P,ResNet50,42,53,normal,E-E2352C479C37BA410D3419C8.jpeg,0,0.3767884355489742,0.43505859375,0,1,0.8874246104886463,0.8874245882034302,0.460540771484375,1.926918669173147,0.9687712511842936,0.9687712788581848,2.1035515445501907,1,1,79,143,55,152,0.1757153906971184,0.6807069311334784,0.1269071964294439,0.6656062241215128,0.0003337701767198,0.0002570832122679,-0.1799199443258178,0.146982454354132,/kaggle/input/datasets/hintrngia/locked-resnet-xai-inputs/R-P/ResNet50/seed_42/best_checkpoint.pt,E04_XAI_R_P_ResNet50,R,P
E04_XAI_R_P_ResNet50,R-P,ResNet50,42,54,normal,E-E249A212D4F7D1C6D4206FBF.jpeg,0,0.0977269403081762,0.43505859375,0,1,0.8647824755013165,0.864782452583313,0.44427490234375,1.946503101883991,0.9556954337288136,0.9556954503059388,2.1511353188917277,1,1,176,80,178,78,0.6148321775828591,0.7122268462149147,0.5599574925834737,0.676303368317843,0.0001015913319406,0.0004364599977847,0.8106989154046069,0.8278911889938462,/kaggle/input/datasets/hintrngia/locked-resnet-xai-inputs/R-P/ResNet50/seed_42/best_checkpoint.pt,E04_XAI_R_P_ResNet50,R,P
E04_XAI_R_P_ResNet50,R-P,ResNet50,42,55,normal,E-E2DD25AE8644A21D4C1655DA.jpeg,0,0.4183319609521668,0.43505859375,0,1,0.7841402562764329,0.7841402292251587,0.3409881591796875,2.299611394609223,0.8576205068021651,0.8576204776763916,2.515103482963561,1,1,80,80,82,80,0.1815761171922388,0.2521274593538338,0.1401199267543046,0.2451138106594476,0.0005500779167656,0.00107704672981,0.1714247851837406,0.4571909142072546,/kaggle/input/datasets/hintrngia/locked-resnet-xai-inputs/R-P/ResNet50/seed_42/best_checkpoint.pt,E04_XAI_R_P_ResNet50,R,P
E04_XAI_R_P_ResNet50,R-P,ResNet50,42,56,normal,E-E35138A3EAFB63D43C970EAE.jpeg,0,0.4350686686330435,0.43505859375,1,0,0.8449895290240983,0.844989538192749,0.4013519287109375,2.105358087447185,0.9342294998869656,0.9342294931411744,2.327706516541542,1,1,207,112,170,129,0.7506693078951391,0.6833704133213034,0.8287235433369258,0.6473743465638069,8.994789984062557e-05,0.0007945313680617,-0.0164580148253953,0.0096129086150476,/kaggle/input/datasets/hintrngia/locked-resnet-xai-inputs/R-P/ResNet50/seed_42/best_checkpoint.pt,E04_XAI_R_P_ResNet50,R,P
E04_XAI_R_P_ResNet50,R-P,ResNet50,42,57,normal,E-EACE2F51FB2EF2E191B9BC55.jpeg,0,0.7835282850498815,0.43505859375,1,0,0.874962908994077,0.8749629259109497,0.4419708251953125,1.9796847645032225,0.9171715318764744,0.9171715378761292,2.0751856900761827,1,1,207,144,204,163,0.95702923563615,0.861471998828227,0.9548123212541774,0.8747651450824019,0.0001913161366776,0.0004122516198419,0.1070180966801979,0.1969657954275828,/kaggle/input/datasets/hintrngia/locked-resnet-xai-inputs/R-P/ResNet50/seed_42/best_checkpoint.pt,E04_XAI_R_P_ResNet50,R,P
E04_XAI_R_P_ResNet50,R-P,ResNet50,42,58,normal,E-ED70ACD6E494856AB99B813B.jpeg,0,0.9881516760784224,0.43505859375,1,0,0.7154457652281263,0.7154457569122314,0.3370513916015625,2.122660766444406,0.7792846833391841,0.779284656047821,2.3120648742503858,1,1,207,144,203,166,0.9948962157160616,0.9591141575436556,0.9895450500941748,0.9727861020372636,0.0006755709788124,0.0058595720010446,0.5974265673153473,0.703467014343407,/kaggle/input/datasets/hintrngia/locked-resnet-xai-inputs/R-P/ResNet50/seed_42/best_checkpoint.pt,E04_XAI_R_P_ResNet50,R,P
E04_XAI_R_P_ResNet50,R-P,ResNet50,42,59,normal,E-EE1CB872F9ABCF62B8C9A410.jpeg,0,0.076517657374819,0.43505859375,0,1,0.78580988100444,0.7858098745346069,0.260040283203125,3.0218775003818203,0.9310696320251448,0.9310696125030518,3.5804823028048287,1,1,79,111,91,104,0.5672107456306801,0.7602771287595238,0.537777152591667,0.7718365993909999,0.0006428781261919,7.11985490320366e-05,0.9227718285807036,0.9558059274529864,/kaggle/input/datasets/hintrngia/locked-resnet-xai-inputs/R-P/ResNet50/seed_42/best_checkpoint.pt,E04_XAI_R_P_ResNet50,R,P
E04_XAI_R_P_ResNet50,R-P,ResNet50,42,60,normal,E-EFAD2710B0F9E9CA19CFEDAD.jpeg,0,0.5324679750341027,0.43505859375,1,0,0.7768576567549257,0.7768576741218567,0.36236572265625,2.1438497302126835,0.8654113239402373,0.8654113411903381,2.38822623066142,1,1,80,144,65,143,0.868271279483303,0.8639049086638994,0.9017618671045518,0.8439512754731506,0.0007469780106579,0.0004484439920154,0.0008729718538452,0.0017346160845319,/kaggle/input/datasets/hintrngia/locked-resnet-xai-inputs/R-P/ResNet50/seed_42/best_checkpoint.pt,E04_XAI_R_P_ResNet50,R,P
E04_XAI_R_P_ResNet50,R-P,ResNet50,42,61,normal,E-F32C5A7DA665488BF8EB2294.jpeg,0,0.4349873929369268,0.43505859375,0,1,0.8181428905157146,0.8181428909301758,0.3988037109375,2.051492671902276,0.914258559359218,0.9142585396766664,2.2925026379769555,1,1,80,80,93,98,0.2492309758165504,0.2581776790704415,0.2324375242747979,0.2677090917683612,0.0008033392006744,0.0009858758898985,0.5274450427976237,0.8853992949373762,/kaggle/input/datasets/hintrngia/locked-resnet-xai-inputs/R-P/ResNet50/seed_42/best_checkpoint.pt,E04_XAI_R_P_ResNet50,R,P
E04_XAI_R_P_ResNet50,R-P,ResNet50,42,62,normal,E-F57AB9616B464FB4687D409D.jpeg,0,0.245547930579859,0.43505859375,0,1,0.8596780828360503,0.8596780896186829,0.43695068359375,1.9674487650769448,0.9536717139339544,0.95367169380188,2.182561441694917,1,1,176,79,181,71,0.3590134579002571,0.4007945368911015,0.259764287069033,0.429303966703657,0.0001002753621234,0.0005376799769146,0.252572133519137,0.5049655434319407,/kaggle/input/datasets/hintrngia/locked-resnet-xai-inputs/R-P/ResNet50/seed_42/best_checkpoint.pt,E04_XAI_R_P_ResNet50,R,P
E04_XAI_R_P_ResNet50,R-P,ResNet50,42,63,normal,E-F803B5977A560D3CAEE3206F.jpeg,0,0.625504833999918,0.43505859375,1,0,0.7545673842704652,0.7545673847198486,0.3428192138671875,2.2010650329616417,0.8177578344240634,0.8177578449249268,2.385390903850777,1,1,80,111,107,52,0.7439661680863936,0.8139290202041631,0.8345593724764389,0.778807733731629,0.0002864246322759,0.0019803910297246,-0.0675566410015798,-0.0359395620348007,/kaggle/input/datasets/hintrngia/locked-resnet-xai-inputs/R-P/ResNet50/seed_42/best_checkpoint.pt,E04_XAI_R_P_ResNet50,R,P
E04_XAI_R_P_ResNet50,R-P,ResNet50,42,64,pneumonia,E-018B83433C4DD934AA5C8B2B.jpeg,1,0.9987981292883472,0.43505859375,1,1,0.7957631629274119,0.7957631349563599,0.3726043701171875,2.135678555453166,0.8394533836595702,0.839453399181366,2.2529348847828983,1,1,207,112,203,152,0.9988218051202832,0.9985215832534654,0.9980549809845508,0.9954909266147048,0.0003734588141286,0.0014387386555614,-0.1766044125657828,-0.0541391921269076,/kaggle/input/datasets/hintrngia/locked-resnet-xai-inputs/R-P/ResNet50/seed_42/best_checkpoint.pt,E04_XAI_R_P_ResNet50,R,P
E04_XAI_R_P_ResNet50,R-P,ResNet50,42,65,pneumonia,E-01E4EA18817F6CBD784D8ACE.jpeg,1,0.998960885969091,0.43505859375,1,1,0.7190818166680247,0.7190818190574646,0.355072021484375,2.025171720548159,0.7939687415383095,0.7939687371253967,2.236078016564446,1,1,207,144,197,126,0.9972064570742272,0.9986273776279352,0.997025352010458,0.9973132878353814,1.5397354866109048e-05,0.0034017162584194,0.5743903920310198,0.4103426427333653,/kaggle/input/datasets/hintrngia/locked-resnet-xai-inputs/R-P/ResNet50/seed_42/best_checkpoint.pt,E04_XAI_R_P_ResNet50,R,P
E04_XAI_R_P_ResNet50,R-P,ResNet50,42,66,pneumonia,E-0981A556ADE7F427711A3360.jpeg,1,0.9880438485117234,0.43505859375,1,1,0.7275417790389356,0.7275418043136597,0.315826416015625,2.30361281433451,0.7572683763520159,0.7572683691978455,2.397736028244551,1,1,175,111,202,139,0.9933801993663904,0.977069443712342,0.9848725120423278,0.987640027577192,0.0003055261250304,0.0063647454985409,0.9632505115765384,0.4295613865211283,/kaggle/input/datasets/hintrngia/locked-resnet-xai-inputs/R-P/ResNet50/seed_42/best_checkpoint.pt,E04_XAI_R_P_ResNet50,R,P
E04_XAI_R_P_ResNet50,R-P,ResNet50,42,67,pneumonia,E-0B7E667233F7AB135F8A84DD.jpeg,1,0.9992444575802149,0.43505859375,1,1,0.79320094750338,0.7932009696960449,0.3825225830078125,2.073605540531394,0.8515086977723478,0.8515086770057678,2.22603510380185,1,1,144,144,199,191,0.9985302989166442,0.9988152367043076,0.9983708587785703,0.9986001681512028,0.0002256049418807,0.0016886359937609,0.9696708711301129,0.8067696952364478,/kaggle/input/datasets/hintrngia/locked-resnet-xai-inputs/R-P/ResNet50/seed_42/best_checkpoint.pt,E04_XAI_R_P_ResNet50,R,P
E04_XAI_R_P_ResNet50,R-P,ResNet50,42,68,pneumonia,E-122745006C7E29B76E58625B.jpeg,1,0.9979269973137918,0.43505859375,1,1,0.7347413920543535,0.7347413897514343,0.3352813720703125,2.1914172789184048,0.8284164866898515,0.8284164667129517,2.470809760692946,1,1,207,144,199,162,0.996792927793316,0.9975398849190572,0.9962068286332104,0.995983249562722,5.0816626414595945e-05,0.0032020816574132,0.9837497027326496,0.5542584351314617,/kaggle/input/datasets/hintrngia/locked-resnet-xai-inputs/R-P/ResNet50/seed_42/best_checkpoint.pt,E04_XAI_R_P_ResNet50,R,P
E04_XAI_R_P_ResNet50,R-P,ResNet50,42,69,pneumonia,E-1265B89238C345234A9C993B.jpeg,1,0.9929489860380526,0.43505859375,1,1,0.7421070356513788,0.7421070337295532,0.3254241943359375,2.280429816122697,0.7947486772405703,0.7947486639022827,2.44219296251878,1,1,207,143,203,135,0.9913865403917764,0.9859101321945384,0.9895162296985072,0.9876553990882516,0.0002159726264718,0.0003751157552925,-0.1604358883140776,-0.0199644793095722,/kaggle/input/datasets/hintrngia/locked-resnet-xai-inputs/R-P/ResNet50/seed_42/best_checkpoint.pt,E04_XAI_R_P_ResNet50,R,P
E04_XAI_R_P_ResNet50,R-P,ResNet50,42,70,pneumonia,E-1777E855F7110F5A72B38BC0.jpeg,1,0.9972597540603952,0.43505859375,1,1,0.6799897950343843,0.6799898147583008,0.3238525390625,2.099689559337232,0.7525252472511283,0.752525269985199,2.323666349597152,1,1,175,143,175,118,0.9978139479161192,0.9918522070058432,0.9956618329216852,0.9919384599405012,0.000316789941373,0.0046984910067283,0.7789720652384093,0.5810769302394035,/kaggle/input/datasets/hintrngia/locked-resnet-xai-inputs/R-P/ResNet50/seed_42/best_checkpoint.pt,E04_XAI_R_P_ResNet50,R,P
E04_XAI_R_P_ResNet50,R-P,ResNet50,42,71,pneumonia,E-198E88DB173F06A1227B639B.jpeg,1,0.9926707611143036,0.43505859375,1,1,0.5883956915544434,0.5883957147598267,0.256744384765625,2.291756807423749,0.6366951387128428,0.636695146560669,2.4798795085394545,1,1,207,175,202,157,0.9974284053948465,0.9926989381324052,0.9971445783240084,0.9870001130170568,0.0009308892863026,0.0017008361010347,0.991791105128813,0.3891733306618138,/kaggle/input/datasets/hintrngia/locked-resnet-xai-inputs/R-P/ResNet50/seed_42/best_checkpoint.pt,E04_XAI_R_P_ResNet50,R,P
E04_XAI_R_P_ResNet50,R-P,ResNet50,42,72,pneumonia,E-1A06E979246F3D9634B22BF8.jpeg,1,0.9995390697307472,0.43505859375,1,1,0.6867603734157902,0.6867603659629822,0.303802490234375,2.2605488614855465,0.7806237265215047,0.780623733997345,2.569510624877616,1,1,144,143,159,130,0.9987048346651244,0.998103086832028,0.99657395335108,0.9979946420396426,0.0005182985751301,0.0011570319514523,0.0,0.0,/kaggle/input/datasets/hintrngia/locked-resnet-xai-inputs/R-P/ResNet50/seed_42/best_checkpoint.pt,E04_XAI_R_P_ResNet50,R,P
E04_XAI_R_P_ResNet50,R-P,ResNet50,42,73,pneumonia,E-220D81ED5B8FE3B14418B9F7.jpeg,1,0.9949703764339516,0.43505859375,1,1,0.6434889973972715,0.6434890031814575,0.2836456298828125,2.2686370936267464,0.7232906473436675,0.7232906222343445,2.5499798732753023,1,1,207,144,202,155,0.9854345925211272,0.9883868186742888,0.963541533308713,0.991038203675193,0.0002060852499755,0.0065262772392086,0.4395854686893528,0.4951047414953035,/kaggle/input/datasets/hintrngia/locked-resnet-xai-inputs/R-P/ResNet50/seed_42/best_checkpoint.pt,E04_XAI_R_P_ResNet50,R,P
E04_XAI_R_P_ResNet50,R-P,ResNet50,42,74,pneumonia,E-227257A6740CF45FAF02E456.jpeg,1,0.9871687391990532,0.43505859375,1,1,0.8127884709100937,0.8127884864807129,0.381500244140625,2.1305057687210582,0.8663124780539384,0.8663125038146973,2.2708045181082674,1,1,207,144,207,210,0.9856448545550108,0.960596783910196,0.9683850764635608,0.9705794705400544,0.0006589431406803,0.0002981520657616,-0.0708460305482792,-0.0521834676051947,/kaggle/input/datasets/hintrngia/locked-resnet-xai-inputs/R-P/ResNet50/seed_42/best_checkpoint.pt,E04_XAI_R_P_ResNet50,R,P
E04_XAI_R_P_ResNet50,R-P,ResNet50,42,75,pneumonia,E-2C0709EBA6450DCFB3BBB340.jpeg,1,0.997625803114243,0.43505859375,1,1,0.7499624434789144,0.7499624490737915,0.3762359619140625,1.9933300359262736,0.7965491725444553,0.7965492010116577,2.117153204845416,1,1,207,144,190,146,0.9979860960692502,0.994458649408544,0.997843599460524,0.9962055458168602,0.0002756249073779,0.0043406497541516,0.3029504795709684,0.6317845454746974,/kaggle/input/datasets/hintrngia/locked-resnet-xai-inputs/R-P/ResNet50/seed_42/best_checkpoint.pt,E04_XAI_R_P_ResNet50,R,P
E04_XAI_R_P_ResNet50,R-P,ResNet50,42,76,pneumonia,E-30421FA65AB177DCD15E84C4.jpeg,1,0.9998941592478868,0.43505859375,1,1,0.7791524886424493,0.779152512550354,0.41265869140625,1.888128142866128,0.8133165834075363,0.8133165836334229,1.9709183408592037,1,1,207,144,207,135,0.9996499945994668,0.999766207783987,0.9978127520584475,0.9962601291977622,6.754671744368945e-05,0.0002419535851041,0.9447216825822246,0.906132096953926,/kaggle/input/datasets/hintrngia/locked-resnet-xai-inputs/R-P/ResNet50/seed_42/best_checkpoint.pt,E04_XAI_R_P_ResNet50,R,P
E04_XAI_R_P_ResNet50,R-P,ResNet50,42,77,pneumonia,E-386D019ED9E9E8244987AC20.jpeg,1,0.998131406215744,0.43505859375,1,1,0.7630811867278198,0.7630811929702759,0.3555145263671875,2.146413522185261,0.8748218705343681,0.8748218417167664,2.460720464712664,1,1,207,112,211,113,0.9984716627070722,0.9966612863558838,0.9989013595277152,0.9969012893049248,0.0004381585196523,0.0020772272283461,0.0,0.0,/kaggle/input/datasets/hintrngia/locked-resnet-xai-inputs/R-P/ResNet50/seed_42/best_checkpoint.pt,E04_XAI_R_P_ResNet50,R,P
E04_XAI_R_P_ResNet50,R-P,ResNet50,42,78,pneumonia,E-3AC987E53985CBAF71C33ABC.jpeg,1,0.9924539016788916,0.43505859375,1,1,0.8028146614695031,0.8028146624565125,0.4218597412109375,1.903036917353252,0.8850739428321222,0.8850739598274231,2.098028933245776,1,1,176,143,165,97,0.993516402186572,0.9869948128171028,0.9931276694201958,0.9870799368444776,0.0003326787025975,0.0027533277504344,0.3696123595502587,0.3436966605541987,/kaggle/input/datasets/hintrngia/locked-resnet-xai-inputs/R-P/ResNet50/seed_42/best_checkpoint.pt,E04_XAI_R_P_ResNet50,R,P
E04_XAI_R_P_ResNet50,R-P,ResNet50,42,79,pneumonia,E-3EB4BE73D28C1518A6A12685.jpeg,1,0.9993607753756176,0.43505859375,1,1,0.7913569177893002,0.7913569211959839,0.40576171875,1.9502996000390933,0.8356446039071193,0.8356446027755737,2.0594466291236824,1,1,207,175,209,146,0.9991475355179044,0.9981252451773288,0.9982526683979718,0.9971159918178468,0.0001255337502359,0.0014638801100037,-0.1834477010684242,-0.023393007646001,/kaggle/input/datasets/hintrngia/locked-resnet-xai-inputs/R-P/ResNet50/seed_42/best_checkpoint.pt,E04_XAI_R_P_ResNet50,R,P
E04_XAI_R_P_ResNet50,R-P,ResNet50,42,80,pneumonia,E-401B5DEDAD367F085127D1DA.jpeg,1,0.9698072856033192,0.43505859375,1,1,0.8015922264416904,0.801592230796814,0.364349365234375,2.200064835919366,0.8506197999700443,0.8506197929382324,2.33462682012048,1,1,207,143,203,126,0.9805970465390216,0.9850364886641424,0.9816295466797794,0.9761717349021924,0.0004000467163292,0.0002041192560281,0.9916405255024198,0.5419064072957626,/kaggle/input/datasets/hintrngia/locked-resnet-xai-inputs/R-P/ResNet50/seed_42/best_checkpoint.pt,E04_XAI_R_P_ResNet50,R,P
E04_XAI_R_P_ResNet50,R-P,ResNet50,42,81,pneumonia,E-4329094918EDAAADE18246AB.jpeg,1,0.9998219184684792,0.43505859375,1,1,0.8008111541874174,0.8008111715316772,0.4228057861328125,1.8940401963559343,0.8442887100994396,0.84428870677948,1.9968712297476223,1,1,207,144,201,162,0.9998524072168684,0.9996651857558614,0.9996072444171192,0.9995653038717728,0.0001255475307383,0.0016952737271337,0.8771063191123586,0.9135621834402188,/kaggle/input/datasets/hintrngia/locked-resnet-xai-inputs/R-P/ResNet50/seed_42/best_checkpoint.pt,E04_XAI_R_P_ResNet50,R,P
E04_XAI_R_P_ResNet50,R-P,ResNet50,42,82,pneumonia,E-443A80FA1DE791815F946FF9.jpeg,1,0.9971231214167564,0.43505859375,1,1,0.6954421880814607,0.6954421997070312,0.309112548828125,2.2498025095323637,0.7905544426232826,0.7905544638633728,2.5574970851890337,1,1,207,144,202,162,0.9973142134619382,0.9953721231719423,0.9957406347067056,0.995236939197784,7.167332118185321e-05,0.0010328948743356,0.0097958766488686,0.0442320032498913,/kaggle/input/datasets/hintrngia/locked-resnet-xai-inputs/R-P/ResNet50/seed_42/best_checkpoint.pt,E04_XAI_R_P_ResNet50,R,P
E04_XAI_R_P_ResNet50,R-P,ResNet50,42,83,pneumonia,E-4B97630FB65DE326125E1DE1.jpeg,1,0.9996251243427176,0.43505859375,1,1,0.7289716907892887,0.7289717197418213,0.3383941650390625,2.154208807664104,0.8163039496353195,0.8163039684295654,2.412287308621558,1,1,175,175,172,139,0.9996318827346268,0.999172588215638,0.9988274043522328,0.9977684493484372,0.0003330253541884,0.0022377301108045,0.7885345960084903,0.8380018048142068,/kaggle/input/datasets/hintrngia/locked-resnet-xai-inputs/R-P/ResNet50/seed_42/best_checkpoint.pt,E04_XAI_R_P_ResNet50,R,P
E04_XAI_R_P_ResNet50,R-P,ResNet50,42,84,pneumonia,E-55F059ED3BB72FAD418A344C.jpeg,1,0.98574400160224,0.43505859375,1,1,0.7638274684111618,0.7638274431228638,0.3324737548828125,2.2974068093897797,0.8205316614542271,0.8205316662788391,2.467959197992759,1,1,207,144,207,162,0.9917333635784278,0.9663706224556446,0.9868447278686528,0.962601909354168,0.0008484712836518,0.0030952642388083,0.9326824623181474,0.9146936947700556,/kaggle/input/datasets/hintrngia/locked-resnet-xai-inputs/R-P/ResNet50/seed_42/best_checkpoint.pt,E04_XAI_R_P_ResNet50,R,P
E04_XAI_R_P_ResNet50,R-P,ResNet50,42,85,pneumonia,E-6060B7AB38566FD26078DE5E.jpeg,1,0.992911301813543,0.43505859375,1,1,0.6532061873312921,0.6532061696052551,0.271087646484375,2.4095756328348283,0.7994331598259212,0.799433171749115,2.948984102350083,1,1,207,144,190,153,0.9829274016135584,0.9858141508351276,0.9758987977252014,0.99258158451803,0.0010479359991139,0.001209385235013,0.3353892675102746,0.1580204490237834,/kaggle/input/datasets/hintrngia/locked-resnet-xai-inputs/R-P/ResNet50/seed_42/best_checkpoint.pt,E04_XAI_R_P_ResNet50,R,P
E04_XAI_R_P_ResNet50,R-P,ResNet50,42,86,pneumonia,E-638A63581494A3F6A20C2D9C.jpeg,1,0.995874378378482,0.43505859375,1,1,0.6825791307250587,0.6825791597366333,0.312408447265625,2.1848933237861408,0.7546353138921753,0.7546353340148926,2.415540682389255,1,1,207,176,104,125,0.9939537766264264,0.9929362661913472,0.9922231500615696,0.9906912006891831,0.0001049540485135,0.0011177568555158,0.9843154614199204,0.5067270470435222,/kaggle/input/datasets/hintrngia/locked-resnet-xai-inputs/R-P/ResNet50/seed_42/best_checkpoint.pt,E04_XAI_R_P_ResNet50,R,P
E04_XAI_R_P_ResNet50,R-P,ResNet50,42,87,pneumonia,E-63AE2F3741553AC167D0B283.jpeg,1,0.9995444325077772,0.43505859375,1,1,0.7633268524583905,0.7633268237113953,0.3596954345703125,2.122147736932638,0.8641760092520875,0.8641760349273682,2.4025214840005438,1,1,207,143,195,128,0.998896214582299,0.9987928064966268,0.9975710250010948,0.9989773624050848,0.0001170889029881,0.0030344925286317,0.9508927337936162,0.9208415948730608,/kaggle/input/datasets/hintrngia/locked-resnet-xai-inputs/R-P/ResNet50/seed_42/best_checkpoint.pt,E04_XAI_R_P_ResNet50,R,P
E04_XAI_R_P_ResNet50,R-P,ResNet50,42,88,pneumonia,E-63E40A6B7E9FE7A4F927B234.jpeg,1,0.9996097841206384,0.43505859375,1,1,0.7364651903472172,0.7364652156829834,0.3593597412109375,2.04938145788269,0.7999772222168576,0.7999772429466248,2.226118094144792,1,1,207,144,206,146,0.999143738182336,0.9951797901384803,0.996340029747347,0.9984597937403702,9.39794791646742e-05,0.002662004368985,-0.1540801925582108,-0.0482179345922636,/kaggle/input/datasets/hintrngia/locked-resnet-xai-inputs/R-P/ResNet50/seed_42/best_checkpoint.pt,E04_XAI_R_P_ResNet50,R,P
E04_XAI_R_P_ResNet50,R-P,ResNet50,42,89,pneumonia,E-6C94FB136A3DC9D9B1FE1032.jpeg,1,0.9699435244573577,0.43505859375,1,1,0.7388632324037104,0.7388632297515869,0.3358001708984375,2.200306302486008,0.8218868424104782,0.8218868374824524,2.4475474214664925,1,1,48,112,171,128,0.9788587107243744,0.974234202862824,0.989209872628436,0.9730997311304854,0.0001996067052818,0.0050030441083901,0.1692057107120185,0.2207169120979716,/kaggle/input/datasets/hintrngia/locked-resnet-xai-inputs/R-P/ResNet50/seed_42/best_checkpoint.pt,E04_XAI_R_P_ResNet50,R,P
E04_XAI_R_P_ResNet50,R-P,ResNet50,42,90,pneumonia,E-6EBA6C5A4DF4C84E483A5386.jpeg,1,0.9997828749979036,0.43505859375,1,1,0.6733228115809115,0.6733227968215942,0.3423919677734375,1.9665263059747145,0.7259956071729712,0.7259956002235413,2.1203640140687123,1,0,207,176,210,175,0.9996476365181944,0.9995080175500746,0.999369595588566,0.9997061873364044,0.0006094442301944,0.0070050452901316,0.0,0.0,/kaggle/input/datasets/hintrngia/locked-resnet-xai-inputs/R-P/ResNet50/seed_42/best_checkpoint.pt,E04_XAI_R_P_ResNet50,R,P
E04_XAI_R_P_ResNet50,R-P,ResNet50,42,91,pneumonia,E-73D66A02A1612F6E79C3F7EC.jpeg,1,0.999211203966923,0.43505859375,1,1,0.7459542905689843,0.7459542751312256,0.3591766357421875,2.0768452519957923,0.8655714601046663,0.8655714392662048,2.409876851583305,1,1,207,144,199,157,0.9987047928945508,0.9984514579548198,0.9974428835998094,0.9974627511369564,5.965703615395945e-05,0.0002217537277388,0.4545865309291835,0.5861725811370245,/kaggle/input/datasets/hintrngia/locked-resnet-xai-inputs/R-P/ResNet50/seed_42/best_checkpoint.pt,E04_XAI_R_P_ResNet50,R,P
E04_XAI_R_P_ResNet50,R-P,ResNet50,42,92,pneumonia,E-7725ED8C0E93C0BF91B23FCE.jpeg,1,0.9994467474956316,0.43505859375,1,1,0.7834362162684254,0.7834362387657166,0.38677978515625,2.0255355795079506,0.8502705345202921,0.8502705097198486,2.198332402963621,1,1,207,112,196,98,0.999267811863324,0.9991402623752138,0.999292747693812,0.9968638888863016,8.852841621964647e-05,0.0001687138401135,-0.0866756350375801,-0.0287586529872832,/kaggle/input/datasets/hintrngia/locked-resnet-xai-inputs/R-P/ResNet50/seed_42/best_checkpoint.pt,E04_XAI_R_P_ResNet50,R,P
E04_XAI_R_P_ResNet50,R-P,ResNet50,42,93,pneumonia,E-77D4D0C371CD4C8665643C00.jpeg,1,0.9928815140390516,0.43505859375,1,1,0.6627723129740576,0.6627722978591919,0.29443359375,2.2510077893380926,0.7799630326444046,0.7799630165100098,2.6490286747193044,1,1,175,112,159,126,0.9967522688216544,0.994592391025067,0.9969516225695396,0.9900256043266132,0.0012000165330684,0.0008545744501442,0.9938518144944692,0.7148340392877214,/kaggle/input/datasets/hintrngia/locked-resnet-xai-inputs/R-P/ResNet50/seed_42/best_checkpoint.pt,E04_XAI_R_P_ResNet50,R,P
E04_XAI_R_P_ResNet50,R-P,ResNet50,42,94,pneumonia,E-7B805F2D3984459EDD091000.jpeg,1,0.9995447628637276,0.43505859375,1,1,0.6990941571918059,0.6990941762924194,0.3260345458984375,2.1442333825863336,0.78984932090907,0.7898493409156799,2.4225939577431,1,1,207,144,207,147,0.999184555292692,0.9991289708979204,0.9988319471700832,0.9975571693784488,0.0003458712234287,0.0044190798184599,0.3795644644488141,0.5703699936128866,/kaggle/input/datasets/hintrngia/locked-resnet-xai-inputs/R-P/ResNet50/seed_42/best_checkpoint.pt,E04_XAI_R_P_ResNet50,R,P
E04_XAI_R_P_ResNet50,R-P,ResNet50,42,95,pneumonia,E-8B99D004F7E59741CFAB602B.jpeg,1,0.999796621894906,0.43505859375,1,1,0.8390931710697475,0.8390931487083435,0.44635009765625,1.879899154219437,0.8782566068936497,0.878256618976593,1.9676406737789631,1,1,176,175,199,129,0.999498350472651,0.9989364144529048,0.9981905881457294,0.99853157696549,2.391685305358493e-07,0.0002774042347212,0.9934705470830912,0.5029007756250291,/kaggle/input/datasets/hintrngia/locked-resnet-xai-inputs/R-P/ResNet50/seed_42/best_checkpoint.pt,E04_XAI_R_P_ResNet50,R,P
E04_XAI_R_P_ResNet50,R-P,ResNet50,42,96,pneumonia,E-8E859FAC3770F43BC30CF790.jpeg,1,0.9987869789566556,0.43505859375,1,1,0.7375457436435716,0.7375457286834717,0.32305908203125,2.2830057554990133,0.8300088401564925,0.830008864402771,2.5692168594604143,1,1,207,143,195,129,0.9986323645833052,0.9979170831776568,0.9986001605284452,0.9971414434967228,6.047577439449725e-05,0.0029150649680381,0.921700061708045,0.9315612072921374,/kaggle/input/datasets/hintrngia/locked-resnet-xai-inputs/R-P/ResNet50/seed_42/best_checkpoint.pt,E04_XAI_R_P_ResNet50,R,P
E04_XAI_R_P_ResNet50,R-P,ResNet50,42,97,pneumonia,E-9A9C78D1B9953A6FD2BA65F6.jpeg,1,0.9998398570521412,0.43505859375,1,1,0.7949407181118583,0.794940710067749,0.39300537109375,2.0227222745060858,0.8231289605854164,0.8231289386749268,2.0944471020704243,1,1,176,112,198,128,0.9994721809558116,0.999625045297115,0.9992327445591644,0.999477599313472,1.4030681422139146e-05,0.0022594584932568,0.9777167189810432,0.7474090168511421,/kaggle/input/datasets/hintrngia/locked-resnet-xai-inputs/R-P/ResNet50/seed_42/best_checkpoint.pt,E04_XAI_R_P_ResNet50,R,P
E04_XAI_R_P_ResNet50,R-P,ResNet50,42,98,pneumonia,E-9B56CC62692974C989F872CC.jpeg,1,0.9989452673088616,0.43505859375,1,1,0.7666080648463812,0.7666080594062805,0.37744140625,2.0310650928918355,0.8711859877967602,0.8711859583854675,2.308135708936306,1,1,207,143,199,109,0.9992636504932092,0.9990308171243264,0.9994214968927282,0.9985468897287694,0.0001122808557235,0.000657122909073,0.9070283996918216,0.9452736120228138,/kaggle/input/datasets/hintrngia/locked-resnet-xai-inputs/R-P/ResNet50/seed_42/best_checkpoint.pt,E04_XAI_R_P_ResNet50,R,P
E04_XAI_R_P_ResNet50,R-P,ResNet50,42,99,pneumonia,E-9FC76B9714A55204D742CE4C.jpeg,1,0.999162223801872,0.43505859375,1,1,0.6830872700233681,0.6830872893333435,0.32318115234375,2.113635851192231,0.7963303301526111,0.7963303327560425,2.464037040457107,1,1,207,175,197,163,0.9983845974217253,0.9981141223615456,0.9982203251981104,0.998729719550191,0.0001609350320317,0.0023665165705237,-0.1036396866633142,0.041438167836953,/kaggle/input/datasets/hintrngia/locked-resnet-xai-inputs/R-P/ResNet50/seed_42/best_checkpoint.pt,E04_XAI_R_P_ResNet50,R,P
E04_XAI_R_P_ResNet50,R-P,ResNet50,42,100,pneumonia,E-A0A20FFCEFD96663F4AB4E87.jpeg,1,0.9967596010750528,0.43505859375,1,1,0.7612958805846245,0.7612958550453186,0.3404388427734375,2.2362192115993884,0.8270913886283674,0.82709139585495,2.429485959622997,1,1,207,175,202,162,0.9969428813464078,0.991971441489542,0.993330155610924,0.9963807175254482,0.000596843431566,0.0019996302471682,-0.0925606257546989,-0.0320879333935081,/kaggle/input/datasets/hintrngia/locked-resnet-xai-inputs/R-P/ResNet50/seed_42/best_checkpoint.pt,E04_XAI_R_P_ResNet50,R,P
E04_XAI_R_P_ResNet50,R-P,ResNet50,42,101,pneumonia,E-A0D5A9410E976B289DD85CF6.jpeg,1,0.9116105371731292,0.43505859375,1,1,0.7173553334935399,0.7173553109169006,0.2681732177734375,2.6749700788524966,0.7924095080884527,0.7924094796180725,2.9548420780702607,1,1,176,207,169,167,0.952976401546216,0.91686293930792,0.94453660921705,0.8862818481578401,0.0002311480730028,0.0064416723624682,0.8941839301370631,0.625110528575052,/kaggle/input/datasets/hintrngia/locked-resnet-xai-inputs/R-P/ResNet50/seed_42/best_checkpoint.pt,E04_XAI_R_P_ResNet50,R,P
E04_XAI_R_P_ResNet50,R-P,ResNet50,42,102,pneumonia,E-A540763BCA2A1AF575A9EE6B.jpeg,1,0.9931093246468192,0.43505859375,1,1,0.8207231713842181,0.8207231760025024,0.3713226318359375,2.2102697250805883,0.8735145704499094,0.8735145926475525,2.3524409652354743,1,1,207,144,202,170,0.9955491791216052,0.9913264755035304,0.9922019923877314,0.9944841550917976,0.0004832932439636,0.0008362542167403,0.9894888203037124,0.6715716168861424,/kaggle/input/datasets/hintrngia/locked-resnet-xai-inputs/R-P/ResNet50/seed_42/best_checkpoint.pt,E04_XAI_R_P_ResNet50,R,P
E04_XAI_R_P_ResNet50,R-P,ResNet50,42,103,pneumonia,E-A9AC7ECA864D894719491A2C.jpeg,1,0.9988502411689872,0.43505859375,1,1,0.7286235868719095,0.7286235690116882,0.3572845458984375,2.039336980108369,0.8173836077533047,0.8173835873603821,2.2877664795097403,1,1,207,112,209,111,0.9962128154192802,0.9970956071955404,0.9887327958359476,0.997983691747974,0.0004118826023251,0.0053157116311512,0.1526379989533853,0.086370177727914,/kaggle/input/datasets/hintrngia/locked-resnet-xai-inputs/R-P/ResNet50/seed_42/best_checkpoint.pt,E04_XAI_R_P_ResNet50,R,P
E04_XAI_R_P_ResNet50,R-P,ResNet50,42,104,pneumonia,E-B15903E1E2039605DB9FB6A1.jpeg,1,0.9907633313170172,0.43505859375,1,1,0.6765439018587643,0.6765438914299011,0.2703704833984375,2.5022846183315077,0.7539797736966126,0.7539798021316528,2.788691147862814,1,1,175,80,175,76,0.983802184654929,0.9854507992482464,0.9866111855698874,0.9778744700097572,0.0002821097631132,0.0017480920509684,0.7781795844399871,0.6998666722761299,/kaggle/input/datasets/hintrngia/locked-resnet-xai-inputs/R-P/ResNet50/seed_42/best_checkpoint.pt,E04_XAI_R_P_ResNet50,R,P
E04_XAI_R_P_ResNet50,R-P,ResNet50,42,105,pneumonia,E-B29F964F9024332A9FD3DA8C.jpeg,1,0.997491957744224,0.43505859375,1,1,0.8469349463181912,0.846934974193573,0.444091796875,1.9071168444856024,0.8961836971698343,0.8961836695671082,2.0180145264473013,1,1,176,175,201,129,0.9969968969427064,0.9967584810172848,0.996654507792934,0.9971207980791006,0.0002167694266737,1.907589948602073e-05,0.8785359771755998,0.8198252702905348,/kaggle/input/datasets/hintrngia/locked-resnet-xai-inputs/R-P/ResNet50/seed_42/best_checkpoint.pt,E04_XAI_R_P_ResNet50,R,P
E04_XAI_R_P_ResNet50,R-P,ResNet50,42,106,pneumonia,E-B352C843937DC9BD58C4B554.jpeg,1,0.9852844655961472,0.43505859375,1,1,0.7644580097361222,0.7644580006599426,0.322052001953125,2.3737098515145694,0.8193168915834802,0.8193168640136719,2.5440515401693813,1,1,207,144,206,159,0.9779801459446096,0.9223904692421612,0.948358536436531,0.9551182131298444,0.0004700411054002,0.0010468479723437,0.2053067290582693,0.3416437703653452,/kaggle/input/datasets/hintrngia/locked-resnet-xai-inputs/R-P/ResNet50/seed_42/best_checkpoint.pt,E04_XAI_R_P_ResNet50,R,P
E04_XAI_R_P_ResNet50,R-P,ResNet50,42,107,pneumonia,E-B41848B096ED1788DCCEEDA2.jpeg,1,0.995911854548253,0.43505859375,1,1,0.6562111591241168,0.6562111377716064,0.2685089111328125,2.443908309618578,0.8002648390169852,0.800264835357666,2.980403278389336,1,1,207,144,207,161,0.9948487675148204,0.9939307885112508,0.9920244928523408,0.9942298933516048,5.646608798992592e-05,0.0015127660061849,-0.0848477290678936,-0.0117570252255493,/kaggle/input/datasets/hintrngia/locked-resnet-xai-inputs/R-P/ResNet50/seed_42/best_checkpoint.pt,E04_XAI_R_P_ResNet50,R,P
E04_XAI_R_P_ResNet50,R-P,ResNet50,42,108,pneumonia,E-B813D1454C73F6C74F660590.jpeg,1,0.8746066404320478,0.43505859375,1,1,0.6830140741434984,0.6830140948295593,0.2771453857421875,2.464461287401217,0.7178574180356958,0.7178574204444885,2.5901835461315508,1,1,207,143,211,137,0.948273314092194,0.9496717662677706,0.8967406510163561,0.9592633529728778,0.0003508308237452,0.0038094165889189,0.4183239131444154,0.6067818650957638,/kaggle/input/datasets/hintrngia/locked-resnet-xai-inputs/R-P/ResNet50/seed_42/best_checkpoint.pt,E04_XAI_R_P_ResNet50,R,P
E04_XAI_R_P_ResNet50,R-P,ResNet50,42,109,pneumonia,E-BF1AD901130E35A45E611B5A.jpeg,1,0.9991485005613068,0.43505859375,1,1,0.6755140748694175,0.6755141019821167,0.2906494140625,2.324154263473443,0.7294794883391889,0.7294794917106628,2.509826110237142,1,1,207,176,206,185,0.9990126043974608,0.9988176680761,0.9956756762509728,0.9976777577161684,0.0001697846722819,0.0020065828386618,-0.1116150873251371,-0.0243042640455766,/kaggle/input/datasets/hintrngia/locked-resnet-xai-inputs/R-P/ResNet50/seed_42/best_checkpoint.pt,E04_XAI_R_P_ResNet50,R,P
E04_XAI_R_P_ResNet50,R-P,ResNet50,42,110,pneumonia,E-BFFC08BEA9A0FA7A1279A0B5.jpeg,1,0.9965370801361506,0.43505859375,1,1,0.7850292890848981,0.7850292921066284,0.364898681640625,2.1513623605196908,0.8731078664485669,0.8731078505516052,2.392740534229877,1,1,207,144,198,163,0.9977294508888735,0.99217050613948,0.9974212517052904,0.9938891839955108,0.0003764219278943,0.0023925948636472,0.3095725347109153,0.2854372361259598,/kaggle/input/datasets/hintrngia/locked-resnet-xai-inputs/R-P/ResNet50/seed_42/best_checkpoint.pt,E04_XAI_R_P_ResNet50,R,P
E04_XAI_R_P_ResNet50,R-P,ResNet50,42,111,pneumonia,E-C378B1871ED2B8AC1E544A5B.jpeg,1,0.9967092438098606,0.43505859375,1,1,0.6368579597238606,0.6368579864501953,0.2780303955078125,2.290605523761754,0.7432419318742159,0.7432419061660767,2.673239846732266,1,1,175,144,175,130,0.9965074272238033,0.9970368351527076,0.9957916496238328,0.995401997766014,2.124139086367993e-05,0.0060514449348709,-0.1391355878802692,-0.0432909067054402,/kaggle/input/datasets/hintrngia/locked-resnet-xai-inputs/R-P/ResNet50/seed_42/best_checkpoint.pt,E04_XAI_R_P_ResNet50,R,P
E04_XAI_R_P_ResNet50,R-P,ResNet50,42,112,pneumonia,E-D2A52B478FEFC3F6A00973AF.jpeg,1,0.995166492904713,0.43505859375,1,1,0.8005692936197102,0.8005692958831787,0.35107421875,2.2803420213256835,0.8986856231774203,0.8986856341362,2.559816629022749,1,1,207,175,203,151,0.9957327155807922,0.994340988650863,0.9955381355979328,0.9934713399529034,0.0010221614274465,0.003542027592352,-0.1300070580294063,-0.0234816418449358,/kaggle/input/datasets/hintrngia/locked-resnet-xai-inputs/R-P/ResNet50/seed_42/best_checkpoint.pt,E04_XAI_R_P_ResNet50,R,P
E04_XAI_R_P_ResNet50,R-P,ResNet50,42,113,pneumonia,E-D33BB0B839138FAFF4DA3ED6.jpeg,1,0.9651141766301058,0.43505859375,1,1,0.8038148070796944,0.8038148283958435,0.3347625732421875,2.4011489674449544,0.8565155332566798,0.8565155267715454,2.558576142372477,1,1,207,143,206,131,0.9762248331008307,0.9280260731848512,0.9334694639908676,0.9676447176892684,0.0006193893379431,0.0031848640272555,-0.051278048709911,-0.0463736053356092,/kaggle/input/datasets/hintrngia/locked-resnet-xai-inputs/R-P/ResNet50/seed_42/best_checkpoint.pt,E04_XAI_R_P_ResNet50,R,P
E04_XAI_R_P_ResNet50,R-P,ResNet50,42,114,pneumonia,E-DA47F22802134421DB0B257A.jpeg,1,0.9998860776736452,0.43505859375,1,1,0.72180485114719,0.7218048572540283,0.39227294921875,1.8400576756177935,0.7172273692199822,0.7172273397445679,1.828388551003608,1,1,207,144,203,163,0.9997889232141436,0.999719698778543,0.9996037026865716,0.999767546644014,0.0001032219694117,0.0012424436960248,0.7154905949228157,0.460602385299707,/kaggle/input/datasets/hintrngia/locked-resnet-xai-inputs/R-P/ResNet50/seed_42/best_checkpoint.pt,E04_XAI_R_P_ResNet50,R,P
E04_XAI_R_P_ResNet50,R-P,ResNet50,42,115,pneumonia,E-E09BD72833F7B4079F215903.jpeg,1,0.9994622922501106,0.43505859375,1,1,0.6474528969253147,0.6474528908729553,0.3171234130859375,2.041643316792447,0.6914113020185131,0.6914113163948059,2.180259398984038,0,1,207,144,201,166,0.9987199212565244,0.9992797745368606,0.9990151235377176,0.9982127484148936,0.000588342469276,0.0047623092569943,0.9644597576225088,0.5737469794255122,/kaggle/input/datasets/hintrngia/locked-resnet-xai-inputs/R-P/ResNet50/seed_42/best_checkpoint.pt,E04_XAI_R_P_ResNet50,R,P
E04_XAI_R_P_ResNet50,R-P,ResNet50,42,116,pneumonia,E-E0D541D212A934D795DA0D1B.jpeg,1,0.971320616986443,0.43505859375,1,1,0.7013644172098399,0.7013643980026245,0.306488037109375,2.28839084169392,0.8151169677183411,0.8151169419288635,2.6595392609971724,1,1,48,143,63,129,0.986215823359486,0.978841153748316,0.9823384111141454,0.9713483204972596,6.541015806815764e-05,0.0004733309907569,0.9493855655127104,0.8245489272429926,/kaggle/input/datasets/hintrngia/locked-resnet-xai-inputs/R-P/ResNet50/seed_42/best_checkpoint.pt,E04_XAI_R_P_ResNet50,R,P
E04_XAI_R_P_ResNet50,R-P,ResNet50,42,117,pneumonia,E-E1AD2A3BA30BC31AC67A922E.jpeg,1,0.9993156770371238,0.43505859375,1,1,0.7177684017443482,0.7177684307098389,0.3279571533203125,2.188604195631955,0.7325464492172304,0.7325464487075806,2.23366510472714,1,1,207,175,201,190,0.9988617494539458,0.9988196093479196,0.9961001288495984,0.999087261533058,7.488412489609075e-05,0.0004103464239061,0.5628844961573612,0.6523161114412249,/kaggle/input/datasets/hintrngia/locked-resnet-xai-inputs/R-P/ResNet50/seed_42/best_checkpoint.pt,E04_XAI_R_P_ResNet50,R,P
E04_XAI_R_P_ResNet50,R-P,ResNet50,42,118,pneumonia,E-E280E4CD8F00E10AB30B96C9.jpeg,1,0.9890438079266728,0.43505859375,1,1,0.743902361015757,0.7439023852348328,0.3293609619140625,2.2586233556418183,0.8158038438776367,0.8158038258552551,2.476929382087784,1,1,207,143,192,127,0.9897072976427124,0.9759712654525644,0.9865152056012468,0.971868742217237,0.0001528434160306,0.0031378648105261,0.746193597888059,0.8032188360995925,/kaggle/input/datasets/hintrngia/locked-resnet-xai-inputs/R-P/ResNet50/seed_42/best_checkpoint.pt,E04_XAI_R_P_ResNet50,R,P
E04_XAI_R_P_ResNet50,R-P,ResNet50,42,119,pneumonia,E-E2EF7E089A1E8F497DBAC1CB.jpeg,1,0.9991276727795476,0.43505859375,1,1,0.6989178887563752,0.6989178657531738,0.3351898193359375,2.0851405634605453,0.8057187946988605,0.8057187795639038,2.4037686952876824,1,1,207,143,199,166,0.9986201923229864,0.9986183589768832,0.9982131435473716,0.9984042162767996,0.0008290226213218,0.0021852283466849,-0.1648639702723169,-0.0476862028738102,/kaggle/input/datasets/hintrngia/locked-resnet-xai-inputs/R-P/ResNet50/seed_42/best_checkpoint.pt,E04_XAI_R_P_ResNet50,R,P
E04_XAI_R_P_ResNet50,R-P,ResNet50,42,120,pneumonia,E-E7BF66D9C027E263610D5923.jpeg,1,0.9810642768708584,0.43505859375,1,1,0.8326172200720823,0.8326172232627869,0.3877410888671875,2.147353592327889,0.90285907134721,0.902859091758728,2.328510176687685,1,1,207,144,211,142,0.9883968401723552,0.9579199170553224,0.9807700846267812,0.9531898494741686,0.0001638966993539,0.0023219001645677,-0.0609261368975206,0.0053378132208735,/kaggle/input/datasets/hintrngia/locked-resnet-xai-inputs/R-P/ResNet50/seed_42/best_checkpoint.pt,E04_XAI_R_P_ResNet50,R,P
E04_XAI_R_P_ResNet50,R-P,ResNet50,42,121,pneumonia,E-EB1401E2B7015C0BDE01BE91.jpeg,1,0.9973927804647662,0.43505859375,1,1,0.715224869180976,0.7152248620986938,0.329986572265625,2.1674362816352746,0.7810518311828156,0.7810518145561218,2.366920041080043,1,1,175,111,168,98,0.9971631280610784,0.9947881092063842,0.9945686217839312,0.9975707954332556,4.2350481242459104e-05,0.0044147443323465,-0.0764516611702031,0.0358779470117968,/kaggle/input/datasets/hintrngia/locked-resnet-xai-inputs/R-P/ResNet50/seed_42/best_checkpoint.pt,E04_XAI_R_P_ResNet50,R,P
E04_XAI_R_P_ResNet50,R-P,ResNet50,42,122,pneumonia,E-EB344A640162B22F1A6C369F.jpeg,1,0.992664690921818,0.43505859375,1,1,0.7007425136469655,0.7007425427436829,0.2807464599609375,2.49599768326363,0.7342154873534741,0.734215497970581,2.615226163334816,1,1,175,143,167,135,0.9929955370887436,0.9828971052567178,0.988705301601604,0.9908540006306888,0.0003410888156429,0.0140374642380696,0.0749544250353013,0.2861478886073961,/kaggle/input/datasets/hintrngia/locked-resnet-xai-inputs/R-P/ResNet50/seed_42/best_checkpoint.pt,E04_XAI_R_P_ResNet50,R,P
E04_XAI_R_P_ResNet50,R-P,ResNet50,42,123,pneumonia,E-EC00E01864643AB223676743.jpeg,1,0.9663821412501472,0.43505859375,1,1,0.7033458849383101,0.7033458948135376,0.3099517822265625,2.269210649107325,0.792031951057823,0.7920319437980652,2.5553392381492386,1,1,79,111,195,128,0.9612544667533574,0.9558694170807228,0.970328554206403,0.9708258582829672,0.0004544963179494,4.5731558428907526e-05,0.9460326488382188,0.5472203916233842,/kaggle/input/datasets/hintrngia/locked-resnet-xai-inputs/R-P/ResNet50/seed_42/best_checkpoint.pt,E04_XAI_R_P_ResNet50,R,P
E04_XAI_R_P_ResNet50,R-P,ResNet50,42,124,pneumonia,E-EF92BEF2BC79AC7D99E44B1F.jpeg,1,0.988194174882986,0.43505859375,1,1,0.7242609501828378,0.7242609262466431,0.343048095703125,2.1112519184762237,0.7739315454672134,0.7739315629005432,2.256043846799186,1,1,144,143,163,63,0.9913204340229492,0.980819480710966,0.9924648858432596,0.9745071381014646,0.0001601286661778,0.0021265670989176,0.3471305145818082,0.4457632780344376,/kaggle/input/datasets/hintrngia/locked-resnet-xai-inputs/R-P/ResNet50/seed_42/best_checkpoint.pt,E04_XAI_R_P_ResNet50,R,P
E04_XAI_R_P_ResNet50,R-P,ResNet50,42,125,pneumonia,E-F051ECCC0E91B0C03A0B3894.jpeg,1,0.999725104323227,0.43505859375,1,1,0.8543585703595771,0.8543585538864136,0.5049896240234375,1.6918339104724351,0.8533169931710336,0.8533170223236084,1.68977133900761,1,1,207,144,194,129,0.9996513835290493,0.9992820815183604,0.999527815979001,0.9980319856076773,5.249186600531086e-05,0.0014252549514018,0.6771391514459898,0.6893917414941939,/kaggle/input/datasets/hintrngia/locked-resnet-xai-inputs/R-P/ResNet50/seed_42/best_checkpoint.pt,E04_XAI_R_P_ResNet50,R,P
E04_XAI_R_P_ResNet50,R-P,ResNet50,42,126,pneumonia,E-FA7B18636100FBD243EBAF3A.jpeg,1,0.9930802157414929,0.43505859375,1,1,0.6870295596835484,0.6870295405387878,0.2697601318359375,2.5468165180961044,0.7568546942232462,0.7568547129631042,2.805658082505496,1,1,207,144,206,143,0.9865558155394154,0.9879431760373104,0.9762251158692514,0.9796418838679076,0.0002664564751002,0.0005229961847927,0.4985253503005757,0.7755118043183881,/kaggle/input/datasets/hintrngia/locked-resnet-xai-inputs/R-P/ResNet50/seed_42/best_checkpoint.pt,E04_XAI_R_P_ResNet50,R,P
E04_XAI_R_P_ResNet50,R-P,ResNet50,42,127,pneumonia,E-FDAF56855798F8C5BE7AC652.jpeg,1,0.9998204634714256,0.43505859375,1,1,0.7573299059775441,0.7573298811912537,0.37738037109375,2.006807889299059,0.805930307413831,0.8059303164482117,2.1355914857946314,1,1,175,144,167,126,0.9997023922981716,0.999134766637213,0.9997039653774472,0.9992854437924124,0.0002376755885447,0.0024515445178123,0.2253205757687034,0.5237572492219212,/kaggle/input/datasets/hintrngia/locked-resnet-xai-inputs/R-P/ResNet50/seed_42/best_checkpoint.pt,E04_XAI_R_P_ResNet50,R,P
E04_XAI_R_P_ResNet50,R-P,ResNet50,2024,0,normal,E-03B36F677CCFA6787A3BC686.jpeg,0,0.8155690764858298,0.6220703125,1,0,0.7895479435839405,0.7895479202270508,0.3590850830078125,2.198776782846094,0.8729522665037904,0.8729522824287415,2.431045754370136,1,1,176,112,191,126,0.9492886919083764,0.9366730109677156,0.9581220213617422,0.9375762336050224,0.0005820107204023,0.0006872785626219,-0.1315534466293894,-0.0287674468871593,/kaggle/input/datasets/hintrngia/locked-resnet-xai-inputs/R-P/ResNet50/seed_2024/best_checkpoint.pt,E04_XAI_R_P_ResNet50,R,P
E04_XAI_R_P_ResNet50,R-P,ResNet50,2024,1,normal,E-06530ECE35CCF9FF05F7DDEB.jpeg,0,0.0287819740873127,0.6220703125,0,1,0.718576753735517,0.7185767292976379,0.2779541015625,2.58523529495009,0.8130061737971965,0.8130061626434326,2.9249655580793297,1,1,80,80,98,161,0.6064458377577963,0.7745403006280562,0.5405464416723166,0.8335525936554511,5.7020863060364135e-05,0.0008242040059006,0.0772392860112668,0.0432616142916259,/kaggle/input/datasets/hintrngia/locked-resnet-xai-inputs/R-P/ResNet50/seed_2024/best_checkpoint.pt,E04_XAI_R_P_ResNet50,R,P
E04_XAI_R_P_ResNet50,R-P,ResNet50,2024,2,normal,E-10FEC5D206E4A3A02E4F32C9.jpeg,0,0.7706067223299452,0.6220703125,1,0,0.7100111854558296,0.7100111842155457,0.2476806640625,2.8666395422642466,0.7650879905506756,0.7650879621505737,3.089009767664433,1,1,207,144,171,163,0.9537162914894176,0.788284088286252,0.9212350468713756,0.8075803268057076,0.0017984529749111,0.0060594127142018,0.6724047628693975,0.5797774878400676,/kaggle/input/datasets/hintrngia/locked-resnet-xai-inputs/R-P/ResNet50/seed_2024/best_checkpoint.pt,E04_XAI_R_P_ResNet50,R,P
E04_XAI_R_P_ResNet50,R-P,ResNet50,2024,3,normal,E-16E04AC17A9CE052EFE7227B.jpeg,0,0.0460408236304764,0.6220703125,0,1,0.8034881424059528,0.8034881353378296,0.3753509521484375,2.1406316883091394,0.8009997485864314,0.8009997606277466,2.134002175834805,1,0,80,80,63,64,0.4353583253858251,0.750702622853705,0.3889254205580804,0.8052395275654561,7.68733838347746e-05,0.0002249602909233,-0.1144780132384995,0.0509657903347172,/kaggle/input/datasets/hintrngia/locked-resnet-xai-inputs/R-P/ResNet50/seed_2024/best_checkpoint.pt,E04_XAI_R_P_ResNet50,R,P
E04_XAI_R_P_ResNet50,R-P,ResNet50,2024,4,normal,E-256958BC036CED77CAAB2A55.jpeg,0,0.2099737362726765,0.6220703125,0,1,0.7457655514177287,0.7457655668258667,0.3496246337890625,2.1330463569900173,0.8768097495968248,0.8768097758293152,2.5078603303616944,1,1,80,80,89,78,0.3265386878259682,0.5719436153824404,0.3171476734717254,0.5731280878757041,0.0002123716825814,0.0007574835244955,0.9892332012163888,0.9381892331132692,/kaggle/input/datasets/hintrngia/locked-resnet-xai-inputs/R-P/ResNet50/seed_2024/best_checkpoint.pt,E04_XAI_R_P_ResNet50,R,P
E04_XAI_R_P_ResNet50,R-P,ResNet50,2024,5,normal,E-280031A047E47DC7EA750C62.jpeg,0,0.0696911184737332,0.6220703125,0,1,0.8427163547554977,0.8427163362503052,0.3791046142578125,2.222912418001864,0.8913801224188489,0.8913801312446594,2.35127742816831,1,1,79,80,72,94,0.5963536942661887,0.7287360669641765,0.5960601183400964,0.7425107079554734,0.0001070016912626,0.0003428791633346,0.5243432284194598,0.6706744754042094,/kaggle/input/datasets/hintrngia/locked-resnet-xai-inputs/R-P/ResNet50/seed_2024/best_checkpoint.pt,E04_XAI_R_P_ResNet50,R,P
E04_XAI_R_P_ResNet50,R-P,ResNet50,2024,6,normal,E-28020DB22FEE86C7B17E72DA.jpeg,0,0.284108138400127,0.6220703125,0,1,0.7630928401446221,0.7630928158760071,0.3710174560546875,2.056757243336128,0.8131406927595937,0.8131406903266907,2.19165076868981,1,1,80,80,72,184,0.2411851635446732,0.3905150698967284,0.2365525690057776,0.4091226605807808,4.17695157650666e-05,0.0016080063720603,-0.0180048196779858,0.0489560689218446,/kaggle/input/datasets/hintrngia/locked-resnet-xai-inputs/R-P/ResNet50/seed_2024/best_checkpoint.pt,E04_XAI_R_P_ResNet50,R,P
E04_XAI_R_P_ResNet50,R-P,ResNet50,2024,7,normal,E-28234EA54B2F1B13D8D5995E.jpeg,0,0.4364205538174448,0.6220703125,0,1,0.7913791572229258,0.7913791537284851,0.3462677001953125,2.2854547414516224,0.7978982228216136,0.7978982329368591,2.3042814053160563,1,1,79,79,78,53,0.343372938672807,0.3134467728820229,0.2823778495448655,0.3518801884058856,0.0010519086397774,0.0015002424589479,-0.0556019617065724,-0.0120037148274148,/kaggle/input/datasets/hintrngia/locked-resnet-xai-inputs/R-P/ResNet50/seed_2024/best_checkpoint.pt,E04_XAI_R_P_ResNet50,R,P
E04_XAI_R_P_ResNet50,R-P,ResNet50,2024,8,normal,E-28CAAFCB1AFEEA2D46764B17.jpeg,0,0.6472680777571521,0.6220703125,1,0,0.7127634878557676,0.7127634882926941,0.38934326171875,1.83068145242654,0.6995644087994347,0.6995643973350525,1.7967805727809905,1,1,144,111,166,35,0.8067103667555278,0.8621364693053148,0.7806928890908242,0.8714145623536032,0.0008320802888874,0.0020673592153955,0.5995160320169265,0.4604295694714831,/kaggle/input/datasets/hintrngia/locked-resnet-xai-inputs/R-P/ResNet50/seed_2024/best_checkpoint.pt,E04_XAI_R_P_ResNet50,R,P
E04_XAI_R_P_ResNet50,R-P,ResNet50,2024,9,normal,E-29AE82E82E5A6A48DC6D8B99.jpeg,0,0.1018728529772086,0.6220703125,0,1,0.7124683942126226,0.7124683856964111,0.3269195556640625,2.1793385616391334,0.7728123189340863,0.7728123068809509,2.363921966565427,1,0,80,80,67,66,0.6429209925280541,0.6680024618195157,0.5993866742467195,0.7242644177065445,0.0001358260719376,0.0036890262380987,0.9764476414806024,0.9850364843356436,/kaggle/input/datasets/hintrngia/locked-resnet-xai-inputs/R-P/ResNet50/seed_2024/best_checkpoint.pt,E04_XAI_R_P_ResNet50,R,P
E04_XAI_R_P_ResNet50,R-P,ResNet50,2024,10,normal,E-2B646E91E652E02CC65E6BA0.jpeg,0,0.0327840547795843,0.6220703125,0,1,0.7638859576589379,0.7638859748840332,0.2742767333984375,2.7850920790618163,0.8109864651265335,0.8109864592552185,2.956818302004589,1,0,176,80,87,62,0.7008019854217344,0.8779391258590041,0.6507022702268077,0.8996889553501467,0.0001617334491078,0.0004192328512527,-0.1331507190446426,0.1582850133938234,/kaggle/input/datasets/hintrngia/locked-resnet-xai-inputs/R-P/ResNet50/seed_2024/best_checkpoint.pt,E04_XAI_R_P_ResNet50,R,P
E04_XAI_R_P_ResNet50,R-P,ResNet50,2024,11,normal,E-2F227E134B6699426A9E9AB9.jpeg,0,0.4793306375820766,0.6220703125,0,1,0.7469910855857897,0.7469910979270935,0.3509368896484375,2.128562449886965,0.7347497528101647,0.7347497344017029,2.093680586119699,1,1,80,80,79,66,0.2567550586911004,0.2849099955829642,0.2001404237740519,0.3294052587123157,0.0004545739167209,0.0028260014030572,0.6849987252401133,0.772960379485588,/kaggle/input/datasets/hintrngia/locked-resnet-xai-inputs/R-P/ResNet50/seed_2024/best_checkpoint.pt,E04_XAI_R_P_ResNet50,R,P
E04_XAI_R_P_ResNet50,R-P,ResNet50,2024,12,normal,E-2F5E9CF0C3839769BD6D37AD.jpeg,0,0.4669687480226078,0.6220703125,0,1,0.7717972311204365,0.771797239780426,0.3790740966796875,2.036006252816042,0.7506629005704772,0.7506629228591919,1.9802537476064404,1,0,111,79,74,50,0.3263067752009363,0.2556038320906568,0.3022387661623518,0.2691941196383634,0.0002846046029839,0.0032279706126558,0.959409191621332,0.8937147511185363,/kaggle/input/datasets/hintrngia/locked-resnet-xai-inputs/R-P/ResNet50/seed_2024/best_checkpoint.pt,E04_XAI_R_P_ResNet50,R,P
E04_XAI_R_P_ResNet50,R-P,ResNet50,2024,13,normal,E-306538194ADB5E9E447B7A10.jpeg,0,0.0282414730069386,0.6220703125,0,1,0.7064702990920774,0.7064703106880188,0.2563934326171875,2.7554149569302138,0.7784214409907396,0.7784214615821838,3.036042823113082,1,1,80,80,50,178,0.6598803072117302,0.8887826752980552,0.6015484373447988,0.8954246685405075,0.0004674159744403,0.0007939975167313,-0.2086755256723367,-0.009980958062295,/kaggle/input/datasets/hintrngia/locked-resnet-xai-inputs/R-P/ResNet50/seed_2024/best_checkpoint.pt,E04_XAI_R_P_ResNet50,R,P
E04_XAI_R_P_ResNet50,R-P,ResNet50,2024,14,normal,E-36FB7A78C2BFA1A3824C3EFA.jpeg,0,0.620611679800889,0.6220703125,0,1,0.7477130360593498,0.747713029384613,0.3275299072265625,2.282884767350829,0.8197410500434295,0.8197410702705383,2.5027975520916,1,1,111,79,98,66,0.1838121168081892,0.1991125698345819,0.1788169260498059,0.2033048824140146,0.0014791441785527,0.0032288363649904,0.9783592627079428,0.8953328281816516,/kaggle/input/datasets/hintrngia/locked-resnet-xai-inputs/R-P/ResNet50/seed_2024/best_checkpoint.pt,E04_XAI_R_P_ResNet50,R,P
E04_XAI_R_P_ResNet50,R-P,ResNet50,2024,15,normal,E-3B865A0E9283DC8B3D382B5F.jpeg,0,0.9775201314798436,0.6220703125,1,0,0.8138873290139591,0.813887357711792,0.360931396484375,2.2549640650316576,0.8315825006602368,0.8315824866294861,2.3039904778586826,1,1,176,143,206,145,0.9890546273171869,0.940320707506869,0.9899376554548884,0.9586559249051116,0.0006616419037488,0.0038017988866201,-0.1374571284390779,-0.0577156314072814,/kaggle/input/datasets/hintrngia/locked-resnet-xai-inputs/R-P/ResNet50/seed_2024/best_checkpoint.pt,E04_XAI_R_P_ResNet50,R,P
E04_XAI_R_P_ResNet50,R-P,ResNet50,2024,16,normal,E-3D66EC3C4F2D4073FE577EEA.jpeg,0,0.1348880557273438,0.6220703125,0,1,0.6920929021371216,0.6920928955078125,0.2598114013671875,2.663828063338133,0.7923744143498472,0.7923744320869446,3.049806167782439,1,1,111,80,107,71,0.3936126084270293,0.7108257270025751,0.355538039600477,0.7782823619065722,0.0001795028909367,0.0002241645370313,0.7061052511047758,0.8975899342461515,/kaggle/input/datasets/hintrngia/locked-resnet-xai-inputs/R-P/ResNet50/seed_2024/best_checkpoint.pt,E04_XAI_R_P_ResNet50,R,P
E04_XAI_R_P_ResNet50,R-P,ResNet50,2024,17,normal,E-40D9418B91304B06987F2A6E.jpeg,0,0.7573049754475518,0.6220703125,1,0,0.7906076491035053,0.7906076312065125,0.3151092529296875,2.5089953460678576,0.7833247220049361,0.7833247184753418,2.485882958758195,1,1,111,112,100,111,0.8504885078141304,0.9157582207959664,0.860662697081344,0.9139467376777076,0.0001788293103206,0.0003822840437818,0.0160134500159044,0.1143870017439811,/kaggle/input/datasets/hintrngia/locked-resnet-xai-inputs/R-P/ResNet50/seed_2024/best_checkpoint.pt,E04_XAI_R_P_ResNet50,R,P
E04_XAI_R_P_ResNet50,R-P,ResNet50,2024,18,normal,E-44BF14DBF8A5FE52BF53ED2E.jpeg,0,0.6279770340472556,0.6220703125,1,0,0.6972883169881003,0.6972883343696594,0.32672119140625,2.1341998478485027,0.7122360109232808,0.7122359871864319,2.179950458241553,1,1,144,80,167,94,0.7555222235849652,0.9052166078930172,0.7863840554277071,0.9048023531086526,0.0009780763510637,0.001825337666277,0.0214644240178161,0.0572632509564155,/kaggle/input/datasets/hintrngia/locked-resnet-xai-inputs/R-P/ResNet50/seed_2024/best_checkpoint.pt,E04_XAI_R_P_ResNet50,R,P
E04_XAI_R_P_ResNet50,R-P,ResNet50,2024,19,normal,E-47080ACF9F207EB21662EAAE.jpeg,0,0.7672447544075554,0.6220703125,1,0,0.7562762615912146,0.7562762498855591,0.3899383544921875,1.939476465648282,0.7908939242750179,0.7908939123153687,2.028253735914208,1,1,144,80,147,78,0.899415299297581,0.9116387359565178,0.9158505972924292,0.9226063574498198,0.000341503285608,0.0007617790184771,0.9242050476122208,0.811534164212509,/kaggle/input/datasets/hintrngia/locked-resnet-xai-inputs/R-P/ResNet50/seed_2024/best_checkpoint.pt,E04_XAI_R_P_ResNet50,R,P
E04_XAI_R_P_ResNet50,R-P,ResNet50,2024,20,normal,E-4F18C9F59223CD9D0CA81789.jpeg,0,0.7795806235971124,0.6220703125,1,0,0.7810057712828594,0.7810057997703552,0.305145263671875,2.559455656905364,0.8678216258560706,0.8678216338157654,2.843962299835156,1,1,144,111,171,94,0.8288253008768455,0.9368702567618972,0.8221250577183685,0.9456806824840018,0.0015742874988361,0.0026229848409961,0.1430655189986698,0.2331024246917293,/kaggle/input/datasets/hintrngia/locked-resnet-xai-inputs/R-P/ResNet50/seed_2024/best_checkpoint.pt,E04_XAI_R_P_ResNet50,R,P
E04_XAI_R_P_ResNet50,R-P,ResNet50,2024,21,normal,E-57BEC1C15CFD6C2BBAF49905.jpeg,0,0.3418840758270899,0.6220703125,0,1,0.7472032259954045,0.7472032308578491,0.3210601806640625,2.327299587416702,0.7515185219162857,0.7515185475349426,2.340740357031781,1,1,111,80,108,72,0.209929790643292,0.4772995737674954,0.1984407158875597,0.5514217901430193,0.000432868218407,0.0021667682130364,0.989843363337756,0.7990799269416384,/kaggle/input/datasets/hintrngia/locked-resnet-xai-inputs/R-P/ResNet50/seed_2024/best_checkpoint.pt,E04_XAI_R_P_ResNet50,R,P
E04_XAI_R_P_ResNet50,R-P,ResNet50,2024,22,normal,E-5822F4C00AF6A5D69871506D.jpeg,0,0.3843930362721474,0.6220703125,0,1,0.8511115443982312,0.8511115312576294,0.414520263671875,2.05324472405516,0.8440258246585213,0.8440258502960205,2.0361509403232296,1,1,80,79,79,191,0.2941061021394359,0.3992217042584175,0.2764181181164511,0.4651576226863654,0.0004882355288085,0.0020131419514711,0.9602156458328724,0.9494019034123656,/kaggle/input/datasets/hintrngia/locked-resnet-xai-inputs/R-P/ResNet50/seed_2024/best_checkpoint.pt,E04_XAI_R_P_ResNet50,R,P
E04_XAI_R_P_ResNet50,R-P,ResNet50,2024,23,normal,E-592EC4B388705AD74965EF2F.jpeg,0,0.1611232441903708,0.6220703125,0,1,0.7074908061074705,0.7074908018112183,0.3038330078125,2.3285515000531936,0.8138438702143898,0.813843846321106,2.6785893872222903,1,1,111,80,102,82,0.3476497568364918,0.5706926706498139,0.3377503650750924,0.6596094522387008,7.005821844763283e-05,0.0003206681963209,0.8660082288700692,0.8827865287186859,/kaggle/input/datasets/hintrngia/locked-resnet-xai-inputs/R-P/ResNet50/seed_2024/best_checkpoint.pt,E04_XAI_R_P_ResNet50,R,P
E04_XAI_R_P_ResNet50,R-P,ResNet50,2024,24,normal,E-5EB53A5E9ABA53D43AB743A8.jpeg,0,0.2513694516722655,0.6220703125,0,1,0.6863692558810695,0.6863692402839661,0.2571563720703125,2.6690734915695584,0.7831584903999791,0.7831584811210632,3.0454562883078995,1,1,80,80,79,177,0.2607551158038653,0.4811390913398853,0.2070660482601988,0.5679314548848751,1.646654956943827e-05,0.0014698499041678,0.905011448194332,0.8701554242556544,/kaggle/input/datasets/hintrngia/locked-resnet-xai-inputs/R-P/ResNet50/seed_2024/best_checkpoint.pt,E04_XAI_R_P_ResNet50,R,P
E04_XAI_R_P_ResNet50,R-P,ResNet50,2024,25,normal,E-5FBF0EE47B9EC5825E465989.jpeg,0,0.1387293524781261,0.6220703125,0,1,0.7533657587548638,0.7533657550811768,0.329376220703125,2.2872499937810966,0.8525979030234504,0.8525978922843933,2.588522939523064,1,1,80,80,78,194,0.5111352011196524,0.6318689966871274,0.4128488624349929,0.7022910572823687,0.0004119344754285,0.0006582021687889,0.7308674964523307,0.5322722978045598,/kaggle/input/datasets/hintrngia/locked-resnet-xai-inputs/R-P/ResNet50/seed_2024/best_checkpoint.pt,E04_XAI_R_P_ResNet50,R,P
E04_XAI_R_P_ResNet50,R-P,ResNet50,2024,26,normal,E-67976418F9EE68ADAB32C212.jpeg,0,0.1253651231717013,0.6220703125,0,1,0.6074753124380112,0.6074753403663635,0.26171875,2.321099701255685,0.6927548761908768,0.692754864692688,2.646944004550216,1,0,111,80,92,64,0.4130536811683428,0.6709722689727512,0.4433532849968006,0.6869188218324969,0.0003708233141571,0.0001088825918275,0.9807483596005572,0.9851870851643252,/kaggle/input/datasets/hintrngia/locked-resnet-xai-inputs/R-P/ResNet50/seed_2024/best_checkpoint.pt,E04_XAI_R_P_ResNet50,R,P
E04_XAI_R_P_ResNet50,R-P,ResNet50,2024,27,normal,E-74019A53B16F834307F73E46.jpeg,0,0.4953575136662,0.6220703125,0,1,0.798001135753784,0.7980011105537415,0.372467041015625,2.142474495401884,0.8360703414244399,0.8360703587532043,2.244682748692835,1,1,207,176,183,194,0.2846296170271126,0.3546033113908894,0.2639200780345602,0.3928056663189491,0.0010189298396474,0.0019970868071623,-0.1245698743900382,-0.0415584626985621,/kaggle/input/datasets/hintrngia/locked-resnet-xai-inputs/R-P/ResNet50/seed_2024/best_checkpoint.pt,E04_XAI_R_P_ResNet50,R,P
E04_XAI_R_P_ResNet50,R-P,ResNet50,2024,28,normal,E-778E5DF620CB9DE6A84B008B.jpeg,0,0.9132755231736664,0.6220703125,1,0,0.7748743266731136,0.7748743295669556,0.3386688232421875,2.2880001744919656,0.7852523460168934,0.7852523326873779,2.3186437372634887,1,0,144,143,129,126,0.953028272140823,0.9397236864302576,0.9515885926273712,0.95680351866141,0.00031504660935,0.0015245439388839,0.6916041000138641,0.6860701702216898,/kaggle/input/datasets/hintrngia/locked-resnet-xai-inputs/R-P/ResNet50/seed_2024/best_checkpoint.pt,E04_XAI_R_P_ResNet50,R,P
E04_XAI_R_P_ResNet50,R-P,ResNet50,2024,29,normal,E-77C42172A076E16EE5474210.jpeg,0,0.1975592952149401,0.6220703125,0,1,0.8206164485871484,0.8206164240837097,0.39276123046875,2.0893519648254606,0.9409488059527346,0.9409487843513488,2.39572730951509,1,1,80,175,82,175,0.2940724499430768,0.5660310626013214,0.2559111458067242,0.6256231650574007,8.863838108019717e-05,0.0001053415500381,-0.0812390555757048,0.2309262836098559,/kaggle/input/datasets/hintrngia/locked-resnet-xai-inputs/R-P/ResNet50/seed_2024/best_checkpoint.pt,E04_XAI_R_P_ResNet50,R,P
E04_XAI_R_P_ResNet50,R-P,ResNet50,2024,30,normal,E-7B1FB0C84C51C5CD8EDBCCFD.jpeg,0,0.9975444386784842,0.6220703125,1,0,0.8042974827640522,0.8042975068092346,0.388427734375,2.0706489562549075,0.8839995560560737,0.8839995265007019,2.2758404661255045,1,1,176,144,180,147,0.9961880307629392,0.9819303617392374,0.9929533738976006,0.9884796236080136,5.172923478680147e-05,0.0018569679890425,0.7406741929960996,0.6997415318303695,/kaggle/input/datasets/hintrngia/locked-resnet-xai-inputs/R-P/ResNet50/seed_2024/best_checkpoint.pt,E04_XAI_R_P_ResNet50,R,P
E04_XAI_R_P_ResNet50,R-P,ResNet50,2024,31,normal,E-7B7A8A9BEAA512F9DC3E0865.jpeg,0,0.1734071341735626,0.6220703125,0,1,0.7665665214209627,0.7665665149688721,0.356475830078125,2.1504025146752936,0.8638405846169535,0.8638405799865723,2.423279537430728,1,1,80,80,78,87,0.2263766054950132,0.6061097266012372,0.19952748353367,0.6614166935395951,0.0006477294905889,0.0003978825965348,-0.2084510885474716,-0.0795167827821554,/kaggle/input/datasets/hintrngia/locked-resnet-xai-inputs/R-P/ResNet50/seed_2024/best_checkpoint.pt,E04_XAI_R_P_ResNet50,R,P
E04_XAI_R_P_ResNet50,R-P,ResNet50,2024,32,normal,E-82FCB2C3D1996A8155B45525.jpeg,0,0.1428826139497702,0.6220703125,0,1,0.6764382868714577,0.6764382719993591,0.2450714111328125,2.7601680822120573,0.8784761943981809,0.8784762024879456,3.584572310321847,1,1,111,80,104,90,0.2593948390743646,0.7647266488571612,0.2003403894409419,0.7844162181357135,0.0002330623601222,0.001193842063095,0.9967618097526518,0.9108138230793836,/kaggle/input/datasets/hintrngia/locked-resnet-xai-inputs/R-P/ResNet50/seed_2024/best_checkpoint.pt,E04_XAI_R_P_ResNet50,R,P
E04_XAI_R_P_ResNet50,R-P,ResNet50,2024,33,normal,E-843CBB869621D4078F498542.jpeg,0,0.6609318321591161,0.6220703125,1,0,0.7816336767740153,0.7816336750984192,0.3597412109375,2.1727665694376426,0.8101626687664445,0.8101626634597778,2.252070777921518,1,1,144,111,193,130,0.755375734779355,0.8526472352446751,0.7975074228876688,0.8863866524006845,5.374907483879365e-05,0.0014109967145959,0.7658047493209564,0.3100421565456955,/kaggle/input/datasets/hintrngia/locked-resnet-xai-inputs/R-P/ResNet50/seed_2024/best_checkpoint.pt,E04_XAI_R_P_ResNet50,R,P
E04_XAI_R_P_ResNet50,R-P,ResNet50,2024,34,normal,E-845A5BC2008587BFFF60937F.jpeg,0,0.9099751936410276,0.6220703125,1,0,0.6993720197762008,0.6993719935417175,0.3625030517578125,1.929285881552936,0.696471871333525,0.6964718699455261,1.9212855394079171,1,1,207,207,208,210,0.9530798505691516,0.9267702409218986,0.9254230043872508,0.9332297674814614,0.0001072768197102,0.0086493021104113,-0.1728021552242406,-0.041118879095687,/kaggle/input/datasets/hintrngia/locked-resnet-xai-inputs/R-P/ResNet50/seed_2024/best_checkpoint.pt,E04_XAI_R_P_ResNet50,R,P
E04_XAI_R_P_ResNet50,R-P,ResNet50,2024,35,normal,E-8BB569A271B438E1FF7419AA.jpeg,0,0.6031031787550293,0.6220703125,0,1,0.6842223655215579,0.6842223405838013,0.3291015625,2.079061431139689,0.70433073429812,0.7043307423591614,2.1401622312204003,1,1,111,79,82,79,0.1279893481716155,0.1511436939983402,0.1134346897816564,0.1564697042376344,0.0004196404551827,0.0010764020824249,-0.1157742714127076,-0.0442181374596377,/kaggle/input/datasets/hintrngia/locked-resnet-xai-inputs/R-P/ResNet50/seed_2024/best_checkpoint.pt,E04_XAI_R_P_ResNet50,R,P
E04_XAI_R_P_ResNet50,R-P,ResNet50,2024,36,normal,E-8E65534102472D38A215B619.jpeg,0,0.3321635553903209,0.6220703125,0,1,0.8058914981671095,0.8058915138244629,0.4018096923828125,2.00565470033341,0.8230933818121033,0.8230933547019958,2.048465722494133,1,0,80,79,74,30,0.2589752380804518,0.5398779068207036,0.2422699398038761,0.5812469480232861,0.0001009973608789,0.0016875127847642,0.0663028160732107,0.1505449608619911,/kaggle/input/datasets/hintrngia/locked-resnet-xai-inputs/R-P/ResNet50/seed_2024/best_checkpoint.pt,E04_XAI_R_P_ResNet50,R,P
E04_XAI_R_P_ResNet50,R-P,ResNet50,2024,37,normal,E-91CCC5E035FBDB0CCBB30E2A.jpeg,0,0.0373076757884068,0.6220703125,0,1,0.8113375097821356,0.8113375306129456,0.4178619384765625,1.9416401329589936,0.8540926010547477,0.8540925979614258,2.0439588352281888,1,1,80,79,66,186,0.6086665248254801,0.8131328622959575,0.5523159703276119,0.8671017816370057,1.725074604241872e-05,0.0011265271079177,0.0649626989170098,0.5273355809446693,/kaggle/input/datasets/hintrngia/locked-resnet-xai-inputs/R-P/ResNet50/seed_2024/best_checkpoint.pt,E04_XAI_R_P_ResNet50,R,P
E04_XAI_R_P_ResNet50,R-P,ResNet50,2024,38,normal,E-91CD2D4F539A3D56107014E7.jpeg,0,0.8152318788365505,0.6220703125,1,0,0.8006792967036999,0.8006793260574341,0.376434326171875,2.1270092577532904,0.797474926511299,0.7974749207496643,2.118496829503222,1,1,176,144,175,128,0.9236135726422982,0.9433423383160688,0.9178674413253486,0.9415122342422853,0.000723660205145,0.0042833532100609,0.8705815353820947,0.5458178598190173,/kaggle/input/datasets/hintrngia/locked-resnet-xai-inputs/R-P/ResNet50/seed_2024/best_checkpoint.pt,E04_XAI_R_P_ResNet50,R,P
E04_XAI_R_P_ResNet50,R-P,ResNet50,2024,39,normal,E-93DEE19500CF7BC746908FEA.jpeg,0,0.2728208954021283,0.6220703125,0,1,0.8216884360751429,0.8216884136199951,0.3555908203125,2.310769539419008,0.9024130001326428,0.902413010597229,2.53778485996794,1,1,79,175,77,179,0.314699290738187,0.5058631975846916,0.2236293340428197,0.5330941787172723,8.784567847663904e-05,0.0012743881439691,0.9663147031665716,0.9544098399646038,/kaggle/input/datasets/hintrngia/locked-resnet-xai-inputs/R-P/ResNet50/seed_2024/best_checkpoint.pt,E04_XAI_R_P_ResNet50,R,P
E04_XAI_R_P_ResNet50,R-P,ResNet50,2024,40,normal,E-9A48264C99FDAC90E29908DD.jpeg,0,0.9906290316133448,0.6220703125,1,0,0.784300792357297,0.7843008041381836,0.3754425048828125,2.0890037280198257,0.8276288098181286,0.8276287913322449,2.2044089282764023,1,1,176,175,208,159,0.9879204115411456,0.96736875590312,0.9839945556363554,0.976035505804046,2.089063856902662e-05,0.005375094995404,-0.112839095989501,-0.0575835588102842,/kaggle/input/datasets/hintrngia/locked-resnet-xai-inputs/R-P/ResNet50/seed_2024/best_checkpoint.pt,E04_XAI_R_P_ResNet50,R,P
E04_XAI_R_P_ResNet50,R-P,ResNet50,2024,41,normal,E-A5B76F5465A7745EBBAE1D8D.jpeg,0,0.7146139675579791,0.6220703125,1,0,0.800144098393351,0.8001440763473511,0.36846923828125,2.171535681311357,0.8088121553573189,0.808812141418457,2.195060187738001,1,1,79,143,66,155,0.7721205851861122,0.880834645161155,0.7592742853123988,0.8696848719753943,0.0010376100080439,0.000870832951906,-0.0081172939469294,0.0782095509325673,/kaggle/input/datasets/hintrngia/locked-resnet-xai-inputs/R-P/ResNet50/seed_2024/best_checkpoint.pt,E04_XAI_R_P_ResNet50,R,P
E04_XAI_R_P_ResNet50,R-P,ResNet50,2024,42,normal,E-A92185A886C303721C499620.jpeg,0,0.9399720841362242,0.6220703125,1,0,0.8219757553151371,0.8219757676124573,0.4248199462890625,1.93488032399457,0.808036131285803,0.8080361485481262,1.902067307206867,1,1,176,143,170,123,0.9666884645958528,0.9749584637185784,0.9749185954373026,0.9697556431372516,0.0005151254177929,0.0003147164787138,0.0019850784200758,0.0861539391805406,/kaggle/input/datasets/hintrngia/locked-resnet-xai-inputs/R-P/ResNet50/seed_2024/best_checkpoint.pt,E04_XAI_R_P_ResNet50,R,P
E04_XAI_R_P_ResNet50,R-P,ResNet50,2024,43,normal,E-B1906A980682154F21AC8637.jpeg,0,0.0858080343708177,0.6220703125,0,1,0.8060976368849208,0.8060976266860962,0.37506103515625,2.149243886529299,0.8489591811888415,0.84895920753479,2.2635227379329503,1,1,80,80,46,203,0.3684057850081366,0.6100618496828074,0.3200528662520142,0.6704545589307351,0.0005359255044339,0.000761220506621,0.0256624206168408,0.222552105648629,/kaggle/input/datasets/hintrngia/locked-resnet-xai-inputs/R-P/ResNet50/seed_2024/best_checkpoint.pt,E04_XAI_R_P_ResNet50,R,P
E04_XAI_R_P_ResNet50,R-P,ResNet50,2024,44,normal,E-B701F1D8C0C0617522833A87.jpeg,0,0.0657143614332012,0.6220703125,0,1,0.7255275629162106,0.7255275845527649,0.2968597412109375,2.444007934375573,0.7835744491700045,0.7835744619369507,2.639544338257796,1,1,80,80,98,66,0.5459440702263607,0.657853339351001,0.5029869740198482,0.7356951979909027,0.0001409573056203,0.0009352942102276,0.0483305265868301,0.2649941902189193,/kaggle/input/datasets/hintrngia/locked-resnet-xai-inputs/R-P/ResNet50/seed_2024/best_checkpoint.pt,E04_XAI_R_P_ResNet50,R,P
E04_XAI_R_P_ResNet50,R-P,ResNet50,2024,45,normal,E-B80945974BB38152A2ADE2AF.jpeg,0,0.0151640119958883,0.6220703125,0,1,0.73656513618344,0.736565113067627,0.287933349609375,2.55810984445776,0.8785227477621078,0.8785227537155151,3.05113231570416,1,1,111,80,107,179,0.689543044462943,0.9298768803022752,0.6432095726627503,0.9422375839273384,0.000141406629176,0.0005513366657499,0.9205548763635318,0.9311397243670536,/kaggle/input/datasets/hintrngia/locked-resnet-xai-inputs/R-P/ResNet50/seed_2024/best_checkpoint.pt,E04_XAI_R_P_ResNet50,R,P
E04_XAI_R_P_ResNet50,R-P,ResNet50,2024,46,normal,E-BB74E7A26CC5772AE8204932.jpeg,0,0.9483840462402764,0.6220703125,1,0,0.7741099096731987,0.7741098999977112,0.396759033203125,1.9510832643774612,0.8120828883126823,0.8120828866958618,2.046791176388737,1,1,175,112,195,159,0.9539661861950348,0.9545636269163208,0.939453423412213,0.9647801877486576,0.0008694018787485,0.0065317869216566,0.9487283159977492,0.5833311222412481,/kaggle/input/datasets/hintrngia/locked-resnet-xai-inputs/R-P/ResNet50/seed_2024/best_checkpoint.pt,E04_XAI_R_P_ResNet50,R,P
E04_XAI_R_P_ResNet50,R-P,ResNet50,2024,47,normal,E-BB96C349B18A4710DE07EC01.jpeg,0,0.4322901000874696,0.6220703125,0,1,0.7869255947926737,0.7869256138801575,0.3329010009765625,2.36384268141049,0.8396076242308493,0.8396075963973999,2.5220940212491607,1,1,176,79,79,80,0.1510207217706251,0.3919531443109954,0.1192385360009913,0.4592156538326317,0.0006314441240562,0.0035953540203811,0.9576791490190424,0.9665126563062972,/kaggle/input/datasets/hintrngia/locked-resnet-xai-inputs/R-P/ResNet50/seed_2024/best_checkpoint.pt,E04_XAI_R_P_ResNet50,R,P
E04_XAI_R_P_ResNet50,R-P,ResNet50,2024,48,normal,E-BCDF7BD5461E233F18CDF83C.jpeg,0,0.032287534615508,0.6220703125,0,1,0.755919653859791,0.7559196352958679,0.2940521240234375,2.5706995192442146,0.8354713453539814,0.8354713320732117,2.841235539884724,1,1,111,80,111,91,0.4603061851975433,0.8500474435716745,0.4202994728653157,0.9003703007458645,0.0004300660160039,0.0012250845690477,-0.1303985804417654,-0.0247740928701475,/kaggle/input/datasets/hintrngia/locked-resnet-xai-inputs/R-P/ResNet50/seed_2024/best_checkpoint.pt,E04_XAI_R_P_ResNet50,R,P
E04_XAI_R_P_ResNet50,R-P,ResNet50,2024,49,normal,E-BF6060CF2B5D86362B50F1EF.jpeg,0,0.1055075619354148,0.6220703125,0,1,0.7684893171481563,0.7684893012046814,0.3540191650390625,2.170756255705425,0.8310974562385117,0.8310974836349487,2.3476058313024053,1,1,80,80,177,188,0.4990568627618738,0.6738606665460466,0.4250887189999668,0.7126425287578162,0.000703648988519,0.0010522785465468,0.399606433040803,0.7790235449556567,/kaggle/input/datasets/hintrngia/locked-resnet-xai-inputs/R-P/ResNet50/seed_2024/best_checkpoint.pt,E04_XAI_R_P_ResNet50,R,P
E04_XAI_R_P_ResNet50,R-P,ResNet50,2024,50,normal,E-C7B56CF9C42EB131FD94EA3C.jpeg,0,0.9704455816219706,0.6220703125,1,0,0.7562848453116165,0.7562848329544067,0.32830810546875,2.303582618625307,0.7846939833540948,0.7846939563751221,2.390114560935767,1,1,79,143,208,176,0.9656184748804858,0.9603116913604858,0.9372568206861102,0.9773366481390524,0.0005696279057706,0.0017762539721856,-0.1130690565486576,-0.0566389565162358,/kaggle/input/datasets/hintrngia/locked-resnet-xai-inputs/R-P/ResNet50/seed_2024/best_checkpoint.pt,E04_XAI_R_P_ResNet50,R,P
E04_XAI_R_P_ResNet50,R-P,ResNet50,2024,51,normal,E-D31B79C24E008C43E1511E9D.jpeg,0,0.025740049377457,0.6220703125,0,1,0.7650165433413849,0.7650165557861328,0.29034423828125,2.634860425920801,0.8502018809788875,0.8502019047737122,2.928254702114377,1,1,111,80,79,182,0.8225223203500671,0.9101829735568084,0.7487142974619029,0.9306793053634784,2.856838149145613e-05,0.000459168428997,0.9384145496208464,0.8438763210589355,/kaggle/input/datasets/hintrngia/locked-resnet-xai-inputs/R-P/ResNet50/seed_2024/best_checkpoint.pt,E04_XAI_R_P_ResNet50,R,P
E04_XAI_R_P_ResNet50,R-P,ResNet50,2024,52,normal,E-E13640D767DD410F37B990A9.jpeg,0,0.3778306499405349,0.6220703125,0,1,0.77575763683769,0.7757576107978821,0.3385162353515625,2.2916408603919245,0.8763667547931451,0.8763667345046997,2.5888470426920693,1,1,79,175,66,187,0.3255096158202266,0.4016437899173555,0.301562637299305,0.4201371793593894,0.0004148607866542,0.0011403624397881,0.9285065090870052,0.974556889951778,/kaggle/input/datasets/hintrngia/locked-resnet-xai-inputs/R-P/ResNet50/seed_2024/best_checkpoint.pt,E04_XAI_R_P_ResNet50,R,P
E04_XAI_R_P_ResNet50,R-P,ResNet50,2024,53,normal,E-E2352C479C37BA410D3419C8.jpeg,0,0.0976258878565503,0.6220703125,0,1,0.8597812825802444,0.8597812652587891,0.460540771484375,1.8668950412556788,0.917105640318237,0.9171056151390076,1.9913668823767805,1,1,80,80,50,206,0.391773578503674,0.7219944374675745,0.3328748524218315,0.7977842982651521,0.0008970417951804,0.0010012677672078,0.1240922490322419,0.1786763040254047,/kaggle/input/datasets/hintrngia/locked-resnet-xai-inputs/R-P/ResNet50/seed_2024/best_checkpoint.pt,E04_XAI_R_P_ResNet50,R,P
E04_XAI_R_P_ResNet50,R-P,ResNet50,2024,54,normal,E-E249A212D4F7D1C6D4206FBF.jpeg,0,0.1135354801623248,0.6220703125,0,1,0.8553623235370181,0.8553622961044312,0.44427490234375,1.925299671497528,0.888417830753695,0.8884178400039673,1.999702945331576,1,1,80,79,49,207,0.4239119614434886,0.6936066690917165,0.400913582626593,0.7395165255272999,0.0001146736801401,0.0002695483985512,0.9225727284475344,0.9466552427789312,/kaggle/input/datasets/hintrngia/locked-resnet-xai-inputs/R-P/ResNet50/seed_2024/best_checkpoint.pt,E04_XAI_R_P_ResNet50,R,P
E04_XAI_R_P_ResNet50,R-P,ResNet50,2024,55,normal,E-E2DD25AE8644A21D4C1655DA.jpeg,0,0.4890610803898275,0.6220703125,0,1,0.6938435264229896,0.6938435435295105,0.3409881591796875,2.034802405139708,0.7975327006748529,0.7975326776504517,2.338886788894579,1,1,80,79,82,80,0.1847501586938273,0.2842016003389266,0.15419491614919,0.3157276704147246,0.0005329570777105,0.0019155082945854,0.0092154230956675,0.216503422124869,/kaggle/input/datasets/hintrngia/locked-resnet-xai-inputs/R-P/ResNet50/seed_2024/best_checkpoint.pt,E04_XAI_R_P_ResNet50,R,P
E04_XAI_R_P_ResNet50,R-P,ResNet50,2024,56,normal,E-E35138A3EAFB63D43C970EAE.jpeg,0,0.4110216934654404,0.6220703125,0,1,0.8255249468303346,0.8255249261856079,0.4013519287109375,2.056860545012843,0.8925001923399276,0.8925002217292786,2.223734654039064,1,1,80,80,81,179,0.2026196978583426,0.3842054956745406,0.1885229493666257,0.4123389885428395,0.0009933834542666,0.0011891008646613,-0.2091076570742684,-0.0960038211713063,/kaggle/input/datasets/hintrngia/locked-resnet-xai-inputs/R-P/ResNet50/seed_2024/best_checkpoint.pt,E04_XAI_R_P_ResNet50,R,P
E04_XAI_R_P_ResNet50,R-P,ResNet50,2024,57,normal,E-EACE2F51FB2EF2E191B9BC55.jpeg,0,0.8283229200587721,0.6220703125,1,0,0.8208821742993357,0.8208822011947632,0.4419708251953125,1.8573220844081224,0.777951282635605,0.7779513001441956,1.7601869587021235,1,1,176,112,110,48,0.9104062722823084,0.933854433675105,0.925724918640171,0.9341621244032025,6.57629608196153e-05,0.0007310836464501,-0.1306383217919163,-0.0442918372750813,/kaggle/input/datasets/hintrngia/locked-resnet-xai-inputs/R-P/ResNet50/seed_2024/best_checkpoint.pt,E04_XAI_R_P_ResNet50,R,P
E04_XAI_R_P_ResNet50,R-P,ResNet50,2024,58,normal,E-ED70ACD6E494856AB99B813B.jpeg,0,0.9944305003859152,0.6220703125,1,0,0.7367191254262401,0.7367191314697266,0.3370513916015625,2.1857768393288093,0.7582062289267445,0.7582062482833862,2.24952706862887,1,1,207,175,208,177,0.9911295163808354,0.9851052456796948,0.9806823845759274,0.9935429541336726,0.0002236715583641,0.0034570516531465,0.0303448297864873,0.1162170435888949,/kaggle/input/datasets/hintrngia/locked-resnet-xai-inputs/R-P/ResNet50/seed_2024/best_checkpoint.pt,E04_XAI_R_P_ResNet50,R,P
E04_XAI_R_P_ResNet50,R-P,ResNet50,2024,59,normal,E-EE1CB872F9ABCF62B8C9A410.jpeg,0,0.112672160919217,0.6220703125,0,1,0.7124086828128973,0.7124086618423462,0.260040283203125,2.739608933037556,0.837344491346014,0.8373444676399231,3.2200568351632657,1,1,80,80,51,176,0.4202271584749264,0.7830747286544024,0.3643171383788873,0.7771310080488951,0.0005016067742313,0.0019383141481104,0.6060652852217281,0.7329155056599157,/kaggle/input/datasets/hintrngia/locked-resnet-xai-inputs/R-P/ResNet50/seed_2024/best_checkpoint.pt,E04_XAI_R_P_ResNet50,R,P
E04_XAI_R_P_ResNet50,R-P,ResNet50,2024,60,normal,E-EFAD2710B0F9E9CA19CFEDAD.jpeg,0,0.3907627976924193,0.6220703125,0,1,0.7796663465924563,0.7796663641929626,0.36236572265625,2.1516007112297126,0.7699166428178392,0.7699166536331177,2.124695010262334,1,1,80,80,79,77,0.1076465218515602,0.3414245056644515,0.0961941446767838,0.3910830883758248,0.0007053357350556,0.0028547296784866,0.0124485727331146,0.0361704873989363,/kaggle/input/datasets/hintrngia/locked-resnet-xai-inputs/R-P/ResNet50/seed_2024/best_checkpoint.pt,E04_XAI_R_P_ResNet50,R,P
E04_XAI_R_P_ResNet50,R-P,ResNet50,2024,61,normal,E-F32C5A7DA665488BF8EB2294.jpeg,0,0.6078760332959682,0.6220703125,0,1,0.7790173124298212,0.7790173292160034,0.3988037109375,1.9533853147918872,0.8641353237002408,0.8641353249549866,2.1668186629177755,1,1,80,79,67,201,0.1224753630365942,0.1384695121105814,0.1121753845466273,0.145467378548111,0.0015329672485576,0.0038427318316773,-0.1311288916055945,-0.038173937873212,/kaggle/input/datasets/hintrngia/locked-resnet-xai-inputs/R-P/ResNet50/seed_2024/best_checkpoint.pt,E04_XAI_R_P_ResNet50,R,P
E04_XAI_R_P_ResNet50,R-P,ResNet50,2024,62,normal,E-F57AB9616B464FB4687D409D.jpeg,0,0.135931032301698,0.6220703125,0,1,0.8211030821547678,0.8211030960083008,0.43695068359375,1.879166489457147,0.83914745286221,0.8391474485397339,1.9204626159651417,1,1,79,79,86,203,0.3715419465917733,0.5113643671013727,0.3535953554264878,0.5898695235856292,0.0002750641390528,0.0009387735384176,0.9565248445846504,0.976977891354634,/kaggle/input/datasets/hintrngia/locked-resnet-xai-inputs/R-P/ResNet50/seed_2024/best_checkpoint.pt,E04_XAI_R_P_ResNet50,R,P
E04_XAI_R_P_ResNet50,R-P,ResNet50,2024,63,normal,E-F803B5977A560D3CAEE3206F.jpeg,0,0.4729012566592308,0.6220703125,0,1,0.7861337080038521,0.7861337065696716,0.3428192138671875,2.293143663494924,0.8929788673631387,0.892978847026825,2.604809856745923,1,1,79,175,58,191,0.3952438843329947,0.367056776350283,0.4031611357521809,0.3623505085153766,0.0001782720848678,0.0002961754523553,-0.094431785221431,-0.0131718750822187,/kaggle/input/datasets/hintrngia/locked-resnet-xai-inputs/R-P/ResNet50/seed_2024/best_checkpoint.pt,E04_XAI_R_P_ResNet50,R,P
E04_XAI_R_P_ResNet50,R-P,ResNet50,2024,64,pneumonia,E-018B83433C4DD934AA5C8B2B.jpeg,1,0.9993924196699632,0.6220703125,1,1,0.7918480082752384,0.7918480038642883,0.3726043701171875,2.1251710172540244,0.8462964578759334,0.8462964296340942,2.2713004080165926,1,1,176,112,203,152,0.99894712256525,0.997842979730738,0.9986240837601424,0.998537382821848,7.57980703082195e-05,0.0015710940214466,0.2457057234894793,0.5283234867490926,/kaggle/input/datasets/hintrngia/locked-resnet-xai-inputs/R-P/ResNet50/seed_2024/best_checkpoint.pt,E04_XAI_R_P_ResNet50,R,P
E04_XAI_R_P_ResNet50,R-P,ResNet50,2024,65,pneumonia,E-01E4EA18817F6CBD784D8ACE.jpeg,1,0.984931179643681,0.6220703125,1,1,0.7681989562350771,0.7681989669799805,0.355072021484375,2.1635017961247103,0.7937136593229933,0.7937136888504028,2.2353596208591187,1,1,175,112,201,151,0.986954344806461,0.9877924726180254,0.9856726895539292,0.9906643174286954,0.0002227620183569,0.0001671995606952,0.9242338239872124,0.8331619414093003,/kaggle/input/datasets/hintrngia/locked-resnet-xai-inputs/R-P/ResNet50/seed_2024/best_checkpoint.pt,E04_XAI_R_P_ResNet50,R,P
E04_XAI_R_P_ResNet50,R-P,ResNet50,2024,66,pneumonia,E-0981A556ADE7F427711A3360.jpeg,1,0.977971223754354,0.6220703125,1,1,0.7743974510290329,0.7743974328041077,0.315826416015625,2.4519717533403567,0.8033635681278877,0.803363561630249,2.5436870615919047,1,1,175,112,207,161,0.9859003664965148,0.971193582104365,0.976385153775621,0.9873852183099696,0.0003641244860179,0.0012428453990357,0.3224099795419776,0.8185544995624546,/kaggle/input/datasets/hintrngia/locked-resnet-xai-inputs/R-P/ResNet50/seed_2024/best_checkpoint.pt,E04_XAI_R_P_ResNet50,R,P
E04_XAI_R_P_ResNet50,R-P,ResNet50,2024,67,pneumonia,E-0B7E667233F7AB135F8A84DD.jpeg,1,0.9989474304567136,0.6220703125,1,1,0.8153398208410697,0.8153398036956787,0.3825225830078125,2.131481530920274,0.853670154871662,0.8536701798439026,2.231685638424717,1,1,175,175,80,111,0.9979911593380484,0.9980997998341686,0.9977143265567036,0.9985550677069316,0.0004084464395768,0.0015144174172661,0.9858095176942,0.7805990950867047,/kaggle/input/datasets/hintrngia/locked-resnet-xai-inputs/R-P/ResNet50/seed_2024/best_checkpoint.pt,E04_XAI_R_P_ResNet50,R,P
E04_XAI_R_P_ResNet50,R-P,ResNet50,2024,68,pneumonia,E-122745006C7E29B76E58625B.jpeg,1,0.9830612349582936,0.6220703125,1,1,0.7594352876382182,0.7594352960586548,0.3352813720703125,2.2650685391461463,0.8675260006696773,0.8675259947776794,2.5874566049191268,1,1,79,143,79,163,0.9821114313918388,0.9807571270569304,0.9862195818487998,0.9852851422596992,0.00014434176898,0.0005300446421691,0.6337591696675514,0.8380976302819573,/kaggle/input/datasets/hintrngia/locked-resnet-xai-inputs/R-P/ResNet50/seed_2024/best_checkpoint.pt,E04_XAI_R_P_ResNet50,R,P
E04_XAI_R_P_ResNet50,R-P,ResNet50,2024,69,pneumonia,E-1265B89238C345234A9C993B.jpeg,1,0.9937355557237226,0.6220703125,1,1,0.7732736525078834,0.7732736468315125,0.3254241943359375,2.37620209550132,0.813506818683255,0.8135068416595459,2.499835085535978,1,1,207,144,203,135,0.9907719929580464,0.992577533728114,0.9898368093013376,0.9954806992022598,0.0001412852704436,0.0005393804147322,0.861115529426197,0.9438982225871868,/kaggle/input/datasets/hintrngia/locked-resnet-xai-inputs/R-P/ResNet50/seed_2024/best_checkpoint.pt,E04_XAI_R_P_ResNet50,R,P
E04_XAI_R_P_ResNet50,R-P,ResNet50,2024,70,pneumonia,E-1777E855F7110F5A72B38BC0.jpeg,1,0.9968453864390572,0.6220703125,1,1,0.6751172686434055,0.6751172542572021,0.3238525390625,2.08464405002894,0.6721256869664616,0.6721256971359253,2.0754065690272347,1,1,143,112,162,131,0.9947864173820145,0.992692363023746,0.9930203345852424,0.995259691670789,0.0002904909673761,0.0084574605208588,0.8870505432675547,0.8964143961663165,/kaggle/input/datasets/hintrngia/locked-resnet-xai-inputs/R-P/ResNet50/seed_2024/best_checkpoint.pt,E04_XAI_R_P_ResNet50,R,P
E04_XAI_R_P_ResNet50,R-P,ResNet50,2024,71,pneumonia,E-198E88DB173F06A1227B639B.jpeg,1,0.9932156515767196,0.6220703125,1,1,0.6718941540087091,0.6718941330909729,0.256744384765625,2.616977016350574,0.685915377071092,0.6859153509140015,2.6715886218787044,1,0,175,112,206,145,0.9958487829887044,0.9933402127894408,0.9953096344049056,0.994404411954428,0.0005783964670953,0.001428903595216,-0.1280443664025227,-0.0574607693135318,/kaggle/input/datasets/hintrngia/locked-resnet-xai-inputs/R-P/ResNet50/seed_2024/best_checkpoint.pt,E04_XAI_R_P_ResNet50,R,P
E04_XAI_R_P_ResNet50,R-P,ResNet50,2024,72,pneumonia,E-1A06E979246F3D9634B22BF8.jpeg,1,0.9991958577452664,0.6220703125,1,1,0.7116167609612009,0.7116167545318604,0.303802490234375,2.3423664513487323,0.8184550690849827,0.8184550404548645,2.6940367356882686,1,1,175,175,159,159,0.9974250949347928,0.9979443888407278,0.9968404224650276,0.9982413131288216,0.0004069017857963,0.001859448687483,0.4969697036214001,0.5458628088786274,/kaggle/input/datasets/hintrngia/locked-resnet-xai-inputs/R-P/ResNet50/seed_2024/best_checkpoint.pt,E04_XAI_R_P_ResNet50,R,P
E04_XAI_R_P_ResNet50,R-P,ResNet50,2024,73,pneumonia,E-220D81ED5B8FE3B14418B9F7.jpeg,1,0.9943626747579112,0.6220703125,1,1,0.6790905060054043,0.6790904998779297,0.2836456298828125,2.394151132474591,0.7619276878471967,0.7619276642799377,2.6861957582846783,1,1,176,143,202,155,0.9883415279668326,0.9809683975380006,0.9721284394786474,0.9911585774095278,0.000620691640085,0.0041600910422207,0.8791503878695732,0.7487469155631222,/kaggle/input/datasets/hintrngia/locked-resnet-xai-inputs/R-P/ResNet50/seed_2024/best_checkpoint.pt,E04_XAI_R_P_ResNet50,R,P
E04_XAI_R_P_ResNet50,R-P,ResNet50,2024,74,pneumonia,E-227257A6740CF45FAF02E456.jpeg,1,0.9904506000505316,0.6220703125,1,1,0.8155379254209382,0.8155379295349121,0.381500244140625,2.1377127221976884,0.8499298191722419,0.8499298095703125,2.227861796227184,1,1,176,143,198,191,0.988074327988578,0.9853746845623458,0.9875674021298892,0.9912913424116144,3.207613833788869e-05,0.0041889242465869,0.9329145746327664,0.7584142561249148,/kaggle/input/datasets/hintrngia/locked-resnet-xai-inputs/R-P/ResNet50/seed_2024/best_checkpoint.pt,E04_XAI_R_P_ResNet50,R,P
E04_XAI_R_P_ResNet50,R-P,ResNet50,2024,75,pneumonia,E-2C0709EBA6450DCFB3BBB340.jpeg,1,0.9975796550026824,0.6220703125,1,1,0.7249834842674597,0.7249835133552551,0.3762359619140625,1.926938298452863,0.7703877899681533,0.7703877687454224,2.047618696652184,1,1,176,143,95,63,0.995515501218652,0.9902862652099262,0.9934940837222844,0.99439663571656,0.0004088134777847,0.0040439899986285,0.9352286957907135,0.9117689721201896,/kaggle/input/datasets/hintrngia/locked-resnet-xai-inputs/R-P/ResNet50/seed_2024/best_checkpoint.pt,E04_XAI_R_P_ResNet50,R,P
E04_XAI_R_P_ResNet50,R-P,ResNet50,2024,76,pneumonia,E-30421FA65AB177DCD15E84C4.jpeg,1,0.9998867768504398,0.6220703125,1,1,0.7910107622400311,0.7910107374191284,0.41265869140625,1.91686441776966,0.8012525147370141,0.801252543926239,1.9416833606642865,1,1,176,143,210,143,0.9997810966451676,0.9996641558958372,0.99970094169769,0.999705663225217,0.0003254756081657,0.0025223978917203,0.8009857817289017,0.579240132003108,/kaggle/input/datasets/hintrngia/locked-resnet-xai-inputs/R-P/ResNet50/seed_2024/best_checkpoint.pt,E04_XAI_R_P_ResNet50,R,P
E04_XAI_R_P_ResNet50,R-P,ResNet50,2024,77,pneumonia,E-386D019ED9E9E8244987AC20.jpeg,1,0.9993811760099572,0.6220703125,1,1,0.7571546374147692,0.757154643535614,0.3555145263671875,2.129743178574802,0.871441695618719,0.8714417219161987,2.4512126256091835,1,1,207,144,158,127,0.9982908525543046,0.9968400739547172,0.9974039307423078,0.9981586598447664,0.0009016771576106,0.0021747932220841,0.8571628650550525,0.8091773377357517,/kaggle/input/datasets/hintrngia/locked-resnet-xai-inputs/R-P/ResNet50/seed_2024/best_checkpoint.pt,E04_XAI_R_P_ResNet50,R,P
E04_XAI_R_P_ResNet50,R-P,ResNet50,2024,78,pneumonia,E-3AC987E53985CBAF71C33ABC.jpeg,1,0.9958098267801678,0.6220703125,1,1,0.7977814250547485,0.7977814078330994,0.4218597412109375,1.8911058513541432,0.8542718643004737,0.8542718887329102,2.02501395807125,1,1,176,143,159,127,0.993302782527005,0.9747098484202776,0.992008278576674,0.9852791240388528,3.849244244524819e-05,0.003897285959334,-0.2188500633359942,-0.0889173703818151,/kaggle/input/datasets/hintrngia/locked-resnet-xai-inputs/R-P/ResNet50/seed_2024/best_checkpoint.pt,E04_XAI_R_P_ResNet50,R,P
E04_XAI_R_P_ResNet50,R-P,ResNet50,2024,79,pneumonia,E-3EB4BE73D28C1518A6A12685.jpeg,1,0.9989350601549832,0.6220703125,1,1,0.8002486534748428,0.8002486824989319,0.40576171875,1.9722132879861347,0.8052222818477488,0.8052222728729248,1.984470798103718,1,1,176,112,191,131,0.9982586027720688,0.9948426479479152,0.9981849469408276,0.9971017451554248,0.0003401620037104,0.000602331498208,0.9622737767808088,0.8390509144131241,/kaggle/input/datasets/hintrngia/locked-resnet-xai-inputs/R-P/ResNet50/seed_2024/best_checkpoint.pt,E04_XAI_R_P_ResNet50,R,P
E04_XAI_R_P_ResNet50,R-P,ResNet50,2024,80,pneumonia,E-401B5DEDAD367F085127D1DA.jpeg,1,0.9476784262220226,0.6220703125,1,1,0.8094064981533882,0.8094065189361572,0.364349365234375,2.2215120304456173,0.8858754846195364,0.8858754634857178,2.431390223637907,1,1,79,111,65,95,0.9628362024932244,0.9752635538142158,0.9723488431692018,0.9790032367784788,5.291900043213893e-05,0.0010451994596151,0.8431497426102496,0.7250340754802966,/kaggle/input/datasets/hintrngia/locked-resnet-xai-inputs/R-P/ResNet50/seed_2024/best_checkpoint.pt,E04_XAI_R_P_ResNet50,R,P
E04_XAI_R_P_ResNet50,R-P,ResNet50,2024,81,pneumonia,E-4329094918EDAAADE18246AB.jpeg,1,0.9998721629507088,0.6220703125,1,1,0.7980819542221123,0.7980819344520569,0.4228057861328125,1.8875852232812569,0.8696403253284448,0.8696403503417969,2.0568316561667674,1,1,207,144,209,146,0.999834216403312,0.9996890708950936,0.9997426266062585,0.9997285397950856,0.0003982728432654,0.0018723158716803,0.988980552750749,0.6665078220266035,/kaggle/input/datasets/hintrngia/locked-resnet-xai-inputs/R-P/ResNet50/seed_2024/best_checkpoint.pt,E04_XAI_R_P_ResNet50,R,P
E04_XAI_R_P_ResNet50,R-P,ResNet50,2024,82,pneumonia,E-443A80FA1DE791815F946FF9.jpeg,1,0.9791370099079668,0.6220703125,1,1,0.7324344914850687,0.7324345111846924,0.309112548828125,2.369475112743877,0.7904495653196858,0.7904495596885681,2.5571578000192976,1,1,111,112,94,131,0.9890523364962328,0.9886180627978638,0.9878951787733564,0.9912100927501082,6.430288440928411e-05,0.002753608814223,0.97583594618518,0.4747940009682089,/kaggle/input/datasets/hintrngia/locked-resnet-xai-inputs/R-P/ResNet50/seed_2024/best_checkpoint.pt,E04_XAI_R_P_ResNet50,R,P
E04_XAI_R_P_ResNet50,R-P,ResNet50,2024,83,pneumonia,E-4B97630FB65DE326125E1DE1.jpeg,1,0.9951248437694992,0.6220703125,1,1,0.7914031178673808,0.7914031147956848,0.3383941650390625,2.338702021578963,0.8583402544472535,0.8583402633666992,2.5365102094717598,1,1,175,176,182,179,0.9956918885706332,0.9943507926272872,0.9952922598111302,0.9952559043505936,0.0002869586177804,0.0007148961785996,0.9259234575485948,0.8141170916913045,/kaggle/input/datasets/hintrngia/locked-resnet-xai-inputs/R-P/ResNet50/seed_2024/best_checkpoint.pt,E04_XAI_R_P_ResNet50,R,P
E04_XAI_R_P_ResNet50,R-P,ResNet50,2024,84,pneumonia,E-55F059ED3BB72FAD418A344C.jpeg,1,0.9869640403507548,0.6220703125,1,1,0.7850008757334267,0.7850008606910706,0.3324737548828125,2.3610912566921773,0.8177806561792432,0.8177806735038757,2.45968484480072,1,1,207,176,207,162,0.9871229357334006,0.9607067743520028,0.9803161599315178,0.9712057695601132,0.0003219097772183,0.0001776116245805,0.7637574484599903,0.5154744010990531,/kaggle/input/datasets/hintrngia/locked-resnet-xai-inputs/R-P/ResNet50/seed_2024/best_checkpoint.pt,E04_XAI_R_P_ResNet50,R,P
E04_XAI_R_P_ResNet50,R-P,ResNet50,2024,85,pneumonia,E-6060B7AB38566FD26078DE5E.jpeg,1,0.9952262413623564,0.6220703125,1,1,0.7352038032363267,0.7352038025856018,0.271087646484375,2.712052034723399,0.8099546917678407,0.8099547028541565,2.987796390841901,1,1,111,112,165,133,0.9960625758807462,0.9914724927916668,0.994734576793393,0.9949480533964644,0.0003868313994256,0.0057216891621709,-0.1052279807615112,-0.0226042570624228,/kaggle/input/datasets/hintrngia/locked-resnet-xai-inputs/R-P/ResNet50/seed_2024/best_checkpoint.pt,E04_XAI_R_P_ResNet50,R,P
E04_XAI_R_P_ResNet50,R-P,ResNet50,2024,86,pneumonia,E-638A63581494A3F6A20C2D9C.jpeg,1,0.9860752205710672,0.6220703125,1,1,0.6930019974560904,0.6930019855499268,0.312408447265625,2.2182562716265672,0.7414917019516231,0.7414916753768921,2.3734687984322345,0,1,143,111,79,138,0.9861443089792772,0.987226697937009,0.9822352875496928,0.9886588344023848,0.0005630155804802,4.426507637333987e-05,0.946830876671135,0.8176318619871161,/kaggle/input/datasets/hintrngia/locked-resnet-xai-inputs/R-P/ResNet50/seed_2024/best_checkpoint.pt,E04_XAI_R_P_ResNet50,R,P
E04_XAI_R_P_ResNet50,R-P,ResNet50,2024,87,pneumonia,E-63AE2F3741553AC167D0B283.jpeg,1,0.9995142683052411,0.6220703125,1,1,0.7990319103488939,0.7990319132804871,0.3596954345703125,2.2214124327249443,0.8945630296331785,0.8945630192756653,2.4870013451847446,1,1,176,143,95,125,0.9990800375425088,0.9974179400405944,0.9989814289010024,0.998240182447302,0.0004771771658671,0.0005448828470413,-0.1079928804753933,-0.001347784202305,/kaggle/input/datasets/hintrngia/locked-resnet-xai-inputs/R-P/ResNet50/seed_2024/best_checkpoint.pt,E04_XAI_R_P_ResNet50,R,P
E04_XAI_R_P_ResNet50,R-P,ResNet50,2024,88,pneumonia,E-63E40A6B7E9FE7A4F927B234.jpeg,1,0.9982991828640876,0.6220703125,1,1,0.7724790414294624,0.7724790573120117,0.3593597412109375,2.149598168193336,0.8187527649378196,0.8187527656555176,2.278365300962377,1,1,176,144,206,146,0.9957207161296882,0.989341351968238,0.988345077139855,0.99128447527848,0.0001942561749356,0.0020462074171893,-0.1951242860554155,-0.0724473352354351,/kaggle/input/datasets/hintrngia/locked-resnet-xai-inputs/R-P/ResNet50/seed_2024/best_checkpoint.pt,E04_XAI_R_P_ResNet50,R,P
E04_XAI_R_P_ResNet50,R-P,ResNet50,2024,89,pneumonia,E-6C94FB136A3DC9D9B1FE1032.jpeg,1,0.9906606065203184,0.6220703125,1,1,0.768013016679977,0.7680130004882812,0.3358001708984375,2.2871132394755747,0.8642884322551906,0.8642884492874146,2.5738177260088237,1,1,144,112,203,186,0.9896051705677724,0.9802360811598372,0.9823935584627892,0.989139124845734,0.0014359090155333,0.0020719717621688,0.6450922741836095,0.63423502228655,/kaggle/input/datasets/hintrngia/locked-resnet-xai-inputs/R-P/ResNet50/seed_2024/best_checkpoint.pt,E04_XAI_R_P_ResNet50,R,P
E04_XAI_R_P_ResNet50,R-P,ResNet50,2024,90,pneumonia,E-6EBA6C5A4DF4C84E483A5386.jpeg,1,0.999142619490996,0.6220703125,1,1,0.7035405844928854,0.703540563583374,0.3423919677734375,2.054781217760405,0.7042741832055247,0.7042741775512695,2.056923787626778,1,1,175,112,210,176,0.998354172167035,0.9985658420257492,0.9983440926749224,0.9988358954323576,0.0002295386457273,0.0024229408867098,0.993788795315624,0.4333743759422052,/kaggle/input/datasets/hintrngia/locked-resnet-xai-inputs/R-P/ResNet50/seed_2024/best_checkpoint.pt,E04_XAI_R_P_ResNet50,R,P
E04_XAI_R_P_ResNet50,R-P,ResNet50,2024,91,pneumonia,E-73D66A02A1612F6E79C3F7EC.jpeg,1,0.999182753918996,0.6220703125,1,1,0.762825181713864,0.7628251910209656,0.3591766357421875,2.1238162669951905,0.8569927302664185,0.8569927215576172,2.3859924198453637,1,1,176,175,199,157,0.998557197463054,0.9987004797770088,0.9984795336258784,0.9989199973418575,6.735646620648073e-05,0.0006975979385384,-0.0824953013642418,-0.0236093612446488,/kaggle/input/datasets/hintrngia/locked-resnet-xai-inputs/R-P/ResNet50/seed_2024/best_checkpoint.pt,E04_XAI_R_P_ResNet50,R,P
E04_XAI_R_P_ResNet50,R-P,ResNet50,2024,92,pneumonia,E-7725ED8C0E93C0BF91B23FCE.jpeg,1,0.9995279474204124,0.6220703125,1,1,0.7912130655073395,0.7912130951881409,0.38677978515625,2.0456422384838646,0.853306230690698,0.853306233882904,2.2061810452321917,1,1,207,143,209,123,0.998282212757135,0.9977716403767146,0.9978612720151264,0.9985686979325878,9.125901274353863e-05,0.0010547603195997,0.5983216929845977,0.4374311122743812,/kaggle/input/datasets/hintrngia/locked-resnet-xai-inputs/R-P/ResNet50/seed_2024/best_checkpoint.pt,E04_XAI_R_P_ResNet50,R,P
E04_XAI_R_P_ResNet50,R-P,ResNet50,2024,93,pneumonia,E-77D4D0C371CD4C8665643C00.jpeg,1,0.9889498670837982,0.6220703125,1,1,0.6724801941712538,0.6724801659584045,0.29443359375,2.2839791669365304,0.6946825320889606,0.6946825385093689,2.3593861123021416,1,1,144,175,167,158,0.9906182869945328,0.9790944806870212,0.9901503235110332,0.9895796779380358,2.3490056808683768e-05,0.0025266710982644,-0.0713416138502428,-0.000547393085989,/kaggle/input/datasets/hintrngia/locked-resnet-xai-inputs/R-P/ResNet50/seed_2024/best_checkpoint.pt,E04_XAI_R_P_ResNet50,R,P
E04_XAI_R_P_ResNet50,R-P,ResNet50,2024,94,pneumonia,E-7B805F2D3984459EDD091000.jpeg,1,0.9992086091114244,0.6220703125,1,1,0.7279193032500483,0.7279192805290222,0.3260345458984375,2.2326447071556683,0.8165376906509105,0.8165376782417297,2.504451448237847,1,1,207,175,207,147,0.9984962127690532,0.9986999959269742,0.9981595330685652,0.9990681982637292,6.962131496623947e-05,0.0025960730944705,0.9328385582781455,0.95775724893877,/kaggle/input/datasets/hintrngia/locked-resnet-xai-inputs/R-P/ResNet50/seed_2024/best_checkpoint.pt,E04_XAI_R_P_ResNet50,R,P
E04_XAI_R_P_ResNet50,R-P,ResNet50,2024,95,pneumonia,E-8B99D004F7E59741CFAB602B.jpeg,1,0.999846306202028,0.6220703125,1,1,0.8489161644557183,0.8489161729812622,0.44635009765625,1.901906527887664,0.9226439685048928,0.9226439595222472,2.0670858443845432,1,1,176,143,163,126,0.9995329537741516,0.999456246429004,0.999501499206471,0.9995063548434364,0.0001692462967155,0.0009245505924718,0.8099799531468099,0.8459510146068675,/kaggle/input/datasets/hintrngia/locked-resnet-xai-inputs/R-P/ResNet50/seed_2024/best_checkpoint.pt,E04_XAI_R_P_ResNet50,R,P
E04_XAI_R_P_ResNet50,R-P,ResNet50,2024,96,pneumonia,E-8E859FAC3770F43BC30CF790.jpeg,1,0.9994529260310532,0.6220703125,1,1,0.7445598044685293,0.7445598244667053,0.32305908203125,2.304717142719136,0.8244612319288844,0.8244612216949463,2.552044742853361,1,1,207,144,205,151,0.9987596086719044,0.9991525514334534,0.9985685548893646,0.999293692500957,0.0004535231706536,0.0014124016033633,0.9642840372075916,0.8454760552125089,/kaggle/input/datasets/hintrngia/locked-resnet-xai-inputs/R-P/ResNet50/seed_2024/best_checkpoint.pt,E04_XAI_R_P_ResNet50,R,P
E04_XAI_R_P_ResNet50,R-P,ResNet50,2024,97,pneumonia,E-9A9C78D1B9953A6FD2BA65F6.jpeg,1,0.9999444955668018,0.6220703125,1,1,0.805289987237539,0.8052899837493896,0.39300537109375,2.0490559327379776,0.8444969166696554,0.8444969058036804,2.1488177485192788,1,1,176,144,203,109,0.9998238451685914,0.9995419578878552,0.99976228149894,0.9996946153540296,0.0001065663382736,0.0004626439105752,-0.2046315811900557,-0.078684685975936,/kaggle/input/datasets/hintrngia/locked-resnet-xai-inputs/R-P/ResNet50/seed_2024/best_checkpoint.pt,E04_XAI_R_P_ResNet50,R,P
E04_XAI_R_P_ResNet50,R-P,ResNet50,2024,98,pneumonia,E-9B56CC62692974C989F872CC.jpeg,1,0.9995542722316096,0.6220703125,1,1,0.7552477654082365,0.7552477717399597,0.37744140625,2.000966912750412,0.8437399863538654,0.8437399864196777,2.235419782733139,1,1,176,143,208,143,0.9987269708140458,0.999218144919173,0.9985529809004324,0.9993183467333548,0.0010591236667932,0.0008748625409632,0.989519979789687,0.907609216406644,/kaggle/input/datasets/hintrngia/locked-resnet-xai-inputs/R-P/ResNet50/seed_2024/best_checkpoint.pt,E04_XAI_R_P_ResNet50,R,P
E04_XAI_R_P_ResNet50,R-P,ResNet50,2024,99,pneumonia,E-9FC76B9714A55204D742CE4C.jpeg,1,0.9993797349499196,0.6220703125,1,1,0.724176095261136,0.7241761088371277,0.32318115234375,2.2407745315879986,0.7629960117871217,0.7629960179328918,2.3608926642342216,1,1,176,144,200,168,0.9981512666879192,0.9964733934593284,0.9973701256928046,0.997949162985283,0.0001994574575097,1.5560608215947624e-05,-0.140749475589241,-0.0456575977878465,/kaggle/input/datasets/hintrngia/locked-resnet-xai-inputs/R-P/ResNet50/seed_2024/best_checkpoint.pt,E04_XAI_R_P_ResNet50,R,P
E04_XAI_R_P_ResNet50,R-P,ResNet50,2024,100,pneumonia,E-A0A20FFCEFD96663F4AB4E87.jpeg,1,0.9988637217116048,0.6220703125,1,1,0.7386932355451002,0.7386932373046875,0.3404388427734375,2.169826537792286,0.8083985634798675,0.8083985447883606,2.374577932688656,1,1,176,144,207,178,0.9968914404254154,0.9918690802651372,0.992790900890952,0.994200233686229,0.000386502234813,0.0002754266633419,0.8508621337687261,0.9256514816826914,/kaggle/input/datasets/hintrngia/locked-resnet-xai-inputs/R-P/ResNet50/seed_2024/best_checkpoint.pt,E04_XAI_R_P_ResNet50,R,P
E04_XAI_R_P_ResNet50,R-P,ResNet50,2024,101,pneumonia,E-A0D5A9410E976B289DD85CF6.jpeg,1,0.9804411886375254,0.6220703125,1,1,0.7434858645482004,0.7434858679771423,0.2681732177734375,2.7724090821639185,0.7632325528930972,0.7632325291633606,2.846043162810925,1,1,144,144,169,167,0.9784367409404332,0.9779840856484504,0.972248488020636,0.982331441012244,0.0008602915223783,0.0024438161923627,-0.0962864386213384,0.0281255767057063,/kaggle/input/datasets/hintrngia/locked-resnet-xai-inputs/R-P/ResNet50/seed_2024/best_checkpoint.pt,E04_XAI_R_P_ResNet50,R,P
E04_XAI_R_P_ResNet50,R-P,ResNet50,2024,102,pneumonia,E-A540763BCA2A1AF575A9EE6B.jpeg,1,0.9960715044872516,0.6220703125,1,1,0.7958077614390531,0.7958077788352966,0.3713226318359375,2.143170637093478,0.8722412167830353,0.872241199016571,2.349011727269078,1,1,176,143,202,170,0.9956096578112552,0.9833931998734324,0.9904224887711782,0.9900938918083276,0.0003655106970348,0.0020511170585897,0.7997772191027982,0.6455500896242389,/kaggle/input/datasets/hintrngia/locked-resnet-xai-inputs/R-P/ResNet50/seed_2024/best_checkpoint.pt,E04_XAI_R_P_ResNet50,R,P
E04_XAI_R_P_ResNet50,R-P,ResNet50,2024,103,pneumonia,E-A9AC7ECA864D894719491A2C.jpeg,1,0.9986640890772068,0.6220703125,1,1,0.738722682975121,0.7387226819992065,0.3572845458984375,2.067603235167949,0.8542046832086033,0.8542046546936035,2.390824604687552,1,1,207,144,207,147,0.9962135657419582,0.9902463210810396,0.9941174786648818,0.9955824082189344,0.0006621784173825,0.0016389523660171,0.9218155524040048,0.9216279834407716,/kaggle/input/datasets/hintrngia/locked-resnet-xai-inputs/R-P/ResNet50/seed_2024/best_checkpoint.pt,E04_XAI_R_P_ResNet50,R,P
E04_XAI_R_P_ResNet50,R-P,ResNet50,2024,104,pneumonia,E-B15903E1E2039605DB9FB6A1.jpeg,1,0.9791054656916838,0.6220703125,1,1,0.7094439829398047,0.709443986415863,0.2703704833984375,2.6239697988567663,0.7690227362916767,0.7690227627754211,2.8443294794069263,1,1,175,143,161,130,0.9649661940212207,0.9709484787789682,0.9615139377442,0.975355546901673,0.0003142817309932,0.0001798606701248,0.8815116209029465,0.8466761154597955,/kaggle/input/datasets/hintrngia/locked-resnet-xai-inputs/R-P/ResNet50/seed_2024/best_checkpoint.pt,E04_XAI_R_P_ResNet50,R,P
E04_XAI_R_P_ResNet50,R-P,ResNet50,2024,105,pneumonia,E-B29F964F9024332A9FD3DA8C.jpeg,1,0.9967713556507573,0.6220703125,1,1,0.8555695599043697,0.8555695414543152,0.444091796875,1.9265601524839464,0.8865261966169147,0.8865261673927307,1.996267895185752,1,1,79,143,163,100,0.9965280046222356,0.9949263036039586,0.9962060320044202,0.9965965310969656,0.0003513568320977,0.000506497801,-0.2417042120493283,-0.05041395283426,/kaggle/input/datasets/hintrngia/locked-resnet-xai-inputs/R-P/ResNet50/seed_2024/best_checkpoint.pt,E04_XAI_R_P_ResNet50,R,P
E04_XAI_R_P_ResNet50,R-P,ResNet50,2024,106,pneumonia,E-B352C843937DC9BD58C4B554.jpeg,1,0.9948053242296604,0.6220703125,1,1,0.7902890963281293,0.7902891039848328,0.322052001953125,2.453917664027304,0.876417635040206,0.8764176368713379,2.7213544077511105,1,1,111,111,201,134,0.9941836574285988,0.9886196646241786,0.990943214907074,0.9933181401367112,0.0003002852612429,0.0012379464978046,0.3695193839711791,0.7141433935089165,/kaggle/input/datasets/hintrngia/locked-resnet-xai-inputs/R-P/ResNet50/seed_2024/best_checkpoint.pt,E04_XAI_R_P_ResNet50,R,P
E04_XAI_R_P_ResNet50,R-P,ResNet50,2024,107,pneumonia,E-B41848B096ED1788DCCEEDA2.jpeg,1,0.9990879565137584,0.6220703125,1,1,0.6873922477273254,0.6873922348022461,0.2685089111328125,2.560035139345229,0.8481167519441207,0.8481167554855347,3.158616778735574,1,1,176,112,206,142,0.9982974928829964,0.9983274830793424,0.9978069707515008,0.998745328245727,0.0004598973340378,9.696502730660583e-05,0.8456797229414867,0.8921528539121512,/kaggle/input/datasets/hintrngia/locked-resnet-xai-inputs/R-P/ResNet50/seed_2024/best_checkpoint.pt,E04_XAI_R_P_ResNet50,R,P
E04_XAI_R_P_ResNet50,R-P,ResNet50,2024,108,pneumonia,E-B813D1454C73F6C74F660590.jpeg,1,0.908588297255496,0.6220703125,1,1,0.7327335196368294,0.7327335476875305,0.2771453857421875,2.643859711662129,0.7667377068089718,0.766737699508667,2.7665541129457014,1,1,176,112,211,137,0.9598806693269648,0.8982218691681059,0.93434540870433,0.9595832651727584,0.0006599290751214,0.0022901268430552,0.0764171471240029,0.0561764931930151,/kaggle/input/datasets/hintrngia/locked-resnet-xai-inputs/R-P/ResNet50/seed_2024/best_checkpoint.pt,E04_XAI_R_P_ResNet50,R,P
E04_XAI_R_P_ResNet50,R-P,ResNet50,2024,109,pneumonia,E-BF1AD901130E35A45E611B5A.jpeg,1,0.9990462783579268,0.6220703125,1,1,0.6963353988734287,0.6963353753089905,0.2906494140625,2.3957915109496546,0.7548834604625486,0.7548834681510925,2.597230284800167,1,1,175,144,206,185,0.9985254661967934,0.9973072243928496,0.9978540317998932,0.9979354934822826,0.0002572596161323,0.0004500916907415,-0.1705766477883608,-0.0399307093304435,/kaggle/input/datasets/hintrngia/locked-resnet-xai-inputs/R-P/ResNet50/seed_2024/best_checkpoint.pt,E04_XAI_R_P_ResNet50,R,P
E04_XAI_R_P_ResNet50,R-P,ResNet50,2024,110,pneumonia,E-BFFC08BEA9A0FA7A1279A0B5.jpeg,1,0.9993854071010227,0.6220703125,1,1,0.7827827798602978,0.782782793045044,0.364898681640625,2.145205831769025,0.8755437621191245,0.8755437731742859,2.399416074025213,1,1,176,175,195,186,0.9978951348356176,0.9918296589893546,0.9976056086165856,0.9955599091341965,6.079661193680863e-05,0.0012338881140198,0.9480177744738508,0.7425579139503118,/kaggle/input/datasets/hintrngia/locked-resnet-xai-inputs/R-P/ResNet50/seed_2024/best_checkpoint.pt,E04_XAI_R_P_ResNet50,R,P
E04_XAI_R_P_ResNet50,R-P,ResNet50,2024,111,pneumonia,E-C378B1871ED2B8AC1E544A5B.jpeg,1,0.9976859452282184,0.6220703125,1,1,0.6779422954329049,0.6779422760009766,0.2780303955078125,2.438374747461218,0.7816410625016826,0.7816410660743713,2.8113511153125663,1,1,175,143,175,130,0.997800064450833,0.997357347322323,0.9976142550643534,0.9976932367831854,0.0001109526883646,0.0016666917400984,0.9604046249273552,0.7644826537370926,/kaggle/input/datasets/hintrngia/locked-resnet-xai-inputs/R-P/ResNet50/seed_2024/best_checkpoint.pt,E04_XAI_R_P_ResNet50,R,P
E04_XAI_R_P_ResNet50,R-P,ResNet50,2024,112,pneumonia,E-D2A52B478FEFC3F6A00973AF.jpeg,1,0.9957068192363224,0.6220703125,1,1,0.807381558444775,0.8073815703392029,0.35107421875,2.299746080243253,0.8861644388863106,0.8861644268035889,2.524151280722064,1,1,111,80,103,62,0.9925530518855052,0.9951393003198946,0.9933510835269258,0.9965207953772228,0.000242606160682,0.001575892646626,-0.1829635301696161,-0.0601650900438871,/kaggle/input/datasets/hintrngia/locked-resnet-xai-inputs/R-P/ResNet50/seed_2024/best_checkpoint.pt,E04_XAI_R_P_ResNet50,R,P
E04_XAI_R_P_ResNet50,R-P,ResNet50,2024,113,pneumonia,E-D33BB0B839138FAFF4DA3ED6.jpeg,1,0.9838923880770748,0.6220703125,1,1,0.7998821842921907,0.799882173538208,0.3347625732421875,2.389401469062993,0.799031537376691,0.7990315556526184,2.386860423607221,1,1,176,112,207,129,0.9911228292304108,0.9636726458746424,0.9777378418964836,0.980013270265574,0.0002576288828198,0.0022872508772154,0.9858951137797644,0.4862756058411523,/kaggle/input/datasets/hintrngia/locked-resnet-xai-inputs/R-P/ResNet50/seed_2024/best_checkpoint.pt,E04_XAI_R_P_ResNet50,R,P
E04_XAI_R_P_ResNet50,R-P,ResNet50,2024,114,pneumonia,E-DA47F22802134421DB0B257A.jpeg,1,0.9998374517090513,0.6220703125,1,1,0.7527571583488413,0.7527571320533752,0.39227294921875,1.918962701476181,0.7403035215587026,0.7403035163879395,1.887215325535675,1,1,207,176,203,163,0.9996665833085274,0.9995807779877468,0.9995491269368496,0.9996574401722996,0.0003338289820797,0.0014372248205264,0.7175635609968738,0.5842927959735248,/kaggle/input/datasets/hintrngia/locked-resnet-xai-inputs/R-P/ResNet50/seed_2024/best_checkpoint.pt,E04_XAI_R_P_ResNet50,R,P
E04_XAI_R_P_ResNet50,R-P,ResNet50,2024,115,pneumonia,E-E09BD72833F7B4079F215903.jpeg,1,0.997955331981663,0.6220703125,1,1,0.7221130195271859,0.7221130132675171,0.3171234130859375,2.277072551976792,0.7303946649232468,0.7303946614265442,2.303187449377371,1,1,111,79,91,70,0.9964291325682711,0.9959949872044336,0.9959104862401577,0.9973305788906202,0.0001217729766246,2.9815917373277045e-05,0.7907530045689695,0.828160300871756,/kaggle/input/datasets/hintrngia/locked-resnet-xai-inputs/R-P/ResNet50/seed_2024/best_checkpoint.pt,E04_XAI_R_P_ResNet50,R,P
E04_XAI_R_P_ResNet50,R-P,ResNet50,2024,116,pneumonia,E-E0D541D212A934D795DA0D1B.jpeg,1,0.9661903747172867,0.6220703125,1,1,0.7586616129599988,0.7586616277694702,0.306488037109375,2.475338418149282,0.8076521045322648,0.8076521158218384,2.6351831286780096,1,1,79,143,107,63,0.9782920366043306,0.977511871942716,0.9741735874169732,0.9745969968316358,0.000164984645806,0.0008269873863303,-0.0348051169829031,-0.0020979029285157,/kaggle/input/datasets/hintrngia/locked-resnet-xai-inputs/R-P/ResNet50/seed_2024/best_checkpoint.pt,E04_XAI_R_P_ResNet50,R,P
E04_XAI_R_P_ResNet50,R-P,ResNet50,2024,117,pneumonia,E-E1AD2A3BA30BC31AC67A922E.jpeg,1,0.9994833501403748,0.6220703125,1,1,0.7282331337561352,0.7282331585884094,0.3279571533203125,2.2205130346551005,0.7402645984125726,0.7402645945549011,2.257199121647344,1,1,176,112,206,195,0.9987644043859204,0.9980934121778682,0.9987350002499122,0.9988727769339184,5.725647161658465e-05,0.00107864723568,0.9960451431194972,0.5470911220711169,/kaggle/input/datasets/hintrngia/locked-resnet-xai-inputs/R-P/ResNet50/seed_2024/best_checkpoint.pt,E04_XAI_R_P_ResNet50,R,P
E04_XAI_R_P_ResNet50,R-P,ResNet50,2024,118,pneumonia,E-E280E4CD8F00E10AB30B96C9.jpeg,1,0.9961079587263576,0.6220703125,1,1,0.7668278600738163,0.7668278813362122,0.3293609619140625,2.3282293554689657,0.7992876588671326,0.7992876768112183,2.426783229627816,1,1,111,80,111,53,0.9922640578999716,0.9839621013490124,0.9884786362016846,0.9903977344097517,0.0006716159829517,0.0005887441228052,-0.2351786661716005,-0.0766215451360729,/kaggle/input/datasets/hintrngia/locked-resnet-xai-inputs/R-P/ResNet50/seed_2024/best_checkpoint.pt,E04_XAI_R_P_ResNet50,R,P
E04_XAI_R_P_ResNet50,R-P,ResNet50,2024,119,pneumonia,E-E2EF7E089A1E8F497DBAC1CB.jpeg,1,0.9992496531458268,0.6220703125,1,1,0.7584236856770631,0.7584236860275269,0.3351898193359375,2.262669215847954,0.8169508509661273,0.8169508576393127,2.4372782341200945,1,1,207,175,199,166,0.998800590370046,0.9974533558684712,0.9982508620358764,0.9978441059627284,0.0002332524380985,0.0032003260852462,0.1806674755914832,0.1683378695017322,/kaggle/input/datasets/hintrngia/locked-resnet-xai-inputs/R-P/ResNet50/seed_2024/best_checkpoint.pt,E04_XAI_R_P_ResNet50,R,P
E04_XAI_R_P_ResNet50,R-P,ResNet50,2024,120,pneumonia,E-E7BF66D9C027E263610D5923.jpeg,1,0.9940517511177984,0.6220703125,1,1,0.8015500602502567,0.801550030708313,0.3877410888671875,2.06723012666014,0.8550243566565616,0.8550243377685547,2.20514250670357,1,1,176,144,192,164,0.9886844214798364,0.975604945004236,0.9817060865194422,0.9832721379783796,0.001121598839732,0.004467375556333,-0.1367974982130973,-0.0494804644577328,/kaggle/input/datasets/hintrngia/locked-resnet-xai-inputs/R-P/ResNet50/seed_2024/best_checkpoint.pt,E04_XAI_R_P_ResNet50,R,P
E04_XAI_R_P_ResNet50,R-P,ResNet50,2024,121,pneumonia,E-EB1401E2B7015C0BDE01BE91.jpeg,1,0.9916467379177556,0.6220703125,1,1,0.7654052731798943,0.7654052972793579,0.329986572265625,2.3195042995985182,0.8340205722162705,0.8340205550193787,2.527437909033825,1,1,175,112,211,146,0.9832766039550024,0.9788947595728572,0.9708990998277608,0.9896335413142892,0.0002880501582485,0.0015623368127827,0.979486821733914,0.6591660580653651,/kaggle/input/datasets/hintrngia/locked-resnet-xai-inputs/R-P/ResNet50/seed_2024/best_checkpoint.pt,E04_XAI_R_P_ResNet50,R,P
E04_XAI_R_P_ResNet50,R-P,ResNet50,2024,122,pneumonia,E-EB344A640162B22F1A6C369F.jpeg,1,0.982089760666962,0.6220703125,1,1,0.7475091410354731,0.7475091218948364,0.2807464599609375,2.6625772632697844,0.8016389429830644,0.8016389608383179,2.855383975614876,1,1,144,143,167,135,0.977444648327978,0.9836624621716454,0.97244264155496,0.9881512978317728,0.0003319576139481,0.0060630424658846,-0.1008230680995576,-0.0365155995672938,/kaggle/input/datasets/hintrngia/locked-resnet-xai-inputs/R-P/ResNet50/seed_2024/best_checkpoint.pt,E04_XAI_R_P_ResNet50,R,P
E04_XAI_R_P_ResNet50,R-P,ResNet50,2024,123,pneumonia,E-EC00E01864643AB223676743.jpeg,1,0.9724053981173936,0.6220703125,1,1,0.6917721378859126,0.6917721629142761,0.3099517822265625,2.231870173213763,0.7506044398148058,0.7506044507026672,2.4216813157929957,0,0,111,111,127,103,0.977980942217467,0.9783330943299912,0.9823982097750544,0.9824200621460324,0.0001237782043509,0.0023604162955875,0.8357448565293814,0.7778678096775347,/kaggle/input/datasets/hintrngia/locked-resnet-xai-inputs/R-P/ResNet50/seed_2024/best_checkpoint.pt,E04_XAI_R_P_ResNet50,R,P
E04_XAI_R_P_ResNet50,R-P,ResNet50,2024,124,pneumonia,E-EF92BEF2BC79AC7D99E44B1F.jpeg,1,0.9949539419307444,0.6220703125,1,1,0.7650049272917673,0.7650049328804016,0.343048095703125,2.230022369673217,0.804080537688099,0.8040805459022522,2.3439294599202585,1,1,144,143,208,207,0.9902951919173176,0.9871661708890034,0.988944688522986,0.9940471861092056,0.0002526908202641,0.0018845326072898,0.9248511244343784,0.800539819657748,/kaggle/input/datasets/hintrngia/locked-resnet-xai-inputs/R-P/ResNet50/seed_2024/best_checkpoint.pt,E04_XAI_R_P_ResNet50,R,P
E04_XAI_R_P_ResNet50,R-P,ResNet50,2024,125,pneumonia,E-F051ECCC0E91B0C03A0B3894.jpeg,1,0.9996879784988976,0.6220703125,1,1,0.8442807298055321,0.8442807197570801,0.5049896240234375,1.6718773805268274,0.870057348539097,0.8700573444366455,1.7229212386722546,1,1,176,144,163,133,0.9993867476895072,0.997425750812814,0.9992733125938283,0.998406233765642,9.599790591474644e-05,0.0016259129003663,-0.1473618261212845,-0.0548190284558719,/kaggle/input/datasets/hintrngia/locked-resnet-xai-inputs/R-P/ResNet50/seed_2024/best_checkpoint.pt,E04_XAI_R_P_ResNet50,R,P
E04_XAI_R_P_ResNet50,R-P,ResNet50,2024,126,pneumonia,E-FA7B18636100FBD243EBAF3A.jpeg,1,0.99891114735373,0.6220703125,1,1,0.6769986468191658,0.6769986748695374,0.2697601318359375,2.509631954179583,0.7404013962020467,0.7404013872146606,2.7446657560663685,1,1,207,175,208,147,0.9970778342628404,0.9963371559826342,0.9943148437104574,0.9978313209379188,0.0008262336004699,0.002123341613904,0.9898782297882336,0.5822590022905936,/kaggle/input/datasets/hintrngia/locked-resnet-xai-inputs/R-P/ResNet50/seed_2024/best_checkpoint.pt,E04_XAI_R_P_ResNet50,R,P
E04_XAI_R_P_ResNet50,R-P,ResNet50,2024,127,pneumonia,E-FDAF56855798F8C5BE7AC652.jpeg,1,0.9997110135873728,0.6220703125,1,1,0.7805243696338122,0.7805243730545044,0.37738037109375,2.068269654226165,0.8059751814216343,0.8059751987457275,2.135710395020549,1,1,175,144,210,195,0.9993691873789768,0.9991522318193578,0.9991483055748828,0.999522988827454,0.0001505040468654,0.0002367129787697,-0.1919172704139414,0.0749121102354718,/kaggle/input/datasets/hintrngia/locked-resnet-xai-inputs/R-P/ResNet50/seed_2024/best_checkpoint.pt,E04_XAI_R_P_ResNet50,R,P
