xai_id,condition,architecture,seed,sample_index,sampling_stratum,image_id,true_label,prob_pneumonia,threshold,pred_label,is_correct,gcam_lrr_plus,gcam_lrr_abs,gcam_lrr_chance,gcam_lrr_enrichment,guided_gcam_lrr_plus,guided_gcam_lrr_abs,guided_gcam_lrr_enrichment,gcam_pointing_inside_lung,guided_gcam_pointing_inside_lung,gcam_argmax_x,gcam_argmax_y,guided_gcam_argmax_x,guided_gcam_argmax_y,gcam_deletion_auc,gcam_insertion_auc,guided_gcam_deletion_auc,guided_gcam_insertion_auc,gcam_input_stability_lrr_delta,guided_gcam_input_stability_lrr_delta,gcam_head_randomization_corr,guided_gcam_head_randomization_corr,checkpoint_path
E02_XAI_D_P_DenseNet121,D-P,DenseNet121,3407,0,normal,E-03B36F677CCFA6787A3BC686.jpeg,0,0.7307916888687115,0.58251953125,1,0,0.7259737454216507,0.7259737253189087,0.3590850830078125,2.0217318395424853,0.7925285691457234,0.7925285696983337,2.207077393767651,1,1,207,207,207,208,0.6832868716888832,0.7662910714771246,0.6961476641391826,0.8043493598051578,0.002214654518458814,0.005312415085397704,0.3521318291359477,0.5955160859945587,/kaggle/input/datasets/hintrngia/locked-densenet-xai-inputs/D-P/DenseNet121/seed_3407/best_checkpoint.pt
E02_XAI_D_P_DenseNet121,D-P,DenseNet121,3407,1,normal,E-06530ECE35CCF9FF05F7DDEB.jpeg,0,0.03217540121516413,0.58251953125,0,1,0.75438769142535,0.7543876767158508,0.2779541015625,2.714072888957605,0.7193977524039128,0.7193977236747742,2.5881890152362117,1,1,80,80,86,75,0.5907078372659481,0.8096985493276901,0.6243871862715477,0.8298913698642487,0.0009603633489008168,0.0013408775648972027,0.3783784722596993,0.3466320250353412,/kaggle/input/datasets/hintrngia/locked-densenet-xai-inputs/D-P/DenseNet121/seed_3407/best_checkpoint.pt
E02_XAI_D_P_DenseNet121,D-P,DenseNet121,3407,2,normal,E-10FEC5D206E4A3A02E4F32C9.jpeg,0,0.23871029086602974,0.58251953125,0,1,0.6651269171634661,0.6651269197463989,0.2476806640625,2.685421244654073,0.6993903115454471,0.6993902921676636,2.8237582218729926,1,1,80,80,110,81,0.4499151848447898,0.6842778519624816,0.4548142866436342,0.6898351614170599,0.0005799222771929458,0.0025152247710105158,-0.11518987652312064,-0.05774892530488818,/kaggle/input/datasets/hintrngia/locked-densenet-xai-inputs/D-P/DenseNet121/seed_3407/best_checkpoint.pt
E02_XAI_D_P_DenseNet121,D-P,DenseNet121,3407,3,normal,E-16E04AC17A9CE052EFE7227B.jpeg,0,0.17232301516895027,0.58251953125,0,1,0.8239923506746671,0.8239923715591431,0.3753509521484375,2.195258453344241,0.7854402756136027,0.7854402661323547,2.0925490427502367,1,1,80,79,86,82,0.559897740041329,0.7614781854956786,0.587832463134426,0.7800756665479278,0.0011475980744892755,0.00087063840981072,-0.0359530121712487,0.019118799719343705,/kaggle/input/datasets/hintrngia/locked-densenet-xai-inputs/D-P/DenseNet121/seed_3407/best_checkpoint.pt
E02_XAI_D_P_DenseNet121,D-P,DenseNet121,3407,4,normal,E-256958BC036CED77CAAB2A55.jpeg,0,0.3209925008718531,0.58251953125,0,1,0.7376919790904899,0.7376919984817505,0.3496246337890625,2.1099542417699273,0.6926225456672106,0.6926225423812866,1.9810461813313975,1,1,80,79,87,72,0.33254570104518,0.5853057224193838,0.3210001390266676,0.5809428933009333,0.00022846829416589554,0.0010539234266823128,0.08922042438483463,0.10600951083264698,/kaggle/input/datasets/hintrngia/locked-densenet-xai-inputs/D-P/DenseNet121/seed_3407/best_checkpoint.pt
E02_XAI_D_P_DenseNet121,D-P,DenseNet121,3407,5,normal,E-280031A047E47DC7EA750C62.jpeg,0,0.19003623584159207,0.58251953125,0,1,0.880556505426406,0.8805565237998962,0.3791046142578125,2.3227269526916863,0.9044104399643915,0.9044104218482971,2.3856487258404653,1,1,79,80,175,120,0.47167642121431397,0.7425617992708542,0.5172261224013242,0.7565601930624224,0.00013341264252586527,0.0014954820172823347,-0.02373549095352134,0.07416053702087401,/kaggle/input/datasets/hintrngia/locked-densenet-xai-inputs/D-P/DenseNet121/seed_3407/best_checkpoint.pt
E02_XAI_D_P_DenseNet121,D-P,DenseNet121,3407,6,normal,E-28020DB22FEE86C7B17E72DA.jpeg,0,0.38641493846740155,0.58251953125,0,1,0.7124546971043704,0.7124546766281128,0.3710174560546875,1.9202727135279465,0.626926300060248,0.6269263029098511,1.6897487970696448,1,1,79,80,73,67,0.40180381973838136,0.5347493838278059,0.3637401963724708,0.5814898262647106,0.0010045934574279825,0.0057139229141423,-0.026484720444676525,0.030076274207288003,/kaggle/input/datasets/hintrngia/locked-densenet-xai-inputs/D-P/DenseNet121/seed_3407/best_checkpoint.pt
E02_XAI_D_P_DenseNet121,D-P,DenseNet121,3407,7,normal,E-28234EA54B2F1B13D8D5995E.jpeg,0,0.21928986694722324,0.58251953125,0,1,0.8471484891712746,0.8471484780311584,0.3462677001953125,2.446513170860118,0.820823627726089,0.820823609828949,2.370488576506278,1,1,80,48,186,178,0.4807729412184957,0.5956274843937459,0.44961680928876474,0.6102894614278371,0.0013072904790401019,0.0017933022428157086,0.7284013393620835,0.7877487296065289,/kaggle/input/datasets/hintrngia/locked-densenet-xai-inputs/D-P/DenseNet121/seed_3407/best_checkpoint.pt
E02_XAI_D_P_DenseNet121,D-P,DenseNet121,3407,8,normal,E-28CAAFCB1AFEEA2D46764B17.jpeg,0,0.5430287526468992,0.58251953125,0,1,0.940720750305627,0.9407207369804382,0.38934326171875,2.416173189059005,0.9448123435150249,0.9448123574256897,2.42668215020382,1,1,79,175,92,178,0.1794022764776073,0.546558161766012,0.16718365448680197,0.5503267207919751,0.0015042455024779633,0.0014182564751041848,0.8022558471526358,0.906985008792241,/kaggle/input/datasets/hintrngia/locked-densenet-xai-inputs/D-P/DenseNet121/seed_3407/best_checkpoint.pt
E02_XAI_D_P_DenseNet121,D-P,DenseNet121,3407,9,normal,E-29AE82E82E5A6A48DC6D8B99.jpeg,0,0.19429244533033982,0.58251953125,0,1,0.7972169183884634,0.7972168922424316,0.3269195556640625,2.4385721336525714,0.7958205581381387,0.7958205342292786,2.4343008680579254,1,1,80,80,83,78,0.6519385068607626,0.7383021151496392,0.6259008247977395,0.7661838312119532,0.0004856279686338283,0.002239870581117742,-0.06786079420935319,-0.01875362092175275,/kaggle/input/datasets/hintrngia/locked-densenet-xai-inputs/D-P/DenseNet121/seed_3407/best_checkpoint.pt
E02_XAI_D_P_DenseNet121,D-P,DenseNet121,3407,10,normal,E-2B646E91E652E02CC65E6BA0.jpeg,0,0.029913324930071945,0.58251953125,0,1,0.7809701117513204,0.7809700965881348,0.2742767333984375,2.847380097008875,0.8040258670339908,0.8040258884429932,2.9314402905112447,1,1,80,80,175,83,0.8008945247952213,0.9090997350054258,0.7931917701941646,0.9226838945493476,0.00028965546325676605,0.0007865333960980214,-0.11895241375189322,-0.049199420961611826,/kaggle/input/datasets/hintrngia/locked-densenet-xai-inputs/D-P/DenseNet121/seed_3407/best_checkpoint.pt
E02_XAI_D_P_DenseNet121,D-P,DenseNet121,3407,11,normal,E-2F227E134B6699426A9E9AB9.jpeg,0,0.5949424816377914,0.58251953125,1,0,0.7408246075859443,0.7408245801925659,0.3509368896484375,2.110990977118677,0.7209899426462929,0.7209899425506592,2.0544717979593656,1,1,207,207,197,212,0.5898830291966776,0.7398787884074477,0.5981768568748126,0.7561275895115328,0.0006553674991538472,0.013517914949736087,0.9329192337254022,0.9804694436730387,/kaggle/input/datasets/hintrngia/locked-densenet-xai-inputs/D-P/DenseNet121/seed_3407/best_checkpoint.pt
E02_XAI_D_P_DenseNet121,D-P,DenseNet121,3407,12,normal,E-2F5E9CF0C3839769BD6D37AD.jpeg,0,0.3643451398190497,0.58251953125,0,1,0.8354483153199846,0.8354483246803284,0.3790740966796875,2.203918238248622,0.82665644490352,0.8266564607620239,2.180725225343038,1,1,176,80,175,76,0.44720431788568193,0.594169045134481,0.4146670848443398,0.5764829716730284,7.833266576873221e-05,0.0004330366718415801,0.557790264999415,0.6182334372964368,/kaggle/input/datasets/hintrngia/locked-densenet-xai-inputs/D-P/DenseNet121/seed_3407/best_checkpoint.pt
E02_XAI_D_P_DenseNet121,D-P,DenseNet121,3407,13,normal,E-306538194ADB5E9E447B7A10.jpeg,0,0.09829645266150736,0.58251953125,0,1,0.7309721869477117,0.730972170829773,0.2563934326171875,2.8509785897640443,0.7532632019168786,0.7532631754875183,2.937919252563504,1,1,80,48,79,49,0.5503763538127409,0.7439028893325768,0.6047087134617937,0.7891500470380324,0.002445433863076496,0.005961977078955627,0.7779911314739861,0.7880216977497116,/kaggle/input/datasets/hintrngia/locked-densenet-xai-inputs/D-P/DenseNet121/seed_3407/best_checkpoint.pt
E02_XAI_D_P_DenseNet121,D-P,DenseNet121,3407,14,normal,E-36FB7A78C2BFA1A3824C3EFA.jpeg,0,0.29652508017566914,0.58251953125,0,1,0.7915457560005892,0.7915457487106323,0.3275299072265625,2.416712912427422,0.8155734993591168,0.815573513507843,2.490073368460241,1,1,79,175,78,178,0.4169393978353665,0.5452597001881705,0.4239776838670941,0.5642569817219631,0.0002786319780067048,0.0021955891502131175,0.8669683618556123,0.8669926494801717,/kaggle/input/datasets/hintrngia/locked-densenet-xai-inputs/D-P/DenseNet121/seed_3407/best_checkpoint.pt
E02_XAI_D_P_DenseNet121,D-P,DenseNet121,3407,15,normal,E-3B865A0E9283DC8B3D382B5F.jpeg,0,0.9396486495646613,0.58251953125,1,0,0.698624653592105,0.6986246705055237,0.360931396484375,1.9356161874444997,0.6627867445352503,0.6627867221832275,1.8363233317773808,1,1,207,207,209,214,0.9130177501317432,0.8393869559419282,0.8212920477378309,0.9126690787661798,0.00016627452274309285,0.0026062078318207504,-0.014718328970277021,-0.02133893116656213,/kaggle/input/datasets/hintrngia/locked-densenet-xai-inputs/D-P/DenseNet121/seed_3407/best_checkpoint.pt
E02_XAI_D_P_DenseNet121,D-P,DenseNet121,3407,16,normal,E-3D66EC3C4F2D4073FE577EEA.jpeg,0,0.10173289206763718,0.58251953125,0,1,0.7677068434720564,0.7677068710327148,0.2598114013671875,2.9548620246540604,0.7808480317101669,0.7808480262756348,3.0054417458247196,1,1,80,80,198,180,0.4139155705515429,0.6626214342205488,0.4553905795857225,0.7024638358156604,0.00019222296720611265,0.0011244840731945427,-0.019424730594679182,0.030926475507154987,/kaggle/input/datasets/hintrngia/locked-densenet-xai-inputs/D-P/DenseNet121/seed_3407/best_checkpoint.pt
E02_XAI_D_P_DenseNet121,D-P,DenseNet121,3407,17,normal,E-40D9418B91304B06987F2A6E.jpeg,0,0.920243661041485,0.58251953125,1,0,0.7204247426231771,0.7204247713088989,0.3151092529296875,2.2862697173285813,0.7322040771936077,0.7322040796279907,2.3236514649634534,1,1,207,207,207,221,0.7980848887540062,0.9120928592857145,0.8435636355413674,0.9427485145982545,0.000218040997838731,0.012377158478509731,0.9182567132142857,0.9578712002202739,/kaggle/input/datasets/hintrngia/locked-densenet-xai-inputs/D-P/DenseNet121/seed_3407/best_checkpoint.pt
E02_XAI_D_P_DenseNet121,D-P,DenseNet121,3407,18,normal,E-44BF14DBF8A5FE52BF53ED2E.jpeg,0,0.22804521699043384,0.58251953125,0,1,0.7946801644923064,0.7946801781654358,0.32672119140625,2.4322884018385853,0.7918847385000366,0.79188472032547,2.423732403434448,1,1,79,175,79,179,0.3235033705861993,0.48581240052103214,0.29058294148163655,0.49352663855749956,0.0007791815738379393,0.0009986353227515732,0.8231215533224274,0.8651040953976573,/kaggle/input/datasets/hintrngia/locked-densenet-xai-inputs/D-P/DenseNet121/seed_3407/best_checkpoint.pt
E02_XAI_D_P_DenseNet121,D-P,DenseNet121,3407,19,normal,E-47080ACF9F207EB21662EAAE.jpeg,0,0.6580053015936889,0.58251953125,1,0,0.6866419580486793,0.6866419315338135,0.3899383544921875,1.7608987424252887,0.7138483536610059,0.713848352432251,1.8306697595588997,1,1,48,207,42,215,0.7418179961850797,0.7205205036407307,0.714259390645528,0.7660566977169063,0.004454146057044861,0.002819761880161864,0.7722617940661662,0.9316473275481231,/kaggle/input/datasets/hintrngia/locked-densenet-xai-inputs/D-P/DenseNet121/seed_3407/best_checkpoint.pt
E02_XAI_D_P_DenseNet121,D-P,DenseNet121,3407,20,normal,E-4F18C9F59223CD9D0CA81789.jpeg,0,0.9290608764321983,0.58251953125,1,0,0.7424064073588087,0.74240642786026,0.305145263671875,2.4329606116945137,0.6885395696435783,0.6885395646095276,2.2564321050185794,1,0,80,48,75,37,0.8735038320799412,0.9465580463511674,0.9155958639907921,0.9630935022725478,0.00023841750684494567,0.006055012514857294,-0.00805545153830248,0.08589339886281513,/kaggle/input/datasets/hintrngia/locked-densenet-xai-inputs/D-P/DenseNet121/seed_3407/best_checkpoint.pt
E02_XAI_D_P_DenseNet121,D-P,DenseNet121,3407,21,normal,E-57BEC1C15CFD6C2BBAF49905.jpeg,0,0.24336105004545575,0.58251953125,0,1,0.815633342187291,0.8156333565711975,0.3210601806640625,2.5404375606476073,0.7591941319819819,0.7591941356658936,2.3646474328012532,1,1,80,80,110,80,0.35815991657536017,0.7848894634885817,0.3127008681638832,0.8139230184704669,0.0008348616209223891,6.003667719078898e-06,0.7981133875083891,0.7458677951527637,/kaggle/input/datasets/hintrngia/locked-densenet-xai-inputs/D-P/DenseNet121/seed_3407/best_checkpoint.pt
E02_XAI_D_P_DenseNet121,D-P,DenseNet121,3407,22,normal,E-5822F4C00AF6A5D69871506D.jpeg,0,0.2733598182155256,0.58251953125,0,1,0.8590669649009197,0.8590669631958008,0.414520263671875,2.072436597649513,0.8652419814438674,0.8652420043945312,2.0873333761284436,1,1,80,48,85,106,0.4608706486417581,0.5408318889063288,0.4856759299488774,0.5710000356358197,0.0009912410778755154,0.0005103881827744905,-0.08547716446500339,-0.05078705629253011,/kaggle/input/datasets/hintrngia/locked-densenet-xai-inputs/D-P/DenseNet121/seed_3407/best_checkpoint.pt
E02_XAI_D_P_DenseNet121,D-P,DenseNet121,3407,23,normal,E-592EC4B388705AD74965EF2F.jpeg,0,0.22800702531665473,0.58251953125,0,1,0.6788292971440492,0.6788293123245239,0.3038330078125,2.234218401849759,0.622690759728542,0.622690737247467,2.0494506644018546,1,1,80,79,87,79,0.5044776476227975,0.592854751505965,0.48783867958717597,0.6400047928947502,0.002501053572832479,0.0027025510354272697,0.7349802563654424,0.68666283169616,/kaggle/input/datasets/hintrngia/locked-densenet-xai-inputs/D-P/DenseNet121/seed_3407/best_checkpoint.pt
E02_XAI_D_P_DenseNet121,D-P,DenseNet121,3407,24,normal,E-5EB53A5E9ABA53D43AB743A8.jpeg,0,0.17850822725981036,0.58251953125,0,1,0.7402867841381736,0.7402867674827576,0.2571563720703125,2.8787417483699844,0.6965443971447399,0.6965444087982178,2.708641405760261,1,1,80,80,71,81,0.4023525613007168,0.6830160625778381,0.4164296012463343,0.6807234596912981,0.0006098675582045798,0.0007562303905257473,0.20142277287973084,0.15913231026619373,/kaggle/input/datasets/hintrngia/locked-densenet-xai-inputs/D-P/DenseNet121/seed_3407/best_checkpoint.pt
E02_XAI_D_P_DenseNet121,D-P,DenseNet121,3407,25,normal,E-5FBF0EE47B9EC5825E465989.jpeg,0,0.21512637032359763,0.58251953125,0,1,0.8627841284171064,0.8627841472625732,0.329376220703125,2.619448746407092,0.885976682445808,0.8859766721725464,2.689862311719099,1,1,207,175,207,186,0.5173414052662129,0.6390694357136077,0.49563302859217073,0.6940799689480304,0.0012330695593056884,0.0026229598493036077,0.901941404294082,0.9440821842708361,/kaggle/input/datasets/hintrngia/locked-densenet-xai-inputs/D-P/DenseNet121/seed_3407/best_checkpoint.pt
E02_XAI_D_P_DenseNet121,D-P,DenseNet121,3407,26,normal,E-67976418F9EE68ADAB32C212.jpeg,0,0.17348441570631765,0.58251953125,0,1,0.6302865455562514,0.6302865743637085,0.26171875,2.408259039737319,0.5524802807669086,0.5524802803993225,2.110969430989979,1,0,80,80,77,78,0.5269387030481061,0.7278863104871107,0.5495536369433427,0.7036783822019627,0.001922422290180581,0.00018984146399736446,0.565224957170376,0.7691605493843804,/kaggle/input/datasets/hintrngia/locked-densenet-xai-inputs/D-P/DenseNet121/seed_3407/best_checkpoint.pt
E02_XAI_D_P_DenseNet121,D-P,DenseNet121,3407,27,normal,E-74019A53B16F834307F73E46.jpeg,0,0.3734974106240861,0.58251953125,0,1,0.866188504661023,0.8661885261535645,0.372467041015625,2.325544032833462,0.8500043367659132,0.8500043153762817,2.282092757652228,1,1,176,176,182,194,0.39230173650364886,0.49975467597166684,0.37916138127558646,0.5338654136272183,0.0005303743803698469,0.0011088595344701524,0.14587716937751166,0.22354736424735625,/kaggle/input/datasets/hintrngia/locked-densenet-xai-inputs/D-P/DenseNet121/seed_3407/best_checkpoint.pt
E02_XAI_D_P_DenseNet121,D-P,DenseNet121,3407,28,normal,E-778E5DF620CB9DE6A84B008B.jpeg,0,0.9355218864734808,0.58251953125,1,0,0.7677108058106221,0.76771080493927,0.3386688232421875,2.2668481806535223,0.7883586014092105,0.7883586287498474,2.327815692811625,1,1,207,207,220,205,0.8583053943981183,0.9280271668334362,0.8635687444105309,0.9422354484880081,0.0011183316117483466,0.010666111092107355,-0.11032071637117587,-0.04859849361498525,/kaggle/input/datasets/hintrngia/locked-densenet-xai-inputs/D-P/DenseNet121/seed_3407/best_checkpoint.pt
E02_XAI_D_P_DenseNet121,D-P,DenseNet121,3407,29,normal,E-77C42172A076E16EE5474210.jpeg,0,0.393620032209108,0.58251953125,0,1,0.9061572469725541,0.9061572551727295,0.39276123046875,2.307145351110851,0.9155079646354618,0.915507972240448,2.330952990301073,1,1,80,175,81,177,0.3160458133563483,0.6115113527645004,0.2797487005949508,0.6209402697683256,0.0010085324943006624,0.0017895108382156577,0.2865387881815638,0.30254579355507955,/kaggle/input/datasets/hintrngia/locked-densenet-xai-inputs/D-P/DenseNet121/seed_3407/best_checkpoint.pt
E02_XAI_D_P_DenseNet121,D-P,DenseNet121,3407,30,normal,E-7B1FB0C84C51C5CD8EDBCCFD.jpeg,0,0.9922621848764372,0.58251953125,1,0,0.7889556088736676,0.7889556288719177,0.388427734375,2.031151586390033,0.7476508348726202,0.7476508617401123,1.9248132115890964,1,1,207,207,209,217,0.9664997885456308,0.9527868733220237,0.936005258231247,0.977557189855011,1.2920670616423102e-05,0.0026662706375647494,-0.07828388741552589,-0.04137684939005476,/kaggle/input/datasets/hintrngia/locked-densenet-xai-inputs/D-P/DenseNet121/seed_3407/best_checkpoint.pt
E02_XAI_D_P_DenseNet121,D-P,DenseNet121,3407,31,normal,E-7B7A8A9BEAA512F9DC3E0865.jpeg,0,0.35284432268024124,0.58251953125,0,1,0.9074294393475464,0.9074294567108154,0.356475830078125,2.545556704780447,0.9336794081944203,0.9336794018745422,2.619194148421776,1,1,79,80,178,79,0.2765159829094636,0.6639660834459166,0.27852065272217874,0.6736441094023617,0.000823924228865347,0.0003106038149776058,-0.1469403595793898,-0.05954183465173991,/kaggle/input/datasets/hintrngia/locked-densenet-xai-inputs/D-P/DenseNet121/seed_3407/best_checkpoint.pt
E02_XAI_D_P_DenseNet121,D-P,DenseNet121,3407,32,normal,E-82FCB2C3D1996A8155B45525.jpeg,0,0.0939439602342948,0.58251953125,0,1,0.7535201698737869,0.7535201907157898,0.2450714111328125,3.0746963360219475,0.7194586629219872,0.7194586396217346,2.9357102878560086,1,1,80,80,178,183,0.35868855140790684,0.7403255423610124,0.33580444539435295,0.7527208877067824,0.0006721805670056868,0.0026991578760294788,0.28237864196465035,0.20287144860832304,/kaggle/input/datasets/hintrngia/locked-densenet-xai-inputs/D-P/DenseNet121/seed_3407/best_checkpoint.pt
E02_XAI_D_P_DenseNet121,D-P,DenseNet121,3407,33,normal,E-843CBB869621D4078F498542.jpeg,0,0.5129937044776895,0.58251953125,0,1,0.75383249212858,0.7538325190544128,0.3597412109375,2.0954855023811763,0.8011069314784368,0.8011069297790527,2.2268978563526822,1,1,79,144,79,160,0.398265801854163,0.4343571047779018,0.38605333650310114,0.45393925645203675,0.0017359102599974197,0.0005478446792671621,0.7585313888067962,0.9214979595997749,/kaggle/input/datasets/hintrngia/locked-densenet-xai-inputs/D-P/DenseNet121/seed_3407/best_checkpoint.pt
E02_XAI_D_P_DenseNet121,D-P,DenseNet121,3407,34,normal,E-845A5BC2008587BFFF60937F.jpeg,0,0.6773139076715003,0.58251953125,1,0,0.622327306505437,0.6223273277282715,0.3625030517578125,1.7167505307547384,0.7279014026280415,0.7279013991355896,2.007986964794853,1,1,48,207,59,211,0.7305522241143056,0.6369083980968704,0.7665716497468611,0.7060778733144955,0.0017877933584994343,0.005374526928206502,0.6670738785590223,0.8795520366580075,/kaggle/input/datasets/hintrngia/locked-densenet-xai-inputs/D-P/DenseNet121/seed_3407/best_checkpoint.pt
E02_XAI_D_P_DenseNet121,D-P,DenseNet121,3407,35,normal,E-8BB569A271B438E1FF7419AA.jpeg,0,0.3108075574312096,0.58251953125,0,1,0.6778930264509855,0.6778930425643921,0.3291015625,2.059829255447505,0.5656636217355965,0.5656636357307434,1.7188117170838302,1,1,80,79,79,58,0.45802560551045307,0.5162364495538562,0.5317456985760104,0.5267071747933147,0.002313344548472984,0.0008312246809867307,-0.05015185568962943,0.002637074985846663,/kaggle/input/datasets/hintrngia/locked-densenet-xai-inputs/D-P/DenseNet121/seed_3407/best_checkpoint.pt
E02_XAI_D_P_DenseNet121,D-P,DenseNet121,3407,36,normal,E-8E65534102472D38A215B619.jpeg,0,0.8453878333354755,0.58251953125,1,0,0.7044247174524354,0.7044247388839722,0.4018096923828125,1.7531302275837468,0.64123645163323,0.641236424446106,1.5958710399208353,1,1,207,207,207,224,0.6604910361369034,0.8066176035510018,0.6285824950512306,0.8605988932299834,0.0006292177991923387,0.0024519554442944402,0.5273347440144602,0.5293564723518727,/kaggle/input/datasets/hintrngia/locked-densenet-xai-inputs/D-P/DenseNet121/seed_3407/best_checkpoint.pt
E02_XAI_D_P_DenseNet121,D-P,DenseNet121,3407,37,normal,E-91CCC5E035FBDB0CCBB30E2A.jpeg,0,0.2544912811245841,0.58251953125,0,1,0.8767092431851008,0.8767092227935791,0.4178619384765625,2.098083511461704,0.8781350268944248,0.8781350255012512,2.10149560425609,1,1,207,176,185,175,0.47755041748923394,0.7342284643066248,0.5391879740789177,0.7478605674871603,0.0007092241377858466,0.0017463336384985206,0.951534047879491,0.9592344969510833,/kaggle/input/datasets/hintrngia/locked-densenet-xai-inputs/D-P/DenseNet121/seed_3407/best_checkpoint.pt
E02_XAI_D_P_DenseNet121,D-P,DenseNet121,3407,38,normal,E-91CD2D4F539A3D56107014E7.jpeg,0,0.6636226591462873,0.58251953125,1,0,0.7894826675880413,0.7894826531410217,0.376434326171875,2.097265346698414,0.8234015375677575,0.8234015107154846,2.1873710241605413,1,1,207,207,208,218,0.7529136034548145,0.7220184936778697,0.7245175568882829,0.7306327131487437,0.0021750511249873927,0.005300977416348718,0.5539910522166319,0.42059542353426255,/kaggle/input/datasets/hintrngia/locked-densenet-xai-inputs/D-P/DenseNet121/seed_3407/best_checkpoint.pt
E02_XAI_D_P_DenseNet121,D-P,DenseNet121,3407,39,normal,E-93DEE19500CF7BC746908FEA.jpeg,0,0.2756898073810266,0.58251953125,0,1,0.8740544886614787,0.874054491519928,0.3555908203125,2.458034456270111,0.8728894144524995,0.8728893995285034,2.454758010022271,1,1,176,175,187,183,0.3129959199867306,0.6953663561792451,0.2935495055075316,0.7136319232065758,0.0015089040722919833,0.001024852095874329,0.05682635073710461,0.05376987975860574,/kaggle/input/datasets/hintrngia/locked-densenet-xai-inputs/D-P/DenseNet121/seed_3407/best_checkpoint.pt
E02_XAI_D_P_DenseNet121,D-P,DenseNet121,3407,40,normal,E-9A48264C99FDAC90E29908DD.jpeg,0,0.9428594850558013,0.58251953125,1,0,0.6999258886547138,0.6999258995056152,0.3754425048828125,1.8642691745123074,0.666610261786271,0.6666102409362793,1.775532213632394,1,1,207,207,207,217,0.8610402912323812,0.8389187078450772,0.7389333433302527,0.9118921891821713,0.0018263240940902259,0.003936461368553301,0.33373503596007076,0.343744118117899,/kaggle/input/datasets/hintrngia/locked-densenet-xai-inputs/D-P/DenseNet121/seed_3407/best_checkpoint.pt
E02_XAI_D_P_DenseNet121,D-P,DenseNet121,3407,41,normal,E-A5B76F5465A7745EBBAE1D8D.jpeg,0,0.3886208024044855,0.58251953125,0,1,0.9270879549810568,0.9270879626274109,0.36846923828125,2.5160525185372924,0.9248923900058539,0.9248923659324646,2.5100939072148267,1,1,79,175,179,186,0.2734977028870988,0.5656651051580417,0.26930909040368367,0.5670406354844908,0.0006172620849069776,0.0011058149378688764,0.47634738951394334,0.7245443326079278,/kaggle/input/datasets/hintrngia/locked-densenet-xai-inputs/D-P/DenseNet121/seed_3407/best_checkpoint.pt
E02_XAI_D_P_DenseNet121,D-P,DenseNet121,3407,42,normal,E-A92185A886C303721C499620.jpeg,0,0.859106083630402,0.58251953125,1,0,0.8483089446887154,0.8483089208602905,0.4248199462890625,1.9968670306066467,0.8372506645281719,0.8372506499290466,1.970836519899367,1,1,207,207,201,228,0.7916526617570184,0.8042465613087515,0.8204875206510742,0.8603301810422792,0.0004316192881791414,0.0015461326015313581,0.19495748317658892,0.33501326398570214,/kaggle/input/datasets/hintrngia/locked-densenet-xai-inputs/D-P/DenseNet121/seed_3407/best_checkpoint.pt
E02_XAI_D_P_DenseNet121,D-P,DenseNet121,3407,43,normal,E-B1906A980682154F21AC8637.jpeg,0,0.16414617645155877,0.58251953125,0,1,0.8531783980333139,0.8531783819198608,0.37506103515625,2.2747721518922397,0.8447543292163147,0.8447543382644653,2.2523116240651095,1,1,176,175,194,177,0.5011007952609322,0.6030125864870204,0.5859224041204394,0.6443504972411973,0.00032706651286573685,0.00013836410080136918,0.1611377104140239,0.15641473876051956,/kaggle/input/datasets/hintrngia/locked-densenet-xai-inputs/D-P/DenseNet121/seed_3407/best_checkpoint.pt
E02_XAI_D_P_DenseNet121,D-P,DenseNet121,3407,44,normal,E-B701F1D8C0C0617522833A87.jpeg,0,0.09192053652626936,0.58251953125,0,1,0.7756259133570795,0.7756258845329285,0.2968597412109375,2.6127689466856627,0.7401764849866819,0.7401764988899231,2.4933542081771876,1,0,176,175,74,50,0.5211237090982848,0.5990481312828934,0.5488753293771762,0.671387007544672,0.0013946894221922301,0.004402035940487048,-0.04826954925865711,0.09851385188433527,/kaggle/input/datasets/hintrngia/locked-densenet-xai-inputs/D-P/DenseNet121/seed_3407/best_checkpoint.pt
E02_XAI_D_P_DenseNet121,D-P,DenseNet121,3407,45,normal,E-B80945974BB38152A2ADE2AF.jpeg,0,0.031155551721959888,0.58251953125,0,1,0.7906336588577647,0.7906336784362793,0.287933349609375,2.7458912277107825,0.7877791177341041,0.7877790927886963,2.73597733226403,1,1,80,80,106,82,0.6530703480069908,0.8703138629743195,0.6956331344411744,0.8825264591802271,0.0003970914133368808,0.0008075687851402114,0.9449705860039772,0.9270601812341749,/kaggle/input/datasets/hintrngia/locked-densenet-xai-inputs/D-P/DenseNet121/seed_3407/best_checkpoint.pt
E02_XAI_D_P_DenseNet121,D-P,DenseNet121,3407,46,normal,E-BB74E7A26CC5772AE8204932.jpeg,0,0.7738534192790228,0.58251953125,1,0,0.7035309275020795,0.7035309076309204,0.396759033203125,1.7731944798391,0.7559762055568962,0.7559762001037598,1.9053786865386027,1,1,48,207,42,208,0.6971162543036816,0.704558930629149,0.5984592093417607,0.8050913555229882,0.001865111690179666,0.001975067462804514,-0.031211216156463766,0.2428534597670266,/kaggle/input/datasets/hintrngia/locked-densenet-xai-inputs/D-P/DenseNet121/seed_3407/best_checkpoint.pt
E02_XAI_D_P_DenseNet121,D-P,DenseNet121,3407,47,normal,E-BB96C349B18A4710DE07EC01.jpeg,0,0.18345024023624804,0.58251953125,0,1,0.8871190242782326,0.8871189951896667,0.3329010009765625,2.664813327913932,0.8635020347839704,0.863502025604248,2.5938703465922117,1,1,79,80,83,48,0.40926174227949164,0.7055798458039346,0.42427221334758347,0.7251007629756406,0.0005543724682942619,0.004472088700997023,0.03047798322960258,0.03940038515221859,/kaggle/input/datasets/hintrngia/locked-densenet-xai-inputs/D-P/DenseNet121/seed_3407/best_checkpoint.pt
E02_XAI_D_P_DenseNet121,D-P,DenseNet121,3407,48,normal,E-BCDF7BD5461E233F18CDF83C.jpeg,0,0.1107476813973031,0.58251953125,0,1,0.798933476593436,0.7989335060119629,0.2940521240234375,2.7169791044588982,0.7315743244140925,0.731574296951294,2.4879069547403856,1,0,80,80,74,69,0.5715384320689432,0.817535972860784,0.5094204647562446,0.8568481386525624,0.00040753274615590307,0.0055020329027725134,-0.036619661689177616,0.021098813597748796,/kaggle/input/datasets/hintrngia/locked-densenet-xai-inputs/D-P/DenseNet121/seed_3407/best_checkpoint.pt
E02_XAI_D_P_DenseNet121,D-P,DenseNet121,3407,49,normal,E-BF6060CF2B5D86362B50F1EF.jpeg,0,0.15476595637309193,0.58251953125,0,1,0.8363575496428414,0.8363575339317322,0.3540191650390625,2.3624640478166135,0.8345584141512846,0.8345584273338318,2.3573820193016934,1,1,175,175,177,188,0.4412136562103449,0.6569455915738256,0.4470528011022792,0.7280557853153085,0.0024156859910806627,0.0016536799390823864,0.754138858091511,0.8920966266464109,/kaggle/input/datasets/hintrngia/locked-densenet-xai-inputs/D-P/DenseNet121/seed_3407/best_checkpoint.pt
E02_XAI_D_P_DenseNet121,D-P,DenseNet121,3407,50,normal,E-C7B56CF9C42EB131FD94EA3C.jpeg,0,0.9602859703686669,0.58251953125,1,0,0.5806278751667613,0.5806278586387634,0.32830810546875,1.7685456602960061,0.28511282233953367,0.28511282801628113,0.8684306527627662,1,0,207,207,242,250,0.882645647624051,0.9261043420834641,0.8075194347889307,0.9502344058935792,0.0005333762222146099,0.002704380483771862,0.7207595763413517,0.15766066627325662,/kaggle/input/datasets/hintrngia/locked-densenet-xai-inputs/D-P/DenseNet121/seed_3407/best_checkpoint.pt
E02_XAI_D_P_DenseNet121,D-P,DenseNet121,3407,51,normal,E-D31B79C24E008C43E1511E9D.jpeg,0,0.035900742774725644,0.58251953125,0,1,0.7885686052777464,0.7885686159133911,0.29034423828125,2.7159781435506827,0.7731468816267607,0.7731468677520752,2.6628628355208845,1,1,80,80,175,71,0.725245747786781,0.8452348746264432,0.7551931212390067,0.8806693050584684,0.00047089925415999545,0.0002660036273781641,0.9131796101454701,0.8932955334885324,/kaggle/input/datasets/hintrngia/locked-densenet-xai-inputs/D-P/DenseNet121/seed_3407/best_checkpoint.pt
E02_XAI_D_P_DenseNet121,D-P,DenseNet121,3407,52,normal,E-E13640D767DD410F37B990A9.jpeg,0,0.10402682628682762,0.58251953125,0,1,0.8387899462969397,0.8387899398803711,0.3385162353515625,2.477842592766114,0.8611600251462822,0.8611600399017334,2.54392532828428,1,1,176,175,183,163,0.5414273717469372,0.7526502478260175,0.5641774581102983,0.8252309242725157,0.000188885964321428,0.0016749512445120018,0.6048467275447668,0.7481170329889295,/kaggle/input/datasets/hintrngia/locked-densenet-xai-inputs/D-P/DenseNet121/seed_3407/best_checkpoint.pt
E02_XAI_D_P_DenseNet121,D-P,DenseNet121,3407,53,normal,E-E2352C479C37BA410D3419C8.jpeg,0,0.4299200412539061,0.58251953125,0,1,0.9338941050310047,0.9338940978050232,0.460540771484375,2.0278206900573825,0.9473878243632382,0.9473878145217896,2.0571204180461593,1,1,207,175,61,169,0.3284108141988874,0.6345082700042934,0.30935678220860396,0.6469444555908185,0.0035944484569675472,0.0030610401358653894,0.7725766086716901,0.7734531591086166,/kaggle/input/datasets/hintrngia/locked-densenet-xai-inputs/D-P/DenseNet121/seed_3407/best_checkpoint.pt
E02_XAI_D_P_DenseNet121,D-P,DenseNet121,3407,54,normal,E-E249A212D4F7D1C6D4206FBF.jpeg,0,0.3452529561421839,0.58251953125,0,1,0.9000294514981008,0.9000294804573059,0.44427490234375,2.0258390621438225,0.9135127942770354,0.9135127663612366,2.056188160658737,1,1,79,176,91,194,0.4595005273781183,0.49955604023909084,0.49285531848127623,0.5408091076869606,0.0038504068851075157,0.00432355605506396,0.5547731434719619,0.5097693940624003,/kaggle/input/datasets/hintrngia/locked-densenet-xai-inputs/D-P/DenseNet121/seed_3407/best_checkpoint.pt
E02_XAI_D_P_DenseNet121,D-P,DenseNet121,3407,55,normal,E-E2DD25AE8644A21D4C1655DA.jpeg,0,0.3212517046420144,0.58251953125,0,1,0.7887790213420421,0.7887790203094482,0.3409881591796875,2.3132152836028137,0.7946312843995849,0.79463130235672,2.330377941308059,1,1,176,176,84,81,0.3781902076083267,0.5272778434753429,0.3092554008816081,0.5738352718226002,0.0027708359681861694,0.003010393648987475,0.8722440794970007,0.9014672491976121,/kaggle/input/datasets/hintrngia/locked-densenet-xai-inputs/D-P/DenseNet121/seed_3407/best_checkpoint.pt
E02_XAI_D_P_DenseNet121,D-P,DenseNet121,3407,56,normal,E-E35138A3EAFB63D43C970EAE.jpeg,0,0.6472376214200143,0.58251953125,1,0,0.6984605534525787,0.698460578918457,0.4013519287109375,1.7402695825977341,0.6876786340797808,0.6876786351203918,1.7134055797077334,1,1,207,207,208,210,0.6406084846526261,0.7163545028049239,0.617377732916015,0.7216698068043041,0.0030389426714185763,0.0010103311087685807,0.23357497673102479,0.026704457441704462,/kaggle/input/datasets/hintrngia/locked-densenet-xai-inputs/D-P/DenseNet121/seed_3407/best_checkpoint.pt
E02_XAI_D_P_DenseNet121,D-P,DenseNet121,3407,57,normal,E-EACE2F51FB2EF2E191B9BC55.jpeg,0,0.7171785695779557,0.58251953125,1,0,0.7758399734872693,0.7758399844169617,0.4419708251953125,1.7554099258574722,0.8024129229139529,0.8024129271507263,1.8155336894903786,1,1,207,207,203,211,0.7217810254705472,0.7405110467847085,0.708910172175529,0.8048385705281871,0.0018630553840678354,0.000632802562664847,-0.10498238872375687,-0.055043256915586855,/kaggle/input/datasets/hintrngia/locked-densenet-xai-inputs/D-P/DenseNet121/seed_3407/best_checkpoint.pt
E02_XAI_D_P_DenseNet121,D-P,DenseNet121,3407,58,normal,E-ED70ACD6E494856AB99B813B.jpeg,0,0.9685027071182404,0.58251953125,1,0,0.6645350699618779,0.6645350456237793,0.3370513916015625,1.9716134883888647,0.6559381293781962,0.6559381484985352,1.946107168587508,1,1,207,207,204,216,0.9343840945819997,0.8984533068813763,0.8469913407862387,0.9547241317101693,0.0006080761001325818,0.004608521637606611,0.0885246758624316,0.01831125290081444,/kaggle/input/datasets/hintrngia/locked-densenet-xai-inputs/D-P/DenseNet121/seed_3407/best_checkpoint.pt
E02_XAI_D_P_DenseNet121,D-P,DenseNet121,3407,59,normal,E-EE1CB872F9ABCF62B8C9A410.jpeg,0,0.11087061238990281,0.58251953125,0,1,0.7673234964483429,0.7673234939575195,0.260040283203125,2.9507870357492427,0.8215774717450262,0.8215774893760681,3.159423846278725,1,1,175,175,171,175,0.3791604655226635,0.7685628933026507,0.36888205599553825,0.7696112751221855,0.0005237095173376005,0.00015460961609292667,0.0058105720830670645,0.12423904593141893,/kaggle/input/datasets/hintrngia/locked-densenet-xai-inputs/D-P/DenseNet121/seed_3407/best_checkpoint.pt
E02_XAI_D_P_DenseNet121,D-P,DenseNet121,3407,60,normal,E-EFAD2710B0F9E9CA19CFEDAD.jpeg,0,0.6131562742737385,0.58251953125,1,0,0.7070261366746964,0.7070261240005493,0.36236572265625,1.9511396704191049,0.7571290089243473,0.7571290135383606,2.0894057069591554,1,1,48,207,38,171,0.5492795709897323,0.7998118887006715,0.5759079895144336,0.8369335007082016,0.0018691458324513466,0.0008809439840508082,-0.046774049303786674,0.2601437859856303,/kaggle/input/datasets/hintrngia/locked-densenet-xai-inputs/D-P/DenseNet121/seed_3407/best_checkpoint.pt
E02_XAI_D_P_DenseNet121,D-P,DenseNet121,3407,61,normal,E-F32C5A7DA665488BF8EB2294.jpeg,0,0.5274742076431735,0.58251953125,0,1,0.8643634354358986,0.864363431930542,0.3988037109375,2.1673906529203797,0.9003013533610802,0.9003013372421265,2.2575049546170702,1,1,79,175,81,173,0.31225586664256644,0.47221543172065245,0.2914114688774059,0.484558481932011,0.0029821806501547643,0.0026627442655362543,0.415443691394001,0.7908993136509676,/kaggle/input/datasets/hintrngia/locked-densenet-xai-inputs/D-P/DenseNet121/seed_3407/best_checkpoint.pt
E02_XAI_D_P_DenseNet121,D-P,DenseNet121,3407,62,normal,E-F57AB9616B464FB4687D409D.jpeg,0,0.451474271746639,0.58251953125,0,1,0.9110693593759011,0.9110693335533142,0.43695068359375,2.0850622131603243,0.9224090131717311,0.9224089980125427,2.11101400639833,1,1,79,176,78,174,0.3189848916810101,0.4665665583135072,0.31361678457405207,0.4801985701203807,0.0010513742402336046,0.0019548244967806383,0.10685383845912297,0.20840320535345203,/kaggle/input/datasets/hintrngia/locked-densenet-xai-inputs/D-P/DenseNet121/seed_3407/best_checkpoint.pt
E02_XAI_D_P_DenseNet121,D-P,DenseNet121,3407,63,normal,E-F803B5977A560D3CAEE3206F.jpeg,0,0.2658453860881551,0.58251953125,0,1,0.8547626313087191,0.854762613773346,0.3428192138671875,2.4933335027127885,0.8679175685164143,0.8679175972938538,2.5317063146077237,1,1,79,175,79,171,0.5095316402060326,0.6151675607123422,0.5142081137422145,0.6250880996999613,0.0006922440149146336,0.0005257851510002132,0.859143460789221,0.8485960758583332,/kaggle/input/datasets/hintrngia/locked-densenet-xai-inputs/D-P/DenseNet121/seed_3407/best_checkpoint.pt
E02_XAI_D_P_DenseNet121,D-P,DenseNet121,3407,64,pneumonia,E-018B83433C4DD934AA5C8B2B.jpeg,1,0.9948923126744663,0.58251953125,1,1,0.8330689156910737,0.8330689072608948,0.3726043701171875,2.235800174402318,0.8379703427983779,0.8379703164100647,2.2489546822406523,1,1,207,207,210,192,0.9805913022348764,0.9834258828446573,0.9827876235418535,0.9923774954203082,0.0006735202480216973,7.219767206123606e-05,0.9625786425263553,0.9522044984132114,/kaggle/input/datasets/hintrngia/locked-densenet-xai-inputs/D-P/DenseNet121/seed_3407/best_checkpoint.pt
E02_XAI_D_P_DenseNet121,D-P,DenseNet121,3407,65,pneumonia,E-01E4EA18817F6CBD784D8ACE.jpeg,1,0.9917899028576002,0.58251953125,1,1,0.7703975219750262,0.7703975439071655,0.355072021484375,2.169693682860134,0.7535146275937067,0.7535146474838257,2.1221458802742226,1,1,80,48,82,43,0.9449589917535337,0.9794909075832631,0.9418184160555532,0.9896157463310393,6.500648612783877e-05,0.011854850885240298,0.9487643223064294,0.981768725218784,/kaggle/input/datasets/hintrngia/locked-densenet-xai-inputs/D-P/DenseNet121/seed_3407/best_checkpoint.pt
E02_XAI_D_P_DenseNet121,D-P,DenseNet121,3407,66,pneumonia,E-0981A556ADE7F427711A3360.jpeg,1,0.9755042223320136,0.58251953125,1,1,0.7364198608248232,0.7364198565483093,0.315826416015625,2.3317234514936525,0.751594950064651,0.7515949606895447,2.3797722798065983,1,1,48,207,49,210,0.9248414938364722,0.9437591223761794,0.8690148960045523,0.9702452516630407,0.00031002835127524886,0.000490645021120506,-0.005976548630268,0.020551976634811352,/kaggle/input/datasets/hintrngia/locked-densenet-xai-inputs/D-P/DenseNet121/seed_3407/best_checkpoint.pt
E02_XAI_D_P_DenseNet121,D-P,DenseNet121,3407,67,pneumonia,E-0B7E667233F7AB135F8A84DD.jpeg,1,0.9954065004980958,0.58251953125,1,1,0.7845558893808652,0.7845559120178223,0.3825225830078125,2.051005415711212,0.79150392720002,0.79150390625,2.0691691480705456,1,1,176,207,203,203,0.981842396863533,0.9784065183981019,0.9744981354200236,0.9885606609033515,0.0006678628766221273,0.0018630419505022422,0.8077698218417146,0.8020250034068612,/kaggle/input/datasets/hintrngia/locked-densenet-xai-inputs/D-P/DenseNet121/seed_3407/best_checkpoint.pt
E02_XAI_D_P_DenseNet121,D-P,DenseNet121,3407,68,pneumonia,E-122745006C7E29B76E58625B.jpeg,1,0.9951925589144381,0.58251953125,1,1,0.7290425809378186,0.7290425896644592,0.3352813720703125,2.1744201785983197,0.7196283220075034,0.7196283340454102,2.1463414968863486,1,1,80,48,49,165,0.9478977762569525,0.980598264569742,0.9394206772095766,0.9861449687948967,0.00029036562499462626,0.0064506083998187025,-0.13319110014344243,-0.013553329860999103,/kaggle/input/datasets/hintrngia/locked-densenet-xai-inputs/D-P/DenseNet121/seed_3407/best_checkpoint.pt
E02_XAI_D_P_DenseNet121,D-P,DenseNet121,3407,69,pneumonia,E-1265B89238C345234A9C993B.jpeg,1,0.9540184720731237,0.58251953125,1,1,0.7878275274122173,0.7878275513648987,0.3254241943359375,2.420924876282978,0.7413338220332928,0.7413338422775269,2.2780537985077074,1,1,80,48,75,51,0.9185133107724535,0.935218591022172,0.9220943574721918,0.9618081516649171,0.000344322277614717,0.0019070205178441935,0.2591336649467029,0.2475873641291326,/kaggle/input/datasets/hintrngia/locked-densenet-xai-inputs/D-P/DenseNet121/seed_3407/best_checkpoint.pt
E02_XAI_D_P_DenseNet121,D-P,DenseNet121,3407,70,pneumonia,E-1777E855F7110F5A72B38BC0.jpeg,1,0.9885036429478112,0.58251953125,1,1,0.7358907531553258,0.7358907461166382,0.3238525390625,2.272301941141511,0.7613473859582718,0.7613474130630493,2.3509075709650067,1,1,80,80,79,85,0.9771277073817481,0.9615338791411259,0.9694587586327701,0.9794867691128857,3.279900351094156e-06,0.003551377221210017,0.39206555886777794,0.48138861101666114,/kaggle/input/datasets/hintrngia/locked-densenet-xai-inputs/D-P/DenseNet121/seed_3407/best_checkpoint.pt
E02_XAI_D_P_DenseNet121,D-P,DenseNet121,3407,71,pneumonia,E-198E88DB173F06A1227B639B.jpeg,1,0.9849441676814708,0.58251953125,1,1,0.6693384614195221,0.6693384647369385,0.256744384765625,2.6070227866153455,0.7102948787498987,0.7102949023246765,2.7665449407912375,1,1,80,79,83,62,0.9470949024675676,0.9750931805338907,0.9547654985918518,0.981401419599496,0.0002734836060231949,0.00014112728845050437,0.2635531826765312,0.4086912558838823,/kaggle/input/datasets/hintrngia/locked-densenet-xai-inputs/D-P/DenseNet121/seed_3407/best_checkpoint.pt
E02_XAI_D_P_DenseNet121,D-P,DenseNet121,3407,72,pneumonia,E-1A06E979246F3D9634B22BF8.jpeg,1,0.9982075761981096,0.58251953125,1,1,0.7338547940882533,0.7338547706604004,0.303802490234375,2.415565433720129,0.6973154880254891,0.697315514087677,2.2952922060893246,1,1,80,79,75,54,0.9858745938846789,0.9874079062635024,0.9838464674713868,0.9938375877858929,0.0005483463745685757,0.0019721729946217126,0.9780364548508412,0.9711809937909779,/kaggle/input/datasets/hintrngia/locked-densenet-xai-inputs/D-P/DenseNet121/seed_3407/best_checkpoint.pt
E02_XAI_D_P_DenseNet121,D-P,DenseNet121,3407,73,pneumonia,E-220D81ED5B8FE3B14418B9F7.jpeg,1,0.9653087623896677,0.58251953125,1,1,0.6438380904661755,0.643838107585907,0.2836456298828125,2.269867830264741,0.7320247047637893,0.7320247292518616,2.5807720184732745,1,0,48,175,47,147,0.8853630287751368,0.9396150644312375,0.8203482282385745,0.9621753634812158,5.970501622576396e-05,0.0001325199773138941,0.8583748810295031,0.9274673954762391,/kaggle/input/datasets/hintrngia/locked-densenet-xai-inputs/D-P/DenseNet121/seed_3407/best_checkpoint.pt
E02_XAI_D_P_DenseNet121,D-P,DenseNet121,3407,74,pneumonia,E-227257A6740CF45FAF02E456.jpeg,1,0.9054062762929371,0.58251953125,1,1,0.7497519098003338,0.7497519254684448,0.381500244140625,1.9652724246330164,0.7588067503224286,0.7588067650794983,1.9890072469854685,1,1,207,207,206,210,0.8589327489194754,0.7841739943493247,0.7338992453565948,0.8563400697194153,0.002321630634336991,0.0010134242713240038,-0.004055482660701612,-0.02621219695320065,/kaggle/input/datasets/hintrngia/locked-densenet-xai-inputs/D-P/DenseNet121/seed_3407/best_checkpoint.pt
E02_XAI_D_P_DenseNet121,D-P,DenseNet121,3407,75,pneumonia,E-2C0709EBA6450DCFB3BBB340.jpeg,1,0.9883616927691761,0.58251953125,1,1,0.7750982995301783,0.7750983238220215,0.3762359619140625,2.060138790526413,0.8307575809367405,0.8307575583457947,2.20807595507443,1,1,79,79,67,146,0.9610520669492475,0.950269931350499,0.9513467484920068,0.9693058012158062,0.00023623513854442724,0.0009831262730116697,0.8983046937434419,0.9370848519995784,/kaggle/input/datasets/hintrngia/locked-densenet-xai-inputs/D-P/DenseNet121/seed_3407/best_checkpoint.pt
E02_XAI_D_P_DenseNet121,D-P,DenseNet121,3407,76,pneumonia,E-30421FA65AB177DCD15E84C4.jpeg,1,0.999678060488156,0.58251953125,1,1,0.8023306742314985,0.8023306727409363,0.41265869140625,1.9442960755226848,0.7325996245714873,0.7325996160507202,1.77531611432913,1,1,48,144,45,115,0.9939516481301677,0.9970061613949737,0.9938478359143978,0.9984848799691627,0.0002862041188793629,0.0003485756819132657,0.07166876668116576,0.2792886212302498,/kaggle/input/datasets/hintrngia/locked-densenet-xai-inputs/D-P/DenseNet121/seed_3407/best_checkpoint.pt
E02_XAI_D_P_DenseNet121,D-P,DenseNet121,3407,77,pneumonia,E-386D019ED9E9E8244987AC20.jpeg,1,0.9865706523543947,0.58251953125,1,1,0.7768866311426332,0.7768866419792175,0.3555145263671875,2.1852458156385945,0.8213189002113462,0.8213189244270325,2.3102259944311254,1,1,48,112,86,50,0.9574511560356201,0.9615466737202949,0.9314147263845656,0.9735503656795246,1.875210010260364e-05,0.0018148173527710032,-0.08041978923715573,0.08195433716355366,/kaggle/input/datasets/hintrngia/locked-densenet-xai-inputs/D-P/DenseNet121/seed_3407/best_checkpoint.pt
E02_XAI_D_P_DenseNet121,D-P,DenseNet121,3407,78,pneumonia,E-3AC987E53985CBAF71C33ABC.jpeg,1,0.972963599499151,0.58251953125,1,1,0.7828625425159118,0.7828625440597534,0.4218597412109375,1.8557412951250696,0.7900435914662629,0.7900435924530029,1.872763656466633,1,1,207,207,198,201,0.942725360378656,0.9386250648765719,0.9134299424041401,0.9544887026509571,0.0008355348707579369,0.0002639137577740147,0.6752559699881256,0.8174020323033873,/kaggle/input/datasets/hintrngia/locked-densenet-xai-inputs/D-P/DenseNet121/seed_3407/best_checkpoint.pt
E02_XAI_D_P_DenseNet121,D-P,DenseNet121,3407,79,pneumonia,E-3EB4BE73D28C1518A6A12685.jpeg,1,0.9738428816031303,0.58251953125,1,1,0.8238464054005333,0.8238463997840881,0.40576171875,2.030369961805406,0.8340790241699625,0.8340790271759033,2.0555882569194743,1,1,207,207,81,66,0.9564710697902776,0.9520694772323577,0.9379286206915839,0.9670150134904086,0.0019835276921797984,0.002841514570504855,0.12667515022212122,0.11274720529549667,/kaggle/input/datasets/hintrngia/locked-densenet-xai-inputs/D-P/DenseNet121/seed_3407/best_checkpoint.pt
E02_XAI_D_P_DenseNet121,D-P,DenseNet121,3407,80,pneumonia,E-401B5DEDAD367F085127D1DA.jpeg,1,0.9599589010487102,0.58251953125,1,1,0.8128332343993867,0.8128332495689392,0.364349365234375,2.2309171140630792,0.7855480695526609,0.7855480909347534,2.1560297464696867,1,1,48,143,197,210,0.9216363487768786,0.930586068862358,0.9083906618870097,0.9527573491210559,0.00011631013441870675,0.002151369640473022,-0.16722784423776121,-0.04058599401254853,/kaggle/input/datasets/hintrngia/locked-densenet-xai-inputs/D-P/DenseNet121/seed_3407/best_checkpoint.pt
E02_XAI_D_P_DenseNet121,D-P,DenseNet121,3407,81,pneumonia,E-4329094918EDAAADE18246AB.jpeg,1,0.9995385896838362,0.58251953125,1,1,0.821240249491961,0.821240246295929,0.4228057861328125,1.9423581143565323,0.821757741914121,0.8217577338218689,1.9435820626541496,1,1,48,207,57,90,0.9961870322578799,0.9925753139812502,0.994171066989455,0.9962060068017726,0.00024558260276519306,0.0009467524663511195,0.7635302870073067,0.8647524149501519,/kaggle/input/datasets/hintrngia/locked-densenet-xai-inputs/D-P/DenseNet121/seed_3407/best_checkpoint.pt
E02_XAI_D_P_DenseNet121,D-P,DenseNet121,3407,82,pneumonia,E-443A80FA1DE791815F946FF9.jpeg,1,0.988881830668565,0.58251953125,1,1,0.6934625469207,0.6934625506401062,0.309112548828125,2.243398236498914,0.6669389787921957,0.6669389605522156,2.1575926998778425,1,1,80,80,205,220,0.9514549925649511,0.9796318596452036,0.95884703537419,0.9863202560191277,0.00024448516037189894,0.00916047335750969,-0.011075296182087637,0.1074634259032418,/kaggle/input/datasets/hintrngia/locked-densenet-xai-inputs/D-P/DenseNet121/seed_3407/best_checkpoint.pt
E02_XAI_D_P_DenseNet121,D-P,DenseNet121,3407,83,pneumonia,E-4B97630FB65DE326125E1DE1.jpeg,1,0.9962982046082872,0.58251953125,1,1,0.7248941924051648,0.7248941659927368,0.3383941650390625,2.142159254789416,0.7620306228707895,0.7620306015014648,2.2519023718474123,1,1,176,207,50,150,0.9795804035181003,0.9831151968162443,0.981126991973382,0.9893169170891831,0.0004289183289886145,0.004502734573321621,0.4468804814474108,0.5020023349902044,/kaggle/input/datasets/hintrngia/locked-densenet-xai-inputs/D-P/DenseNet121/seed_3407/best_checkpoint.pt
E02_XAI_D_P_DenseNet121,D-P,DenseNet121,3407,84,pneumonia,E-55F059ED3BB72FAD418A344C.jpeg,1,0.9625725403830065,0.58251953125,1,1,0.7396308240185806,0.7396308183670044,0.3324737548828125,2.224629202023117,0.7505990196797646,0.7505990266799927,2.2576188606054917,1,1,207,207,208,210,0.9241746764502747,0.8801339032691438,0.833437095076957,0.9476628171887569,0.0006915202920318997,0.0017677629933768868,0.7832700189302589,0.9694000411780065,/kaggle/input/datasets/hintrngia/locked-densenet-xai-inputs/D-P/DenseNet121/seed_3407/best_checkpoint.pt
E02_XAI_D_P_DenseNet121,D-P,DenseNet121,3407,85,pneumonia,E-6060B7AB38566FD26078DE5E.jpeg,1,0.9766487247790672,0.58251953125,1,1,0.6631911769429273,0.6631911993026733,0.271087646484375,2.4464087004464528,0.6910260118055068,0.6910260319709778,2.549087060097135,1,1,80,79,80,51,0.9650430641275831,0.9536086599853006,0.9619768263649524,0.9659167378026452,0.001289378036707589,0.0027184062751272053,0.9208325330833563,0.9530985834019104,/kaggle/input/datasets/hintrngia/locked-densenet-xai-inputs/D-P/DenseNet121/seed_3407/best_checkpoint.pt
E02_XAI_D_P_DenseNet121,D-P,DenseNet121,3407,86,pneumonia,E-638A63581494A3F6A20C2D9C.jpeg,1,0.9671794179647708,0.58251953125,1,1,0.7898026899210032,0.7898026704788208,0.312408447265625,2.52810926475837,0.7830620819724364,0.7830621004104614,2.5065329981510986,1,1,79,143,79,138,0.8932737952392413,0.9667148152029454,0.8980358962136417,0.9730240989687301,0.0004777124180388448,0.013422832643731342,0.43617502285702875,0.5249628302523799,/kaggle/input/datasets/hintrngia/locked-densenet-xai-inputs/D-P/DenseNet121/seed_3407/best_checkpoint.pt
E02_XAI_D_P_DenseNet121,D-P,DenseNet121,3407,87,pneumonia,E-63AE2F3741553AC167D0B283.jpeg,1,0.9968278132683709,0.58251953125,1,1,0.7981391270541688,0.7981391549110413,0.3596954345703125,2.2189303792738304,0.7990565272573537,0.7990565299987793,2.2214808709259715,1,1,80,48,203,214,0.9779541306896589,0.9821522268917949,0.9735804516767755,0.9888005367122701,0.0017604507760546895,0.002510244257057148,0.3585421387018041,0.5026513729544152,/kaggle/input/datasets/hintrngia/locked-densenet-xai-inputs/D-P/DenseNet121/seed_3407/best_checkpoint.pt
E02_XAI_D_P_DenseNet121,D-P,DenseNet121,3407,88,pneumonia,E-63E40A6B7E9FE7A4F927B234.jpeg,1,0.985735442046384,0.58251953125,1,1,0.7379917759950755,0.7379917502403259,0.3593597412109375,2.053629528750935,0.7227850370269854,0.7227850556373596,2.011313327952126,1,1,207,207,202,212,0.9439019430922075,0.9309090314665436,0.896067116421339,0.9622598444044097,9.762278311320483e-05,0.009708640951589187,0.06001638068582831,0.02736438686438215,/kaggle/input/datasets/hintrngia/locked-densenet-xai-inputs/D-P/DenseNet121/seed_3407/best_checkpoint.pt
E02_XAI_D_P_DenseNet121,D-P,DenseNet121,3407,89,pneumonia,E-6C94FB136A3DC9D9B1FE1032.jpeg,1,0.9408409531749737,0.58251953125,1,1,0.7577563342951591,0.7577563524246216,0.3358001708984375,2.25656923362419,0.7926354836787735,0.7926355004310608,2.3604379996533873,1,1,79,79,71,66,0.8706229528335859,0.9165044821940385,0.8452854527920415,0.9409061485337558,0.0003228001085027188,0.0011645209587658467,0.8711170414356745,0.9216147132079412,/kaggle/input/datasets/hintrngia/locked-densenet-xai-inputs/D-P/DenseNet121/seed_3407/best_checkpoint.pt
E02_XAI_D_P_DenseNet121,D-P,DenseNet121,3407,90,pneumonia,E-6EBA6C5A4DF4C84E483A5386.jpeg,1,0.9979436062530834,0.58251953125,1,1,0.703666287529697,0.7036662697792053,0.3423919677734375,2.0551483497279834,0.7020040278242369,0.7020040154457092,2.0502935053919153,1,1,80,79,79,38,0.9695510180283131,0.9856292247804926,0.9743733825671912,0.9932388027594126,0.00045111486096383047,0.0008493650336133252,0.9780842766332489,0.9732180932549863,/kaggle/input/datasets/hintrngia/locked-densenet-xai-inputs/D-P/DenseNet121/seed_3407/best_checkpoint.pt
E02_XAI_D_P_DenseNet121,D-P,DenseNet121,3407,91,pneumonia,E-73D66A02A1612F6E79C3F7EC.jpeg,1,0.9909189755090467,0.58251953125,1,1,0.7960590778223519,0.7960590720176697,0.3591766357421875,2.2163442679878353,0.8253613868199378,0.8253613710403442,2.297926158572218,1,1,80,48,83,77,0.9770689677072169,0.9728769156869144,0.9752439526778037,0.9859563712779394,1.0218945413753566e-05,0.0013853643852602682,0.9073806104097991,0.9370647357021131,/kaggle/input/datasets/hintrngia/locked-densenet-xai-inputs/D-P/DenseNet121/seed_3407/best_checkpoint.pt
E02_XAI_D_P_DenseNet121,D-P,DenseNet121,3407,92,pneumonia,E-7725ED8C0E93C0BF91B23FCE.jpeg,1,0.9933935101819066,0.58251953125,1,1,0.8309091318170453,0.8309091329574585,0.38677978515625,2.148274454109274,0.8346284941298507,0.8346285223960876,2.1578906813671255,1,1,48,144,42,115,0.9754702078015819,0.9805355406583517,0.9718566168466918,0.9896430839144579,0.0013614000292816453,0.002578840729130172,0.24209555145315276,0.33426693119322165,/kaggle/input/datasets/hintrngia/locked-densenet-xai-inputs/D-P/DenseNet121/seed_3407/best_checkpoint.pt
E02_XAI_D_P_DenseNet121,D-P,DenseNet121,3407,93,pneumonia,E-77D4D0C371CD4C8665643C00.jpeg,1,0.9888733764003761,0.58251953125,1,1,0.6542014787633098,0.6542015075683594,0.29443359375,2.2218982230634468,0.6597333403572797,0.6597333550453186,2.2406863699033313,1,1,79,79,50,135,0.9607552636562247,0.9764356608615159,0.9489808899279844,0.9849727104818845,7.736615505116173e-05,0.002771415983931491,0.9471123770215035,0.9576748776593706,/kaggle/input/datasets/hintrngia/locked-densenet-xai-inputs/D-P/DenseNet121/seed_3407/best_checkpoint.pt
E02_XAI_D_P_DenseNet121,D-P,DenseNet121,3407,94,pneumonia,E-7B805F2D3984459EDD091000.jpeg,1,0.9980054070103134,0.58251953125,1,1,0.7351545352655703,0.7351545095443726,0.3260345458984375,2.2548363187702725,0.7887006724948894,0.7887006998062134,2.4190708696880736,1,1,79,79,195,207,0.9901055620626088,0.9882618089701147,0.9845080443363781,0.9931461319563282,0.0003153645559768048,0.0013614311127483347,-0.08082399082487099,-0.02750538134387822,/kaggle/input/datasets/hintrngia/locked-densenet-xai-inputs/D-P/DenseNet121/seed_3407/best_checkpoint.pt
E02_XAI_D_P_DenseNet121,D-P,DenseNet121,3407,95,pneumonia,E-8B99D004F7E59741CFAB602B.jpeg,1,0.9985140456457989,0.58251953125,1,1,0.8582855081769093,0.8582854866981506,0.44635009765625,1.9228975476508248,0.8327154744914004,0.8327154517173767,1.865610602224409,1,1,48,112,210,230,0.9893037745279152,0.9856115720282875,0.9870235941814562,0.9928126883153716,5.4708551036619646e-05,0.0009487798111019741,0.8961506795684996,0.9408699429610743,/kaggle/input/datasets/hintrngia/locked-densenet-xai-inputs/D-P/DenseNet121/seed_3407/best_checkpoint.pt
E02_XAI_D_P_DenseNet121,D-P,DenseNet121,3407,96,pneumonia,E-8E859FAC3770F43BC30CF790.jpeg,1,0.9917664957477129,0.58251953125,1,1,0.8020648407633841,0.802064836025238,0.32305908203125,2.482718751382446,0.7931623317501525,0.7931623458862305,2.455161844586151,1,1,80,48,79,66,0.9696424404610564,0.9766631569212636,0.9620999252159824,0.9861591957583424,0.0003942086054751215,0.00019126420161430513,-0.022385812981518986,-0.030795726726080032,/kaggle/input/datasets/hintrngia/locked-densenet-xai-inputs/D-P/DenseNet121/seed_3407/best_checkpoint.pt
E02_XAI_D_P_DenseNet121,D-P,DenseNet121,3407,97,pneumonia,E-9A9C78D1B9953A6FD2BA65F6.jpeg,1,0.9984670304501747,0.58251953125,1,1,0.8095584458531051,0.8095584511756897,0.39300537109375,2.0599170021520847,0.8007589190207869,0.8007588982582092,2.0375266546414927,1,1,207,207,49,134,0.9849972821196032,0.9903629050980642,0.9819342056341953,0.9949295735214583,0.000286141320164357,0.0005576014365471504,0.38200752853075565,0.44166385891780696,/kaggle/input/datasets/hintrngia/locked-densenet-xai-inputs/D-P/DenseNet121/seed_3407/best_checkpoint.pt
E02_XAI_D_P_DenseNet121,D-P,DenseNet121,3407,98,pneumonia,E-9B56CC62692974C989F872CC.jpeg,1,0.9974508510606163,0.58251953125,1,1,0.8011815319127159,0.8011815547943115,0.37744140625,2.122664653760986,0.8250795796280606,0.8250795602798462,2.185980568018458,1,1,207,144,73,59,0.9757940436042289,0.9794951518881827,0.9650710538116148,0.9876981863612697,0.002952651977865872,0.0003442022749682305,0.21870854182426655,0.12598784915242864,/kaggle/input/datasets/hintrngia/locked-densenet-xai-inputs/D-P/DenseNet121/seed_3407/best_checkpoint.pt
E02_XAI_D_P_DenseNet121,D-P,DenseNet121,3407,99,pneumonia,E-9FC76B9714A55204D742CE4C.jpeg,1,0.995870497477382,0.58251953125,1,1,0.755659869868905,0.7556598782539368,0.32318115234375,2.3381928815735864,0.7313898053173951,0.7313898205757141,2.2630954807025874,1,1,80,79,73,58,0.9722190979952963,0.9761957479402661,0.9726785668930362,0.9868292213052996,0.00021537884286870757,0.003618936283197094,0.5875966317739995,0.7366710757735709,/kaggle/input/datasets/hintrngia/locked-densenet-xai-inputs/D-P/DenseNet121/seed_3407/best_checkpoint.pt
E02_XAI_D_P_DenseNet121,D-P,DenseNet121,3407,100,pneumonia,E-A0A20FFCEFD96663F4AB4E87.jpeg,1,0.9947227227019234,0.58251953125,1,1,0.7717024325495323,0.7717024087905884,0.3404388427734375,2.2667872627657277,0.7471143360288088,0.747114360332489,2.194562553268971,1,1,207,207,209,203,0.969174901539414,0.9586806756857221,0.9424992501522879,0.9818289021394927,0.0005106886787040743,0.0023598822065100666,0.3896728834519363,0.4242055732846443,/kaggle/input/datasets/hintrngia/locked-densenet-xai-inputs/D-P/DenseNet121/seed_3407/best_checkpoint.pt
E02_XAI_D_P_DenseNet121,D-P,DenseNet121,3407,101,pneumonia,E-A0D5A9410E976B289DD85CF6.jpeg,1,0.9537634022673782,0.58251953125,1,1,0.628450898102313,0.628450870513916,0.2681732177734375,2.343451383102884,0.5286253760371904,0.5286253690719604,1.9712086852900887,0,0,207,207,244,251,0.8097053337528783,0.9023979165171241,0.7849093929804012,0.9378627949898627,0.0024009762299277426,0.003935731010981769,-0.13530457493337247,-0.03012716602871269,/kaggle/input/datasets/hintrngia/locked-densenet-xai-inputs/D-P/DenseNet121/seed_3407/best_checkpoint.pt
E02_XAI_D_P_DenseNet121,D-P,DenseNet121,3407,102,pneumonia,E-A540763BCA2A1AF575A9EE6B.jpeg,1,0.9726998990328394,0.58251953125,1,1,0.8359910396768596,0.8359910249710083,0.3713226318359375,2.251387251952442,0.886062357775087,0.8860623836517334,2.386233107834317,1,1,207,207,213,210,0.8990313110959428,0.9034489960571577,0.8456651203841398,0.9418365933987665,8.926612228832287e-05,0.0018297927238423162,-0.07167534691181712,-0.02308045755041374,/kaggle/input/datasets/hintrngia/locked-densenet-xai-inputs/D-P/DenseNet121/seed_3407/best_checkpoint.pt
E02_XAI_D_P_DenseNet121,D-P,DenseNet121,3407,103,pneumonia,E-A9AC7ECA864D894719491A2C.jpeg,1,0.9908689109671547,0.58251953125,1,1,0.7745604177982566,0.7745603919029236,0.3572845458984375,2.16790909847647,0.8346674620356991,0.834667444229126,2.33614207952046,1,1,79,48,198,163,0.9441642867778143,0.9661379850485077,0.9072355509802812,0.9783880721402038,0.0018845308567237984,0.0005598330258836937,0.4323082184320321,0.4186647695936954,/kaggle/input/datasets/hintrngia/locked-densenet-xai-inputs/D-P/DenseNet121/seed_3407/best_checkpoint.pt
E02_XAI_D_P_DenseNet121,D-P,DenseNet121,3407,104,pneumonia,E-B15903E1E2039605DB9FB6A1.jpeg,1,0.9839903498570823,0.58251953125,1,1,0.6988939714419574,0.6988939642906189,0.2703704833984375,2.5849492246977888,0.7025504577289596,0.70255047082901,2.5984732094206837,1,1,79,79,67,75,0.9469051497744405,0.9579905309818315,0.958117011086375,0.9761168481630105,0.0014568227137897738,0.005018375718789603,0.9773252666725919,0.9842680206127825,/kaggle/input/datasets/hintrngia/locked-densenet-xai-inputs/D-P/DenseNet121/seed_3407/best_checkpoint.pt
E02_XAI_D_P_DenseNet121,D-P,DenseNet121,3407,105,pneumonia,E-B29F964F9024332A9FD3DA8C.jpeg,1,0.9913500626569104,0.58251953125,1,1,0.8816014426763136,0.8816014528274536,0.444091796875,1.9851783997812977,0.9012135645534762,0.9012135863304138,2.029340714904364,1,1,48,144,213,211,0.965587911747947,0.9796308446925109,0.9694491813119857,0.9864284527642606,7.655083513402605e-05,0.0010859303314665336,0.9536028643228548,0.9715282635795643,/kaggle/input/datasets/hintrngia/locked-densenet-xai-inputs/D-P/DenseNet121/seed_3407/best_checkpoint.pt
E02_XAI_D_P_DenseNet121,D-P,DenseNet121,3407,106,pneumonia,E-B352C843937DC9BD58C4B554.jpeg,1,0.8869617180737882,0.58251953125,1,1,0.767660593532128,0.7676606178283691,0.322052001953125,2.3836541579513666,0.8391911389503055,0.8391911387443542,2.6057628391096004,1,1,48,175,47,154,0.8348472945561597,0.85695011162919,0.7344338879743919,0.8824333822915954,0.0012198353953054575,0.0006550072124253958,0.7315333249380507,0.8799355177348863,/kaggle/input/datasets/hintrngia/locked-densenet-xai-inputs/D-P/DenseNet121/seed_3407/best_checkpoint.pt
E02_XAI_D_P_DenseNet121,D-P,DenseNet121,3407,107,pneumonia,E-B41848B096ED1788DCCEEDA2.jpeg,1,0.9932343037098631,0.58251953125,1,1,0.7040441964165268,0.7040442228317261,0.2685089111328125,2.622051511982355,0.7397935357581785,0.7397935390472412,2.7551917462890256,1,1,48,144,73,53,0.9652780200887703,0.9753921529235086,0.9619612731607046,0.9852673316843366,0.00017158174301612483,0.001674760148970389,0.9334350025882707,0.979097229714659,/kaggle/input/datasets/hintrngia/locked-densenet-xai-inputs/D-P/DenseNet121/seed_3407/best_checkpoint.pt
E02_XAI_D_P_DenseNet121,D-P,DenseNet121,3407,108,pneumonia,E-B813D1454C73F6C74F660590.jpeg,1,0.9063059439342391,0.58251953125,1,1,0.6742767454776492,0.6742767691612244,0.2771453857421875,2.432935131400276,0.6531675186027248,0.6531675457954407,2.356768512863964,1,0,48,175,38,175,0.8759158734586808,0.8451280805914521,0.806726975564495,0.895052675843572,0.003067721609664842,0.005760422132724763,0.1552974019010405,0.012366188251598562,/kaggle/input/datasets/hintrngia/locked-densenet-xai-inputs/D-P/DenseNet121/seed_3407/best_checkpoint.pt
E02_XAI_D_P_DenseNet121,D-P,DenseNet121,3407,109,pneumonia,E-BF1AD901130E35A45E611B5A.jpeg,1,0.9887811544097688,0.58251953125,1,1,0.6741835121709311,0.6741834878921509,0.2906494140625,2.3195763677884367,0.6635441396487299,0.6635441184043884,2.2829708492240215,1,1,79,143,83,125,0.9633117547651957,0.9664803466246281,0.9457942676524373,0.9840383562222335,0.0004655920330841612,0.0007465749821118361,0.9112654880656749,0.9121265392585272,/kaggle/input/datasets/hintrngia/locked-densenet-xai-inputs/D-P/DenseNet121/seed_3407/best_checkpoint.pt
E02_XAI_D_P_DenseNet121,D-P,DenseNet121,3407,110,pneumonia,E-BFFC08BEA9A0FA7A1279A0B5.jpeg,1,0.9939920774171582,0.58251953125,1,1,0.8030412485737535,0.8030412197113037,0.364898681640625,2.2007238967353646,0.8562743425878114,0.8562743663787842,2.3466084852318647,1,1,207,207,214,210,0.9671197543467723,0.9576185639540209,0.9360589143407384,0.9729816526247457,0.0006063583048248056,0.002967911557005376,0.24763110152496917,0.1497983411825515,/kaggle/input/datasets/hintrngia/locked-densenet-xai-inputs/D-P/DenseNet121/seed_3407/best_checkpoint.pt
E02_XAI_D_P_DenseNet121,D-P,DenseNet121,3407,111,pneumonia,E-C378B1871ED2B8AC1E544A5B.jpeg,1,0.9848307530936462,0.58251953125,1,1,0.6893857429944447,0.6893857717514038,0.2780303955078125,2.4795337277253675,0.7771125498893672,0.7771125435829163,2.7950632824515433,1,1,79,79,56,146,0.9588955458778471,0.9710693699954367,0.9532185181388196,0.983151362434245,0.0010825469319621916,0.004300698921639867,0.9343887208016606,0.9618764089280488,/kaggle/input/datasets/hintrngia/locked-densenet-xai-inputs/D-P/DenseNet121/seed_3407/best_checkpoint.pt
E02_XAI_D_P_DenseNet121,D-P,DenseNet121,3407,112,pneumonia,E-D2A52B478FEFC3F6A00973AF.jpeg,1,0.9888878632969336,0.58251953125,1,1,0.8206591477428615,0.8206591606140137,0.35107421875,2.3375659729866207,0.8406476498023583,0.8406476378440857,2.3945012333730595,1,1,207,176,209,211,0.9446312417122442,0.9471003650449951,0.9186412085275738,0.9765922611617167,0.0015863157245420423,0.0019456664211247032,0.3665754898335899,0.44966213780241626,/kaggle/input/datasets/hintrngia/locked-densenet-xai-inputs/D-P/DenseNet121/seed_3407/best_checkpoint.pt
E02_XAI_D_P_DenseNet121,D-P,DenseNet121,3407,113,pneumonia,E-D33BB0B839138FAFF4DA3ED6.jpeg,1,0.8819109478083389,0.58251953125,1,1,0.7067533970625275,0.7067533731460571,0.3347625732421875,2.1112079233278545,0.6973667569103815,0.6973667740821838,2.0831682292209655,1,1,48,175,208,206,0.8395171308134803,0.8247589645956614,0.6808966962605435,0.872522947911232,0.002305457129421984,0.008163351275065622,0.7304806378299614,0.7343086697711387,/kaggle/input/datasets/hintrngia/locked-densenet-xai-inputs/D-P/DenseNet121/seed_3407/best_checkpoint.pt
E02_XAI_D_P_DenseNet121,D-P,DenseNet121,3407,114,pneumonia,E-DA47F22802134421DB0B257A.jpeg,1,0.9983798135888982,0.58251953125,1,1,0.829459896369537,0.8294599056243896,0.39227294921875,2.114496801325423,0.8594354241224303,0.8594354391098022,2.1909117766954878,1,1,207,207,75,109,0.9930301295976873,0.9951504413799284,0.9933079275307066,0.9976134565573472,0.0002456028156821999,0.0005041100503926366,0.8980608838890946,0.954927383520703,/kaggle/input/datasets/hintrngia/locked-densenet-xai-inputs/D-P/DenseNet121/seed_3407/best_checkpoint.pt
E02_XAI_D_P_DenseNet121,D-P,DenseNet121,3407,115,pneumonia,E-E09BD72833F7B4079F215903.jpeg,1,0.9964295927355168,0.58251953125,1,1,0.724527803645498,0.7245277762413025,0.3171234130859375,2.2846872029885654,0.7238059385599824,0.7238059639930725,2.282410912258433,1,1,80,80,75,66,0.9710770786802222,0.9900580577647782,0.9665251113804025,0.9931975615232983,0.00023000954037177834,0.015083855728873052,0.8310005073384215,0.8662826761459701,/kaggle/input/datasets/hintrngia/locked-densenet-xai-inputs/D-P/DenseNet121/seed_3407/best_checkpoint.pt
E02_XAI_D_P_DenseNet121,D-P,DenseNet121,3407,116,pneumonia,E-E0D541D212A934D795DA0D1B.jpeg,1,0.9834435082561424,0.58251953125,1,1,0.7300379629420148,0.7300379872322083,0.306488037109375,2.3819460290435073,0.7069653470472739,0.7069653272628784,2.3066653880359524,1,1,48,144,39,151,0.913688146325098,0.9731794460880048,0.9184530293246967,0.9781797581646613,0.0008472426497572183,0.008141598322957355,0.6429897981807104,0.5961853488462586,/kaggle/input/datasets/hintrngia/locked-densenet-xai-inputs/D-P/DenseNet121/seed_3407/best_checkpoint.pt
E02_XAI_D_P_DenseNet121,D-P,DenseNet121,3407,117,pneumonia,E-E1AD2A3BA30BC31AC67A922E.jpeg,1,0.9957375556503891,0.58251953125,1,1,0.7067294174324331,0.7067294120788574,0.3279571533203125,2.1549443586680286,0.686403899877301,0.6864038705825806,2.0929682213910947,1,1,80,79,79,55,0.9607087616586589,0.9723528716144619,0.9512244245362917,0.9853174481177606,0.00023712782220375317,1.5532557096631372e-05,0.9643673595313836,0.98022701185712,/kaggle/input/datasets/hintrngia/locked-densenet-xai-inputs/D-P/DenseNet121/seed_3407/best_checkpoint.pt
E02_XAI_D_P_DenseNet121,D-P,DenseNet121,3407,118,pneumonia,E-E280E4CD8F00E10AB30B96C9.jpeg,1,0.9736988350611041,0.58251953125,1,1,0.7675811967913867,0.7675812244415283,0.3293609619140625,2.3305166232532,0.8026893802513403,0.8026893734931946,2.4371114766806503,1,1,80,48,178,95,0.9447027358882626,0.9378912034524701,0.9403150942891392,0.9563777919628214,0.002729213986394363,0.0036101678363960055,0.18811598962727658,0.4280842762873289,/kaggle/input/datasets/hintrngia/locked-densenet-xai-inputs/D-P/DenseNet121/seed_3407/best_checkpoint.pt
E02_XAI_D_P_DenseNet121,D-P,DenseNet121,3407,119,pneumonia,E-E2EF7E089A1E8F497DBAC1CB.jpeg,1,0.9881484041222504,0.58251953125,1,1,0.7600895868564189,0.7600895762443542,0.3351898193359375,2.267639239050497,0.8084519455496165,0.8084519505500793,2.4119227342622875,1,1,80,79,80,64,0.9769496606848361,0.9764119215873441,0.9639091336119899,0.9838861480007993,0.000981979796921717,0.003539168203111842,0.022521720968646977,-0.013976583481634981,/kaggle/input/datasets/hintrngia/locked-densenet-xai-inputs/D-P/DenseNet121/seed_3407/best_checkpoint.pt
E02_XAI_D_P_DenseNet121,D-P,DenseNet121,3407,120,pneumonia,E-E7BF66D9C027E263610D5923.jpeg,1,0.8665598069532369,0.58251953125,1,1,0.7820502496722997,0.7820502519607544,0.3877410888671875,2.0169393240141607,0.7608072263785264,0.76080721616745,1.9621527050467555,1,1,80,48,202,218,0.9276487768864665,0.7946459064259666,0.8931899943055525,0.8634135511268901,0.0008881365014072884,0.00046727380568789556,0.04434867020592612,0.10089482770644731,/kaggle/input/datasets/hintrngia/locked-densenet-xai-inputs/D-P/DenseNet121/seed_3407/best_checkpoint.pt
E02_XAI_D_P_DenseNet121,D-P,DenseNet121,3407,121,pneumonia,E-EB1401E2B7015C0BDE01BE91.jpeg,1,0.9773115545234478,0.58251953125,1,1,0.7020550710979057,0.7020550966262817,0.329986572265625,2.1275261786494193,0.7602206009302137,0.7602205872535706,2.3037925322557333,1,1,48,207,43,182,0.9382208981612834,0.9457620875270971,0.9022089642927597,0.9628950438767474,0.0012421142449303701,0.004668978802759627,0.831112713445355,0.9030143908031095,/kaggle/input/datasets/hintrngia/locked-densenet-xai-inputs/D-P/DenseNet121/seed_3407/best_checkpoint.pt
E02_XAI_D_P_DenseNet121,D-P,DenseNet121,3407,122,pneumonia,E-EB344A640162B22F1A6C369F.jpeg,1,0.9778676735979571,0.58251953125,1,1,0.6563045192256025,0.6563045382499695,0.2807464599609375,2.3377125372014285,0.6788697495507637,0.6788697242736816,2.4180883692895727,1,1,48,175,54,189,0.916647995176865,0.9207869878915879,0.8493433802579714,0.9569005210250001,0.0010726720506196719,0.007419581581081136,0.30958175946321,0.43632496137896576,/kaggle/input/datasets/hintrngia/locked-densenet-xai-inputs/D-P/DenseNet121/seed_3407/best_checkpoint.pt
E02_XAI_D_P_DenseNet121,D-P,DenseNet121,3407,123,pneumonia,E-EC00E01864643AB223676743.jpeg,1,0.9658750725032073,0.58251953125,1,1,0.7228655745363652,0.7228655815124512,0.3099517822265625,2.332187185192499,0.7532442250445215,0.7532442212104797,2.4301980767251394,1,1,48,144,43,139,0.9128870493719858,0.9513330050086666,0.897860012493372,0.967544870511825,0.002928882708677083,0.00851939508425692,0.20769957739124473,0.03641093620033968,/kaggle/input/datasets/hintrngia/locked-densenet-xai-inputs/D-P/DenseNet121/seed_3407/best_checkpoint.pt
E02_XAI_D_P_DenseNet121,D-P,DenseNet121,3407,124,pneumonia,E-EF92BEF2BC79AC7D99E44B1F.jpeg,1,0.962690440306504,0.58251953125,1,1,0.7115811906168911,0.7115811705589294,0.343048095703125,2.0742898722653043,0.7062712425583008,0.706271231174469,2.0588111445734723,1,1,79,48,67,55,0.9441575612852768,0.9019433601072091,0.9292564654035675,0.9390408353108753,0.00198429434601477,0.0036121556025485724,0.8659989220905593,0.9081728267779815,/kaggle/input/datasets/hintrngia/locked-densenet-xai-inputs/D-P/DenseNet121/seed_3407/best_checkpoint.pt
E02_XAI_D_P_DenseNet121,D-P,DenseNet121,3407,125,pneumonia,E-F051ECCC0E91B0C03A0B3894.jpeg,1,0.997594391824833,0.58251953125,1,1,0.8802837572573727,0.880283772945404,0.5049896240234375,1.7431719690472633,0.8281782759675735,0.8281782865524292,1.6399906781631939,1,1,207,207,43,91,0.9859348005363316,0.985904420953152,0.9876158509455095,0.9916347874145577,2.0678058004652833e-05,0.0014402411969804962,0.6524778833876721,0.7914068900666033,/kaggle/input/datasets/hintrngia/locked-densenet-xai-inputs/D-P/DenseNet121/seed_3407/best_checkpoint.pt
E02_XAI_D_P_DenseNet121,D-P,DenseNet121,3407,126,pneumonia,E-FA7B18636100FBD243EBAF3A.jpeg,1,0.9773771953933063,0.58251953125,1,1,0.711178302003132,0.7111783027648926,0.2697601318359375,2.636335833479114,0.7194332662543251,0.7194332480430603,2.666936961210671,1,1,79,111,75,70,0.9494168520336557,0.9477605007111202,0.9367833860998609,0.9751763938196665,0.000645164141762189,0.00347242190941921,0.8965992094996427,0.9305838912829885,/kaggle/input/datasets/hintrngia/locked-densenet-xai-inputs/D-P/DenseNet121/seed_3407/best_checkpoint.pt
E02_XAI_D_P_DenseNet121,D-P,DenseNet121,3407,127,pneumonia,E-FDAF56855798F8C5BE7AC652.jpeg,1,0.9983663977483592,0.58251953125,1,1,0.7553399770437129,0.7553399801254272,0.37738037109375,2.0015348833712103,0.8071869389957558,0.8071869611740112,2.1389213664089377,1,1,48,207,50,198,0.9859994914505716,0.9889524033770163,0.9811335145155704,0.9944569422377323,0.0007610717911570308,0.0017257569145875395,0.28256311047498694,0.3638248848328095,/kaggle/input/datasets/hintrngia/locked-densenet-xai-inputs/D-P/DenseNet121/seed_3407/best_checkpoint.pt
E02_XAI_D_P_DenseNet121,D-P,DenseNet121,42,0,normal,E-03B36F677CCFA6787A3BC686.jpeg,0,0.8063738108604547,0.5634765625,1,0,0.765396006093246,0.765395998954773,0.3590850830078125,2.131517131488844,0.8262770651720027,0.8262770771980286,2.3010620721162782,1,1,207,144,212,166,0.7290822417477029,0.8985224492522424,0.7364874887600353,0.8876681915459352,0.00022076429223438776,0.00012400099922471597,0.8575549992287398,0.8493038727853274,/kaggle/input/datasets/hintrngia/locked-densenet-xai-inputs/D-P/DenseNet121/seed_42/best_checkpoint.pt
E02_XAI_D_P_DenseNet121,D-P,DenseNet121,42,1,normal,E-06530ECE35CCF9FF05F7DDEB.jpeg,0,0.011498812058644189,0.5634765625,0,1,0.722508149584918,0.7225081324577332,0.2779541015625,2.5993793418531617,0.6883174693297274,0.6883174777030945,2.4763709744177103,1,1,80,80,99,89,0.7093164162034373,0.7734588648319187,0.5987048176996967,0.8699687113910801,0.000220996272099927,0.0009740054327618264,0.9612694676809854,0.9594465435347793,/kaggle/input/datasets/hintrngia/locked-densenet-xai-inputs/D-P/DenseNet121/seed_42/best_checkpoint.pt
E02_XAI_D_P_DenseNet121,D-P,DenseNet121,42,2,normal,E-10FEC5D206E4A3A02E4F32C9.jpeg,0,0.12071091684220536,0.5634765625,0,1,0.7428879348679037,0.7428879141807556,0.2476806640625,2.9993780002158044,0.811223306646692,0.8112233281135559,3.2752791168308035,1,1,111,80,116,122,0.48316324142016953,0.7341071300832192,0.39899018555757915,0.7484342438590273,0.0013241297061233892,0.000652463186566421,-0.11216058737833785,-0.03695077237528728,/kaggle/input/datasets/hintrngia/locked-densenet-xai-inputs/D-P/DenseNet121/seed_42/best_checkpoint.pt
E02_XAI_D_P_DenseNet121,D-P,DenseNet121,42,3,normal,E-16E04AC17A9CE052EFE7227B.jpeg,0,0.06722721048271514,0.5634765625,0,1,0.7842506572505724,0.7842506766319275,0.3753509521484375,2.089379693222225,0.7692880167618042,0.7692880034446716,2.049516625330363,1,1,80,80,86,82,0.6000312684157958,0.7223470942999107,0.5956251391582086,0.8105902849435673,0.00023771686483153864,9.820736416155107e-05,0.9753028152649715,0.9782502541958346,/kaggle/input/datasets/hintrngia/locked-densenet-xai-inputs/D-P/DenseNet121/seed_42/best_checkpoint.pt
E02_XAI_D_P_DenseNet121,D-P,DenseNet121,42,4,normal,E-256958BC036CED77CAAB2A55.jpeg,0,0.1434791363840053,0.5634765625,0,1,0.7516848326559052,0.751684844493866,0.3496246337890625,2.1499767465167112,0.755719198202431,0.7557191848754883,2.1615158806526655,1,1,80,80,89,77,0.22530263694518474,0.7013909295863221,0.18498912330957057,0.7612324783667503,0.00022541579780177567,0.0006340693049354806,0.08651078092980265,0.16914239557338534,/kaggle/input/datasets/hintrngia/locked-densenet-xai-inputs/D-P/DenseNet121/seed_42/best_checkpoint.pt
E02_XAI_D_P_DenseNet121,D-P,DenseNet121,42,5,normal,E-280031A047E47DC7EA750C62.jpeg,0,0.019325275968946343,0.5634765625,0,1,0.7766214668112497,0.7766214609146118,0.3791046142578125,2.048567697683319,0.7747980845617441,0.7747980952262878,2.043757990333607,1,1,80,79,104,83,0.7997325951825329,0.7744887337793919,0.7201619731590821,0.8659556512679465,6.133025857824048e-05,0.0012193819694409358,0.6056088836824283,0.6902936710484996,/kaggle/input/datasets/hintrngia/locked-densenet-xai-inputs/D-P/DenseNet121/seed_42/best_checkpoint.pt
E02_XAI_D_P_DenseNet121,D-P,DenseNet121,42,6,normal,E-28020DB22FEE86C7B17E72DA.jpeg,0,0.2370817695652877,0.5634765625,0,1,0.7894450950598736,0.7894451022148132,0.3710174560546875,2.1277842381181937,0.7752975833593144,0.7752975821495056,2.0896525775462074,1,1,80,80,83,80,0.25691058529957345,0.4949189032497654,0.22548867549991586,0.5270914236028392,4.734328592315151e-05,0.000645277777293285,0.7670948372806059,0.8761642361276704,/kaggle/input/datasets/hintrngia/locked-densenet-xai-inputs/D-P/DenseNet121/seed_42/best_checkpoint.pt
E02_XAI_D_P_DenseNet121,D-P,DenseNet121,42,7,normal,E-28234EA54B2F1B13D8D5995E.jpeg,0,0.503403190588646,0.5634765625,0,1,0.7987838254803501,0.7987838387489319,0.3462677001953125,2.306838971783379,0.8016819304527859,0.8016819357872009,2.315208522194235,1,1,175,176,186,178,0.24926734865982156,0.30550119215299654,0.1846711909149149,0.3030344937352573,0.0031321116409587235,0.004236560734430905,0.4638249650084817,0.59164733078556,/kaggle/input/datasets/hintrngia/locked-densenet-xai-inputs/D-P/DenseNet121/seed_42/best_checkpoint.pt
E02_XAI_D_P_DenseNet121,D-P,DenseNet121,42,8,normal,E-28CAAFCB1AFEEA2D46764B17.jpeg,0,0.7586903609288713,0.5634765625,1,0,0.7693721250722482,0.7693721055984497,0.38934326171875,1.97607664166542,0.7916712279535306,0.7916712164878845,2.033350274148087,1,1,48,143,42,136,0.8191125496061369,0.904132340356501,0.734370858498693,0.9184013477230983,0.0023598651921546976,0.008288618890967436,0.2117652471200239,0.3456465771515371,/kaggle/input/datasets/hintrngia/locked-densenet-xai-inputs/D-P/DenseNet121/seed_42/best_checkpoint.pt
E02_XAI_D_P_DenseNet121,D-P,DenseNet121,42,9,normal,E-29AE82E82E5A6A48DC6D8B99.jpeg,0,0.1342395965988963,0.5634765625,0,1,0.7513073688497296,0.7513073682785034,0.3269195556640625,2.29814141073213,0.782923779072102,0.7829237580299377,2.3948514718912146,1,1,80,80,83,78,0.4405152421510255,0.6435822459273425,0.4067102462696869,0.7143057058405556,7.368068821289597e-06,0.0009508032364056174,0.8549837595433518,0.8942910670277641,/kaggle/input/datasets/hintrngia/locked-densenet-xai-inputs/D-P/DenseNet121/seed_42/best_checkpoint.pt
E02_XAI_D_P_DenseNet121,D-P,DenseNet121,42,10,normal,E-2B646E91E652E02CC65E6BA0.jpeg,0,0.004186450227652803,0.5634765625,0,1,0.7622725128141516,0.7622725367546082,0.2742767333984375,2.7792095354541444,0.8127004668486398,0.8127004504203796,2.9630674712318474,1,1,111,80,107,124,0.7460933849846194,0.8979886755994209,0.6776972213242964,0.9360304450694927,0.00034217399212310706,0.001259084039356262,0.9834102345999308,0.979703279976613,/kaggle/input/datasets/hintrngia/locked-densenet-xai-inputs/D-P/DenseNet121/seed_42/best_checkpoint.pt
E02_XAI_D_P_DenseNet121,D-P,DenseNet121,42,11,normal,E-2F227E134B6699426A9E9AB9.jpeg,0,0.09240297785613144,0.5634765625,0,1,0.7398049616474872,0.7398049831390381,0.3509368896484375,2.1080854805221847,0.7520207552988412,0.7520207762718201,2.14289457016674,1,1,80,80,99,70,0.4459398693076729,0.4595904373262436,0.29264746726797763,0.6269357612317965,2.1234482336485172e-05,0.00028338249335935206,0.8205554744774192,0.8901797976838455,/kaggle/input/datasets/hintrngia/locked-densenet-xai-inputs/D-P/DenseNet121/seed_42/best_checkpoint.pt
E02_XAI_D_P_DenseNet121,D-P,DenseNet121,42,12,normal,E-2F5E9CF0C3839769BD6D37AD.jpeg,0,0.505700490696551,0.5634765625,0,1,0.7589013379364541,0.7589013576507568,0.3790740966796875,2.0019868004268186,0.777373704888254,0.777373731136322,2.0507170278773343,1,1,111,79,94,77,0.28134019318911097,0.33916450662270725,0.25245825823765927,0.4897706134711094,0.00025764679248518885,0.0012420859371257142,0.7985197499326137,0.9119551378790675,/kaggle/input/datasets/hintrngia/locked-densenet-xai-inputs/D-P/DenseNet121/seed_42/best_checkpoint.pt
E02_XAI_D_P_DenseNet121,D-P,DenseNet121,42,13,normal,E-306538194ADB5E9E447B7A10.jpeg,0,0.03196696368266658,0.5634765625,0,1,0.7154709820270991,0.7154709696769714,0.2563934326171875,2.790519923711716,0.6983920728895675,0.6983920931816101,2.7239078074683505,1,1,80,80,107,78,0.6567556414084652,0.7049268943683344,0.5597899345992265,0.8053354920996547,9.658120347333377e-05,0.00034820031972115917,0.2791257995966462,0.21505690993261556,/kaggle/input/datasets/hintrngia/locked-densenet-xai-inputs/D-P/DenseNet121/seed_42/best_checkpoint.pt
E02_XAI_D_P_DenseNet121,D-P,DenseNet121,42,14,normal,E-36FB7A78C2BFA1A3824C3EFA.jpeg,0,0.32660959981350224,0.5634765625,0,1,0.7494735843233022,0.7494735717773438,0.3275299072265625,2.288259996376051,0.7848161949185262,0.7848162055015564,2.3961665106070593,1,1,80,80,109,79,0.2629777401716562,0.43111834187009646,0.2114589651553156,0.51920578818672,0.0010587575266132188,0.0009588046850887988,0.971571362285732,0.9161241329150202,/kaggle/input/datasets/hintrngia/locked-densenet-xai-inputs/D-P/DenseNet121/seed_42/best_checkpoint.pt
E02_XAI_D_P_DenseNet121,D-P,DenseNet121,42,15,normal,E-3B865A0E9283DC8B3D382B5F.jpeg,0,0.9771020104952937,0.5634765625,1,0,0.7332389022283241,0.7332388758659363,0.360931396484375,2.031518757776082,0.7643714639701477,0.7643714547157288,2.117774932897083,1,1,207,207,210,214,0.9715397530914021,0.9092885355242396,0.9228164124726314,0.9464269030861842,0.0011984888261518112,0.002219039932951028,0.8928565181315921,0.9462362785802869,/kaggle/input/datasets/hintrngia/locked-densenet-xai-inputs/D-P/DenseNet121/seed_42/best_checkpoint.pt
E02_XAI_D_P_DenseNet121,D-P,DenseNet121,42,16,normal,E-3D66EC3C4F2D4073FE577EEA.jpeg,0,0.11051844196340005,0.5634765625,0,1,0.7325226061221567,0.7325226068496704,0.2598114013671875,2.8194398023622282,0.7454249570630607,0.7454249858856201,2.869100251722837,1,1,111,80,101,79,0.5212005827298878,0.6053077587164869,0.4858370841396018,0.7322039679598977,0.00019157441901807015,0.0006180084734459523,0.9317230713608622,0.9386201605681799,/kaggle/input/datasets/hintrngia/locked-densenet-xai-inputs/D-P/DenseNet121/seed_42/best_checkpoint.pt
E02_XAI_D_P_DenseNet121,D-P,DenseNet121,42,17,normal,E-40D9418B91304B06987F2A6E.jpeg,0,0.8858113573483051,0.5634765625,1,0,0.7514151957185969,0.7514151930809021,0.3151092529296875,2.384617997511693,0.8187776843656759,0.8187776803970337,2.598393023223521,1,1,207,207,208,165,0.8819218637161543,0.922369030286353,0.8899754641413626,0.9239013103383564,0.00038298547903370395,0.0007468546167364032,0.006071855483117906,-0.04500507935350102,/kaggle/input/datasets/hintrngia/locked-densenet-xai-inputs/D-P/DenseNet121/seed_42/best_checkpoint.pt
E02_XAI_D_P_DenseNet121,D-P,DenseNet121,42,18,normal,E-44BF14DBF8A5FE52BF53ED2E.jpeg,0,0.49849940972642115,0.5634765625,0,1,0.7359407325087923,0.7359407544136047,0.32672119140625,2.2525038224218297,0.7467340310796154,0.7467340230941772,2.285539018346426,1,1,176,176,93,175,0.1312858254570404,0.3692790937598081,0.09955180337954395,0.39255197017035115,0.00016469696296095293,0.0008129081850966058,0.907916523729421,0.940307206067406,/kaggle/input/datasets/hintrngia/locked-densenet-xai-inputs/D-P/DenseNet121/seed_42/best_checkpoint.pt
E02_XAI_D_P_DenseNet121,D-P,DenseNet121,42,19,normal,E-47080ACF9F207EB21662EAAE.jpeg,0,0.7985205269532133,0.5634765625,1,0,0.81463059367929,0.8146305680274963,0.3899383544921875,2.0891266126928567,0.8297590568252575,0.8297590613365173,2.1279236763099227,1,1,176,143,70,142,0.8968940954936349,0.9227346495716919,0.8919294229351429,0.9220921676284373,0.00021472726177063084,0.0008110707711295184,0.5502724751284114,0.6494436372199698,/kaggle/input/datasets/hintrngia/locked-densenet-xai-inputs/D-P/DenseNet121/seed_42/best_checkpoint.pt
E02_XAI_D_P_DenseNet121,D-P,DenseNet121,42,20,normal,E-4F18C9F59223CD9D0CA81789.jpeg,0,0.8380634455220848,0.5634765625,1,0,0.7558281793460345,0.7558282017707825,0.305145263671875,2.4769454726283486,0.6861053320477394,0.6861053109169006,2.248454797533786,1,0,80,79,75,37,0.9371047284816667,0.9501477474750676,0.9504500144138107,0.9523981286532792,0.0012044932277405218,0.007325265037260387,-0.026956503668402656,-0.0009181003758578894,/kaggle/input/datasets/hintrngia/locked-densenet-xai-inputs/D-P/DenseNet121/seed_42/best_checkpoint.pt
E02_XAI_D_P_DenseNet121,D-P,DenseNet121,42,21,normal,E-57BEC1C15CFD6C2BBAF49905.jpeg,0,0.1288076689256237,0.5634765625,0,1,0.8000545722620908,0.8000545501708984,0.3210601806640625,2.491914664120925,0.7947827666133385,0.7947827577590942,2.4754946719629176,1,1,111,80,110,80,0.3811707710778238,0.7015248262030422,0.25354326571231245,0.800166555921214,0.00025690774949171935,0.001655952716572262,-0.0613564460084334,-0.004747253242561895,/kaggle/input/datasets/hintrngia/locked-densenet-xai-inputs/D-P/DenseNet121/seed_42/best_checkpoint.pt
E02_XAI_D_P_DenseNet121,D-P,DenseNet121,42,22,normal,E-5822F4C00AF6A5D69871506D.jpeg,0,0.06982768716132258,0.5634765625,0,1,0.8353658473369971,0.8353658318519592,0.414520263671875,2.0152593746255407,0.8462390936678891,0.8462390899658203,2.0414902909010815,1,1,80,79,112,50,0.39792176908179067,0.5131142751830768,0.3406187843923836,0.6928696485621757,2.3733872140163648e-05,0.00031925324185066994,-0.21688088554429538,-0.06479328887502883,/kaggle/input/datasets/hintrngia/locked-densenet-xai-inputs/D-P/DenseNet121/seed_42/best_checkpoint.pt
E02_XAI_D_P_DenseNet121,D-P,DenseNet121,42,23,normal,E-592EC4B388705AD74965EF2F.jpeg,0,0.10061902966452115,0.5634765625,0,1,0.7167595648978381,0.7167595624923706,0.3038330078125,2.35905759567822,0.7446903906949381,0.7446904182434082,2.450985809792259,1,1,111,80,87,79,0.409007459139871,0.6021143901382243,0.328104251742971,0.7177147191192763,0.000181409069758387,0.0005013386494082672,0.9756688120615428,0.9742171108776371,/kaggle/input/datasets/hintrngia/locked-densenet-xai-inputs/D-P/DenseNet121/seed_42/best_checkpoint.pt
E02_XAI_D_P_DenseNet121,D-P,DenseNet121,42,24,normal,E-5EB53A5E9ABA53D43AB743A8.jpeg,0,0.10331913092629443,0.5634765625,0,1,0.6999326396172915,0.6999326348304749,0.2571563720703125,2.721817211769941,0.6789963581209859,0.6789963841438293,2.6404026182766827,1,1,80,80,95,79,0.44649303861700673,0.7652183522660911,0.3594422205881659,0.8064563845914116,0.000190720473392747,0.0021462127029424627,0.9592295191904594,0.9873781917947747,/kaggle/input/datasets/hintrngia/locked-densenet-xai-inputs/D-P/DenseNet121/seed_42/best_checkpoint.pt
E02_XAI_D_P_DenseNet121,D-P,DenseNet121,42,25,normal,E-5FBF0EE47B9EC5825E465989.jpeg,0,0.08815718978194906,0.5634765625,0,1,0.7751813452610498,0.7751813530921936,0.329376220703125,2.3534830280287298,0.7825104773326139,0.7825104594230652,2.3757345799346883,1,1,176,175,191,183,0.4591678566667201,0.5394770629747283,0.36113982973431524,0.7096086629441669,0.00010217568601622595,0.001605166439790584,-0.1006434042311454,-0.035087771142934814,/kaggle/input/datasets/hintrngia/locked-densenet-xai-inputs/D-P/DenseNet121/seed_42/best_checkpoint.pt
E02_XAI_D_P_DenseNet121,D-P,DenseNet121,42,26,normal,E-67976418F9EE68ADAB32C212.jpeg,0,0.04856339956791619,0.5634765625,0,1,0.6537490670778416,0.6537490487098694,0.26171875,2.4979068831630964,0.6536085182731489,0.653608500957489,2.497369860864569,1,1,111,80,115,83,0.44072165528638124,0.7576115021667587,0.3881461151905047,0.7885419524300536,0.00023407677333708854,3.454721575102404e-05,-0.20199140795664755,-0.087548415897631,/kaggle/input/datasets/hintrngia/locked-densenet-xai-inputs/D-P/DenseNet121/seed_42/best_checkpoint.pt
E02_XAI_D_P_DenseNet121,D-P,DenseNet121,42,27,normal,E-74019A53B16F834307F73E46.jpeg,0,0.29502992758200725,0.5634765625,0,1,0.7810222281060705,0.7810222506523132,0.372467041015625,2.096889501891005,0.8058236547891694,0.8058236837387085,2.163476404762925,1,1,80,79,83,67,0.2896322635507249,0.45966099920903264,0.18961504676945454,0.5662769311148675,0.0004809041856620455,0.0007128179176529859,0.5677678432919049,0.7461639183845298,/kaggle/input/datasets/hintrngia/locked-densenet-xai-inputs/D-P/DenseNet121/seed_42/best_checkpoint.pt
E02_XAI_D_P_DenseNet121,D-P,DenseNet121,42,28,normal,E-778E5DF620CB9DE6A84B008B.jpeg,0,0.9579899562762128,0.5634765625,1,0,0.7501294036731212,0.7501294016838074,0.3386688232421875,2.2149349222402193,0.7975201453036806,0.7975201606750488,2.354867323389142,1,1,176,207,180,212,0.94620398512766,0.958928892789721,0.9417613730728582,0.9669820648386888,0.0006120616806539747,0.002149894857408796,0.8542636843405886,0.9669888197878803,/kaggle/input/datasets/hintrngia/locked-densenet-xai-inputs/D-P/DenseNet121/seed_42/best_checkpoint.pt
E02_XAI_D_P_DenseNet121,D-P,DenseNet121,42,29,normal,E-77C42172A076E16EE5474210.jpeg,0,0.3107087697017031,0.5634765625,0,1,0.817118100863075,0.8171181082725525,0.39276123046875,2.0804449051345175,0.8024365795999344,0.8024365901947021,2.0430646340583256,1,1,111,48,111,45,0.2333803920391585,0.47984357512764275,0.1851406004060212,0.5379236996273409,0.0008812772991115825,0.0003630150771510854,0.7037737090998492,0.7878295973089054,/kaggle/input/datasets/hintrngia/locked-densenet-xai-inputs/D-P/DenseNet121/seed_42/best_checkpoint.pt
E02_XAI_D_P_DenseNet121,D-P,DenseNet121,42,30,normal,E-7B1FB0C84C51C5CD8EDBCCFD.jpeg,0,0.9955188259764158,0.5634765625,1,0,0.7571978597453145,0.7571978569030762,0.388427734375,1.9493918501048448,0.7857807718526184,0.7857807874679565,2.0229780273465274,1,1,207,207,202,202,0.991878531075765,0.9695137836055199,0.9830874711710771,0.9846822069005161,0.0005646450076437493,0.0001406036499030927,-0.012345102286632173,-0.0026421487825708475,/kaggle/input/datasets/hintrngia/locked-densenet-xai-inputs/D-P/DenseNet121/seed_42/best_checkpoint.pt
E02_XAI_D_P_DenseNet121,D-P,DenseNet121,42,31,normal,E-7B7A8A9BEAA512F9DC3E0865.jpeg,0,0.06589377176426622,0.5634765625,0,1,0.7560284150436631,0.756028413772583,0.356475830078125,2.1208406047556507,0.782402863832823,0.7824028730392456,2.194827244420336,1,1,80,79,107,83,0.35459005263144167,0.692521665396843,0.23625258381546127,0.793282055593886,0.0006488886040771913,0.0006830324968216672,-0.009516171061535964,0.248830150964578,/kaggle/input/datasets/hintrngia/locked-densenet-xai-inputs/D-P/DenseNet121/seed_42/best_checkpoint.pt
E02_XAI_D_P_DenseNet121,D-P,DenseNet121,42,32,normal,E-82FCB2C3D1996A8155B45525.jpeg,0,0.10185636273561836,0.5634765625,0,1,0.7173181686075386,0.7173181772232056,0.2450714111328125,2.926976122150778,0.7046184911658959,0.704618513584137,2.87515580829638,1,1,111,80,178,184,0.2109051221824855,0.7078389500791911,0.15804924219719257,0.7787314690520637,0.0010371808830650364,0.0007378657008276779,0.8068033174765629,0.850434170217682,/kaggle/input/datasets/hintrngia/locked-densenet-xai-inputs/D-P/DenseNet121/seed_42/best_checkpoint.pt
E02_XAI_D_P_DenseNet121,D-P,DenseNet121,42,33,normal,E-843CBB869621D4078F498542.jpeg,0,0.853384538777355,0.5634765625,1,0,0.8058308912158474,0.8058308959007263,0.3597412109375,2.240029406460883,0.8133855672391049,0.813385546207428,2.2610297138862396,1,1,207,175,214,162,0.7735403546273608,0.9267656743747728,0.7998091605272906,0.9344900891364761,0.0010256122646424837,0.006516393671058274,-0.06393619434985018,0.0896583940870122,/kaggle/input/datasets/hintrngia/locked-densenet-xai-inputs/D-P/DenseNet121/seed_42/best_checkpoint.pt
E02_XAI_D_P_DenseNet121,D-P,DenseNet121,42,34,normal,E-845A5BC2008587BFFF60937F.jpeg,0,0.2569354874745274,0.5634765625,0,1,0.749923507130947,0.7499235272407532,0.3625030517578125,2.068737086472776,0.8109663267223262,0.8109663128852844,2.2371296539156615,1,1,80,79,79,66,0.32204742539125364,0.3883481302284365,0.23603790162232421,0.4441534833231749,0.0008589518172983368,0.00034753204244619695,-0.1260699838998748,0.011296997097846453,/kaggle/input/datasets/hintrngia/locked-densenet-xai-inputs/D-P/DenseNet121/seed_42/best_checkpoint.pt
E02_XAI_D_P_DenseNet121,D-P,DenseNet121,42,35,normal,E-8BB569A271B438E1FF7419AA.jpeg,0,0.3348567589324035,0.5634765625,0,1,0.7723832630267671,0.7723832726478577,0.3291015625,2.3469449891377137,0.7748650969827066,0.7748650908470154,2.354486229407393,1,1,111,80,110,83,0.32962751821126224,0.3677577848465712,0.30398829643631214,0.45436747222468543,0.00020433498251837268,0.0004272844680409671,-0.06837055526270135,-0.001747059542041208,/kaggle/input/datasets/hintrngia/locked-densenet-xai-inputs/D-P/DenseNet121/seed_42/best_checkpoint.pt
E02_XAI_D_P_DenseNet121,D-P,DenseNet121,42,36,normal,E-8E65534102472D38A215B619.jpeg,0,0.1613860530442998,0.5634765625,0,1,0.771101688308126,0.771101713180542,0.4018096923828125,1.9190718962883584,0.7766739021073006,0.7766739130020142,1.9329396896860993,1,1,80,79,83,58,0.40748744184795793,0.5432223793985694,0.40739584825552033,0.6049924871953397,0.00042934807979522205,0.0006644349870351673,-0.11854811582478561,-0.05530435633357453,/kaggle/input/datasets/hintrngia/locked-densenet-xai-inputs/D-P/DenseNet121/seed_42/best_checkpoint.pt
E02_XAI_D_P_DenseNet121,D-P,DenseNet121,42,37,normal,E-91CCC5E035FBDB0CCBB30E2A.jpeg,0,0.07555968981765597,0.5634765625,0,1,0.7790302149331058,0.7790302038192749,0.4178619384765625,1.8643244172304554,0.768604561147096,0.768604576587677,1.8393744210091685,1,1,80,48,108,71,0.6077046147487045,0.5639419160887869,0.6222826940358199,0.7541422442716377,0.00014793176443472777,0.0011119772271885875,-0.017932234798678174,0.16581949038319882,/kaggle/input/datasets/hintrngia/locked-densenet-xai-inputs/D-P/DenseNet121/seed_42/best_checkpoint.pt
E02_XAI_D_P_DenseNet121,D-P,DenseNet121,42,38,normal,E-91CD2D4F539A3D56107014E7.jpeg,0,0.7396589549154666,0.5634765625,1,0,0.7999556582787792,0.7999556660652161,0.376434326171875,2.125086908024243,0.8255658594200261,0.8255658745765686,2.193120557882077,1,1,176,144,208,218,0.8849877283474676,0.8625880711261411,0.8964154480127167,0.8378227725823714,1.0051763190688234e-05,0.0005506345114365541,0.6906983314855654,0.7593921960405167,/kaggle/input/datasets/hintrngia/locked-densenet-xai-inputs/D-P/DenseNet121/seed_42/best_checkpoint.pt
E02_XAI_D_P_DenseNet121,D-P,DenseNet121,42,39,normal,E-93DEE19500CF7BC746908FEA.jpeg,0,0.16700857660930243,0.5634765625,0,1,0.7884779464467623,0.7884779572486877,0.3555908203125,2.2173743004778155,0.768309512713866,0.7683095335960388,2.1606562060254,1,1,79,79,91,49,0.32506057280806006,0.5694157017695665,0.21027512425436062,0.645216729251963,0.0007539019182490891,0.0024799939214043,0.6555176565453789,0.7182691157206056,/kaggle/input/datasets/hintrngia/locked-densenet-xai-inputs/D-P/DenseNet121/seed_42/best_checkpoint.pt
E02_XAI_D_P_DenseNet121,D-P,DenseNet121,42,40,normal,E-9A48264C99FDAC90E29908DD.jpeg,0,0.9871500685077741,0.5634765625,1,0,0.7396236715877552,0.7396236658096313,0.3754425048828125,1.9700051591617609,0.7913391376124892,0.7913391590118408,2.1077505272331676,1,1,207,207,208,193,0.9198861598371084,0.9249873274570782,0.8577897216644879,0.9598959262932838,0.0010298806983525255,1.4836673162266223e-05,-0.1689069642596921,-0.06215210791604541,/kaggle/input/datasets/hintrngia/locked-densenet-xai-inputs/D-P/DenseNet121/seed_42/best_checkpoint.pt
E02_XAI_D_P_DenseNet121,D-P,DenseNet121,42,41,normal,E-A5B76F5465A7745EBBAE1D8D.jpeg,0,0.4153663085421838,0.5634765625,0,1,0.763766008969127,0.7637659907341003,0.36846923828125,2.0728080654215963,0.7834442958615473,0.7834442853927612,2.1262135735291685,1,1,80,48,179,186,0.18854050671970235,0.39608686375215246,0.1572210970566224,0.4484908208946753,0.0004191463123646155,9.479723563254883e-05,0.6251702288985072,0.8348261568414287,/kaggle/input/datasets/hintrngia/locked-densenet-xai-inputs/D-P/DenseNet121/seed_42/best_checkpoint.pt
E02_XAI_D_P_DenseNet121,D-P,DenseNet121,42,42,normal,E-A92185A886C303721C499620.jpeg,0,0.9113958689950433,0.5634765625,1,0,0.8312313678503801,0.8312313556671143,0.4248199462890625,1.956667466091107,0.8424447300660173,0.8424447178840637,1.9830630304086243,1,1,207,207,198,198,0.9535657825848423,0.9082697774567909,0.9521074128154124,0.8965719080301575,3.1232318218887833e-05,0.00023958043974503518,-0.1375513724197768,0.052491411735550775,/kaggle/input/datasets/hintrngia/locked-densenet-xai-inputs/D-P/DenseNet121/seed_42/best_checkpoint.pt
E02_XAI_D_P_DenseNet121,D-P,DenseNet121,42,43,normal,E-B1906A980682154F21AC8637.jpeg,0,0.06544808780680117,0.5634765625,0,1,0.7986428246674752,0.7986428141593933,0.37506103515625,2.1293676223518165,0.8170456079588136,0.8170456290245056,2.1784337251093904,1,1,80,79,69,75,0.5887970940826603,0.5221785684044885,0.502888158435693,0.6736052641789022,0.0012350389704206544,0.000655385201670855,0.9146169826174859,0.9542238107311868,/kaggle/input/datasets/hintrngia/locked-densenet-xai-inputs/D-P/DenseNet121/seed_42/best_checkpoint.pt
E02_XAI_D_P_DenseNet121,D-P,DenseNet121,42,44,normal,E-B701F1D8C0C0617522833A87.jpeg,0,0.025839390301117426,0.5634765625,0,1,0.7272474647021478,0.7272474765777588,0.2968597412109375,2.449801585542018,0.7140703789986628,0.7140703797340393,2.405413331177402,1,1,80,80,89,79,0.7116149749453857,0.6691334399224457,0.606996519210134,0.8073751402388882,0.0009825293809581082,0.002830288646338386,0.3563105887110203,0.5267745537507228,/kaggle/input/datasets/hintrngia/locked-densenet-xai-inputs/D-P/DenseNet121/seed_42/best_checkpoint.pt
E02_XAI_D_P_DenseNet121,D-P,DenseNet121,42,45,normal,E-B80945974BB38152A2ADE2AF.jpeg,0,0.009776053393388887,0.5634765625,0,1,0.7541816054024769,0.7541816234588623,0.287933349609375,2.619292299504861,0.7618789164511115,0.7618789076805115,2.6460252606539503,1,1,111,80,106,82,0.5666143800190717,0.8523135281474861,0.5853806361553272,0.9106879145900719,4.527175685442586e-06,6.431661710759595e-05,0.9256834159162789,0.9271452162019852,/kaggle/input/datasets/hintrngia/locked-densenet-xai-inputs/D-P/DenseNet121/seed_42/best_checkpoint.pt
E02_XAI_D_P_DenseNet121,D-P,DenseNet121,42,46,normal,E-BB74E7A26CC5772AE8204932.jpeg,0,0.9207624399542909,0.5634765625,1,0,0.8132412953625343,0.8132413029670715,0.396759033203125,2.04971085042993,0.8679710401438483,0.8679710626602173,2.187652876196725,1,1,207,143,159,83,0.8732361054626485,0.9229183423165184,0.8281850223751045,0.919434927049867,0.001338930757698642,0.00014771979516514655,0.1880609889844013,0.3122214111212451,/kaggle/input/datasets/hintrngia/locked-densenet-xai-inputs/D-P/DenseNet121/seed_42/best_checkpoint.pt
E02_XAI_D_P_DenseNet121,D-P,DenseNet121,42,47,normal,E-BB96C349B18A4710DE07EC01.jpeg,0,0.04470358015831047,0.5634765625,0,1,0.7511807054074859,0.7511807084083557,0.3329010009765625,2.2564687495799145,0.7524738502904194,0.7524738311767578,2.2603532223785545,1,1,80,79,112,76,0.48368375421918575,0.667048746705851,0.39027999206227604,0.8158024872684705,0.0005442712329135624,0.0010937637566768021,-0.1353401558037567,-0.04051309461913593,/kaggle/input/datasets/hintrngia/locked-densenet-xai-inputs/D-P/DenseNet121/seed_42/best_checkpoint.pt
E02_XAI_D_P_DenseNet121,D-P,DenseNet121,42,48,normal,E-BCDF7BD5461E233F18CDF83C.jpeg,0,0.10461896729125322,0.5634765625,0,1,0.7634136151313181,0.7634136080741882,0.2940521240234375,2.596184665105395,0.7335890035857563,0.7335889935493469,2.4947583902753423,1,1,111,80,108,75,0.4196725654487784,0.7856042274388484,0.43123397673752817,0.8440847676528329,0.0002471306447244803,0.0008186718556195682,-0.06646299695506948,-0.009002675655706208,/kaggle/input/datasets/hintrngia/locked-densenet-xai-inputs/D-P/DenseNet121/seed_42/best_checkpoint.pt
E02_XAI_D_P_DenseNet121,D-P,DenseNet121,42,49,normal,E-BF6060CF2B5D86362B50F1EF.jpeg,0,0.070924668602918,0.5634765625,0,1,0.740586377522773,0.7405864000320435,0.3540191650390625,2.0919386594255616,0.7282647332634005,0.7282647490501404,2.0571336390306545,1,1,80,79,83,83,0.46496144931378325,0.5647261434404431,0.32451475075887004,0.7888395222192657,0.00012897349133123015,0.0009721270354960954,-0.026671233011652532,0.017486554420726785,/kaggle/input/datasets/hintrngia/locked-densenet-xai-inputs/D-P/DenseNet121/seed_42/best_checkpoint.pt
E02_XAI_D_P_DenseNet121,D-P,DenseNet121,42,50,normal,E-C7B56CF9C42EB131FD94EA3C.jpeg,0,0.9790199963811348,0.5634765625,1,0,0.6184064415323443,0.6184064149856567,0.32830810546875,1.8836161253143573,0.6536483939222149,0.6536483764648438,1.990960268827211,1,1,207,207,204,199,0.9655323840140575,0.9195694895091475,0.9224515978703416,0.9746451177326243,0.001127021373126258,0.01811601728552925,0.5150085147835918,0.5348643436764913,/kaggle/input/datasets/hintrngia/locked-densenet-xai-inputs/D-P/DenseNet121/seed_42/best_checkpoint.pt
E02_XAI_D_P_DenseNet121,D-P,DenseNet121,42,51,normal,E-D31B79C24E008C43E1511E9D.jpeg,0,0.012032940535836164,0.5634765625,0,1,0.7602311914841304,0.7602311968803406,0.29034423828125,2.6183787768080706,0.7865238430150377,0.7865238189697266,2.7089355988981247,1,1,111,80,115,82,0.7646581077546311,0.8546614959590906,0.705303838122813,0.9345320219213202,0.00043332516990912673,0.0008120776023676779,0.665445629129062,0.6556813616516323,/kaggle/input/datasets/hintrngia/locked-densenet-xai-inputs/D-P/DenseNet121/seed_42/best_checkpoint.pt
E02_XAI_D_P_DenseNet121,D-P,DenseNet121,42,52,normal,E-E13640D767DD410F37B990A9.jpeg,0,0.15397493030778625,0.5634765625,0,1,0.7537269588586115,0.7537269592285156,0.3385162353515625,2.226560738145502,0.7605187332086856,0.7605187296867371,2.2466241018509994,1,1,176,175,179,195,0.4954567478606249,0.5351395560912686,0.41511222426021654,0.7572872396756639,0.0012156983967767099,0.0018517186773526761,0.5136167440217924,0.7641124548229989,/kaggle/input/datasets/hintrngia/locked-densenet-xai-inputs/D-P/DenseNet121/seed_42/best_checkpoint.pt
E02_XAI_D_P_DenseNet121,D-P,DenseNet121,42,53,normal,E-E2352C479C37BA410D3419C8.jpeg,0,0.29288130705698867,0.5634765625,0,1,0.8133188902959934,0.8133189082145691,0.460540771484375,1.7660084419335438,0.8000496232057943,0.8000496029853821,1.7371960806578404,1,1,176,176,95,51,0.2932832675979838,0.38627827106605,0.2504243673313843,0.5098041066170124,0.002341135040077491,0.002446555497679803,-0.0341769071292924,0.09159386737637863,/kaggle/input/datasets/hintrngia/locked-densenet-xai-inputs/D-P/DenseNet121/seed_42/best_checkpoint.pt
E02_XAI_D_P_DenseNet121,D-P,DenseNet121,42,54,normal,E-E249A212D4F7D1C6D4206FBF.jpeg,0,0.0740880199189303,0.5634765625,0,1,0.8077304977874362,0.807730495929718,0.44427490234375,1.8180871652355206,0.8085820961619808,0.808582067489624,1.8200039927899292,1,1,80,48,84,170,0.7038431873614601,0.5159268770413656,0.7032274463638439,0.6514182536670827,0.0004055289734736789,0.0021630857443207807,-0.13685208104879965,-0.08138756111631588,/kaggle/input/datasets/hintrngia/locked-densenet-xai-inputs/D-P/DenseNet121/seed_42/best_checkpoint.pt
E02_XAI_D_P_DenseNet121,D-P,DenseNet121,42,55,normal,E-E2DD25AE8644A21D4C1655DA.jpeg,0,0.19478496244223803,0.5634765625,0,1,0.7690186546908158,0.7690186500549316,0.3409881591796875,2.2552649820475814,0.7808141811550969,0.7808141708374023,2.289857169919024,1,1,80,80,84,81,0.2901344739078807,0.4057316147292602,0.2011969118779907,0.5004644566960539,0.0010823586583629252,0.000551305765924881,0.8752206986911003,0.9591310919416369,/kaggle/input/datasets/hintrngia/locked-densenet-xai-inputs/D-P/DenseNet121/seed_42/best_checkpoint.pt
E02_XAI_D_P_DenseNet121,D-P,DenseNet121,42,56,normal,E-E35138A3EAFB63D43C970EAE.jpeg,0,0.2677823107267037,0.5634765625,0,1,0.7841018591148069,0.7841018438339233,0.4013519287109375,1.953651653383568,0.8192993131302395,0.8192993402481079,2.041348887400805,1,1,80,48,79,83,0.3099481605431613,0.44162495250076694,0.32797498916470513,0.5025309113696406,0.00021726165089785976,0.0008372766950728305,-0.06008969965627516,-0.01185316563512726,/kaggle/input/datasets/hintrngia/locked-densenet-xai-inputs/D-P/DenseNet121/seed_42/best_checkpoint.pt
E02_XAI_D_P_DenseNet121,D-P,DenseNet121,42,57,normal,E-EACE2F51FB2EF2E191B9BC55.jpeg,0,0.9105702908699036,0.5634765625,1,0,0.8364571520672324,0.8364571332931519,0.4419708251953125,1.8925619167228773,0.7746353296854988,0.7746353149414062,1.75268430748382,1,1,207,207,50,70,0.888797313109689,0.9476198309010249,0.895911207210562,0.9337543627738267,0.0010978496585783981,0.0016507322863775764,0.8757028097425404,0.7812186171097212,/kaggle/input/datasets/hintrngia/locked-densenet-xai-inputs/D-P/DenseNet121/seed_42/best_checkpoint.pt
E02_XAI_D_P_DenseNet121,D-P,DenseNet121,42,58,normal,E-ED70ACD6E494856AB99B813B.jpeg,0,0.9946360374388327,0.5634765625,1,0,0.6756609086789872,0.6756609082221985,0.3370513916015625,2.0046228127659065,0.7354494148250114,0.7354494333267212,2.1820097265594613,1,1,207,207,211,202,0.9722450803858556,0.9539214599992482,0.9375121596678262,0.9838901644784039,4.7358439029587807e-05,0.00779239478479532,0.9259297917652686,0.9701264616713531,/kaggle/input/datasets/hintrngia/locked-densenet-xai-inputs/D-P/DenseNet121/seed_42/best_checkpoint.pt
E02_XAI_D_P_DenseNet121,D-P,DenseNet121,42,59,normal,E-EE1CB872F9ABCF62B8C9A410.jpeg,0,0.08499988034167616,0.5634765625,0,1,0.7605442243854766,0.7605442404747009,0.260040283203125,2.924716951609353,0.7750341890922019,0.7750341892242432,2.9804389517865593,1,1,79,80,90,106,0.2742839001441374,0.7034002329508686,0.19350859013970606,0.7817871047749343,0.00048373876139662375,0.0011366012874182152,0.954127298148227,0.961901047211552,/kaggle/input/datasets/hintrngia/locked-densenet-xai-inputs/D-P/DenseNet121/seed_42/best_checkpoint.pt
E02_XAI_D_P_DenseNet121,D-P,DenseNet121,42,60,normal,E-EFAD2710B0F9E9CA19CFEDAD.jpeg,0,0.7011702898057468,0.5634765625,1,0,0.8241898968200947,0.8241899013519287,0.36236572265625,2.27446981126839,0.8808911096950514,0.8808910846710205,2.4309449117809874,1,1,176,144,210,182,0.7144587931559102,0.927328258502639,0.7240800178523136,0.9139997655302687,0.001234594307198078,0.0005795313060453777,0.24114822166481203,0.40933417694632646,/kaggle/input/datasets/hintrngia/locked-densenet-xai-inputs/D-P/DenseNet121/seed_42/best_checkpoint.pt
E02_XAI_D_P_DenseNet121,D-P,DenseNet121,42,61,normal,E-F32C5A7DA665488BF8EB2294.jpeg,0,0.5833705304152569,0.5634765625,1,0,0.8363922803062918,0.8363922834396362,0.3988037109375,2.097253002837203,0.8310564950232976,0.8310564756393433,2.0838735253231877,1,1,207,176,198,210,0.7118207232377187,0.8114496753843092,0.6989666947952582,0.805826584133719,0.00017652250632027577,0.00044979583383719657,0.9311083787605449,0.8178171237869498,/kaggle/input/datasets/hintrngia/locked-densenet-xai-inputs/D-P/DenseNet121/seed_42/best_checkpoint.pt
E02_XAI_D_P_DenseNet121,D-P,DenseNet121,42,62,normal,E-F57AB9616B464FB4687D409D.jpeg,0,0.07204598036663626,0.5634765625,0,1,0.811245618041149,0.8112456202507019,0.43695068359375,1.8566068174306727,0.8131740176656855,0.8131740093231201,1.8610201292686956,1,1,79,48,81,58,0.5590156919461863,0.4353775017282564,0.5250359398233446,0.628408444910279,8.567139098636378e-05,0.0014900674951443538,0.9140617809011087,0.9329977231028452,/kaggle/input/datasets/hintrngia/locked-densenet-xai-inputs/D-P/DenseNet121/seed_42/best_checkpoint.pt
E02_XAI_D_P_DenseNet121,D-P,DenseNet121,42,63,normal,E-F803B5977A560D3CAEE3206F.jpeg,0,0.26996980594497966,0.5634765625,0,1,0.7574548774408316,0.7574548721313477,0.3428192138671875,2.2094878198229555,0.7492658147731148,0.7492657899856567,2.185600411135036,1,1,111,48,111,53,0.37510444268390747,0.3940868174832951,0.31516503221339714,0.4700246724785073,0.001150598391810087,0.002177596303318041,0.8399809077160244,0.8743059444399192,/kaggle/input/datasets/hintrngia/locked-densenet-xai-inputs/D-P/DenseNet121/seed_42/best_checkpoint.pt
E02_XAI_D_P_DenseNet121,D-P,DenseNet121,42,64,pneumonia,E-018B83433C4DD934AA5C8B2B.jpeg,1,0.9949400904814267,0.5634765625,1,1,0.8006440937355431,0.8006440997123718,0.3726043701171875,2.1487780550822126,0.8105708751153861,0.8105708956718445,2.175419667945532,1,1,207,207,201,197,0.9926544779419684,0.9905993000340347,0.9922112688179663,0.9932588459501569,0.00017519698146406526,0.0014704380528789418,0.7347589008593071,0.7786404601820641,/kaggle/input/datasets/hintrngia/locked-densenet-xai-inputs/D-P/DenseNet121/seed_42/best_checkpoint.pt
E02_XAI_D_P_DenseNet121,D-P,DenseNet121,42,65,pneumonia,E-01E4EA18817F6CBD784D8ACE.jpeg,1,0.9934958042343637,0.5634765625,1,1,0.7630273287313639,0.7630273103713989,0.355072021484375,2.148936786237158,0.785925285437983,0.7859252691268921,2.2134249895343214,1,1,207,144,81,110,0.9771434570633819,0.9929733126881186,0.9813176554426776,0.9940704858771916,0.0012649914023458164,0.002688795923801224,-0.08930233795698757,-0.009154377962864677,/kaggle/input/datasets/hintrngia/locked-densenet-xai-inputs/D-P/DenseNet121/seed_42/best_checkpoint.pt
E02_XAI_D_P_DenseNet121,D-P,DenseNet121,42,66,pneumonia,E-0981A556ADE7F427711A3360.jpeg,1,0.9752352014730338,0.5634765625,1,1,0.7318866156587303,0.731886625289917,0.315826416015625,2.317369854276285,0.7657728741089315,0.7657728791236877,2.4246637876897736,1,1,207,144,202,147,0.953334722511437,0.9712892697655425,0.906731109641763,0.983702199909926,0.0005224864090699333,0.001233870451072705,-0.14391553743319674,-0.05081876044381976,/kaggle/input/datasets/hintrngia/locked-densenet-xai-inputs/D-P/DenseNet121/seed_42/best_checkpoint.pt
E02_XAI_D_P_DenseNet121,D-P,DenseNet121,42,67,pneumonia,E-0B7E667233F7AB135F8A84DD.jpeg,1,0.9985133669934563,0.5634765625,1,1,0.813759345125364,0.8137593269348145,0.3825225830078125,2.127349812203752,0.8401202300765952,0.840120255947113,2.1962630898041304,1,1,175,176,157,90,0.9949349378759719,0.9969060583825393,0.9938328096660728,0.9970316924847846,0.001076157024026081,0.0024702458716985287,-0.09959893486486472,0.1452906279418973,/kaggle/input/datasets/hintrngia/locked-densenet-xai-inputs/D-P/DenseNet121/seed_42/best_checkpoint.pt
E02_XAI_D_P_DenseNet121,D-P,DenseNet121,42,68,pneumonia,E-122745006C7E29B76E58625B.jpeg,1,0.9979827243950177,0.5634765625,1,1,0.7463509314955256,0.7463509440422058,0.3352813720703125,2.2260435373636174,0.7923950839942888,0.7923950552940369,2.3633734230487287,1,1,79,112,75,111,0.9867640295309028,0.9953500884518707,0.9872823764583909,0.9959502371640698,8.775660993309842e-05,0.004614479035244812,0.9918519331477289,0.980600028264984,/kaggle/input/datasets/hintrngia/locked-densenet-xai-inputs/D-P/DenseNet121/seed_42/best_checkpoint.pt
E02_XAI_D_P_DenseNet121,D-P,DenseNet121,42,69,pneumonia,E-1265B89238C345234A9C993B.jpeg,1,0.9611448989861235,0.5634765625,1,1,0.7697317280277246,0.7697317004203796,0.3254241943359375,2.3653180723038854,0.7547892089891329,0.7547892332077026,2.31940102219308,1,1,207,143,210,136,0.9544864690849326,0.9533064086133589,0.9531153162322952,0.968250452100541,0.0004990197218266434,0.002875202610738037,-0.029940506640956755,0.1442972369016817,/kaggle/input/datasets/hintrngia/locked-densenet-xai-inputs/D-P/DenseNet121/seed_42/best_checkpoint.pt
E02_XAI_D_P_DenseNet121,D-P,DenseNet121,42,70,pneumonia,E-1777E855F7110F5A72B38BC0.jpeg,1,0.9873264373405887,0.5634765625,1,1,0.705805415312381,0.7058054208755493,0.3238525390625,2.179403679698087,0.7862966310382928,0.7862966060638428,2.4279464762403675,1,1,80,80,79,128,0.9847911315131126,0.9773788604765838,0.9850233939159925,0.9816434345075408,0.0013258811545094895,0.0016550667439959588,0.5839678366503819,0.727810208084374,/kaggle/input/datasets/hintrngia/locked-densenet-xai-inputs/D-P/DenseNet121/seed_42/best_checkpoint.pt
E02_XAI_D_P_DenseNet121,D-P,DenseNet121,42,71,pneumonia,E-198E88DB173F06A1227B639B.jpeg,1,0.9923542562337216,0.5634765625,1,1,0.6582574342058558,0.6582574248313904,0.256744384765625,2.5638630219966103,0.663377438241215,0.6633774638175964,2.5838050512644872,1,1,176,111,204,161,0.9902651239266248,0.9886315358342248,0.9924978802949631,0.9895823050855752,0.0002475310127275643,0.0008778105205947684,0.8884624523961938,0.8186675607072662,/kaggle/input/datasets/hintrngia/locked-densenet-xai-inputs/D-P/DenseNet121/seed_42/best_checkpoint.pt
E02_XAI_D_P_DenseNet121,D-P,DenseNet121,42,72,pneumonia,E-1A06E979246F3D9634B22BF8.jpeg,1,0.9976367152985742,0.5634765625,1,1,0.7230210381412184,0.7230210304260254,0.303802490234375,2.379904909875585,0.730407733322084,0.73040771484375,2.404219046257966,1,1,175,207,84,110,0.9911487802935164,0.9932075437973003,0.9903003471992272,0.9949905386317153,0.0008775792928934489,3.667568069531946e-05,0.4866778379988031,0.5262635925727863,/kaggle/input/datasets/hintrngia/locked-densenet-xai-inputs/D-P/DenseNet121/seed_42/best_checkpoint.pt
E02_XAI_D_P_DenseNet121,D-P,DenseNet121,42,73,pneumonia,E-220D81ED5B8FE3B14418B9F7.jpeg,1,0.988235586212196,0.5634765625,1,1,0.6512837600955146,0.6512837409973145,0.2836456298828125,2.2961177310032626,0.7756383068765892,0.7756382822990417,2.734532900073385,1,1,207,144,59,179,0.9691128423669881,0.9756952909062828,0.9580550736448272,0.984094384295466,0.0002583929764405912,0.0035123794246929574,0.7657563302016825,0.8557783676040207,/kaggle/input/datasets/hintrngia/locked-densenet-xai-inputs/D-P/DenseNet121/seed_42/best_checkpoint.pt
E02_XAI_D_P_DenseNet121,D-P,DenseNet121,42,74,pneumonia,E-227257A6740CF45FAF02E456.jpeg,1,0.9611039830237613,0.5634765625,1,1,0.8046338143154232,0.8046337962150574,0.381500244140625,2.1091305357561625,0.8495978246208494,0.8495978116989136,2.2269915620491156,1,1,48,175,206,144,0.934298593843276,0.9452963259483207,0.8971268152208725,0.956745100626581,0.0009460673287358112,0.0038009106460542563,0.8044804633383816,0.7441767934622578,/kaggle/input/datasets/hintrngia/locked-densenet-xai-inputs/D-P/DenseNet121/seed_42/best_checkpoint.pt
E02_XAI_D_P_DenseNet121,D-P,DenseNet121,42,75,pneumonia,E-2C0709EBA6450DCFB3BBB340.jpeg,1,0.983640700192818,0.5634765625,1,1,0.7542333288776615,0.7542333006858826,0.3762359619140625,2.0046816498895415,0.8444474830178286,0.8444474935531616,2.2444624344833684,1,1,207,144,86,138,0.9785477861954481,0.9764725925856801,0.979221270063079,0.9824112501186141,0.00010670803701806619,0.0017828846377531127,0.7813425061357216,0.8679368422185341,/kaggle/input/datasets/hintrngia/locked-densenet-xai-inputs/D-P/DenseNet121/seed_42/best_checkpoint.pt
E02_XAI_D_P_DenseNet121,D-P,DenseNet121,42,76,pneumonia,E-30421FA65AB177DCD15E84C4.jpeg,1,0.9996274440091747,0.5634765625,1,1,0.7995775827173844,0.7995775938034058,0.41265869140625,1.937624480881767,0.7548096060351931,0.7548096179962158,1.8291377880906083,1,1,207,175,208,225,0.9971350556051706,0.9986459469284183,0.9967265273497002,0.998991371440668,4.330738351010499e-05,0.0005819009587362256,-0.06302145891996258,-0.0011616616941448744,/kaggle/input/datasets/hintrngia/locked-densenet-xai-inputs/D-P/DenseNet121/seed_42/best_checkpoint.pt
E02_XAI_D_P_DenseNet121,D-P,DenseNet121,42,77,pneumonia,E-386D019ED9E9E8244987AC20.jpeg,1,0.9961616993069095,0.5634765625,1,1,0.7801858292799042,0.7801858186721802,0.3555145263671875,2.1945258812690587,0.8246773219024787,0.8246773481369019,2.319672645529887,1,1,207,143,213,119,0.9890367224015573,0.9901520337995969,0.9861607978845165,0.9926793943330681,0.001202814439692057,0.00119111564244756,0.0,0.0,/kaggle/input/datasets/hintrngia/locked-densenet-xai-inputs/D-P/DenseNet121/seed_42/best_checkpoint.pt
E02_XAI_D_P_DenseNet121,D-P,DenseNet121,42,78,pneumonia,E-3AC987E53985CBAF71C33ABC.jpeg,1,0.9814119445934942,0.5634765625,1,1,0.7923979041335144,0.7923979163169861,0.4218597412109375,1.878344451307339,0.8177754232309451,0.8177754282951355,1.9385007464413215,1,1,176,143,183,121,0.9583047751919258,0.9696129154267611,0.9574795368799357,0.9735440118102234,5.551823107552423e-05,0.000605000966196978,0.9130441174077948,0.8674135257933567,/kaggle/input/datasets/hintrngia/locked-densenet-xai-inputs/D-P/DenseNet121/seed_42/best_checkpoint.pt
E02_XAI_D_P_DenseNet121,D-P,DenseNet121,42,79,pneumonia,E-3EB4BE73D28C1518A6A12685.jpeg,1,0.996026073412053,0.5634765625,1,1,0.8010960392091155,0.8010960221290588,0.40576171875,1.9743016706381091,0.8367716763341075,0.8367716670036316,2.0622242997981375,1,1,207,207,208,172,0.9859510921062227,0.9870870650495344,0.9782274927686748,0.9921133194534116,9.823206038617194e-05,0.00037249104166869884,-0.006175796000304955,0.17150212754018943,/kaggle/input/datasets/hintrngia/locked-densenet-xai-inputs/D-P/DenseNet121/seed_42/best_checkpoint.pt
E02_XAI_D_P_DenseNet121,D-P,DenseNet121,42,80,pneumonia,E-401B5DEDAD367F085127D1DA.jpeg,1,0.9930134944552145,0.5634765625,1,1,0.7911999436763152,0.7911999225616455,0.364349365234375,2.171541984620613,0.8084445970486045,0.808444619178772,2.2188719789001317,1,1,79,111,63,111,0.9777656544810931,0.9850280162738301,0.9731917988015185,0.9870878922754853,0.00043698176215223317,0.00048000808971715436,-0.10256797467569498,-0.029392602304436126,/kaggle/input/datasets/hintrngia/locked-densenet-xai-inputs/D-P/DenseNet121/seed_42/best_checkpoint.pt
E02_XAI_D_P_DenseNet121,D-P,DenseNet121,42,81,pneumonia,E-4329094918EDAAADE18246AB.jpeg,1,0.9995611490301785,0.5634765625,1,1,0.801481610451208,0.8014816045761108,0.4228057861328125,1.895625927407354,0.7827831152336318,0.7827830910682678,1.8514011418655054,1,1,207,143,214,137,0.9976906582959767,0.9973888038592404,0.9972728093864551,0.9986671593131111,0.00041898611019108856,0.0017003447370786962,0.9734276768167521,0.9854004510589495,/kaggle/input/datasets/hintrngia/locked-densenet-xai-inputs/D-P/DenseNet121/seed_42/best_checkpoint.pt
E02_XAI_D_P_DenseNet121,D-P,DenseNet121,42,82,pneumonia,E-443A80FA1DE791815F946FF9.jpeg,1,0.9889423295966375,0.5634765625,1,1,0.7254457898197473,0.7254458069801331,0.309112548828125,2.346866190227414,0.777366549093675,0.777366578578949,2.5148333577551134,1,1,176,176,203,202,0.9830795541698911,0.9909611125034629,0.9851619150586028,0.9906748681736333,0.0007081387809306783,0.00015529284804982613,-0.04423106993881031,-0.016689658771751464,/kaggle/input/datasets/hintrngia/locked-densenet-xai-inputs/D-P/DenseNet121/seed_42/best_checkpoint.pt
E02_XAI_D_P_DenseNet121,D-P,DenseNet121,42,83,pneumonia,E-4B97630FB65DE326125E1DE1.jpeg,1,0.9959734947094409,0.5634765625,1,1,0.7472361884710362,0.7472361922264099,0.3383941650390625,2.2081828402235573,0.8017115552127267,0.8017115592956543,2.3691648321423666,1,1,175,207,171,138,0.9905917456066995,0.992106895438911,0.993935276345304,0.9930100815718732,0.0005630131314151576,0.0023872886796071358,-0.11378719730470854,-0.05353300601795711,/kaggle/input/datasets/hintrngia/locked-densenet-xai-inputs/D-P/DenseNet121/seed_42/best_checkpoint.pt
E02_XAI_D_P_DenseNet121,D-P,DenseNet121,42,84,pneumonia,E-55F059ED3BB72FAD418A344C.jpeg,1,0.9837768440876917,0.5634765625,1,1,0.7099802495592263,0.7099802494049072,0.3324737548828125,2.1354475026441535,0.7437597332182361,0.7437597513198853,2.237047954297596,1,1,207,207,212,193,0.9712614966545718,0.9126771997956372,0.9346045029679375,0.9705462759562327,0.0013588576589299572,0.005278532367938071,0.9238933118060308,0.9822884219512575,/kaggle/input/datasets/hintrngia/locked-densenet-xai-inputs/D-P/DenseNet121/seed_42/best_checkpoint.pt
E02_XAI_D_P_DenseNet121,D-P,DenseNet121,42,85,pneumonia,E-6060B7AB38566FD26078DE5E.jpeg,1,0.9767506697255502,0.5634765625,1,1,0.6773969420282024,0.6773969531059265,0.271087646484375,2.498811549744471,0.7681847836098273,0.7681847810745239,2.833713721639854,1,1,111,80,90,82,0.9812757125541587,0.9713352803349131,0.9838914847457241,0.9742500237788041,0.001883343809361504,0.0032912402212437186,0.9001216264454444,0.9244246177827284,/kaggle/input/datasets/hintrngia/locked-densenet-xai-inputs/D-P/DenseNet121/seed_42/best_checkpoint.pt
E02_XAI_D_P_DenseNet121,D-P,DenseNet121,42,86,pneumonia,E-638A63581494A3F6A20C2D9C.jpeg,1,0.9834627520741591,0.5634765625,1,1,0.7223603605987615,0.722360372543335,0.312408447265625,2.3122305652144397,0.7580566920455072,0.7580567002296448,2.4264923009619204,1,1,80,143,78,115,0.9679796443628079,0.9788756740437383,0.9668920333332761,0.9762998700048299,0.0007823068866003036,0.008472552345676232,0.9750068337526885,0.9641060442739947,/kaggle/input/datasets/hintrngia/locked-densenet-xai-inputs/D-P/DenseNet121/seed_42/best_checkpoint.pt
E02_XAI_D_P_DenseNet121,D-P,DenseNet121,42,87,pneumonia,E-63AE2F3741553AC167D0B283.jpeg,1,0.9985568839702399,0.5634765625,1,1,0.7857494629089136,0.7857494354248047,0.3596954345703125,2.184485504653568,0.839957659888259,0.8399576544761658,2.3351913289966038,1,1,176,144,102,52,0.9955458761495815,0.9963530991445063,0.9948305052471618,0.9965503671391526,0.00012181457337157031,0.0013815223624514816,-0.12577527020064747,0.005098457080024151,/kaggle/input/datasets/hintrngia/locked-densenet-xai-inputs/D-P/DenseNet121/seed_42/best_checkpoint.pt
E02_XAI_D_P_DenseNet121,D-P,DenseNet121,42,88,pneumonia,E-63E40A6B7E9FE7A4F927B234.jpeg,1,0.9936981680398239,0.5634765625,1,1,0.7463233843570966,0.7463234066963196,0.3593597412109375,2.076814119027926,0.8357217211889251,0.8357217311859131,2.3255852711068488,1,1,48,176,175,114,0.9912134146282023,0.9772960706186953,0.9855165968772294,0.9853737189064092,8.258345082690077e-05,0.0013692174282136094,0.935595284694976,0.9552115944609956,/kaggle/input/datasets/hintrngia/locked-densenet-xai-inputs/D-P/DenseNet121/seed_42/best_checkpoint.pt
E02_XAI_D_P_DenseNet121,D-P,DenseNet121,42,89,pneumonia,E-6C94FB136A3DC9D9B1FE1032.jpeg,1,0.9858918926508687,0.5634765625,1,1,0.7488191300986488,0.74881911277771,0.3358001708984375,2.2299545830937904,0.8550131777719562,0.8550131916999817,2.5461963747199947,1,1,48,112,175,108,0.9598355016502611,0.9748323924365621,0.9607090586576574,0.9808023940503456,5.8650881838429036e-05,0.0014084886861005508,0.19972229137006292,0.3553709464583487,/kaggle/input/datasets/hintrngia/locked-densenet-xai-inputs/D-P/DenseNet121/seed_42/best_checkpoint.pt
E02_XAI_D_P_DenseNet121,D-P,DenseNet121,42,90,pneumonia,E-6EBA6C5A4DF4C84E483A5386.jpeg,1,0.9978595390725247,0.5634765625,1,1,0.6933332171922841,0.6933332085609436,0.3423919677734375,2.0249692821388448,0.7477315127746315,0.7477315068244934,2.183846535995287,1,1,207,207,90,119,0.9941992186286492,0.9957875116055726,0.9934698104290853,0.9971515664278889,5.70050979668002e-05,0.003714935074282222,-0.1240676121936226,-0.058519123941906726,/kaggle/input/datasets/hintrngia/locked-densenet-xai-inputs/D-P/DenseNet121/seed_42/best_checkpoint.pt
E02_XAI_D_P_DenseNet121,D-P,DenseNet121,42,91,pneumonia,E-73D66A02A1612F6E79C3F7EC.jpeg,1,0.9970370317608095,0.5634765625,1,1,0.7714269867606234,0.7714269757270813,0.3591766357421875,2.147764943470165,0.8122826250864584,0.8122826218605042,2.261512983460051,1,1,111,79,190,121,0.9918599102946044,0.9949281066177342,0.9923655736077673,0.9959178461885736,0.00010674529314946835,6.139463334708939e-05,0.0,0.0,/kaggle/input/datasets/hintrngia/locked-densenet-xai-inputs/D-P/DenseNet121/seed_42/best_checkpoint.pt
E02_XAI_D_P_DenseNet121,D-P,DenseNet121,42,92,pneumonia,E-7725ED8C0E93C0BF91B23FCE.jpeg,1,0.9970512449224389,0.5634765625,1,1,0.8131594252126522,0.8131594061851501,0.38677978515625,2.1023834657857177,0.8564751908569975,0.8564751744270325,2.2143742349693936,1,1,176,144,207,179,0.9877365446623178,0.996535314267658,0.9903507869627591,0.99692154835948,0.000673158746161473,0.0014281900574772965,0.975344339941215,0.970453518194452,/kaggle/input/datasets/hintrngia/locked-densenet-xai-inputs/D-P/DenseNet121/seed_42/best_checkpoint.pt
E02_XAI_D_P_DenseNet121,D-P,DenseNet121,42,93,pneumonia,E-77D4D0C371CD4C8665643C00.jpeg,1,0.9811683855775865,0.5634765625,1,1,0.6627205711658545,0.6627205610275269,0.29443359375,2.2508320559662853,0.7185130706287157,0.7185130715370178,2.440322999415605,1,1,175,144,182,125,0.9776420676715777,0.9777546726831933,0.9762478204542473,0.9834668043368355,0.0001260872583679351,0.0011306246959956745,0.3558879174018641,0.4234723363041247,/kaggle/input/datasets/hintrngia/locked-densenet-xai-inputs/D-P/DenseNet121/seed_42/best_checkpoint.pt
E02_XAI_D_P_DenseNet121,D-P,DenseNet121,42,94,pneumonia,E-7B805F2D3984459EDD091000.jpeg,1,0.9984154212576366,0.5634765625,1,1,0.7381014048015487,0.7381014227867126,0.3260345458984375,2.263874838071526,0.8170101097449447,0.8170101046562195,2.505900433015617,1,1,207,175,210,157,0.996141751431098,0.9962565410994529,0.9963344590701557,0.9967227196250503,0.000268214755879459,0.0008139828066487942,0.8547766247199108,0.8905711443880705,/kaggle/input/datasets/hintrngia/locked-densenet-xai-inputs/D-P/DenseNet121/seed_42/best_checkpoint.pt
E02_XAI_D_P_DenseNet121,D-P,DenseNet121,42,95,pneumonia,E-8B99D004F7E59741CFAB602B.jpeg,1,0.9987636722023365,0.5634765625,1,1,0.8625310613509706,0.8625310659408569,0.44635009765625,1.9324092587411872,0.8490872903535631,0.8490872979164124,1.9022899172915053,1,1,207,175,210,230,0.9976039003872539,0.9969626954022532,0.9977387525150074,0.9976829694364006,0.0006818731134985434,0.00023973307416580436,0.29088629658258497,0.12056982410303135,/kaggle/input/datasets/hintrngia/locked-densenet-xai-inputs/D-P/DenseNet121/seed_42/best_checkpoint.pt
E02_XAI_D_P_DenseNet121,D-P,DenseNet121,42,96,pneumonia,E-8E859FAC3770F43BC30CF790.jpeg,1,0.9958461080589287,0.5634765625,1,1,0.7637506628910293,0.7637506723403931,0.32305908203125,2.3641206991888577,0.790997985576373,0.7909979820251465,2.448462307894067,1,1,176,112,207,154,0.9894181668553859,0.9936431290296088,0.9914531382915075,0.9959546196501544,0.0002620008431925003,0.0008424912517092098,0.900454458785395,0.8992633877505175,/kaggle/input/datasets/hintrngia/locked-densenet-xai-inputs/D-P/DenseNet121/seed_42/best_checkpoint.pt
E02_XAI_D_P_DenseNet121,D-P,DenseNet121,42,97,pneumonia,E-9A9C78D1B9953A6FD2BA65F6.jpeg,1,0.9994047336615431,0.5634765625,1,1,0.8145930175922255,0.8145930171012878,0.39300537109375,2.072727442185281,0.8409904598173188,0.8409904837608337,2.139895588390581,1,1,207,175,199,99,0.9962785798875994,0.9979641115665522,0.9959558842938487,0.9984879694927957,0.000446659351944767,0.001209976657642109,0.9817467903660722,0.9444249357777634,/kaggle/input/datasets/hintrngia/locked-densenet-xai-inputs/D-P/DenseNet121/seed_42/best_checkpoint.pt
E02_XAI_D_P_DenseNet121,D-P,DenseNet121,42,98,pneumonia,E-9B56CC62692974C989F872CC.jpeg,1,0.9948232127971613,0.5634765625,1,1,0.8041800447914268,0.8041800260543823,0.37744140625,2.130608967312862,0.8598934282626376,0.8598934412002563,2.2782170001059274,1,1,176,143,203,178,0.9870794191548933,0.9936577084097702,0.987689708482244,0.9959928482486847,0.0007219201589504509,0.00017327365622821223,0.9838905631890338,0.9672838445152501,/kaggle/input/datasets/hintrngia/locked-densenet-xai-inputs/D-P/DenseNet121/seed_42/best_checkpoint.pt
E02_XAI_D_P_DenseNet121,D-P,DenseNet121,42,99,pneumonia,E-9FC76B9714A55204D742CE4C.jpeg,1,0.9870030625393553,0.5634765625,1,1,0.7365013373291631,0.7365013360977173,0.32318115234375,2.2789117867424,0.740181268256031,0.7401812672615051,2.290298375657566,1,1,207,176,199,166,0.9812263082587886,0.9769164746978478,0.9844196363450607,0.9793865665613286,0.000902024023572201,0.0009683647830154296,0.4174044668656809,0.708750692893811,/kaggle/input/datasets/hintrngia/locked-densenet-xai-inputs/D-P/DenseNet121/seed_42/best_checkpoint.pt
E02_XAI_D_P_DenseNet121,D-P,DenseNet121,42,100,pneumonia,E-A0A20FFCEFD96663F4AB4E87.jpeg,1,0.993316418232843,0.5634765625,1,1,0.7493965754095203,0.749396562576294,0.3404388427734375,2.201266369326266,0.7972027942771672,0.7972027659416199,2.341691646530789,1,1,207,176,209,203,0.9856410181683153,0.9731889538347193,0.9747313213859871,0.9822419870435426,0.0005265325470308335,0.002170198826490277,-0.16097862988456813,-0.02030986480569773,/kaggle/input/datasets/hintrngia/locked-densenet-xai-inputs/D-P/DenseNet121/seed_42/best_checkpoint.pt
E02_XAI_D_P_DenseNet121,D-P,DenseNet121,42,101,pneumonia,E-A0D5A9410E976B289DD85CF6.jpeg,1,0.9959182503902865,0.5634765625,1,1,0.6376390460684851,0.637639045715332,0.2681732177734375,2.377713372582887,0.7425871934529327,0.7425872087478638,2.769057997731516,0,1,207,207,203,204,0.9725915348681768,0.972460232139025,0.9691887598468601,0.9878337272520543,0.0008092929830608719,0.002776714987046236,0.9363078890593223,0.9429667191278597,/kaggle/input/datasets/hintrngia/locked-densenet-xai-inputs/D-P/DenseNet121/seed_42/best_checkpoint.pt
E02_XAI_D_P_DenseNet121,D-P,DenseNet121,42,102,pneumonia,E-A540763BCA2A1AF575A9EE6B.jpeg,1,0.9941268490884398,0.5634765625,1,1,0.7844300368459757,0.7844300270080566,0.3713226318359375,2.1125295621425053,0.8483151800519474,0.8483151793479919,2.2845770963585132,1,1,207,144,203,171,0.9696444429347068,0.9700746940792095,0.9484632089947329,0.9800600682031635,0.0004235347711494253,0.001188738164448866,0.36407044281933293,0.4275765012215928,/kaggle/input/datasets/hintrngia/locked-densenet-xai-inputs/D-P/DenseNet121/seed_42/best_checkpoint.pt
E02_XAI_D_P_DenseNet121,D-P,DenseNet121,42,103,pneumonia,E-A9AC7ECA864D894719491A2C.jpeg,1,0.9919348161423877,0.5634765625,1,1,0.7507848033780646,0.7507848143577576,0.3572845458984375,2.101363778525938,0.8408009208705913,0.840800940990448,2.3533089536696594,1,1,207,143,86,86,0.9713535363472459,0.9858843096963202,0.967294730613393,0.9894234591617765,0.0007086339903198402,0.0005538786186681799,0.7806548367330509,0.8638333988495778,/kaggle/input/datasets/hintrngia/locked-densenet-xai-inputs/D-P/DenseNet121/seed_42/best_checkpoint.pt
E02_XAI_D_P_DenseNet121,D-P,DenseNet121,42,104,pneumonia,E-B15903E1E2039605DB9FB6A1.jpeg,1,0.9840209240865686,0.5634765625,1,1,0.6598208923869417,0.6598209142684937,0.2703704833984375,2.4404324173751686,0.6959022748225187,0.6959022879600525,2.573884050046198,1,1,80,79,187,97,0.9728423599737743,0.9672225925711684,0.9697055238120971,0.9761908225178395,0.0019888895376597437,0.002595123294933943,0.9191291748607789,0.9242907832856034,/kaggle/input/datasets/hintrngia/locked-densenet-xai-inputs/D-P/DenseNet121/seed_42/best_checkpoint.pt
E02_XAI_D_P_DenseNet121,D-P,DenseNet121,42,105,pneumonia,E-B29F964F9024332A9FD3DA8C.jpeg,1,0.9908189980715686,0.5634765625,1,1,0.8577963175802519,0.857796311378479,0.444091796875,1.9315743357936843,0.893910512652372,0.8939105272293091,2.0128957997933568,1,1,176,175,75,132,0.988793935612339,0.9896380351426178,0.9909544446864529,0.9913835049781575,0.00030991986757333834,0.0009745167070521754,0.7783701242779902,0.8807426178984307,/kaggle/input/datasets/hintrngia/locked-densenet-xai-inputs/D-P/DenseNet121/seed_42/best_checkpoint.pt
E02_XAI_D_P_DenseNet121,D-P,DenseNet121,42,106,pneumonia,E-B352C843937DC9BD58C4B554.jpeg,1,0.9505287841137383,0.5634765625,1,1,0.76942545995443,0.7694254517555237,0.322052001953125,2.3891342245604816,0.8508749313271821,0.8508749604225159,2.6420420496284565,1,1,48,112,63,125,0.9231952542052283,0.9548642474446107,0.8737368241472788,0.9602766987093481,0.0007615155153678499,0.0003801859855235845,0.6529261056325071,0.9099024708193695,/kaggle/input/datasets/hintrngia/locked-densenet-xai-inputs/D-P/DenseNet121/seed_42/best_checkpoint.pt
E02_XAI_D_P_DenseNet121,D-P,DenseNet121,42,107,pneumonia,E-B41848B096ED1788DCCEEDA2.jpeg,1,0.9893834160076787,0.5634765625,1,1,0.6845129680866099,0.6845129728317261,0.2685089111328125,2.5493119211527002,0.766418561703238,0.7664185762405396,2.854350563151867,1,1,207,175,207,161,0.9820055599709033,0.9831994617165054,0.9803052211593845,0.9856678622973236,0.0002695350357759807,0.002559186284440851,-0.06240208809834294,0.3329316644021535,/kaggle/input/datasets/hintrngia/locked-densenet-xai-inputs/D-P/DenseNet121/seed_42/best_checkpoint.pt
E02_XAI_D_P_DenseNet121,D-P,DenseNet121,42,108,pneumonia,E-B813D1454C73F6C74F660590.jpeg,1,0.9435534861468314,0.5634765625,1,1,0.6881552506447711,0.6881552338600159,0.2771453857421875,2.4830117550105006,0.7326457889017189,0.7326458096504211,2.6435431603514314,1,1,48,144,210,139,0.9522840757054667,0.9175136556735223,0.9193485705809903,0.9448165481860746,0.0005314673529420721,0.004257289348818971,0.884866083394384,0.9490923769610509,/kaggle/input/datasets/hintrngia/locked-densenet-xai-inputs/D-P/DenseNet121/seed_42/best_checkpoint.pt
E02_XAI_D_P_DenseNet121,D-P,DenseNet121,42,109,pneumonia,E-BF1AD901130E35A45E611B5A.jpeg,1,0.9959087024297238,0.5634765625,1,1,0.6999602986449733,0.6999602913856506,0.2906494140625,2.4082632366651078,0.7236917536946849,0.7236917614936829,2.489912997172137,1,1,207,176,206,186,0.9917983522600924,0.9916445830300327,0.9884157747865708,0.9947323007257368,0.0009451310398730373,0.0032012625054972377,0.8823469507424775,0.8872036185379869,/kaggle/input/datasets/hintrngia/locked-densenet-xai-inputs/D-P/DenseNet121/seed_42/best_checkpoint.pt
E02_XAI_D_P_DenseNet121,D-P,DenseNet121,42,110,pneumonia,E-BFFC08BEA9A0FA7A1279A0B5.jpeg,1,0.9981091452093162,0.5634765625,1,1,0.7864539587342163,0.7864539623260498,0.364898681640625,2.1552666488084635,0.8333472215743022,0.8333472013473511,2.283777014012439,1,1,48,144,204,170,0.9919969452697569,0.9884729229039222,0.9903229876031576,0.993101754589934,0.00029302073873982426,0.0008072241723340312,0.06422172345631735,0.06517768778504798,/kaggle/input/datasets/hintrngia/locked-densenet-xai-inputs/D-P/DenseNet121/seed_42/best_checkpoint.pt
E02_XAI_D_P_DenseNet121,D-P,DenseNet121,42,111,pneumonia,E-C378B1871ED2B8AC1E544A5B.jpeg,1,0.9913809692004073,0.5634765625,1,1,0.6108161662361897,0.6108161807060242,0.2780303955078125,2.1969402486392036,0.7424532750980384,0.7424532771110535,2.6704032619957765,1,1,175,144,187,127,0.9812967442108333,0.987049871068316,0.988101883256584,0.991341515080408,0.0015887912324407116,0.003571489814342521,-0.11874755050327657,-0.029869435341546464,/kaggle/input/datasets/hintrngia/locked-densenet-xai-inputs/D-P/DenseNet121/seed_42/best_checkpoint.pt
E02_XAI_D_P_DenseNet121,D-P,DenseNet121,42,112,pneumonia,E-D2A52B478FEFC3F6A00973AF.jpeg,1,0.9927991897113199,0.5634765625,1,1,0.7782921224558496,0.7782921195030212,0.35107421875,2.2168877145891237,0.819231482653126,0.8192315101623535,2.333499410950768,1,1,207,175,81,82,0.9869940782334743,0.9872764940288128,0.9852059823936803,0.9894375742890515,0.0002665716042956623,0.00024945876302795433,0.8678074371189408,0.9049544623612171,/kaggle/input/datasets/hintrngia/locked-densenet-xai-inputs/D-P/DenseNet121/seed_42/best_checkpoint.pt
E02_XAI_D_P_DenseNet121,D-P,DenseNet121,42,113,pneumonia,E-D33BB0B839138FAFF4DA3ED6.jpeg,1,0.9624135874549364,0.5634765625,1,1,0.7668302188922753,0.7668302059173584,0.3347625732421875,2.290668910402669,0.7934671822357001,0.7934671640396118,2.3702386277860814,1,1,48,144,44,150,0.941944936894377,0.9461819833294126,0.9240749337186742,0.9670713272498566,0.0005690802967047714,0.001990504299219653,0.5918942667000816,0.6808957854115948,/kaggle/input/datasets/hintrngia/locked-densenet-xai-inputs/D-P/DenseNet121/seed_42/best_checkpoint.pt
E02_XAI_D_P_DenseNet121,D-P,DenseNet121,42,114,pneumonia,E-DA47F22802134421DB0B257A.jpeg,1,0.9991687051358927,0.5634765625,1,1,0.7910683586307365,0.7910683751106262,0.39227294921875,2.016627351455732,0.8210624450473683,0.821062445640564,2.0930896374134247,1,1,207,176,210,173,0.996339441084397,0.9982873081388695,0.997575750598995,0.9988626962905884,0.0006487473067985361,0.0013568591716658363,0.8642923207974956,0.8959920846161521,/kaggle/input/datasets/hintrngia/locked-densenet-xai-inputs/D-P/DenseNet121/seed_42/best_checkpoint.pt
E02_XAI_D_P_DenseNet121,D-P,DenseNet121,42,115,pneumonia,E-E09BD72833F7B4079F215903.jpeg,1,0.9962500003688826,0.5634765625,1,1,0.7299946772269924,0.7299946546554565,0.3171234130859375,2.3019261495813006,0.7317779961328391,0.7317780256271362,2.3075495719848793,1,1,176,207,202,207,0.9836398506196962,0.9920055767363746,0.9797722690162509,0.9926237783715791,0.00037877871564451215,0.005545596716849399,0.970188751977728,0.9839643629717975,/kaggle/input/datasets/hintrngia/locked-densenet-xai-inputs/D-P/DenseNet121/seed_42/best_checkpoint.pt
E02_XAI_D_P_DenseNet121,D-P,DenseNet121,42,116,pneumonia,E-E0D541D212A934D795DA0D1B.jpeg,1,0.9917590671104741,0.5634765625,1,1,0.7421091260607681,0.7421091198921204,0.306488037109375,2.4213314590022152,0.8004937393214523,0.8004937171936035,2.6118270287847603,1,1,79,111,54,110,0.976963905525914,0.9881448880354641,0.9774560752806292,0.9893650227135714,0.0006608731855229921,0.002456783190631917,0.40915894184167434,0.5552345912457194,/kaggle/input/datasets/hintrngia/locked-densenet-xai-inputs/D-P/DenseNet121/seed_42/best_checkpoint.pt
E02_XAI_D_P_DenseNet121,D-P,DenseNet121,42,117,pneumonia,E-E1AD2A3BA30BC31AC67A922E.jpeg,1,0.9971844206107404,0.5634765625,1,1,0.7078013180399503,0.707801342010498,0.3279571533203125,2.1582127752787503,0.7070778917642297,0.7070779204368591,2.1560069192137234,1,0,207,207,77,54,0.9918025041443628,0.9885242968244419,0.9906677750038002,0.9905990138474455,0.0005171129891038406,0.004591843613365287,0.6277967408756382,0.7196292049706956,/kaggle/input/datasets/hintrngia/locked-densenet-xai-inputs/D-P/DenseNet121/seed_42/best_checkpoint.pt
E02_XAI_D_P_DenseNet121,D-P,DenseNet121,42,118,pneumonia,E-E280E4CD8F00E10AB30B96C9.jpeg,1,0.9639454515906466,0.5634765625,1,1,0.7581807065342017,0.7581806778907776,0.3293609619140625,2.301975018921725,0.8222496210809951,0.8222495913505554,2.496499938251753,1,1,111,79,178,95,0.9717386505055705,0.9513304052839036,0.9733169692027457,0.9565834023002169,0.0006417214923524206,0.003066256829316716,0.9051107755658319,0.980468344656186,/kaggle/input/datasets/hintrngia/locked-densenet-xai-inputs/D-P/DenseNet121/seed_42/best_checkpoint.pt
E02_XAI_D_P_DenseNet121,D-P,DenseNet121,42,119,pneumonia,E-E2EF7E089A1E8F497DBAC1CB.jpeg,1,0.990995196912438,0.5634765625,1,1,0.7636729520461131,0.763672947883606,0.3351898193359375,2.278329794022582,0.8284754102236893,0.8284754157066345,2.4716604217426004,1,1,111,79,81,64,0.986706010466164,0.9869777594405926,0.9830034204563329,0.9883742336177572,0.0017914265956501252,0.0023623852022615077,0.6776783157453387,0.6111861555025663,/kaggle/input/datasets/hintrngia/locked-densenet-xai-inputs/D-P/DenseNet121/seed_42/best_checkpoint.pt
E02_XAI_D_P_DenseNet121,D-P,DenseNet121,42,120,pneumonia,E-E7BF66D9C027E263610D5923.jpeg,1,0.9581274414620441,0.5634765625,1,1,0.8048175801469813,0.8048175573348999,0.3877410888671875,2.0756571930468133,0.8156483216039371,0.8156483173370361,2.103590114699761,1,1,176,144,205,176,0.9600065212725075,0.9522079728239574,0.9651154725216691,0.9475300462154929,0.00031823502945405036,0.002384520253008948,0.7650772474485594,0.8451136757038699,/kaggle/input/datasets/hintrngia/locked-densenet-xai-inputs/D-P/DenseNet121/seed_42/best_checkpoint.pt
E02_XAI_D_P_DenseNet121,D-P,DenseNet121,42,121,pneumonia,E-EB1401E2B7015C0BDE01BE91.jpeg,1,0.9891838116671829,0.5634765625,1,1,0.7295488643317288,0.7295488715171814,0.329986572265625,2.2108440938150458,0.8007805958549687,0.8007805943489075,2.426706609171887,1,1,48,175,58,164,0.9727532348371124,0.979836133011018,0.9633285842884182,0.9862542055560312,0.0003095551473154545,0.007388585749335208,0.0,0.0,/kaggle/input/datasets/hintrngia/locked-densenet-xai-inputs/D-P/DenseNet121/seed_42/best_checkpoint.pt
E02_XAI_D_P_DenseNet121,D-P,DenseNet121,42,122,pneumonia,E-EB344A640162B22F1A6C369F.jpeg,1,0.9839283424910836,0.5634765625,1,1,0.7176514374939367,0.7176514267921448,0.2807464599609375,2.5562261322682014,0.7666348606547929,0.7666348814964294,2.7307017896555523,1,1,48,143,55,141,0.9776785512591167,0.9585725748770177,0.9654949979684232,0.9662041752702567,0.0011738838614971936,0.010015741107471388,-0.10498821711183765,-0.033477700606332,/kaggle/input/datasets/hintrngia/locked-densenet-xai-inputs/D-P/DenseNet121/seed_42/best_checkpoint.pt
E02_XAI_D_P_DenseNet121,D-P,DenseNet121,42,123,pneumonia,E-EC00E01864643AB223676743.jpeg,1,0.9677269289875652,0.5634765625,1,1,0.7342930537989826,0.7342930436134338,0.3099517822265625,2.369055756105456,0.8108479516182884,0.8108479380607605,2.6160454564690663,1,1,79,112,83,100,0.9476342676043376,0.9752248107621151,0.9524430095926804,0.9741097968215625,0.00037284053777908444,0.002954575842823992,0.9094295811480317,0.9409046477488832,/kaggle/input/datasets/hintrngia/locked-densenet-xai-inputs/D-P/DenseNet121/seed_42/best_checkpoint.pt
E02_XAI_D_P_DenseNet121,D-P,DenseNet121,42,124,pneumonia,E-EF92BEF2BC79AC7D99E44B1F.jpeg,1,0.9713247477709203,0.5634765625,1,1,0.7304787729835546,0.7304787635803223,0.343048095703125,2.12937714021218,0.7208221073480877,0.7208220958709717,2.1012275432418948,1,1,48,143,207,205,0.9760523001144995,0.9417590483351695,0.9710095853839998,0.9528117030503447,8.06537430608767e-06,0.0017273243888847878,0.0,0.0,/kaggle/input/datasets/hintrngia/locked-densenet-xai-inputs/D-P/DenseNet121/seed_42/best_checkpoint.pt
E02_XAI_D_P_DenseNet121,D-P,DenseNet121,42,125,pneumonia,E-F051ECCC0E91B0C03A0B3894.jpeg,1,0.9977678444394633,0.5634765625,1,1,0.869226992353453,0.8692269921302795,0.5049896240234375,1.7212769352130501,0.8624496699641953,0.8624496459960938,1.7078562190896964,1,1,207,207,68,99,0.9925980834624761,0.9955859321409253,0.9936890393190885,0.9965634558664618,0.0004683283237782998,0.0003487229432767025,0.9831161777341694,0.9502312467960258,/kaggle/input/datasets/hintrngia/locked-densenet-xai-inputs/D-P/DenseNet121/seed_42/best_checkpoint.pt
E02_XAI_D_P_DenseNet121,D-P,DenseNet121,42,126,pneumonia,E-FA7B18636100FBD243EBAF3A.jpeg,1,0.9868051655746356,0.5634765625,1,1,0.6837367427592327,0.6837367415428162,0.2697601318359375,2.534610055629225,0.7752052402073873,0.7752052545547485,2.8736835014554747,1,1,207,175,209,148,0.9846827027061371,0.9755001354300434,0.9824887950484544,0.9790737479867888,0.00014481181148751077,0.0006489608530745317,0.03005295953139082,0.007258839412321025,/kaggle/input/datasets/hintrngia/locked-densenet-xai-inputs/D-P/DenseNet121/seed_42/best_checkpoint.pt
E02_XAI_D_P_DenseNet121,D-P,DenseNet121,42,127,pneumonia,E-FDAF56855798F8C5BE7AC652.jpeg,1,0.9979053314934219,0.5634765625,1,1,0.7727197022114156,0.77271968126297,0.37738037109375,2.047588484721306,0.8035847499329617,0.8035847544670105,2.1293761188584255,1,1,207,176,178,112,0.9937011200097207,0.9957354227450897,0.9945471460286015,0.9976347926913156,3.437806981976266e-05,0.00019545056343650558,0.0,0.0,/kaggle/input/datasets/hintrngia/locked-densenet-xai-inputs/D-P/DenseNet121/seed_42/best_checkpoint.pt
E02_XAI_D_P_DenseNet121,D-P,DenseNet121,2024,0,normal,E-03B36F677CCFA6787A3BC686.jpeg,0,0.5907130758863005,0.52392578125,1,0,0.8412284146540151,0.8412284255027771,0.3590850830078125,2.3426994171064264,0.8957219269014763,0.8957219123840332,2.4944559640256303,1,1,207,175,212,166,0.7076197258595283,0.8434385115517727,0.7452615973769601,0.8332154443664974,0.0015570780088869363,0.00016919463361553255,0.8291553244864371,0.9537144785496999,/kaggle/input/datasets/hintrngia/locked-densenet-xai-inputs/D-P/DenseNet121/seed_2024/best_checkpoint.pt
E02_XAI_D_P_DenseNet121,D-P,DenseNet121,2024,1,normal,E-06530ECE35CCF9FF05F7DDEB.jpeg,0,0.017509926489145195,0.52392578125,0,1,0.7635958774644921,0.7635958790779114,0.2779541015625,2.7472013299029947,0.766827439365078,0.7668274641036987,2.7588275728057616,1,1,80,80,86,103,0.8241519261058385,0.8697683025501596,0.7685637578462629,0.9083866971044227,8.328389946665737e-05,0.0007454482806671381,0.730213356510413,0.8107338313034692,/kaggle/input/datasets/hintrngia/locked-densenet-xai-inputs/D-P/DenseNet121/seed_2024/best_checkpoint.pt
E02_XAI_D_P_DenseNet121,D-P,DenseNet121,2024,2,normal,E-10FEC5D206E4A3A02E4F32C9.jpeg,0,0.42354242918417034,0.52392578125,0,1,0.7820841320014219,0.7820841073989868,0.2476806640625,3.1576309558184565,0.8493362337343012,0.8493362069129944,3.4291584163387854,1,1,176,80,116,122,0.31611665408215506,0.5554926159094677,0.279959059534785,0.5651183424443482,0.000270131325506906,0.0013217405851148056,0.3648222617615427,0.6768325971987007,/kaggle/input/datasets/hintrngia/locked-densenet-xai-inputs/D-P/DenseNet121/seed_2024/best_checkpoint.pt
E02_XAI_D_P_DenseNet121,D-P,DenseNet121,2024,3,normal,E-16E04AC17A9CE052EFE7227B.jpeg,0,0.045360157875827624,0.52392578125,0,1,0.7969317496696471,0.7969317436218262,0.3753509521484375,2.123164321572015,0.7764864507012167,0.7764864563941956,2.06869450112423,1,1,80,80,155,106,0.784287811705737,0.8730450755655035,0.734193118689025,0.9041805195382793,0.0002997156866271222,0.0002144683545153292,0.4133982214945009,0.4061104512431649,/kaggle/input/datasets/hintrngia/locked-densenet-xai-inputs/D-P/DenseNet121/seed_2024/best_checkpoint.pt
E02_XAI_D_P_DenseNet121,D-P,DenseNet121,2024,4,normal,E-256958BC036CED77CAAB2A55.jpeg,0,0.09689199865351993,0.52392578125,0,1,0.796019385500098,0.7960193753242493,0.3496246337890625,2.276782893908891,0.8333451774313239,0.8333451747894287,2.3835425107205186,1,1,79,80,87,72,0.4619020443367816,0.7698846071911857,0.2796688447992017,0.7865797322645273,0.00013433775841853457,0.0013302970223918464,0.11522538939080762,0.14518848209471055,/kaggle/input/datasets/hintrngia/locked-densenet-xai-inputs/D-P/DenseNet121/seed_2024/best_checkpoint.pt
E02_XAI_D_P_DenseNet121,D-P,DenseNet121,2024,5,normal,E-280031A047E47DC7EA750C62.jpeg,0,0.037420502807076726,0.52392578125,0,1,0.8353499658750224,0.835349977016449,0.3791046142578125,2.2034813992185738,0.8811077374671311,0.881107747554779,2.3241809894403667,1,1,79,80,185,178,0.6157650411715005,0.7671764740720994,0.4586275529412144,0.805717192162434,0.00035084502835791564,9.130593838468926e-05,0.9399782147716796,0.9365749802239457,/kaggle/input/datasets/hintrngia/locked-densenet-xai-inputs/D-P/DenseNet121/seed_2024/best_checkpoint.pt
E02_XAI_D_P_DenseNet121,D-P,DenseNet121,2024,6,normal,E-28020DB22FEE86C7B17E72DA.jpeg,0,0.25579399330632424,0.52392578125,0,1,0.8037700742393673,0.8037700653076172,0.3710174560546875,2.1663942251840913,0.8044631642813,0.8044631481170654,2.1682623045173464,1,1,79,80,83,67,0.4219773476554457,0.6359489759187289,0.2679811222861152,0.6766232713268392,0.0008592677451523256,0.003411312468101224,0.7034973529956549,0.8518829732299243,/kaggle/input/datasets/hintrngia/locked-densenet-xai-inputs/D-P/DenseNet121/seed_2024/best_checkpoint.pt
E02_XAI_D_P_DenseNet121,D-P,DenseNet121,2024,7,normal,E-28234EA54B2F1B13D8D5995E.jpeg,0,0.1942040057310705,0.52392578125,0,1,0.7805876108041591,0.7805876135826111,0.3462677001953125,2.2542894135487317,0.8069543169382769,0.8069543242454529,2.330434852812185,1,1,175,175,186,178,0.6194990173859537,0.5137087901425059,0.3992300138423314,0.553480912066648,6.820457254708145e-05,0.00015528337336623288,0.0698684667692622,0.10959764878414735,/kaggle/input/datasets/hintrngia/locked-densenet-xai-inputs/D-P/DenseNet121/seed_2024/best_checkpoint.pt
E02_XAI_D_P_DenseNet121,D-P,DenseNet121,2024,8,normal,E-28CAAFCB1AFEEA2D46764B17.jpeg,0,0.8202561386634287,0.52392578125,1,0,0.7973364843278505,0.7973364591598511,0.38934326171875,2.047901075282568,0.8535835004301683,0.8535835146903992,2.1923674668518385,1,1,175,111,171,81,0.6981521291758908,0.92296853446203,0.7113579046832886,0.9327996709824654,0.0002920813139091205,0.0014764626213621401,0.350955023350035,0.44314129122264456,/kaggle/input/datasets/hintrngia/locked-densenet-xai-inputs/D-P/DenseNet121/seed_2024/best_checkpoint.pt
E02_XAI_D_P_DenseNet121,D-P,DenseNet121,2024,9,normal,E-29AE82E82E5A6A48DC6D8B99.jpeg,0,0.16808055197970606,0.52392578125,0,1,0.7677574321359556,0.7677574157714844,0.3269195556640625,2.3484597933471174,0.8068013448104003,0.8068013191223145,2.467889518482819,1,1,79,80,147,86,0.6805006811478913,0.6905153418386845,0.5562057075143458,0.7188177505536868,0.00017063547493889608,0.001146473797586256,0.6817102724260832,0.8342632832923226,/kaggle/input/datasets/hintrngia/locked-densenet-xai-inputs/D-P/DenseNet121/seed_2024/best_checkpoint.pt
E02_XAI_D_P_DenseNet121,D-P,DenseNet121,2024,10,normal,E-2B646E91E652E02CC65E6BA0.jpeg,0,0.004403103125178692,0.52392578125,0,1,0.8073894772868495,0.807389497756958,0.2742767333984375,2.9437038544351024,0.853143330845112,0.8531433343887329,3.110520240904882,1,1,80,111,107,125,0.8908305190590029,0.9693706401641167,0.8058868215580546,0.9667029232186884,7.500287096751102e-05,0.000599087317552538,0.8167445485268283,0.8849721802182494,/kaggle/input/datasets/hintrngia/locked-densenet-xai-inputs/D-P/DenseNet121/seed_2024/best_checkpoint.pt
E02_XAI_D_P_DenseNet121,D-P,DenseNet121,2024,11,normal,E-2F227E134B6699426A9E9AB9.jpeg,0,0.3488325201648271,0.52392578125,0,1,0.7738108599528182,0.773810863494873,0.3509368896484375,2.2049858045074955,0.7651439162643643,0.7651439309120178,2.180289216761658,1,1,175,79,174,213,0.41359623265525924,0.46467838208939793,0.31463485716805883,0.5640764665295774,0.0011280543508139784,0.0022878415913151207,-0.017771700264629268,0.09791517684433794,/kaggle/input/datasets/hintrngia/locked-densenet-xai-inputs/D-P/DenseNet121/seed_2024/best_checkpoint.pt
E02_XAI_D_P_DenseNet121,D-P,DenseNet121,2024,12,normal,E-2F5E9CF0C3839769BD6D37AD.jpeg,0,0.5995797610092676,0.52392578125,1,0,0.8329186574144907,0.832918643951416,0.3790740966796875,2.1972449837908488,0.8714428972240446,0.8714429140090942,2.2988721858259864,1,1,48,175,43,191,0.3746341665331231,0.7923165832877694,0.37070851778124386,0.8207271721509354,0.00047764209133049906,0.0012995441313633505,0.5595997545779661,0.664684692920837,/kaggle/input/datasets/hintrngia/locked-densenet-xai-inputs/D-P/DenseNet121/seed_2024/best_checkpoint.pt
E02_XAI_D_P_DenseNet121,D-P,DenseNet121,2024,13,normal,E-306538194ADB5E9E447B7A10.jpeg,0,0.014830638534506618,0.52392578125,0,1,0.7335030089615129,0.733502984046936,0.2563934326171875,2.8608494432721363,0.7481114189508029,0.7481114268302917,2.9178259806201168,1,1,80,80,106,86,0.795901550067817,0.9222639617523762,0.7008197242375067,0.9207154781045948,0.0006522492302309946,0.001642296181505798,-0.27640089023034714,-0.1543216122415143,/kaggle/input/datasets/hintrngia/locked-densenet-xai-inputs/D-P/DenseNet121/seed_2024/best_checkpoint.pt
E02_XAI_D_P_DenseNet121,D-P,DenseNet121,2024,14,normal,E-36FB7A78C2BFA1A3824C3EFA.jpeg,0,0.1423054732672346,0.52392578125,0,1,0.7706954154619174,0.7706953883171082,0.3275299072265625,2.353053563834718,0.8011895332772552,0.8011895418167114,2.446156871784682,1,1,175,176,94,183,0.36591130369669234,0.5944707553937132,0.2547455454278847,0.6549053007566917,0.0013505144123523438,0.0031794096884799616,0.5750182346825752,0.5574620451065508,/kaggle/input/datasets/hintrngia/locked-densenet-xai-inputs/D-P/DenseNet121/seed_2024/best_checkpoint.pt
E02_XAI_D_P_DenseNet121,D-P,DenseNet121,2024,15,normal,E-3B865A0E9283DC8B3D382B5F.jpeg,0,0.9151188492499438,0.52392578125,1,0,0.8172075733255765,0.8172075748443604,0.360931396484375,2.2641631658689856,0.8922794126955592,0.8922793865203857,2.4721579263725446,1,1,176,143,67,179,0.8687486252243662,0.8100233056585031,0.8454970305575108,0.8352750749567834,0.0009035177524254756,0.0019498809777169779,0.32006289685647565,0.21701508664804414,/kaggle/input/datasets/hintrngia/locked-densenet-xai-inputs/D-P/DenseNet121/seed_2024/best_checkpoint.pt
E02_XAI_D_P_DenseNet121,D-P,DenseNet121,2024,16,normal,E-3D66EC3C4F2D4073FE577EEA.jpeg,0,0.13496255215902583,0.52392578125,0,1,0.6960273381448647,0.6960273385047913,0.2598114013671875,2.678971494253941,0.7009530853898462,0.7009530663490295,2.6979304283848573,1,1,80,80,101,79,0.48628220442521347,0.6623894266442946,0.3859657724513206,0.793747608808199,0.0003502547276376111,0.00041873682398752,0.8004815804723069,0.9005679834942512,/kaggle/input/datasets/hintrngia/locked-densenet-xai-inputs/D-P/DenseNet121/seed_2024/best_checkpoint.pt
E02_XAI_D_P_DenseNet121,D-P,DenseNet121,2024,17,normal,E-40D9418B91304B06987F2A6E.jpeg,0,0.8737977044252658,0.52392578125,1,0,0.7481519437778638,0.748151957988739,0.3151092529296875,2.374262059339794,0.7894163638191593,0.7894163727760315,2.505214799247127,1,1,176,144,199,181,0.8787286898902567,0.9304288301038104,0.9037053245748771,0.9292214619723804,0.00023259747146975318,0.00011010652049336933,0.35204566007282884,0.33707222895105254,/kaggle/input/datasets/hintrngia/locked-densenet-xai-inputs/D-P/DenseNet121/seed_2024/best_checkpoint.pt
E02_XAI_D_P_DenseNet121,D-P,DenseNet121,2024,18,normal,E-44BF14DBF8A5FE52BF53ED2E.jpeg,0,0.38614025237102007,0.52392578125,0,1,0.7732254268153478,0.7732254266738892,0.32672119140625,2.3666215940486937,0.8019074338051281,0.8019074201583862,2.454409003449135,1,1,175,175,92,145,0.17387252646705853,0.42822578457088223,0.0979293728706999,0.4040637027117334,0.0004601543105653416,0.0007458776465958383,0.6895838609089322,0.8338560465358674,/kaggle/input/datasets/hintrngia/locked-densenet-xai-inputs/D-P/DenseNet121/seed_2024/best_checkpoint.pt
E02_XAI_D_P_DenseNet121,D-P,DenseNet121,2024,19,normal,E-47080ACF9F207EB21662EAAE.jpeg,0,0.9150264284547671,0.52392578125,1,0,0.8491418465692662,0.8491418361663818,0.3899383544921875,2.1776309941993124,0.8735932984163117,0.873593270778656,2.240336936216451,1,1,175,112,179,120,0.9106644361919376,0.9180700698356185,0.9145671525764193,0.9255650319690977,0.0006089917638610887,0.001031514940274203,0.4781759263957457,0.2821856567758823,/kaggle/input/datasets/hintrngia/locked-densenet-xai-inputs/D-P/DenseNet121/seed_2024/best_checkpoint.pt
E02_XAI_D_P_DenseNet121,D-P,DenseNet121,2024,20,normal,E-4F18C9F59223CD9D0CA81789.jpeg,0,0.9020237183860527,0.52392578125,1,0,0.7828752950298559,0.7828752994537354,0.305145263671875,2.5655823249863303,0.7736242744298337,0.7736243009567261,2.5352655490065796,1,1,48,112,75,76,0.8703278046986798,0.9457092989872717,0.8685125951466246,0.9581674795075174,0.0005526586128207223,0.0025474757315909757,-0.10915678651507647,-0.048108025664609026,/kaggle/input/datasets/hintrngia/locked-densenet-xai-inputs/D-P/DenseNet121/seed_2024/best_checkpoint.pt
E02_XAI_D_P_DenseNet121,D-P,DenseNet121,2024,21,normal,E-57BEC1C15CFD6C2BBAF49905.jpeg,0,0.2984793620716535,0.52392578125,0,1,0.8043170643535666,0.804317057132721,0.3210601806640625,2.505190966659158,0.7911191290541892,0.7911191582679749,2.464083610175151,1,1,80,80,109,82,0.415901956331598,0.7461849665853646,0.2680261331051438,0.7784159304039255,0.00011182776204765599,0.0006830394574596221,0.2722710078257452,0.633939594282326,/kaggle/input/datasets/hintrngia/locked-densenet-xai-inputs/D-P/DenseNet121/seed_2024/best_checkpoint.pt
E02_XAI_D_P_DenseNet121,D-P,DenseNet121,2024,22,normal,E-5822F4C00AF6A5D69871506D.jpeg,0,0.15533775111231918,0.52392578125,0,1,0.8694658087376907,0.8694658279418945,0.414520263671875,2.097523052397604,0.868590685254116,0.8685907125473022,2.0954118806159814,1,1,80,79,87,43,0.5465119531892523,0.42403742223414126,0.3832991343446313,0.6318495792344674,0.0002334501553089563,0.00035164021026257153,0.8954574826488213,0.9373853273614524,/kaggle/input/datasets/hintrngia/locked-densenet-xai-inputs/D-P/DenseNet121/seed_2024/best_checkpoint.pt
E02_XAI_D_P_DenseNet121,D-P,DenseNet121,2024,23,normal,E-592EC4B388705AD74965EF2F.jpeg,0,0.09037014919965683,0.52392578125,0,1,0.7521445885520909,0.7521445751190186,0.3038330078125,2.4755196743345635,0.7844370552681132,0.7844370603561401,2.5818032771218897,1,1,80,80,87,79,0.41700477823721493,0.7885095184453033,0.3290572425198989,0.811744254965972,0.00011279648580564405,0.000555189644968701,0.7750571526628062,0.8198337754131626,/kaggle/input/datasets/hintrngia/locked-densenet-xai-inputs/D-P/DenseNet121/seed_2024/best_checkpoint.pt
E02_XAI_D_P_DenseNet121,D-P,DenseNet121,2024,24,normal,E-5EB53A5E9ABA53D43AB743A8.jpeg,0,0.13389961324122615,0.52392578125,0,1,0.7149849636143669,0.7149849534034729,0.2571563720703125,2.7803509508948645,0.709932103940109,0.7099320888519287,2.7607019737624743,1,1,80,80,80,78,0.47306423702086065,0.8198241334087293,0.35711216726952255,0.8282073857301366,0.00022652469766903938,0.0012319381414871433,0.033228279402315444,0.03866382519365128,/kaggle/input/datasets/hintrngia/locked-densenet-xai-inputs/D-P/DenseNet121/seed_2024/best_checkpoint.pt
E02_XAI_D_P_DenseNet121,D-P,DenseNet121,2024,25,normal,E-5FBF0EE47B9EC5825E465989.jpeg,0,0.25672178941469487,0.52392578125,0,1,0.8405480417791594,0.840548038482666,0.329376220703125,2.551939056149309,0.846099052657958,0.8460990786552429,2.5687921576481023,1,1,176,175,191,183,0.3817796361994932,0.5142838358009283,0.26885485060703496,0.5770148324612445,7.567909858130495e-05,0.0008115864590312327,0.30007796008664944,0.4423926615355916,/kaggle/input/datasets/hintrngia/locked-densenet-xai-inputs/D-P/DenseNet121/seed_2024/best_checkpoint.pt
E02_XAI_D_P_DenseNet121,D-P,DenseNet121,2024,26,normal,E-67976418F9EE68ADAB32C212.jpeg,0,0.040629507597658356,0.52392578125,0,1,0.6629642571868374,0.6629642844200134,0.26171875,2.533117161788513,0.6462871283757402,0.6462871432304382,2.469395594987903,1,0,80,80,77,78,0.6478365038676561,0.8636531581847979,0.5646936658441536,0.8771142433041449,0.00012181640135777716,6.587737703322993e-05,0.611639740184602,0.510475321711436,/kaggle/input/datasets/hintrngia/locked-densenet-xai-inputs/D-P/DenseNet121/seed_2024/best_checkpoint.pt
E02_XAI_D_P_DenseNet121,D-P,DenseNet121,2024,27,normal,E-74019A53B16F834307F73E46.jpeg,0,0.30941107217507224,0.52392578125,0,1,0.7928665908393057,0.792866587638855,0.372467041015625,2.128689262484422,0.8161594763455466,0.8161594867706299,2.1912260320271097,1,1,176,175,182,195,0.3875789950257709,0.6464923785407113,0.28526335674392755,0.66078733338982,0.0004982746018681317,0.0002500891768959512,-0.07043864327192684,-0.016367801805141073,/kaggle/input/datasets/hintrngia/locked-densenet-xai-inputs/D-P/DenseNet121/seed_2024/best_checkpoint.pt
E02_XAI_D_P_DenseNet121,D-P,DenseNet121,2024,28,normal,E-778E5DF620CB9DE6A84B008B.jpeg,0,0.9651343034203007,0.52392578125,1,0,0.7687938497493062,0.7687938213348389,0.3386688232421875,2.2700461246754013,0.8427319572708484,0.8427319526672363,2.488365918076248,1,1,176,175,65,131,0.9498519916819262,0.9604613932315327,0.9623912854501735,0.9703859873184474,0.00041792721202282834,0.0005281476227924076,-0.08030895476075887,-0.027197750926941825,/kaggle/input/datasets/hintrngia/locked-densenet-xai-inputs/D-P/DenseNet121/seed_2024/best_checkpoint.pt
E02_XAI_D_P_DenseNet121,D-P,DenseNet121,2024,29,normal,E-77C42172A076E16EE5474210.jpeg,0,0.5648279371336046,0.52392578125,1,0,0.7969458158600973,0.7969458103179932,0.39276123046875,2.0290847314765865,0.7707728598329062,0.7707728743553162,1.9624463924634554,1,1,207,143,208,146,0.6734012842286391,0.8498633420800701,0.6654401425270593,0.8492836012588478,0.00024353617216221757,0.0017794550000587162,0.6495122239593392,0.631668680934505,/kaggle/input/datasets/hintrngia/locked-densenet-xai-inputs/D-P/DenseNet121/seed_2024/best_checkpoint.pt
E02_XAI_D_P_DenseNet121,D-P,DenseNet121,2024,30,normal,E-7B1FB0C84C51C5CD8EDBCCFD.jpeg,0,0.9915804046507519,0.52392578125,1,0,0.8287046460599277,0.8287046551704407,0.388427734375,2.133484745607457,0.925384042546105,0.9253840446472168,2.3823840592513172,1,1,175,144,67,139,0.9814607518316949,0.9766059913829166,0.9833038853489788,0.980195899177526,0.00017120727299113625,9.549534921360348e-05,0.7804812498161888,0.7226881036860958,/kaggle/input/datasets/hintrngia/locked-densenet-xai-inputs/D-P/DenseNet121/seed_2024/best_checkpoint.pt
E02_XAI_D_P_DenseNet121,D-P,DenseNet121,2024,31,normal,E-7B7A8A9BEAA512F9DC3E0865.jpeg,0,0.09327301241400857,0.52392578125,0,1,0.7773248203329577,0.7773247957229614,0.356475830078125,2.1805821173418676,0.8234233603242278,0.8234233856201172,2.3098995523588988,1,1,80,79,107,83,0.34370130679853317,0.6852209992110418,0.24330314086126043,0.8238404841293909,9.107294617893835e-05,7.762213662410034e-05,0.536892081481914,0.6166256948037089,/kaggle/input/datasets/hintrngia/locked-densenet-xai-inputs/D-P/DenseNet121/seed_2024/best_checkpoint.pt
E02_XAI_D_P_DenseNet121,D-P,DenseNet121,2024,32,normal,E-82FCB2C3D1996A8155B45525.jpeg,0,0.09299810023747981,0.52392578125,0,1,0.7287189411661198,0.7287189364433289,0.2450714111328125,2.9734963282649165,0.7103501789577981,0.7103501558303833,2.898543635401174,1,1,80,80,83,70,0.29399062168770407,0.8074304767163099,0.2187981163080157,0.8524544027072636,0.0007710627617858457,0.0025545890991276465,0.7189472556153588,0.7480852723559537,/kaggle/input/datasets/hintrngia/locked-densenet-xai-inputs/D-P/DenseNet121/seed_2024/best_checkpoint.pt
E02_XAI_D_P_DenseNet121,D-P,DenseNet121,2024,33,normal,E-843CBB869621D4078F498542.jpeg,0,0.7440981315190476,0.52392578125,1,0,0.845643229985234,0.8456432223320007,0.3597412109375,2.3506987920051023,0.8884383044739864,0.8884382843971252,2.46965951484591,1,1,207,175,213,163,0.7805762387634931,0.868167506039202,0.7743886981900283,0.9079091227646194,0.0001946043983865886,0.00019024004099532643,0.5301359568810714,0.7578765871395513,/kaggle/input/datasets/hintrngia/locked-densenet-xai-inputs/D-P/DenseNet121/seed_2024/best_checkpoint.pt
E02_XAI_D_P_DenseNet121,D-P,DenseNet121,2024,34,normal,E-845A5BC2008587BFFF60937F.jpeg,0,0.5960606314877648,0.52392578125,1,0,0.7253215161157657,0.7253215312957764,0.3625030517578125,2.000870096399496,0.8223211790436233,0.8223211765289307,2.2684531207561096,1,1,48,176,59,211,0.7596807796540064,0.713102637596805,0.807572998368701,0.7433611601288399,0.001663162414011543,0.001512057277221146,-0.11033055668665082,-0.03413810542145668,/kaggle/input/datasets/hintrngia/locked-densenet-xai-inputs/D-P/DenseNet121/seed_2024/best_checkpoint.pt
E02_XAI_D_P_DenseNet121,D-P,DenseNet121,2024,35,normal,E-8BB569A271B438E1FF7419AA.jpeg,0,0.2855999865766157,0.52392578125,0,1,0.7626283605336059,0.7626283764839172,0.3291015625,2.3173039797816393,0.7285219158778,0.7285219430923462,2.2136689669402587,1,1,175,80,95,75,0.3081478017591325,0.4183285030375564,0.18190088130726562,0.4852573378782271,0.0012122416405152547,0.001931841610083307,0.8299055880324626,0.9277076151019753,/kaggle/input/datasets/hintrngia/locked-densenet-xai-inputs/D-P/DenseNet121/seed_2024/best_checkpoint.pt
E02_XAI_D_P_DenseNet121,D-P,DenseNet121,2024,36,normal,E-8E65534102472D38A215B619.jpeg,0,0.8555369744873256,0.52392578125,1,0,0.824893480883343,0.8248934745788574,0.4018096923828125,2.05294570171157,0.8336391345157356,0.8336391448974609,2.0747113629143374,1,1,48,175,47,195,0.9191410434625147,0.8641999758285643,0.9111996741974242,0.8656140410500897,0.00023130016238870343,0.0011517347461182936,0.8241705337807094,0.8125479589200238,/kaggle/input/datasets/hintrngia/locked-densenet-xai-inputs/D-P/DenseNet121/seed_2024/best_checkpoint.pt
E02_XAI_D_P_DenseNet121,D-P,DenseNet121,2024,37,normal,E-91CCC5E035FBDB0CCBB30E2A.jpeg,0,0.19447864146045815,0.52392578125,0,1,0.8571485900981104,0.8571485877037048,0.4178619384765625,2.051272229347079,0.8554817082930133,0.8554816842079163,2.0472831562786533,1,1,175,48,185,175,0.5697129127278211,0.5829802294024696,0.4354743102477806,0.6812790350890774,3.1524148960127008e-06,0.00029916872628033,-0.13644231536935497,-0.06338360777106142,/kaggle/input/datasets/hintrngia/locked-densenet-xai-inputs/D-P/DenseNet121/seed_2024/best_checkpoint.pt
E02_XAI_D_P_DenseNet121,D-P,DenseNet121,2024,38,normal,E-91CD2D4F539A3D56107014E7.jpeg,0,0.6793016528978483,0.52392578125,1,0,0.811147810071068,0.8111478090286255,0.376434326171875,2.1548189250432714,0.8461494317095103,0.8461494445800781,2.247800938650769,1,1,176,144,191,154,0.7809322172888298,0.7257984088728697,0.8428987040874856,0.7364402779241236,0.0004849773940764912,3.723123041932119e-05,0.2191322606970238,0.2378536731255587,/kaggle/input/datasets/hintrngia/locked-densenet-xai-inputs/D-P/DenseNet121/seed_2024/best_checkpoint.pt
E02_XAI_D_P_DenseNet121,D-P,DenseNet121,2024,39,normal,E-93DEE19500CF7BC746908FEA.jpeg,0,0.22302965832639124,0.52392578125,0,1,0.8108525911941687,0.810852587223053,0.3555908203125,2.2802967480475904,0.8226958495827233,0.8226958513259888,2.3136026089192137,1,1,79,79,83,51,0.371527321274992,0.6637371733772301,0.27116367147175835,0.702071766973381,0.00012436217582989517,0.000576148482151817,-0.12304672943088645,-0.05506224627830849,/kaggle/input/datasets/hintrngia/locked-densenet-xai-inputs/D-P/DenseNet121/seed_2024/best_checkpoint.pt
E02_XAI_D_P_DenseNet121,D-P,DenseNet121,2024,40,normal,E-9A48264C99FDAC90E29908DD.jpeg,0,0.9397744565754113,0.52392578125,1,0,0.8069685981644494,0.8069685697555542,0.3754425048828125,2.1493799654259442,0.8786712681152283,0.8786712884902954,2.340361724332437,1,1,48,175,51,183,0.8492187436336431,0.8990560544033143,0.8603300189767302,0.9177199733711958,0.00036844562877702547,0.0002157579972769108,0.32345403601941775,0.18551210775661325,/kaggle/input/datasets/hintrngia/locked-densenet-xai-inputs/D-P/DenseNet121/seed_2024/best_checkpoint.pt
E02_XAI_D_P_DenseNet121,D-P,DenseNet121,2024,41,normal,E-A5B76F5465A7745EBBAE1D8D.jpeg,0,0.5997008184912151,0.52392578125,1,0,0.7924811766412043,0.7924811840057373,0.36846923828125,2.150739042254347,0.822449817374452,0.822449803352356,2.232071858185029,1,1,176,111,169,111,0.56478281974587,0.8409103855149261,0.598288265616556,0.8332311587052563,9.978046575320754e-05,0.0012715004041551348,0.5033639600709261,0.5019968849637529,/kaggle/input/datasets/hintrngia/locked-densenet-xai-inputs/D-P/DenseNet121/seed_2024/best_checkpoint.pt
E02_XAI_D_P_DenseNet121,D-P,DenseNet121,2024,42,normal,E-A92185A886C303721C499620.jpeg,0,0.9325811678358545,0.52392578125,1,0,0.8639518128028354,0.8639518022537231,0.4248199462890625,2.03368937911162,0.8980656550122601,0.8980656266212463,2.113991263492097,1,1,176,143,198,198,0.942065945859208,0.9424152230935459,0.9545203299985507,0.9518869040093059,0.000126210977647645,0.0003048473587995426,0.1415110877308674,0.08952392418729832,/kaggle/input/datasets/hintrngia/locked-densenet-xai-inputs/D-P/DenseNet121/seed_2024/best_checkpoint.pt
E02_XAI_D_P_DenseNet121,D-P,DenseNet121,2024,43,normal,E-B1906A980682154F21AC8637.jpeg,0,0.1389473225178031,0.52392578125,0,1,0.8352202310285668,0.835220217704773,0.37506103515625,2.2268914996211615,0.8372941109335664,0.8372941017150879,2.232420946059488,1,1,79,79,69,75,0.6863168805534754,0.46805671973306073,0.5369450011064006,0.5888466242090915,0.0006784130663449739,0.0007329937184274993,0.12996841912529794,0.059050326138690365,/kaggle/input/datasets/hintrngia/locked-densenet-xai-inputs/D-P/DenseNet121/seed_2024/best_checkpoint.pt
E02_XAI_D_P_DenseNet121,D-P,DenseNet121,2024,44,normal,E-B701F1D8C0C0617522833A87.jpeg,0,0.02531172883957943,0.52392578125,0,1,0.7542940756314238,0.7542940974235535,0.2968597412109375,2.540910642024209,0.7675856311494775,0.7675856351852417,2.585684498741309,1,1,80,80,98,67,0.8055978861060842,0.6833785195707822,0.6389975222753619,0.7846486524102543,0.0006932355496276355,0.0005349044174742801,0.49975149534508745,0.42090320206926135,/kaggle/input/datasets/hintrngia/locked-densenet-xai-inputs/D-P/DenseNet121/seed_2024/best_checkpoint.pt
E02_XAI_D_P_DenseNet121,D-P,DenseNet121,2024,45,normal,E-B80945974BB38152A2ADE2AF.jpeg,0,0.009555386610946142,0.52392578125,0,1,0.8034134377716514,0.803413450717926,0.287933349609375,2.7902757317330655,0.8364255805965344,0.8364256024360657,2.904927760994938,1,1,176,175,110,179,0.7264607535549228,0.9114235370104697,0.6214407423685211,0.9061978222773113,0.0004408388295026322,0.00030731391930216567,-0.12063582462840336,-0.04261416833099059,/kaggle/input/datasets/hintrngia/locked-densenet-xai-inputs/D-P/DenseNet121/seed_2024/best_checkpoint.pt
E02_XAI_D_P_DenseNet121,D-P,DenseNet121,2024,46,normal,E-BB74E7A26CC5772AE8204932.jpeg,0,0.8811081297656747,0.52392578125,1,0,0.8550455952279927,0.8550456166267395,0.396759033203125,2.155075306855693,0.9080526737960545,0.9080526828765869,2.288675487650882,1,1,175,112,176,87,0.8712968044835178,0.8350514221104361,0.9002741494194209,0.8376009532056825,0.00030757620405008623,0.00045167740750129415,0.7215167392783831,0.7679303111777566,/kaggle/input/datasets/hintrngia/locked-densenet-xai-inputs/D-P/DenseNet121/seed_2024/best_checkpoint.pt
E02_XAI_D_P_DenseNet121,D-P,DenseNet121,2024,47,normal,E-BB96C349B18A4710DE07EC01.jpeg,0,0.168312344779255,0.52392578125,0,1,0.8052630922034707,0.805263102054596,0.3329010009765625,2.4189266173464112,0.8160371018649215,0.816037118434906,2.4512906223504376,1,1,80,80,93,113,0.3081961215984478,0.6697715409221766,0.22749985519548394,0.7808283794702036,0.0013756472928396768,0.001967587093239964,0.9698238914741398,0.954827846652768,/kaggle/input/datasets/hintrngia/locked-densenet-xai-inputs/D-P/DenseNet121/seed_2024/best_checkpoint.pt
E02_XAI_D_P_DenseNet121,D-P,DenseNet121,2024,48,normal,E-BCDF7BD5461E233F18CDF83C.jpeg,0,0.11158974191409207,0.52392578125,0,1,0.7728274535328438,0.7728274464607239,0.2940521240234375,2.6281988477364147,0.760927824631033,0.7609277963638306,2.5877310941320837,1,1,80,80,142,79,0.5764216488622789,0.8591127393908939,0.43444698720467345,0.8423187389430918,0.00024357666891083873,0.0009809974780444763,0.8601323916866244,0.8663569445336962,/kaggle/input/datasets/hintrngia/locked-densenet-xai-inputs/D-P/DenseNet121/seed_2024/best_checkpoint.pt
E02_XAI_D_P_DenseNet121,D-P,DenseNet121,2024,49,normal,E-BF6060CF2B5D86362B50F1EF.jpeg,0,0.13188430993067793,0.52392578125,0,1,0.8033951475646095,0.80339515209198,0.3540191650390625,2.2693549584411987,0.8170943222594175,0.8170943260192871,2.308051097090349,1,1,144,175,177,188,0.5498546380563722,0.7051291155460784,0.4051818400466271,0.7284500497464725,0.00017629228724969082,0.000528412341705975,0.2537158402203494,0.27102340009490666,/kaggle/input/datasets/hintrngia/locked-densenet-xai-inputs/D-P/DenseNet121/seed_2024/best_checkpoint.pt
E02_XAI_D_P_DenseNet121,D-P,DenseNet121,2024,50,normal,E-C7B56CF9C42EB131FD94EA3C.jpeg,0,0.9276535404896102,0.52392578125,1,0,0.77688883914956,0.7768888473510742,0.32830810546875,2.366340721440117,0.872517482784133,0.872517466545105,2.657617854235961,1,1,175,112,166,117,0.9227883944267139,0.8873046949343966,0.9271740209387839,0.9278080170137089,0.0004918167397136575,0.0002793094227931947,-0.08879319610858223,-0.0186440879133572,/kaggle/input/datasets/hintrngia/locked-densenet-xai-inputs/D-P/DenseNet121/seed_2024/best_checkpoint.pt
E02_XAI_D_P_DenseNet121,D-P,DenseNet121,2024,51,normal,E-D31B79C24E008C43E1511E9D.jpeg,0,0.012192714422344148,0.52392578125,0,1,0.784182944259171,0.7841829657554626,0.29034423828125,2.7008731046336467,0.7999738747979226,0.7999738454818726,2.755260030416053,1,1,80,80,115,82,0.8689472313583331,0.9378415209458011,0.8070145562071306,0.9696161543221671,1.9770863027512853e-05,0.0009730738869860867,0.31386122931464283,0.5211380302558274,/kaggle/input/datasets/hintrngia/locked-densenet-xai-inputs/D-P/DenseNet121/seed_2024/best_checkpoint.pt
E02_XAI_D_P_DenseNet121,D-P,DenseNet121,2024,52,normal,E-E13640D767DD410F37B990A9.jpeg,0,0.08377324769269384,0.52392578125,0,1,0.793805826101922,0.7938058376312256,0.3385162353515625,2.3449564399105505,0.8408161859797711,0.8408161997795105,2.4838282427031904,1,1,175,175,179,195,0.5748588650990532,0.6997063137072912,0.4728205023942813,0.7795351027600854,0.0001033202663930366,0.00039197384882827535,0.017451185950307754,0.04824814395664249,/kaggle/input/datasets/hintrngia/locked-densenet-xai-inputs/D-P/DenseNet121/seed_2024/best_checkpoint.pt
E02_XAI_D_P_DenseNet121,D-P,DenseNet121,2024,53,normal,E-E2352C479C37BA410D3419C8.jpeg,0,0.3774122163344442,0.52392578125,0,1,0.8802486321991647,0.8802486062049866,0.460540771484375,1.9113370339872924,0.8541813017133868,0.8541812896728516,1.8547354644850744,1,1,175,48,175,47,0.3977756788032588,0.42480977867251435,0.27959312287172333,0.4672801226430673,0.002041839080371144,0.0023194210637619284,0.28524050595992717,0.24778828260620814,/kaggle/input/datasets/hintrngia/locked-densenet-xai-inputs/D-P/DenseNet121/seed_2024/best_checkpoint.pt
E02_XAI_D_P_DenseNet121,D-P,DenseNet121,2024,54,normal,E-E249A212D4F7D1C6D4206FBF.jpeg,0,0.29696170335210514,0.52392578125,0,1,0.8626313656019735,0.8626313805580139,0.44427490234375,1.9416612575934515,0.8744907965766764,0.8744907975196838,1.9683551602022622,1,1,80,80,88,106,0.3165113397325818,0.45196815043636573,0.24606743422104627,0.43593794891277493,5.865746989341947e-05,0.0009592513767320288,0.6154515167486088,0.5826456598119338,/kaggle/input/datasets/hintrngia/locked-densenet-xai-inputs/D-P/DenseNet121/seed_2024/best_checkpoint.pt
E02_XAI_D_P_DenseNet121,D-P,DenseNet121,2024,55,normal,E-E2DD25AE8644A21D4C1655DA.jpeg,0,0.3268020457349707,0.52392578125,0,1,0.7622510426351203,0.7622510194778442,0.3409881591796875,2.2354179232172213,0.7592313858434898,0.7592313885688782,2.2265623172076316,1,1,79,79,84,81,0.3379262785204235,0.3489767421027757,0.19501890676484124,0.41128716913822105,0.00029775180060687134,0.0011139664832919838,0.44438120623355126,0.6178415122304768,/kaggle/input/datasets/hintrngia/locked-densenet-xai-inputs/D-P/DenseNet121/seed_2024/best_checkpoint.pt
E02_XAI_D_P_DenseNet121,D-P,DenseNet121,2024,56,normal,E-E35138A3EAFB63D43C970EAE.jpeg,0,0.4900654257011451,0.52392578125,0,1,0.8127329304861014,0.8127329349517822,0.4013519287109375,2.0249882269070882,0.8254193004527671,0.8254193067550659,2.056597318726858,1,1,80,48,76,54,0.17471896823945973,0.36964530377190574,0.13651791840847158,0.5134860939371686,0.0004916158616582456,0.0017060360934116892,0.6536329443166495,0.7765109236510359,/kaggle/input/datasets/hintrngia/locked-densenet-xai-inputs/D-P/DenseNet121/seed_2024/best_checkpoint.pt
E02_XAI_D_P_DenseNet121,D-P,DenseNet121,2024,57,normal,E-EACE2F51FB2EF2E191B9BC55.jpeg,0,0.913676767871744,0.52392578125,1,0,0.8917312769739528,0.8917312622070312,0.4419708251953125,2.0176247529005686,0.9046708135387698,0.9046708345413208,2.0469016549655383,1,1,176,143,207,192,0.8702112211951755,0.9270716836708868,0.856577769392727,0.9373894720015025,0.0005027910311158346,0.00024340600893202335,0.9100002551903659,0.9044243847026436,/kaggle/input/datasets/hintrngia/locked-densenet-xai-inputs/D-P/DenseNet121/seed_2024/best_checkpoint.pt
E02_XAI_D_P_DenseNet121,D-P,DenseNet121,2024,58,normal,E-ED70ACD6E494856AB99B813B.jpeg,0,0.976063200415116,0.52392578125,1,0,0.7655011510150341,0.7655011415481567,0.3370513916015625,2.2711704211562895,0.8687171166980082,0.8687171339988708,2.577402551492628,1,1,175,112,175,92,0.9559711966597548,0.9218937916176237,0.9555817774900689,0.9516318166869578,0.00045879014849270483,0.0006087085673646131,0.15179083392448753,0.06086996964813312,/kaggle/input/datasets/hintrngia/locked-densenet-xai-inputs/D-P/DenseNet121/seed_2024/best_checkpoint.pt
E02_XAI_D_P_DenseNet121,D-P,DenseNet121,2024,59,normal,E-EE1CB872F9ABCF62B8C9A410.jpeg,0,0.05815595835905975,0.52392578125,0,1,0.7498917045990607,0.7498916983604431,0.260040283203125,2.8837520685720013,0.7765440901695136,0.7765440940856934,2.9862453640035937,1,1,79,80,80,54,0.5461980278568648,0.8425461909609426,0.4250540291720487,0.8655303148578962,0.0006685249623394895,0.0010423563309207573,0.506387137565251,0.602227626354854,/kaggle/input/datasets/hintrngia/locked-densenet-xai-inputs/D-P/DenseNet121/seed_2024/best_checkpoint.pt
E02_XAI_D_P_DenseNet121,D-P,DenseNet121,2024,60,normal,E-EFAD2710B0F9E9CA19CFEDAD.jpeg,0,0.5755095588745808,0.52392578125,1,0,0.8756152359179724,0.8756152391433716,0.36236572265625,2.4163853840795118,0.9137660075170098,0.9137660264968872,2.52166789071226,1,1,207,144,210,182,0.5682420646206228,0.8719411156707089,0.593283712243597,0.8846624488716165,0.00019426261097399422,0.0006345599147298264,-0.1542089729438306,-0.06321115729606669,/kaggle/input/datasets/hintrngia/locked-densenet-xai-inputs/D-P/DenseNet121/seed_2024/best_checkpoint.pt
E02_XAI_D_P_DenseNet121,D-P,DenseNet121,2024,61,normal,E-F32C5A7DA665488BF8EB2294.jpeg,0,0.6564751496625298,0.52392578125,1,0,0.8760192517211012,0.8760192394256592,0.3988037109375,2.196617603336168,0.9078225655228443,0.9078225493431091,2.2763643883572517,1,1,207,176,206,163,0.6792419371909715,0.77046926053595,0.6017595258935997,0.8002617960926834,0.0007957170694039561,0.0008215477289520434,0.061962897093503375,0.04108827480932408,/kaggle/input/datasets/hintrngia/locked-densenet-xai-inputs/D-P/DenseNet121/seed_2024/best_checkpoint.pt
E02_XAI_D_P_DenseNet121,D-P,DenseNet121,2024,62,normal,E-F57AB9616B464FB4687D409D.jpeg,0,0.24317910233371587,0.52392578125,0,1,0.8638806080848713,0.8638806343078613,0.43695068359375,1.9770666130552497,0.8551942978400427,0.8551942706108093,1.957187229474963,1,1,79,48,81,58,0.42072030428323465,0.39626578092663844,0.27443503267840946,0.5541817685299759,0.0006335673089193916,4.248330642631082e-05,0.8386166515759361,0.9096996179581694,/kaggle/input/datasets/hintrngia/locked-densenet-xai-inputs/D-P/DenseNet121/seed_2024/best_checkpoint.pt
E02_XAI_D_P_DenseNet121,D-P,DenseNet121,2024,63,normal,E-F803B5977A560D3CAEE3206F.jpeg,0,0.36369397748787674,0.52392578125,0,1,0.7740132407284509,0.7740132212638855,0.3428192138671875,2.2577883893879807,0.7808130357120924,0.7808130383491516,2.277623319020238,1,1,80,144,79,171,0.6038053235381902,0.5178473143092999,0.4613972324939304,0.5893151876513824,0.0012462167416942282,0.0032595674321688195,0.3502833900076881,0.30620110571230147,/kaggle/input/datasets/hintrngia/locked-densenet-xai-inputs/D-P/DenseNet121/seed_2024/best_checkpoint.pt
E02_XAI_D_P_DenseNet121,D-P,DenseNet121,2024,64,pneumonia,E-018B83433C4DD934AA5C8B2B.jpeg,1,0.9956641422433501,0.52392578125,1,1,0.8422100816436681,0.842210054397583,0.3726043701171875,2.2603333433227992,0.8884627673104806,0.8884627819061279,2.384466846245123,1,1,176,143,56,143,0.985440985446075,0.9864326397481435,0.9884789782692265,0.9893509797789503,3.337414370385705e-05,0.000843434823165512,-0.1362686251394284,-0.06251186078758557,/kaggle/input/datasets/hintrngia/locked-densenet-xai-inputs/D-P/DenseNet121/seed_2024/best_checkpoint.pt
E02_XAI_D_P_DenseNet121,D-P,DenseNet121,2024,65,pneumonia,E-01E4EA18817F6CBD784D8ACE.jpeg,1,0.987397279925929,0.52392578125,1,1,0.8043754799682226,0.8043754696846008,0.355072021484375,2.265386826609258,0.8269308660659417,0.8269308805465698,2.3289102380102085,1,1,80,80,195,114,0.9629041276220942,0.9862155756834069,0.971276691149944,0.9856123671245622,3.23689679651018e-05,0.0006438511956071702,0.8781061889967503,0.8614507006905942,/kaggle/input/datasets/hintrngia/locked-densenet-xai-inputs/D-P/DenseNet121/seed_2024/best_checkpoint.pt
E02_XAI_D_P_DenseNet121,D-P,DenseNet121,2024,66,pneumonia,E-0981A556ADE7F427711A3360.jpeg,1,0.99194890709556,0.52392578125,1,1,0.7679989183725684,0.7679989337921143,0.315826416015625,2.431712103317453,0.8423669002754125,0.8423668742179871,2.6671831663179746,1,1,175,111,47,139,0.9625967377283263,0.9781701303451891,0.9572597031304186,0.9852443554077083,0.00021275067794002123,9.488572466787026e-05,0.43633822136422545,0.6458166060779787,/kaggle/input/datasets/hintrngia/locked-densenet-xai-inputs/D-P/DenseNet121/seed_2024/best_checkpoint.pt
E02_XAI_D_P_DenseNet121,D-P,DenseNet121,2024,67,pneumonia,E-0B7E667233F7AB135F8A84DD.jpeg,1,0.999404672668049,0.52392578125,1,1,0.8568694537178138,0.8568694591522217,0.3825225830078125,2.24004932461808,0.9149220915201711,0.9149221181869507,2.391811966566913,1,1,144,112,157,90,0.9935282076384518,0.9970190959762522,0.9948675710108883,0.9978096098588144,0.0001569049903512587,9.388861705317275e-05,-0.26533732981071906,-0.06964974204988304,/kaggle/input/datasets/hintrngia/locked-densenet-xai-inputs/D-P/DenseNet121/seed_2024/best_checkpoint.pt
E02_XAI_D_P_DenseNet121,D-P,DenseNet121,2024,68,pneumonia,E-122745006C7E29B76E58625B.jpeg,1,0.9920008017299207,0.52392578125,1,1,0.7787991437630977,0.7787991166114807,0.3352813720703125,2.322822586158393,0.8489990083516966,0.8489990234375,2.5321985623873293,1,1,175,144,167,71,0.9651785284696421,0.9858081954785751,0.9710175673770085,0.9899200602036979,0.00031051333429255035,3.172492122116566e-05,0.7870233553385579,0.7940490086994174,/kaggle/input/datasets/hintrngia/locked-densenet-xai-inputs/D-P/DenseNet121/seed_2024/best_checkpoint.pt
E02_XAI_D_P_DenseNet121,D-P,DenseNet121,2024,69,pneumonia,E-1265B89238C345234A9C993B.jpeg,1,0.9623688008039273,0.52392578125,1,1,0.7991085476793227,0.7991085648536682,0.3254241943359375,2.4555904618892526,0.7978001971028494,0.7978001832962036,2.45157001534826,1,1,176,111,171,99,0.9657765798122473,0.9704933565195486,0.9675324480027754,0.9744840492330095,0.00040184555620403906,0.00021001157408484517,0.8699822506761763,0.9018844036934178,/kaggle/input/datasets/hintrngia/locked-densenet-xai-inputs/D-P/DenseNet121/seed_2024/best_checkpoint.pt
E02_XAI_D_P_DenseNet121,D-P,DenseNet121,2024,70,pneumonia,E-1777E855F7110F5A72B38BC0.jpeg,1,0.997664455204695,0.52392578125,1,1,0.7511406635685929,0.7511406540870667,0.3238525390625,2.319390997344106,0.849185070113406,0.849185049533844,2.622134977146258,1,1,80,111,80,128,0.9959086057199618,0.9936669716370226,0.9951468780148731,0.9928206552047087,0.00038092859740213036,0.0009125689177271745,-0.29223137528596116,-0.059733422600713335,/kaggle/input/datasets/hintrngia/locked-densenet-xai-inputs/D-P/DenseNet121/seed_2024/best_checkpoint.pt
E02_XAI_D_P_DenseNet121,D-P,DenseNet121,2024,71,pneumonia,E-198E88DB173F06A1227B639B.jpeg,1,0.9970129379728981,0.52392578125,1,1,0.7181547533124243,0.7181547284126282,0.256744384765625,2.797158558961312,0.7572573621341737,0.757257342338562,2.94946026891865,1,1,80,111,173,57,0.9921425610986414,0.9902405110771457,0.9916385369556235,0.9854266406888281,0.00040338796646766095,0.0015199765478168814,0.617851444050788,0.5892590760901748,/kaggle/input/datasets/hintrngia/locked-densenet-xai-inputs/D-P/DenseNet121/seed_2024/best_checkpoint.pt
E02_XAI_D_P_DenseNet121,D-P,DenseNet121,2024,72,pneumonia,E-1A06E979246F3D9634B22BF8.jpeg,1,0.9987009245895488,0.52392578125,1,1,0.7637401002191869,0.7637401223182678,0.303802490234375,2.513936273629565,0.7972472138265484,0.7972472310066223,2.6242286994141977,1,1,79,112,83,110,0.9926645257864335,0.9953377143481782,0.9925150141560852,0.9956068682235383,0.00011027514094130719,0.0010762799303514203,0.9856944894673031,0.9877250778249327,/kaggle/input/datasets/hintrngia/locked-densenet-xai-inputs/D-P/DenseNet121/seed_2024/best_checkpoint.pt
E02_XAI_D_P_DenseNet121,D-P,DenseNet121,2024,73,pneumonia,E-220D81ED5B8FE3B14418B9F7.jpeg,1,0.9835663894863167,0.52392578125,1,1,0.7263043142398361,0.726304292678833,0.2836456298828125,2.5606046338168755,0.8529470646703631,0.8529470562934875,3.007086924000049,1,1,175,112,187,133,0.9689043640097794,0.9723648069277677,0.9758141608338836,0.9789869306766662,0.000412149211512447,0.0014685982771228678,0.5807067561869457,0.7651627381917285,/kaggle/input/datasets/hintrngia/locked-densenet-xai-inputs/D-P/DenseNet121/seed_2024/best_checkpoint.pt
E02_XAI_D_P_DenseNet121,D-P,DenseNet121,2024,74,pneumonia,E-227257A6740CF45FAF02E456.jpeg,1,0.9464329793675089,0.52392578125,1,1,0.8731451340818227,0.8731451630592346,0.381500244140625,2.288714483128803,0.9281115534378843,0.9281115531921387,2.4327941271140383,1,1,176,143,208,180,0.9196286552781561,0.9068098459508428,0.9229536125407858,0.9255951331767707,0.00019867181256194577,0.0004706432709594699,0.5854748041606379,0.8930911003312624,/kaggle/input/datasets/hintrngia/locked-densenet-xai-inputs/D-P/DenseNet121/seed_2024/best_checkpoint.pt
E02_XAI_D_P_DenseNet121,D-P,DenseNet121,2024,75,pneumonia,E-2C0709EBA6450DCFB3BBB340.jpeg,1,0.9944019982492367,0.52392578125,1,1,0.8269038651044065,0.8269038796424866,0.3762359619140625,2.197833138803682,0.9120495866920999,0.9120495915412903,2.424142503688748,1,1,175,112,176,116,0.9874879898285369,0.9857056689155561,0.9882151611382433,0.988537777496425,0.00026091521513182947,0.001604245159411266,0.963027092388371,0.9891662627592173,/kaggle/input/datasets/hintrngia/locked-densenet-xai-inputs/D-P/DenseNet121/seed_2024/best_checkpoint.pt
E02_XAI_D_P_DenseNet121,D-P,DenseNet121,2024,76,pneumonia,E-30421FA65AB177DCD15E84C4.jpeg,1,0.9997752748687648,0.52392578125,1,1,0.8234199316897429,0.8234199285507202,0.41265869140625,1.9954018874138069,0.7881307137444198,0.7881307005882263,1.909885166985442,1,1,48,144,49,124,0.9956810300637483,0.9979586709068262,0.9958724709577511,0.9983569504306611,0.0002278283583901919,0.001425079770808635,0.9221259565927105,0.9131601413117902,/kaggle/input/datasets/hintrngia/locked-densenet-xai-inputs/D-P/DenseNet121/seed_2024/best_checkpoint.pt
E02_XAI_D_P_DenseNet121,D-P,DenseNet121,2024,77,pneumonia,E-386D019ED9E9E8244987AC20.jpeg,1,0.9965669147916366,0.52392578125,1,1,0.8050309740496133,0.8050310015678406,0.3555145263671875,2.2644109152888734,0.8681854622744922,0.8681854605674744,2.4420534124048725,1,1,176,143,213,119,0.9878344664171155,0.9887950685800522,0.9915848122913901,0.9898811986059446,0.0011321126371953705,0.0007084402390796773,-0.15565068183875888,-0.04108048271288262,/kaggle/input/datasets/hintrngia/locked-densenet-xai-inputs/D-P/DenseNet121/seed_2024/best_checkpoint.pt
E02_XAI_D_P_DenseNet121,D-P,DenseNet121,2024,78,pneumonia,E-3AC987E53985CBAF71C33ABC.jpeg,1,0.9910737376679929,0.52392578125,1,1,0.8317045904231594,0.8317046165466309,0.4218597412109375,1.9715192258824528,0.8873428723015531,0.8873428702354431,2.1034073309637424,1,1,175,112,183,121,0.9576245390926309,0.9745343660168593,0.9602574209027306,0.9763041739732612,0.00017973634451728948,0.000694892627689736,0.801528357705183,0.906941153527837,/kaggle/input/datasets/hintrngia/locked-densenet-xai-inputs/D-P/DenseNet121/seed_2024/best_checkpoint.pt
E02_XAI_D_P_DenseNet121,D-P,DenseNet121,2024,79,pneumonia,E-3EB4BE73D28C1518A6A12685.jpeg,1,0.984786659532678,0.52392578125,1,1,0.8517991327605512,0.8517991304397583,0.40576171875,2.099259475202899,0.8868512489650989,0.8868512511253357,2.185645436679329,1,1,176,144,81,127,0.963331200800807,0.9631864514316105,0.9593080823490695,0.9663609927320338,0.0002806225051408262,0.0002384274727513791,0.7904665343295398,0.9031215678255248,/kaggle/input/datasets/hintrngia/locked-densenet-xai-inputs/D-P/DenseNet121/seed_2024/best_checkpoint.pt
E02_XAI_D_P_DenseNet121,D-P,DenseNet121,2024,80,pneumonia,E-401B5DEDAD367F085127D1DA.jpeg,1,0.9743760630253896,0.52392578125,1,1,0.8430122983854691,0.843012273311615,0.364349365234375,2.313747130705675,0.8645202749810492,0.864520251750946,2.372778320678367,1,1,176,143,62,124,0.9474389440014825,0.9651307220511663,0.9508417464248742,0.9755355224094615,0.00012171780675851451,0.0005134932562995687,0.6002668350471828,0.4727374779895658,/kaggle/input/datasets/hintrngia/locked-densenet-xai-inputs/D-P/DenseNet121/seed_2024/best_checkpoint.pt
E02_XAI_D_P_DenseNet121,D-P,DenseNet121,2024,81,pneumonia,E-4329094918EDAAADE18246AB.jpeg,1,0.9998352089771171,0.52392578125,1,1,0.8441738312851911,0.8441738486289978,0.4228057861328125,1.9965995238769454,0.8590350979715236,0.859035074710846,2.0317486802360882,1,1,176,143,51,143,0.9958771382817033,0.9972252790911209,0.9967496050858724,0.9977011069918174,0.000820735968018127,0.0012425360603213198,0.6552343825758309,0.882836397597622,/kaggle/input/datasets/hintrngia/locked-densenet-xai-inputs/D-P/DenseNet121/seed_2024/best_checkpoint.pt
E02_XAI_D_P_DenseNet121,D-P,DenseNet121,2024,82,pneumonia,E-443A80FA1DE791815F946FF9.jpeg,1,0.9666290842536542,0.52392578125,1,1,0.7633815705709651,0.7633815407752991,0.309112548828125,2.4695910064635584,0.8145408495418516,0.8145408630371094,2.6350947337138306,1,1,80,111,82,130,0.9661429599941032,0.9748233151835585,0.9725231174239106,0.9726373503692888,0.00023548502282721984,0.0003191342105367534,0.5329558959208451,0.7183209153834352,/kaggle/input/datasets/hintrngia/locked-densenet-xai-inputs/D-P/DenseNet121/seed_2024/best_checkpoint.pt
E02_XAI_D_P_DenseNet121,D-P,DenseNet121,2024,83,pneumonia,E-4B97630FB65DE326125E1DE1.jpeg,1,0.9972276466093049,0.52392578125,1,1,0.7871442813320009,0.7871443033218384,0.3383941650390625,2.326116590222934,0.8694461561573342,0.8694461584091187,2.5693296338516056,1,1,144,112,50,150,0.9911106786637403,0.9918493671123221,0.9923539131297826,0.9909360832366131,5.210978588643389e-05,0.0008632760407977225,0.38896456016159076,0.5281854883787082,/kaggle/input/datasets/hintrngia/locked-densenet-xai-inputs/D-P/DenseNet121/seed_2024/best_checkpoint.pt
E02_XAI_D_P_DenseNet121,D-P,DenseNet121,2024,84,pneumonia,E-55F059ED3BB72FAD418A344C.jpeg,1,0.9707823489492455,0.52392578125,1,1,0.7917824463020353,0.7917824387550354,0.3324737548828125,2.3814885676648854,0.8536316030400091,0.8536316156387329,2.567515752757356,1,1,176,144,208,214,0.9223355584919739,0.9260905512344824,0.922408359196746,0.9437757351152095,0.00011126985611775719,0.0003183544923740511,0.6307478072930953,0.650177463613308,/kaggle/input/datasets/hintrngia/locked-densenet-xai-inputs/D-P/DenseNet121/seed_2024/best_checkpoint.pt
E02_XAI_D_P_DenseNet121,D-P,DenseNet121,2024,85,pneumonia,E-6060B7AB38566FD26078DE5E.jpeg,1,0.9845107199618819,0.52392578125,1,1,0.7670341472323544,0.7670341730117798,0.271087646484375,2.829469203704806,0.8259628902258773,0.8259629011154175,3.0468481354183887,1,1,80,111,80,85,0.9694767547301826,0.9842129253131298,0.9748502738365338,0.985591629321562,0.0007876641420218045,0.00152869739906758,0.7078303352421051,0.7567464734932307,/kaggle/input/datasets/hintrngia/locked-densenet-xai-inputs/D-P/DenseNet121/seed_2024/best_checkpoint.pt
E02_XAI_D_P_DenseNet121,D-P,DenseNet121,2024,86,pneumonia,E-638A63581494A3F6A20C2D9C.jpeg,1,0.9747240680782054,0.52392578125,1,1,0.7508552869421418,0.7508552670478821,0.312408447265625,2.403441051335362,0.8238273012707051,0.82382732629776,2.6370199284984337,1,1,79,144,79,138,0.9553604379866065,0.980540760345461,0.9721598994764342,0.9800101338795635,0.0002468769143394445,0.000816214011435612,0.97947959038959,0.9859905234796548,/kaggle/input/datasets/hintrngia/locked-densenet-xai-inputs/D-P/DenseNet121/seed_2024/best_checkpoint.pt
E02_XAI_D_P_DenseNet121,D-P,DenseNet121,2024,87,pneumonia,E-63AE2F3741553AC167D0B283.jpeg,1,0.9996397035864849,0.52392578125,1,1,0.8153307507280108,0.8153307437896729,0.3596954345703125,2.266725324723663,0.8777756142162921,0.8777756094932556,2.4403301511593316,1,1,176,143,186,115,0.9915506696298633,0.9966843315823382,0.9919135469869206,0.9977645230082324,9.050038106306335e-05,0.0002703361341291899,0.6989634165334835,0.6887459665946575,/kaggle/input/datasets/hintrngia/locked-densenet-xai-inputs/D-P/DenseNet121/seed_2024/best_checkpoint.pt
E02_XAI_D_P_DenseNet121,D-P,DenseNet121,2024,88,pneumonia,E-63E40A6B7E9FE7A4F927B234.jpeg,1,0.984188102881767,0.52392578125,1,1,0.8238091370407307,0.8238091468811035,0.3593597412109375,2.292435803367217,0.9113051050271878,0.9113051295280457,2.535913182585104,1,1,176,144,65,169,0.9658312323331473,0.9617482543759219,0.9586905906305448,0.9688734502201388,0.00027753631679483526,3.066767548964844e-05,0.4462087230549753,0.4342376499557445,/kaggle/input/datasets/hintrngia/locked-densenet-xai-inputs/D-P/DenseNet121/seed_2024/best_checkpoint.pt
E02_XAI_D_P_DenseNet121,D-P,DenseNet121,2024,89,pneumonia,E-6C94FB136A3DC9D9B1FE1032.jpeg,1,0.9800479752797718,0.52392578125,1,1,0.8129073673058265,0.812907338142395,0.3358001708984375,2.4208068897966393,0.8844253422593812,0.8844253420829773,2.633784669891889,1,1,48,112,79,131,0.9496486575098446,0.9715392594740232,0.9548098234912019,0.9748674644845815,0.0002628745671227062,0.0011793471043770598,0.6947516943726348,0.7538004180687439,/kaggle/input/datasets/hintrngia/locked-densenet-xai-inputs/D-P/DenseNet121/seed_2024/best_checkpoint.pt
E02_XAI_D_P_DenseNet121,D-P,DenseNet121,2024,90,pneumonia,E-6EBA6C5A4DF4C84E483A5386.jpeg,1,0.9989230751644037,0.52392578125,1,1,0.7447084710137466,0.7447084784507751,0.3423919677734375,2.1750173517695486,0.783449779238575,0.7834497690200806,2.288166350201847,1,1,80,80,81,39,0.9898295438385123,0.9938321383328065,0.9923283441726449,0.996143773423393,0.00014190831907512358,0.0006302579988103352,-0.07418675142593109,-0.026978733970575357,/kaggle/input/datasets/hintrngia/locked-densenet-xai-inputs/D-P/DenseNet121/seed_2024/best_checkpoint.pt
E02_XAI_D_P_DenseNet121,D-P,DenseNet121,2024,91,pneumonia,E-73D66A02A1612F6E79C3F7EC.jpeg,1,0.9972559751658993,0.52392578125,1,1,0.8222631247320115,0.8222631216049194,0.3591766357421875,2.2893001462439826,0.8966880274006769,0.8966880440711975,2.496509901173829,1,1,176,143,174,126,0.9907194175937823,0.9953917274110945,0.9919406269687168,0.9946558112306993,4.051097803414727e-05,0.0009854275357462638,0.7212852503071873,0.6668969748465982,/kaggle/input/datasets/hintrngia/locked-densenet-xai-inputs/D-P/DenseNet121/seed_2024/best_checkpoint.pt
E02_XAI_D_P_DenseNet121,D-P,DenseNet121,2024,92,pneumonia,E-7725ED8C0E93C0BF91B23FCE.jpeg,1,0.9963963113575113,0.52392578125,1,1,0.8446353129375993,0.8446353077888489,0.38677978515625,2.183762816343637,0.8845980474219499,0.8845980763435364,2.2870844893421536,1,1,176,112,76,81,0.9870405204329523,0.9939175335162754,0.9913729097970831,0.9947566273167028,9.780469513309686e-05,0.00046537557879366975,0.9355462076386929,0.9383820092323852,/kaggle/input/datasets/hintrngia/locked-densenet-xai-inputs/D-P/DenseNet121/seed_2024/best_checkpoint.pt
E02_XAI_D_P_DenseNet121,D-P,DenseNet121,2024,93,pneumonia,E-77D4D0C371CD4C8665643C00.jpeg,1,0.9918289639416928,0.52392578125,1,1,0.7094772506416003,0.7094772458076477,0.29443359375,2.409634177966828,0.7487908988618506,0.7487909197807312,2.5431571490366003,1,1,79,111,50,135,0.9759830574506685,0.9829405165871539,0.9753658501154754,0.9856871159181466,0.0003307285837782503,0.0004210570990894613,0.9887979037758754,0.9813912742049621,/kaggle/input/datasets/hintrngia/locked-densenet-xai-inputs/D-P/DenseNet121/seed_2024/best_checkpoint.pt
E02_XAI_D_P_DenseNet121,D-P,DenseNet121,2024,94,pneumonia,E-7B805F2D3984459EDD091000.jpeg,1,0.9984989685468744,0.52392578125,1,1,0.7875937351622446,0.7875937223434448,0.3260345458984375,2.415675716178821,0.885767692863105,0.8857676982879639,2.716790916809868,1,1,175,112,75,147,0.9927017627934256,0.9956589583313991,0.993173178347335,0.9956495512042747,0.0005597268371493325,0.001318077571840659,0.641805500899698,0.7773829070993513,/kaggle/input/datasets/hintrngia/locked-densenet-xai-inputs/D-P/DenseNet121/seed_2024/best_checkpoint.pt
E02_XAI_D_P_DenseNet121,D-P,DenseNet121,2024,95,pneumonia,E-8B99D004F7E59741CFAB602B.jpeg,1,0.9996919801264135,0.52392578125,1,1,0.893306307013889,0.893306314945221,0.44635009765625,2.0013579289095524,0.8975177894816573,0.8975178003311157,2.0107933082001193,1,1,176,143,195,122,0.9933231603702936,0.9963757674776761,0.9950031197165032,0.9973751031758415,7.322692930822328e-05,6.814573904434518e-05,0.9511151959861568,0.9679199877995198,/kaggle/input/datasets/hintrngia/locked-densenet-xai-inputs/D-P/DenseNet121/seed_2024/best_checkpoint.pt
E02_XAI_D_P_DenseNet121,D-P,DenseNet121,2024,96,pneumonia,E-8E859FAC3770F43BC30CF790.jpeg,1,0.9982069558419843,0.52392578125,1,1,0.7783651922323398,0.7783651947975159,0.32305908203125,2.4093586452927744,0.7980793459697063,0.7980793714523315,2.4703820148059075,1,1,175,111,179,63,0.9947494110143807,0.9967176704885112,0.9965459100712155,0.9967965780465196,0.00023556391070478355,0.001474164104673159,0.7500104604922048,0.7346324427395345,/kaggle/input/datasets/hintrngia/locked-densenet-xai-inputs/D-P/DenseNet121/seed_2024/best_checkpoint.pt
E02_XAI_D_P_DenseNet121,D-P,DenseNet121,2024,97,pneumonia,E-9A9C78D1B9953A6FD2BA65F6.jpeg,1,0.9997969396703653,0.52392578125,1,1,0.8380915257202498,0.8380915522575378,0.39300537109375,2.1325192665632198,0.871284786605262,0.8712847828865051,2.2169793358814434,1,1,176,112,199,99,0.992879404902873,0.9969217037516892,0.9953633815460138,0.998638161624096,0.00025766853854791716,0.00013654473939928025,0.6935919499325299,0.6712399847242987,/kaggle/input/datasets/hintrngia/locked-densenet-xai-inputs/D-P/DenseNet121/seed_2024/best_checkpoint.pt
E02_XAI_D_P_DenseNet121,D-P,DenseNet121,2024,98,pneumonia,E-9B56CC62692974C989F872CC.jpeg,1,0.9979797116814161,0.52392578125,1,1,0.818830848236123,0.8188308477401733,0.37744140625,2.16942506751304,0.890701850909517,0.8907018303871155,2.3598413850746325,1,1,176,112,177,60,0.9907880695004976,0.9927597847906418,0.9910903945132192,0.9937665810302528,0.00027580903940127577,0.0004898378416313687,0.11031857248729587,0.057255118745230336,/kaggle/input/datasets/hintrngia/locked-densenet-xai-inputs/D-P/DenseNet121/seed_2024/best_checkpoint.pt
E02_XAI_D_P_DenseNet121,D-P,DenseNet121,2024,99,pneumonia,E-9FC76B9714A55204D742CE4C.jpeg,1,0.9984096533069846,0.52392578125,1,1,0.7801750242347298,0.7801750302314758,0.32318115234375,2.4140486491146014,0.7995758271785139,0.7995758056640625,2.4740793866841875,1,1,80,112,82,105,0.991649036036986,0.9941340502304608,0.9926181987013636,0.9950271040367252,0.0001147311796214634,0.0008901591208775317,0.6519366415203671,0.7819677727747206,/kaggle/input/datasets/hintrngia/locked-densenet-xai-inputs/D-P/DenseNet121/seed_2024/best_checkpoint.pt
E02_XAI_D_P_DenseNet121,D-P,DenseNet121,2024,100,pneumonia,E-A0A20FFCEFD96663F4AB4E87.jpeg,1,0.9929559767077218,0.52392578125,1,1,0.8015804586264635,0.8015804290771484,0.3404388427734375,2.354550532766076,0.8767175044780376,0.8767175078392029,2.575256975190385,1,1,176,175,203,202,0.9600568321819181,0.9761661288724424,0.9634019258041313,0.9808990719594239,0.0004719641822222842,0.0004164046733523552,-0.05730895207870859,0.09684650512364186,/kaggle/input/datasets/hintrngia/locked-densenet-xai-inputs/D-P/DenseNet121/seed_2024/best_checkpoint.pt
E02_XAI_D_P_DenseNet121,D-P,DenseNet121,2024,101,pneumonia,E-A0D5A9410E976B289DD85CF6.jpeg,1,0.9919819894533394,0.52392578125,1,1,0.7584780678570057,0.758478045463562,0.2681732177734375,2.828314005978761,0.8678557959648183,0.8678557872772217,3.2361762414993076,1,1,175,175,178,154,0.9626326642627956,0.9721872718352846,0.9675719061740341,0.9825895696087703,0.0006137503130824173,0.0011179093643679527,-0.12156003781916326,-0.05528384620407839,/kaggle/input/datasets/hintrngia/locked-densenet-xai-inputs/D-P/DenseNet121/seed_2024/best_checkpoint.pt
E02_XAI_D_P_DenseNet121,D-P,DenseNet121,2024,102,pneumonia,E-A540763BCA2A1AF575A9EE6B.jpeg,1,0.9850318794924183,0.52392578125,1,1,0.857508024754186,0.8575080037117004,0.3713226318359375,2.3093341241130196,0.9225643162304991,0.9225643277168274,2.4845356494136834,1,1,176,144,203,171,0.9271197978159018,0.9535337127207688,0.9334117206654836,0.9637776449425868,0.00022255181827179893,0.00022481278171815333,0.5881567904306614,0.6537080099974568,/kaggle/input/datasets/hintrngia/locked-densenet-xai-inputs/D-P/DenseNet121/seed_2024/best_checkpoint.pt
E02_XAI_D_P_DenseNet121,D-P,DenseNet121,2024,103,pneumonia,E-A9AC7ECA864D894719491A2C.jpeg,1,0.9941908871048664,0.52392578125,1,1,0.8168478897115121,0.8168478608131409,0.3572845458984375,2.286267063853669,0.9094849327960104,0.9094849228858948,2.545547920380924,1,1,80,80,85,86,0.9820898694059368,0.9875248861773576,0.9818799181458873,0.988950123809335,0.000457819754019817,0.00015901011254226827,0.8980782788983205,0.937505658066276,/kaggle/input/datasets/hintrngia/locked-densenet-xai-inputs/D-P/DenseNet121/seed_2024/best_checkpoint.pt
E02_XAI_D_P_DenseNet121,D-P,DenseNet121,2024,104,pneumonia,E-B15903E1E2039605DB9FB6A1.jpeg,1,0.9935662973339071,0.52392578125,1,1,0.7350159270241818,0.7350159287452698,0.2703704833984375,2.7185509223690265,0.7814479301025028,0.7814479470252991,2.8902856564816086,1,1,80,80,67,106,0.9785513682995259,0.9796231459462629,0.9777378960327556,0.9837657229349819,8.189516514844897e-05,0.0012306717454669824,0.9836745465592304,0.943954881304222,/kaggle/input/datasets/hintrngia/locked-densenet-xai-inputs/D-P/DenseNet121/seed_2024/best_checkpoint.pt
E02_XAI_D_P_DenseNet121,D-P,DenseNet121,2024,105,pneumonia,E-B29F964F9024332A9FD3DA8C.jpeg,1,0.9934708137819362,0.52392578125,1,1,0.8927228963386372,0.8927229046821594,0.444091796875,2.0102215411781517,0.9351231423475889,0.9351231455802917,2.105697851047677,1,1,48,144,75,132,0.9701633743389372,0.9932359876983493,0.9780009762530926,0.9930902423313411,0.00017025212247201438,0.0002621030061766838,0.6066637392867037,0.7684578203085004,/kaggle/input/datasets/hintrngia/locked-densenet-xai-inputs/D-P/DenseNet121/seed_2024/best_checkpoint.pt
E02_XAI_D_P_DenseNet121,D-P,DenseNet121,2024,106,pneumonia,E-B352C843937DC9BD58C4B554.jpeg,1,0.9584716136838817,0.52392578125,1,1,0.8099898476333274,0.809989869594574,0.322052001953125,2.5150902423243506,0.8927109830990991,0.8927109837532043,2.771946697071096,1,1,48,143,75,127,0.9404392810470685,0.9478054833775258,0.9360199752226102,0.9510733511955183,0.000716739468160088,0.0012060452113713538,0.6615345427040952,0.8208852743938078,/kaggle/input/datasets/hintrngia/locked-densenet-xai-inputs/D-P/DenseNet121/seed_2024/best_checkpoint.pt
E02_XAI_D_P_DenseNet121,D-P,DenseNet121,2024,107,pneumonia,E-B41848B096ED1788DCCEEDA2.jpeg,1,0.9963711528059069,0.52392578125,1,1,0.737830299090851,0.7378302812576294,0.2685089111328125,2.747880120544298,0.7883108355077342,0.7883108258247375,2.935883327603277,1,1,175,143,58,107,0.9864073741224653,0.9882884947226148,0.9884835149030586,0.992430306359964,0.0005494796185521178,0.0007337788378217747,-0.06118200227344194,0.000921739238409991,/kaggle/input/datasets/hintrngia/locked-densenet-xai-inputs/D-P/DenseNet121/seed_2024/best_checkpoint.pt
E02_XAI_D_P_DenseNet121,D-P,DenseNet121,2024,108,pneumonia,E-B813D1454C73F6C74F660590.jpeg,1,0.9662878341999903,0.52392578125,1,1,0.745491304683632,0.7454913258552551,0.2771453857421875,2.689892536681523,0.8292011475824305,0.8292011618614197,2.9919356057899114,1,1,176,112,177,117,0.9619305983248857,0.9441317055975674,0.9464370628901964,0.9528167832310457,0.000267575487745475,0.00019560985724531577,0.7464276370024326,0.8211560462458238,/kaggle/input/datasets/hintrngia/locked-densenet-xai-inputs/D-P/DenseNet121/seed_2024/best_checkpoint.pt
E02_XAI_D_P_DenseNet121,D-P,DenseNet121,2024,109,pneumonia,E-BF1AD901130E35A45E611B5A.jpeg,1,0.9978099652921215,0.52392578125,1,1,0.7602533835737051,0.760253369808197,0.2906494140625,2.615705887541282,0.7821335683109328,0.7821335792541504,2.690986220748913,1,1,80,144,81,142,0.9880949831137653,0.9832014961106992,0.9878444476879655,0.9884379493320747,0.0003337412076688251,0.0005877795786300988,0.7678027677932703,0.8800849236171089,/kaggle/input/datasets/hintrngia/locked-densenet-xai-inputs/D-P/DenseNet121/seed_2024/best_checkpoint.pt
E02_XAI_D_P_DenseNet121,D-P,DenseNet121,2024,110,pneumonia,E-BFFC08BEA9A0FA7A1279A0B5.jpeg,1,0.9953949807542827,0.52392578125,1,1,0.8403784360043245,0.84037846326828,0.364898681640625,2.3030459639533083,0.9117376537266018,0.9117376804351807,2.498604954195307,1,1,48,144,196,134,0.9692436715028463,0.9792043476677719,0.9729633668247617,0.9869054074962731,0.00015528015170662712,0.000440933258502918,0.9794134320068116,0.9780353303544409,/kaggle/input/datasets/hintrngia/locked-densenet-xai-inputs/D-P/DenseNet121/seed_2024/best_checkpoint.pt
E02_XAI_D_P_DenseNet121,D-P,DenseNet121,2024,111,pneumonia,E-C378B1871ED2B8AC1E544A5B.jpeg,1,0.9943291456368256,0.52392578125,1,1,0.7341918936493028,0.73419189453125,0.2780303955078125,2.640689311355069,0.834415825948448,0.834415853023529,3.0011676400503533,1,1,175,112,174,111,0.9893735464065705,0.9910018129247204,0.9919862421436474,0.9924531316507037,0.0005176120515935079,8.016821856249301e-06,-0.02277588448725734,0.010191675633126623,/kaggle/input/datasets/hintrngia/locked-densenet-xai-inputs/D-P/DenseNet121/seed_2024/best_checkpoint.pt
E02_XAI_D_P_DenseNet121,D-P,DenseNet121,2024,112,pneumonia,E-D2A52B478FEFC3F6A00973AF.jpeg,1,0.9950079081215718,0.52392578125,1,1,0.835126423861731,0.8351263999938965,0.35107421875,2.3787745703321628,0.8933855708809185,0.8933855891227722,2.5447199571128247,1,1,176,143,81,82,0.9839586159349893,0.9917434250285528,0.987721715521531,0.9928355525224373,0.00014657353308655807,0.0005269710253634763,0.7233620974396145,0.7943000582189411,/kaggle/input/datasets/hintrngia/locked-densenet-xai-inputs/D-P/DenseNet121/seed_2024/best_checkpoint.pt
E02_XAI_D_P_DenseNet121,D-P,DenseNet121,2024,113,pneumonia,E-D33BB0B839138FAFF4DA3ED6.jpeg,1,0.8933323996788077,0.52392578125,1,1,0.8309893935607406,0.830989420413971,0.3347625732421875,2.4823246682345,0.8814983811048464,0.881498396396637,2.6332046995800726,1,1,176,112,177,117,0.9149470132497419,0.8867205224463413,0.9317465890306478,0.8966178254529922,0.0005990647691598294,0.00045549700826430506,0.9142605165643332,0.9028712494692018,/kaggle/input/datasets/hintrngia/locked-densenet-xai-inputs/D-P/DenseNet121/seed_2024/best_checkpoint.pt
E02_XAI_D_P_DenseNet121,D-P,DenseNet121,2024,114,pneumonia,E-DA47F22802134421DB0B257A.jpeg,1,0.9991384252096079,0.52392578125,1,1,0.8437418445481286,0.8437418341636658,0.39227294921875,2.1509049916098553,0.8877866295771444,0.8877866268157959,2.263185955965759,1,1,80,112,177,61,0.9967678832833259,0.9971821418035562,0.9972686085189552,0.9973032216922548,0.0002447321005587533,0.00014702021407420052,0.9275494119287766,0.985231033810371,/kaggle/input/datasets/hintrngia/locked-densenet-xai-inputs/D-P/DenseNet121/seed_2024/best_checkpoint.pt
E02_XAI_D_P_DenseNet121,D-P,DenseNet121,2024,115,pneumonia,E-E09BD72833F7B4079F215903.jpeg,1,0.9911723552597491,0.52392578125,1,1,0.784802795537401,0.7848027944564819,0.3171234130859375,2.474755136810812,0.7992570643693856,0.7992570400238037,2.5203344546269575,1,1,80,112,75,66,0.9691573252597843,0.989350782222136,0.9760954755310896,0.9881983740876725,0.0006593923134878832,0.0007150158086079994,0.5070027536506136,0.4189578696783006,/kaggle/input/datasets/hintrngia/locked-densenet-xai-inputs/D-P/DenseNet121/seed_2024/best_checkpoint.pt
E02_XAI_D_P_DenseNet121,D-P,DenseNet121,2024,116,pneumonia,E-E0D541D212A934D795DA0D1B.jpeg,1,0.9765716621121681,0.52392578125,1,1,0.7569465232938996,0.7569465041160583,0.306488037109375,2.469742474887434,0.8031807448766912,0.8031807541847229,2.620594110138347,1,1,48,143,54,110,0.9592198369747533,0.9766646176990437,0.9723548311963326,0.9778955912767083,2.5542343620177377e-05,0.00046772304806086407,0.9438883811696657,0.9734623024098461,/kaggle/input/datasets/hintrngia/locked-densenet-xai-inputs/D-P/DenseNet121/seed_2024/best_checkpoint.pt
E02_XAI_D_P_DenseNet121,D-P,DenseNet121,2024,117,pneumonia,E-E1AD2A3BA30BC31AC67A922E.jpeg,1,0.9977548323041167,0.52392578125,1,1,0.7612208403239176,0.7612208127975464,0.3279571533203125,2.3210984502614,0.780687716279104,0.780687689781189,2.3804564357729197,1,0,80,112,77,54,0.973318295952336,0.9825375568793,0.9779750592647918,0.9895059480433062,0.0005145985699018807,0.0017811878524788272,0.9741737159661914,0.9587742107479575,/kaggle/input/datasets/hintrngia/locked-densenet-xai-inputs/D-P/DenseNet121/seed_2024/best_checkpoint.pt
E02_XAI_D_P_DenseNet121,D-P,DenseNet121,2024,118,pneumonia,E-E280E4CD8F00E10AB30B96C9.jpeg,1,0.9977074681106604,0.52392578125,1,1,0.8057453702182968,0.8057453632354736,0.3293609619140625,2.446390020042914,0.8836872001691852,0.8836871981620789,2.683035642820835,1,1,80,111,178,95,0.9909064023727312,0.9938395284185995,0.9905246929188498,0.9945902889674425,0.00032743051152039904,0.0011880920655007454,0.20301780261719102,0.696021909419681,/kaggle/input/datasets/hintrngia/locked-densenet-xai-inputs/D-P/DenseNet121/seed_2024/best_checkpoint.pt
E02_XAI_D_P_DenseNet121,D-P,DenseNet121,2024,119,pneumonia,E-E2EF7E089A1E8F497DBAC1CB.jpeg,1,0.9959317927887165,0.52392578125,1,1,0.8105087150769744,0.8105087280273438,0.3351898193359375,2.418058867905704,0.8833197066340752,0.8833197355270386,2.6352820273123663,1,1,80,80,78,64,0.9749249547772634,0.9877876943483825,0.9791788729249901,0.9910168797344646,0.000383148694791724,0.00012239978486494607,0.9589181091290314,0.9783913237649501,/kaggle/input/datasets/hintrngia/locked-densenet-xai-inputs/D-P/DenseNet121/seed_2024/best_checkpoint.pt
E02_XAI_D_P_DenseNet121,D-P,DenseNet121,2024,120,pneumonia,E-E7BF66D9C027E263610D5923.jpeg,1,0.936227207691522,0.52392578125,1,1,0.8597060755710971,0.8597061038017273,0.3877410888671875,2.217216849735446,0.900287217478152,0.9002872109413147,2.321877261211608,1,1,176,143,84,134,0.9570364898324599,0.9405940019023771,0.9666711621952263,0.9398217984746098,5.3006696179025425e-06,0.0001796592713161349,0.6155749442024581,0.6341441792352392,/kaggle/input/datasets/hintrngia/locked-densenet-xai-inputs/D-P/DenseNet121/seed_2024/best_checkpoint.pt
E02_XAI_D_P_DenseNet121,D-P,DenseNet121,2024,121,pneumonia,E-EB1401E2B7015C0BDE01BE91.jpeg,1,0.9860689729760663,0.52392578125,1,1,0.7777825915164721,0.7777826189994812,0.329986572265625,2.357012851087742,0.8668410953786427,0.8668410778045654,2.626898086873889,1,1,175,112,51,186,0.9583504929128537,0.9787691367213933,0.9665953846929413,0.9788387069816613,0.00014407270910354875,9.367300582752147e-05,0.9002129500666477,0.9619839779630247,/kaggle/input/datasets/hintrngia/locked-densenet-xai-inputs/D-P/DenseNet121/seed_2024/best_checkpoint.pt
E02_XAI_D_P_DenseNet121,D-P,DenseNet121,2024,122,pneumonia,E-EB344A640162B22F1A6C369F.jpeg,1,0.9745968214445493,0.52392578125,1,1,0.7624320075730278,0.7624319791793823,0.2807464599609375,2.7157315097725934,0.8559441490127476,0.8559441566467285,3.0488154654980937,1,1,48,143,79,129,0.9531837366144165,0.9621263801693101,0.9447074502853464,0.9699889011304792,0.00033984988057134125,0.0008115694919748062,0.35459812499763416,0.5059876233991436,/kaggle/input/datasets/hintrngia/locked-densenet-xai-inputs/D-P/DenseNet121/seed_2024/best_checkpoint.pt
E02_XAI_D_P_DenseNet121,D-P,DenseNet121,2024,123,pneumonia,E-EC00E01864643AB223676743.jpeg,1,0.9822895678643964,0.52392578125,1,1,0.7814801431028021,0.7814801335334778,0.3099517822265625,2.5212958528225884,0.8416763693857723,0.8416763544082642,2.7155074358325195,1,1,79,111,71,123,0.9615645035049589,0.9838807920919614,0.9670277493761337,0.9832003580551384,0.00019116041259759076,3.43494750384421e-05,0.9562231197740669,0.9822205102035414,/kaggle/input/datasets/hintrngia/locked-densenet-xai-inputs/D-P/DenseNet121/seed_2024/best_checkpoint.pt
E02_XAI_D_P_DenseNet121,D-P,DenseNet121,2024,124,pneumonia,E-EF92BEF2BC79AC7D99E44B1F.jpeg,1,0.9790527230493468,0.52392578125,1,1,0.7933194279867263,0.7933194041252136,0.343048095703125,2.3125603608459255,0.8251517328817879,0.8251517415046692,2.405352903039803,1,1,48,144,59,129,0.9649755561555472,0.9622169562311405,0.9660700658057886,0.9675128597688171,0.0001700174586044545,0.0006177915832112912,0.12372663343601109,0.03522777557313638,/kaggle/input/datasets/hintrngia/locked-densenet-xai-inputs/D-P/DenseNet121/seed_2024/best_checkpoint.pt
E02_XAI_D_P_DenseNet121,D-P,DenseNet121,2024,125,pneumonia,E-F051ECCC0E91B0C03A0B3894.jpeg,1,0.9987746642506524,0.52392578125,1,1,0.8981147969423866,0.898114800453186,0.5049896240234375,1.7784816840131816,0.8882641659101009,0.8882641792297363,1.7589750831571045,1,1,48,112,68,99,0.9950474686623008,0.9967602688523813,0.9952670251274722,0.9969971973168466,8.759171294958623e-05,0.0011061846565264544,0.8413570830321501,0.9495646510085215,/kaggle/input/datasets/hintrngia/locked-densenet-xai-inputs/D-P/DenseNet121/seed_2024/best_checkpoint.pt
E02_XAI_D_P_DenseNet121,D-P,DenseNet121,2024,126,pneumonia,E-FA7B18636100FBD243EBAF3A.jpeg,1,0.9940576550031833,0.52392578125,1,1,0.7363775189714072,0.7363775372505188,0.2697601318359375,2.7297492552355984,0.7929612267147825,0.7929612398147583,2.93950489020759,1,1,176,143,183,98,0.9920234280271678,0.9861023502704027,0.9928314172533665,0.9905787610157831,0.0004327405593700373,0.0005657481405176856,0.6980135820441394,0.7036887128174402,/kaggle/input/datasets/hintrngia/locked-densenet-xai-inputs/D-P/DenseNet121/seed_2024/best_checkpoint.pt
E02_XAI_D_P_DenseNet121,D-P,DenseNet121,2024,127,pneumonia,E-FDAF56855798F8C5BE7AC652.jpeg,1,0.9994205688990835,0.52392578125,1,1,0.7983207652991737,0.7983207702636719,0.37738037109375,2.1154273683748444,0.8656040036939937,0.8656039834022522,2.293717612246869,1,1,144,79,178,112,0.9897094712238461,0.994857108186415,0.9920304249793688,0.9961048654712705,3.0483104578316045e-05,0.00025259595589877115,0.5989683518038654,0.5484922262737035,/kaggle/input/datasets/hintrngia/locked-densenet-xai-inputs/D-P/DenseNet121/seed_2024/best_checkpoint.pt
