image_id,image_path_or_archive_member,image_sha256,true_label,logit_raw,temperature,logit_calibrated,prob_pneumonia,threshold,pred_label,is_correct,architecture,condition,seed,dataset_split,run_id
E-00502E8D27A8D3E2977889A3.jpeg,/kaggle/input/datasets/hintrngia/gate7-test-seal/opaque_test_images/images/E-00502E8D27A8D3E2977889A3.jpeg,cac09efd971854dd7668d22f0e654b5e690e8cd9e95ffa758ed65b802faf4a8e,0,-0.36246392130851746,1.0,-0.36246392130851746,0.41036325693130493,0.19,1,False,ResNet50,R0_original_reproduction,2024,sealed_test,R0_ResNet50_seed2024
E-018B83433C4DD934AA5C8B2B.jpeg,/kaggle/input/datasets/hintrngia/gate7-test-seal/opaque_test_images/images/E-018B83433C4DD934AA5C8B2B.jpeg,a8634a9ae9aabf8081424e38d0cf0ad48c52d3f37f421201141114fcabf76518,1,18.12461280822754,1.0,18.12461280822754,1.0,0.19,1,True,ResNet50,R0_original_reproduction,2024,sealed_test,R0_ResNet50_seed2024
E-01E4EA18817F6CBD784D8ACE.jpeg,/kaggle/input/datasets/hintrngia/gate7-test-seal/opaque_test_images/images/E-01E4EA18817F6CBD784D8ACE.jpeg,c8e2d6cafb30abdc8d8d96403ab24651941dc17e413e35754b5e628b2e105592,1,12.821593284606934,1.0,12.821593284606934,0.9999972581863403,0.19,1,True,ResNet50,R0_original_reproduction,2024,sealed_test,R0_ResNet50_seed2024
E-01FFDD3390ADEFBD8BD33F6B.jpeg,/kaggle/input/datasets/hintrngia/gate7-test-seal/opaque_test_images/images/E-01FFDD3390ADEFBD8BD33F6B.jpeg,6b248b0cc9c3d11308501e369af8d9597370ddae09421bd58542ab0b8559992b,1,13.611644744873047,1.0,13.611644744873047,0.9999988079071045,0.19,1,True,ResNet50,R0_original_reproduction,2024,sealed_test,R0_ResNet50_seed2024
E-03092CD780981B269C399D1A.jpeg,/kaggle/input/datasets/hintrngia/gate7-test-seal/opaque_test_images/images/E-03092CD780981B269C399D1A.jpeg,2905ac37d1d461c04eaf4e8a2f77dba7c1359dc65245ceb6aef038e7cc6b684e,1,17.230283737182617,1.0,17.230283737182617,1.0,0.19,1,True,ResNet50,R0_original_reproduction,2024,sealed_test,R0_ResNet50_seed2024
E-0332695AA438D58761611234.jpeg,/kaggle/input/datasets/hintrngia/gate7-test-seal/opaque_test_images/images/E-0332695AA438D58761611234.jpeg,b3738f2a02b544985c777dfcbdd2a4b9e30653fe141948d4b928f9dd2c387fe4,1,14.839550018310547,1.0,14.839550018310547,0.9999996423721313,0.19,1,True,ResNet50,R0_original_reproduction,2024,sealed_test,R0_ResNet50_seed2024
E-03B36F677CCFA6787A3BC686.jpeg,/kaggle/input/datasets/hintrngia/gate7-test-seal/opaque_test_images/images/E-03B36F677CCFA6787A3BC686.jpeg,88af6f358085a5c5f91e843ee8da27499c4949ec9573efb6b620365272133c22,0,3.4130654335021973,1.0,3.4130654335021973,0.9681104421615601,0.19,1,False,ResNet50,R0_original_reproduction,2024,sealed_test,R0_ResNet50_seed2024
E-04408FF2B877B6206DC376AD.jpeg,/kaggle/input/datasets/hintrngia/gate7-test-seal/opaque_test_images/images/E-04408FF2B877B6206DC376AD.jpeg,e617e060196dc780cb77105ef1683bf30183d24c9f52eaf066177b4161371b86,1,10.8006010055542,1.0,10.8006010055542,0.9999796152114868,0.19,1,True,ResNet50,R0_original_reproduction,2024,sealed_test,R0_ResNet50_seed2024
E-0494D8E96D84B1C76B959344.jpeg,/kaggle/input/datasets/hintrngia/gate7-test-seal/opaque_test_images/images/E-0494D8E96D84B1C76B959344.jpeg,67496e43ec191f4a760f229280438449a4eb729f062ac2e9a736f783f496cda9,1,13.630498886108398,1.0,13.630498886108398,0.9999988079071045,0.19,1,True,ResNet50,R0_original_reproduction,2024,sealed_test,R0_ResNet50_seed2024
E-0521DEFC43E853CAA73CE73C.jpeg,/kaggle/input/datasets/hintrngia/gate7-test-seal/opaque_test_images/images/E-0521DEFC43E853CAA73CE73C.jpeg,fae2085830a4c703c36348b3ccc2a5ddfd741c86f12dbef48d4a8a31726ae773,0,1.2075450420379639,1.0,1.2075450420379639,0.7698643207550049,0.19,1,False,ResNet50,R0_original_reproduction,2024,sealed_test,R0_ResNet50_seed2024
E-0578A200A400EB9EC04A8EE7.jpeg,/kaggle/input/datasets/hintrngia/gate7-test-seal/opaque_test_images/images/E-0578A200A400EB9EC04A8EE7.jpeg,7c01123c02e760092184ad8f446acbadeeef98c03e34ff214eb09462782917ac,1,24.878862380981445,1.0,24.878862380981445,1.0,0.19,1,True,ResNet50,R0_original_reproduction,2024,sealed_test,R0_ResNet50_seed2024
E-06530ECE35CCF9FF05F7DDEB.jpeg,/kaggle/input/datasets/hintrngia/gate7-test-seal/opaque_test_images/images/E-06530ECE35CCF9FF05F7DDEB.jpeg,f2fce9977273b2ae4eeacdb287fe3cfaf0d94cbca0f4b90600a4a3d8861a74d7,0,-13.600481986999512,1.0,-13.600481986999512,1.2398959370329976e-06,0.19,0,True,ResNet50,R0_original_reproduction,2024,sealed_test,R0_ResNet50_seed2024
E-06934496DB11EEE6EEA822CF.jpeg,/kaggle/input/datasets/hintrngia/gate7-test-seal/opaque_test_images/images/E-06934496DB11EEE6EEA822CF.jpeg,6495df8d4e41024ddbe7d2d90576a9fd949050ca32d0dbdaaa2190bbe98eeeec,1,16.138654708862305,1.0,16.138654708862305,0.9999998807907104,0.19,1,True,ResNet50,R0_original_reproduction,2024,sealed_test,R0_ResNet50_seed2024
E-07B72FC50C1AD3ED3513F013.jpeg,/kaggle/input/datasets/hintrngia/gate7-test-seal/opaque_test_images/images/E-07B72FC50C1AD3ED3513F013.jpeg,1120184e63aa90eb602383a4fdcbd2204361bb30d0c67667fb8d1a90a1ccff69,1,-1.2324533462524414,1.0,-1.2324533462524414,0.2257523238658905,0.19,1,True,ResNet50,R0_original_reproduction,2024,sealed_test,R0_ResNet50_seed2024
E-08C4EFF02667CFA2498D707E.jpeg,/kaggle/input/datasets/hintrngia/gate7-test-seal/opaque_test_images/images/E-08C4EFF02667CFA2498D707E.jpeg,ba7617f5f131fc7dc7800c466d1b5d459fc030aa874e80c75c34806e9c6f07b1,0,-1.0738716125488281,1.0,-1.0738716125488281,0.2546675205230713,0.19,1,False,ResNet50,R0_original_reproduction,2024,sealed_test,R0_ResNet50_seed2024
E-0981A556ADE7F427711A3360.jpeg,/kaggle/input/datasets/hintrngia/gate7-test-seal/opaque_test_images/images/E-0981A556ADE7F427711A3360.jpeg,88e1f208f8f0b4fbc772d13f8d27a2b5d5ba9e2c36568160d968338c555d1535,1,12.178236961364746,1.0,12.178236961364746,0.9999948740005493,0.19,1,True,ResNet50,R0_original_reproduction,2024,sealed_test,R0_ResNet50_seed2024
E-09FA5C36C161701AF5453E5D.jpeg,/kaggle/input/datasets/hintrngia/gate7-test-seal/opaque_test_images/images/E-09FA5C36C161701AF5453E5D.jpeg,0066170eaa91d425e95bdd6384c97e51823c1062f465565cfc5e64ec61ea7217,1,7.855030536651611,1.0,7.855030536651611,0.9996123909950256,0.19,1,True,ResNet50,R0_original_reproduction,2024,sealed_test,R0_ResNet50_seed2024
E-0AED72EB9E97F002C1986579.jpeg,/kaggle/input/datasets/hintrngia/gate7-test-seal/opaque_test_images/images/E-0AED72EB9E97F002C1986579.jpeg,865ca7b1cdc64486d17cdde2fb88eda1b921c1340fca8ed563591d5bfb09ebbe,0,11.604540824890137,1.0,11.604540824890137,0.9999908208847046,0.19,1,False,ResNet50,R0_original_reproduction,2024,sealed_test,R0_ResNet50_seed2024
E-0B4D5A08D805874FAE31BED0.jpeg,/kaggle/input/datasets/hintrngia/gate7-test-seal/opaque_test_images/images/E-0B4D5A08D805874FAE31BED0.jpeg,58fdfd1b04e561ad2b290fdd4732166a4571c420bf014e57d5a9f6b71531ff1e,1,12.320301055908203,1.0,12.320301055908203,0.9999955892562866,0.19,1,True,ResNet50,R0_original_reproduction,2024,sealed_test,R0_ResNet50_seed2024
E-0B7E667233F7AB135F8A84DD.jpeg,/kaggle/input/datasets/hintrngia/gate7-test-seal/opaque_test_images/images/E-0B7E667233F7AB135F8A84DD.jpeg,def59a1b4218b539a93b26c9f52a538e48dd4446826484c7e739bd63f370fb87,1,12.729106903076172,1.0,12.729106903076172,0.9999970197677612,0.19,1,True,ResNet50,R0_original_reproduction,2024,sealed_test,R0_ResNet50_seed2024
E-0C1202EB6E1E4248B9926A7A.jpeg,/kaggle/input/datasets/hintrngia/gate7-test-seal/opaque_test_images/images/E-0C1202EB6E1E4248B9926A7A.jpeg,1b5f50ac94b54e151709f82620d09658a2b50256799d662c8bae65f5f612f75e,1,11.551501274108887,1.0,11.551501274108887,0.9999903440475464,0.19,1,True,ResNet50,R0_original_reproduction,2024,sealed_test,R0_ResNet50_seed2024
E-0C1CD0B3D409B15D83CFA341.jpeg,/kaggle/input/datasets/hintrngia/gate7-test-seal/opaque_test_images/images/E-0C1CD0B3D409B15D83CFA341.jpeg,231bac0d3ce7a26dbddba629e18cca0a3745955cd9723631e9c0b33cd8bbf646,1,9.929367065429688,1.0,9.929367065429688,0.9999512434005737,0.19,1,True,ResNet50,R0_original_reproduction,2024,sealed_test,R0_ResNet50_seed2024
E-0C456E241A0F0942FAD121B0.jpeg,/kaggle/input/datasets/hintrngia/gate7-test-seal/opaque_test_images/images/E-0C456E241A0F0942FAD121B0.jpeg,24e21f402bd4b4bd22e2c38a18190b1d76d6aac759cf74dcd8f8230d72ff8e12,1,8.15261173248291,1.0,8.15261173248291,0.9997120499610901,0.19,1,True,ResNet50,R0_original_reproduction,2024,sealed_test,R0_ResNet50_seed2024
E-0D27848F5D33F9ED4C48E877.jpeg,/kaggle/input/datasets/hintrngia/gate7-test-seal/opaque_test_images/images/E-0D27848F5D33F9ED4C48E877.jpeg,7650b143096cc8865b428cfacf49f37c9ab85ba35fb0e0073bf6d1bc418dc62c,1,12.646960258483887,1.0,12.646960258483887,0.9999967813491821,0.19,1,True,ResNet50,R0_original_reproduction,2024,sealed_test,R0_ResNet50_seed2024
E-0E39078E4B7123FE85D1F1AB.jpeg,/kaggle/input/datasets/hintrngia/gate7-test-seal/opaque_test_images/images/E-0E39078E4B7123FE85D1F1AB.jpeg,2a9b9fafd5000ad7478cd55f50c2492feae5f59c8f83e5ad2614e944a20556ee,0,-8.183459281921387,1.0,-8.183459281921387,0.0002791563456412405,0.19,0,True,ResNet50,R0_original_reproduction,2024,sealed_test,R0_ResNet50_seed2024
E-0EC40EF8BFB36413530D0421.jpeg,/kaggle/input/datasets/hintrngia/gate7-test-seal/opaque_test_images/images/E-0EC40EF8BFB36413530D0421.jpeg,44ace9c7e388cf75bf7788e16cd980532efcc8ca03cea000f0a790738e986c3f,1,6.436792373657227,1.0,6.436792373657227,0.9984009861946106,0.19,1,True,ResNet50,R0_original_reproduction,2024,sealed_test,R0_ResNet50_seed2024
E-0F5EA482B52904F189BFD623.jpeg,/kaggle/input/datasets/hintrngia/gate7-test-seal/opaque_test_images/images/E-0F5EA482B52904F189BFD623.jpeg,d5fc4de1434c9df5154668db05ee575859384af16221c4fe37f790fbca537c2b,1,7.869003772735596,1.0,7.869003772735596,0.9996176958084106,0.19,1,True,ResNet50,R0_original_reproduction,2024,sealed_test,R0_ResNet50_seed2024
E-0FD1D42FE404BA223671B41A.jpeg,/kaggle/input/datasets/hintrngia/gate7-test-seal/opaque_test_images/images/E-0FD1D42FE404BA223671B41A.jpeg,cbade042d1c0fa596d87d6ad0456d5d3b675cf9ddcf9d608d09ad8b7f9372d30,0,4.171167850494385,1.0,4.171167850494385,0.9848003387451172,0.19,1,False,ResNet50,R0_original_reproduction,2024,sealed_test,R0_ResNet50_seed2024
E-0FEEE8693E2F1AC86DB85BE0.jpeg,/kaggle/input/datasets/hintrngia/gate7-test-seal/opaque_test_images/images/E-0FEEE8693E2F1AC86DB85BE0.jpeg,5c81940bf4b0306c3d8a4e9291ab95b741061888d88a6746062eb8e4b50c7fcf,1,17.431461334228516,1.0,17.431461334228516,1.0,0.19,1,True,ResNet50,R0_original_reproduction,2024,sealed_test,R0_ResNet50_seed2024
E-10122FEF2BEC78B8604665DC.jpeg,/kaggle/input/datasets/hintrngia/gate7-test-seal/opaque_test_images/images/E-10122FEF2BEC78B8604665DC.jpeg,72a62fc947e3e1242cbf05b198df2af5cdcfc16e635a19c8251fe55bb3f19682,0,-2.106900215148926,1.0,-2.106900215148926,0.10842795670032501,0.19,0,True,ResNet50,R0_original_reproduction,2024,sealed_test,R0_ResNet50_seed2024
E-1076D687778E83A7B293826C.jpeg,/kaggle/input/datasets/hintrngia/gate7-test-seal/opaque_test_images/images/E-1076D687778E83A7B293826C.jpeg,5a38f254e14791b766c25df003a123132a39d0581c7f94f2f299546a67617788,0,-7.79282808303833,1.0,-7.79282808303833,0.0004125138802919537,0.19,0,True,ResNet50,R0_original_reproduction,2024,sealed_test,R0_ResNet50_seed2024
E-109B4F80B16CC74124F0EB25.jpeg,/kaggle/input/datasets/hintrngia/gate7-test-seal/opaque_test_images/images/E-109B4F80B16CC74124F0EB25.jpeg,d533d145db225e97f34b3b6e247868d4269d2f1029e8598375d0f75ed725e549,1,19.176132202148438,1.0,19.176132202148438,1.0,0.19,1,True,ResNet50,R0_original_reproduction,2024,sealed_test,R0_ResNet50_seed2024
E-10FEC5D206E4A3A02E4F32C9.jpeg,/kaggle/input/datasets/hintrngia/gate7-test-seal/opaque_test_images/images/E-10FEC5D206E4A3A02E4F32C9.jpeg,fae2085830a4c703c36348b3ccc2a5ddfd741c86f12dbef48d4a8a31726ae773,0,1.2075450420379639,1.0,1.2075450420379639,0.7698643207550049,0.19,1,False,ResNet50,R0_original_reproduction,2024,sealed_test,R0_ResNet50_seed2024
E-12043407621A447E48583339.jpeg,/kaggle/input/datasets/hintrngia/gate7-test-seal/opaque_test_images/images/E-12043407621A447E48583339.jpeg,7c7d1f47a2f07cda005da4bb3eda02d3e6c21f2c97875cde122ce4c781e7d809,0,-11.056440353393555,1.0,-11.056440353393555,1.57849117385922e-05,0.19,0,True,ResNet50,R0_original_reproduction,2024,sealed_test,R0_ResNet50_seed2024
E-12203C07DBCC1245FE0EF32C.jpeg,/kaggle/input/datasets/hintrngia/gate7-test-seal/opaque_test_images/images/E-12203C07DBCC1245FE0EF32C.jpeg,d37b22926539a026feacff794cfa34a1c27142738acfeb67d6de7fddc5de049b,1,9.482987403869629,1.0,9.482987403869629,0.999923825263977,0.19,1,True,ResNet50,R0_original_reproduction,2024,sealed_test,R0_ResNet50_seed2024
E-122745006C7E29B76E58625B.jpeg,/kaggle/input/datasets/hintrngia/gate7-test-seal/opaque_test_images/images/E-122745006C7E29B76E58625B.jpeg,f4173e8706596ed3b1c2eb8db8f2d1fadc5ab2f11498a03be63186e1d122cf42,1,13.615562438964844,1.0,13.615562438964844,0.9999988079071045,0.19,1,True,ResNet50,R0_original_reproduction,2024,sealed_test,R0_ResNet50_seed2024
E-122AE2972D58AAD6ECB09361.jpeg,/kaggle/input/datasets/hintrngia/gate7-test-seal/opaque_test_images/images/E-122AE2972D58AAD6ECB09361.jpeg,81e368471a1e0bb23f937876176251cb1cb6d442955b8e189ee78f0872911a5b,1,7.31710958480835,1.0,7.31710958480835,0.999336302280426,0.19,1,True,ResNet50,R0_original_reproduction,2024,sealed_test,R0_ResNet50_seed2024
E-1265B89238C345234A9C993B.jpeg,/kaggle/input/datasets/hintrngia/gate7-test-seal/opaque_test_images/images/E-1265B89238C345234A9C993B.jpeg,e3290b03b61f7355055cbee5fb1baa169c6f6ccba65d1f26cb40c7f0e293fa02,1,12.826687812805176,1.0,12.826687812805176,0.9999972581863403,0.19,1,True,ResNet50,R0_original_reproduction,2024,sealed_test,R0_ResNet50_seed2024
E-13174EA9795BEB62EFE9CFE3.jpeg,/kaggle/input/datasets/hintrngia/gate7-test-seal/opaque_test_images/images/E-13174EA9795BEB62EFE9CFE3.jpeg,89c833b6840bc1849bb5995fb8adf7ece83e5d4a3a2d12808ba7329ee2200bb4,0,-2.152805805206299,1.0,-2.152805805206299,0.1040693148970604,0.19,0,True,ResNet50,R0_original_reproduction,2024,sealed_test,R0_ResNet50_seed2024
E-140EB7770CC312617E660D3E.jpeg,/kaggle/input/datasets/hintrngia/gate7-test-seal/opaque_test_images/images/E-140EB7770CC312617E660D3E.jpeg,e841ca45b7bb2fea1fe4cc581e68a6a20a8efcca66639b245eaf4e00126fc214,0,4.143919944763184,1.0,4.143919944763184,0.9843870997428894,0.19,1,False,ResNet50,R0_original_reproduction,2024,sealed_test,R0_ResNet50_seed2024
E-14F7088474D83354DE80435E.jpeg,/kaggle/input/datasets/hintrngia/gate7-test-seal/opaque_test_images/images/E-14F7088474D83354DE80435E.jpeg,f56fe1e25e36159a5083e747fc429a8d91468c6c9937ad44c306595d831f70b5,1,14.276429176330566,1.0,14.276429176330566,0.9999994039535522,0.19,1,True,ResNet50,R0_original_reproduction,2024,sealed_test,R0_ResNet50_seed2024
E-15249335E932DAC7EE79173D.jpeg,/kaggle/input/datasets/hintrngia/gate7-test-seal/opaque_test_images/images/E-15249335E932DAC7EE79173D.jpeg,d86726c7c89f3d97c84a69421791888cef5bb7da468b23d63bb541f74d6055de,0,6.1964545249938965,1.0,6.1964545249938965,0.9979674220085144,0.19,1,False,ResNet50,R0_original_reproduction,2024,sealed_test,R0_ResNet50_seed2024
E-15ADBBF1486758AE3F308CAB.jpeg,/kaggle/input/datasets/hintrngia/gate7-test-seal/opaque_test_images/images/E-15ADBBF1486758AE3F308CAB.jpeg,f5b375a9e55de193d57607ed029fcb26120703fb00dec69dc74ad3442a6fbd54,0,-2.423297882080078,1.0,-2.423297882080078,0.08141327649354935,0.19,0,True,ResNet50,R0_original_reproduction,2024,sealed_test,R0_ResNet50_seed2024
E-161A88FE2BE3BC1A02A0EC87.jpeg,/kaggle/input/datasets/hintrngia/gate7-test-seal/opaque_test_images/images/E-161A88FE2BE3BC1A02A0EC87.jpeg,9999bcffb54f2563e8dc4c3f3b9a95f36e10af894d863414231ca61ce03947f9,1,13.222076416015625,1.0,13.222076416015625,0.9999982118606567,0.19,1,True,ResNet50,R0_original_reproduction,2024,sealed_test,R0_ResNet50_seed2024
E-164F2763ED63CD76D2BC0205.jpeg,/kaggle/input/datasets/hintrngia/gate7-test-seal/opaque_test_images/images/E-164F2763ED63CD76D2BC0205.jpeg,d0b01cbe27c7fceb52df8ee4734932d5045c657b2be8450b07aec76c0bf9341b,1,12.600123405456543,1.0,12.600123405456543,0.9999966621398926,0.19,1,True,ResNet50,R0_original_reproduction,2024,sealed_test,R0_ResNet50_seed2024
E-16808F814A719ECF4BF9B6FF.jpeg,/kaggle/input/datasets/hintrngia/gate7-test-seal/opaque_test_images/images/E-16808F814A719ECF4BF9B6FF.jpeg,371819f00a2ee7c3e383c7b799dda3d25e807d5ff94f9391f5e997016c540682,1,19.704328536987305,1.0,19.704328536987305,1.0,0.19,1,True,ResNet50,R0_original_reproduction,2024,sealed_test,R0_ResNet50_seed2024
E-16E04AC17A9CE052EFE7227B.jpeg,/kaggle/input/datasets/hintrngia/gate7-test-seal/opaque_test_images/images/E-16E04AC17A9CE052EFE7227B.jpeg,709bd31b819c3536136c7c8ba287cd43d226185ebb55e41bfcf7cf43d613f451,0,-8.867212295532227,1.0,-8.867212295532227,0.0001409150572726503,0.19,0,True,ResNet50,R0_original_reproduction,2024,sealed_test,R0_ResNet50_seed2024
E-17770107F8FE28B0FA07E3DD.jpeg,/kaggle/input/datasets/hintrngia/gate7-test-seal/opaque_test_images/images/E-17770107F8FE28B0FA07E3DD.jpeg,99bc6e55a2bfc8989abd0c8e59fd4379a9755a868391ded0c36a7df39afcb9db,1,15.600951194763184,1.0,15.600951194763184,0.9999998807907104,0.19,1,True,ResNet50,R0_original_reproduction,2024,sealed_test,R0_ResNet50_seed2024
E-1777E855F7110F5A72B38BC0.jpeg,/kaggle/input/datasets/hintrngia/gate7-test-seal/opaque_test_images/images/E-1777E855F7110F5A72B38BC0.jpeg,b935d180c82798bb8eaa9ab7b37eadec3a8d7eda3bdafa1d9925754d500c261e,1,10.474370956420898,1.0,10.474370956420898,0.9999717473983765,0.19,1,True,ResNet50,R0_original_reproduction,2024,sealed_test,R0_ResNet50_seed2024
E-18E16FA882305E17523BD706.jpeg,/kaggle/input/datasets/hintrngia/gate7-test-seal/opaque_test_images/images/E-18E16FA882305E17523BD706.jpeg,7a0708d6c4bd9c52746a820626f5a9333fe13a6ebd69e28232b28bc605b40d67,1,7.135733127593994,1.0,7.135733127593994,0.9992044568061829,0.19,1,True,ResNet50,R0_original_reproduction,2024,sealed_test,R0_ResNet50_seed2024
E-1930F720474F87579D9E3269.jpeg,/kaggle/input/datasets/hintrngia/gate7-test-seal/opaque_test_images/images/E-1930F720474F87579D9E3269.jpeg,f32758e58a71c948e2fb37c76f6ae7949a6ee138fded16ffa06dab3b96497fb5,1,12.863943099975586,1.0,12.863943099975586,0.9999973773956299,0.19,1,True,ResNet50,R0_original_reproduction,2024,sealed_test,R0_ResNet50_seed2024
E-198E88DB173F06A1227B639B.jpeg,/kaggle/input/datasets/hintrngia/gate7-test-seal/opaque_test_images/images/E-198E88DB173F06A1227B639B.jpeg,a6deabf34cfbf10bcfac2761cf61bbf9fd7c6eee7dfbcbf6ce251ab6c179d7d5,1,13.563360214233398,1.0,13.563360214233398,0.9999986886978149,0.19,1,True,ResNet50,R0_original_reproduction,2024,sealed_test,R0_ResNet50_seed2024
E-1A06E979246F3D9634B22BF8.jpeg,/kaggle/input/datasets/hintrngia/gate7-test-seal/opaque_test_images/images/E-1A06E979246F3D9634B22BF8.jpeg,21523b6098d884e1f353f1c52d550d6b1f2b14ffad3921c1f81a550d4e1455d7,1,15.696808815002441,1.0,15.696808815002441,0.9999998807907104,0.19,1,True,ResNet50,R0_original_reproduction,2024,sealed_test,R0_ResNet50_seed2024
E-1AB87E34D161C9BA7D3E97FF.jpeg,/kaggle/input/datasets/hintrngia/gate7-test-seal/opaque_test_images/images/E-1AB87E34D161C9BA7D3E97FF.jpeg,581cea301c5cafe94e8227e331df2a2d978182860df695e5de89c9b3ac908fce,1,12.003654479980469,1.0,12.003654479980469,0.9999939203262329,0.19,1,True,ResNet50,R0_original_reproduction,2024,sealed_test,R0_ResNet50_seed2024
E-1B21842A5792DD5F48F78503.jpeg,/kaggle/input/datasets/hintrngia/gate7-test-seal/opaque_test_images/images/E-1B21842A5792DD5F48F78503.jpeg,27af090581d985818891a06b6dc219b6b4daefdc9873e857120f8c84e89790d7,0,-7.6699700355529785,1.0,-7.6699700355529785,0.00046641420340165496,0.19,0,True,ResNet50,R0_original_reproduction,2024,sealed_test,R0_ResNet50_seed2024
E-1BA1B3070A8BF5E2A05EB030.jpeg,/kaggle/input/datasets/hintrngia/gate7-test-seal/opaque_test_images/images/E-1BA1B3070A8BF5E2A05EB030.jpeg,22eac1cbb24757b52733f74888ddae10eba536cf5e1a1a0648662080accbaa65,1,13.275430679321289,1.0,13.275430679321289,0.9999983310699463,0.19,1,True,ResNet50,R0_original_reproduction,2024,sealed_test,R0_ResNet50_seed2024
E-1BFDC56161F8D9A08434C7DB.jpeg,/kaggle/input/datasets/hintrngia/gate7-test-seal/opaque_test_images/images/E-1BFDC56161F8D9A08434C7DB.jpeg,c2812aff83b83795a1b77eeca9927f6bd3ab7d74b71ec4657b524f192ecc8473,1,17.25469398498535,1.0,17.25469398498535,1.0,0.19,1,True,ResNet50,R0_original_reproduction,2024,sealed_test,R0_ResNet50_seed2024
E-1C01167959292A05DAE44CDF.jpeg,/kaggle/input/datasets/hintrngia/gate7-test-seal/opaque_test_images/images/E-1C01167959292A05DAE44CDF.jpeg,abbe15892336cdfef05660a619550c40e9e9866001a18481852c244663c762c4,0,0.6595627665519714,1.0,0.6595627665519714,0.659162163734436,0.19,1,False,ResNet50,R0_original_reproduction,2024,sealed_test,R0_ResNet50_seed2024
E-1CB064BC53C686DF263FAC5B.jpeg,/kaggle/input/datasets/hintrngia/gate7-test-seal/opaque_test_images/images/E-1CB064BC53C686DF263FAC5B.jpeg,5f8abf0ff22a7a8cc92d8fb42bb2c2885fd6aad420765cafa265c0ffa7524162,1,11.859452247619629,1.0,11.859452247619629,0.9999929666519165,0.19,1,True,ResNet50,R0_original_reproduction,2024,sealed_test,R0_ResNet50_seed2024
E-1CD733F975EEA9866186ED41.jpeg,/kaggle/input/datasets/hintrngia/gate7-test-seal/opaque_test_images/images/E-1CD733F975EEA9866186ED41.jpeg,d475c68baf6e3339e4c461b62b7b680cabf736e84f047eb66535cd295bf634a8,0,7.299344539642334,1.0,7.299344539642334,0.9993244409561157,0.19,1,False,ResNet50,R0_original_reproduction,2024,sealed_test,R0_ResNet50_seed2024
E-1D857FD687C1FB778C40EAC3.jpeg,/kaggle/input/datasets/hintrngia/gate7-test-seal/opaque_test_images/images/E-1D857FD687C1FB778C40EAC3.jpeg,678f13f9bdabd6c132751185a5d5ab7553f9f400ff306743c6f9fcd2b09669ec,1,14.12690258026123,1.0,14.12690258026123,0.9999992847442627,0.19,1,True,ResNet50,R0_original_reproduction,2024,sealed_test,R0_ResNet50_seed2024
E-1D8F0A4F52296E3C31DEE257.jpeg,/kaggle/input/datasets/hintrngia/gate7-test-seal/opaque_test_images/images/E-1D8F0A4F52296E3C31DEE257.jpeg,d45c9ed8961a3f8a7b17c82d81a13c98133a7a645d224aeab51f9f956d6b0ab1,0,5.133544445037842,1.0,5.133544445037842,0.9941389560699463,0.19,1,False,ResNet50,R0_original_reproduction,2024,sealed_test,R0_ResNet50_seed2024
E-1DFFC9DB4D449DDF6E528A4D.jpeg,/kaggle/input/datasets/hintrngia/gate7-test-seal/opaque_test_images/images/E-1DFFC9DB4D449DDF6E528A4D.jpeg,5c9cf440cd9d76c59b84774d70a467340c186f6b58297a66f06abac2eaae8f02,1,15.073452949523926,1.0,15.073452949523926,0.9999997615814209,0.19,1,True,ResNet50,R0_original_reproduction,2024,sealed_test,R0_ResNet50_seed2024
E-1E9FE221A1C2B4582F9ECDCD.jpeg,/kaggle/input/datasets/hintrngia/gate7-test-seal/opaque_test_images/images/E-1E9FE221A1C2B4582F9ECDCD.jpeg,409f0f6c0f8a5b8ed4e0645633b07812aff5991aaee75bbe48044711a55c7c2c,0,4.833499431610107,1.0,4.833499431610107,0.992104172706604,0.19,1,False,ResNet50,R0_original_reproduction,2024,sealed_test,R0_ResNet50_seed2024
E-1EB8B33502A8B73A3B2B0222.jpeg,/kaggle/input/datasets/hintrngia/gate7-test-seal/opaque_test_images/images/E-1EB8B33502A8B73A3B2B0222.jpeg,bb01a8b00a0829ba7dc5abfe57176224afd28f68535d1e17f58480e82e798a78,0,-1.9284418821334839,1.0,-1.9284418821334839,0.12692314386367798,0.19,0,True,ResNet50,R0_original_reproduction,2024,sealed_test,R0_ResNet50_seed2024
E-1FCDAB12838ADD0874568CAD.jpeg,/kaggle/input/datasets/hintrngia/gate7-test-seal/opaque_test_images/images/E-1FCDAB12838ADD0874568CAD.jpeg,88db134f8ed2ebd30c9fe6c68a27cc1aaed1d112331fd37d55d3dcaa9e711eac,1,13.431188583374023,1.0,13.431188583374023,0.9999985694885254,0.19,1,True,ResNet50,R0_original_reproduction,2024,sealed_test,R0_ResNet50_seed2024
E-20EC26D66D62EF8677B19AC4.jpeg,/kaggle/input/datasets/hintrngia/gate7-test-seal/opaque_test_images/images/E-20EC26D66D62EF8677B19AC4.jpeg,c24b69ad92bf23364dea5618ce54c391fad1479f7131d23600fb5011d83cd19c,1,9.075264930725098,1.0,9.075264930725098,0.9998855590820312,0.19,1,True,ResNet50,R0_original_reproduction,2024,sealed_test,R0_ResNet50_seed2024
E-216B27CEA472DABC6E419401.jpeg,/kaggle/input/datasets/hintrngia/gate7-test-seal/opaque_test_images/images/E-216B27CEA472DABC6E419401.jpeg,05f4dcb417b5aa7951b2ff9ad3523dc7740227ac1ebe8754f8004a5e2eaaa149,0,7.9444146156311035,1.0,7.9444146156311035,0.999645471572876,0.19,1,False,ResNet50,R0_original_reproduction,2024,sealed_test,R0_ResNet50_seed2024
E-2205778E24C42B86A68DEA5B.jpeg,/kaggle/input/datasets/hintrngia/gate7-test-seal/opaque_test_images/images/E-2205778E24C42B86A68DEA5B.jpeg,d4584b439945298631fc0086440bfe5b1fd35ee80817fe550643a7fc401c36e5,1,11.169206619262695,1.0,11.169206619262695,0.999985933303833,0.19,1,True,ResNet50,R0_original_reproduction,2024,sealed_test,R0_ResNet50_seed2024
E-220D81ED5B8FE3B14418B9F7.jpeg,/kaggle/input/datasets/hintrngia/gate7-test-seal/opaque_test_images/images/E-220D81ED5B8FE3B14418B9F7.jpeg,1e4137cb15e026882232f71d00691c8dd3f140a76dc6f8812103f9fd99740259,1,10.948090553283691,1.0,10.948090553283691,0.9999823570251465,0.19,1,True,ResNet50,R0_original_reproduction,2024,sealed_test,R0_ResNet50_seed2024
E-22498D3A3DEA493728959E2D.jpeg,/kaggle/input/datasets/hintrngia/gate7-test-seal/opaque_test_images/images/E-22498D3A3DEA493728959E2D.jpeg,d4a8c26b756d9c7a9c94c01dce9f7731fd1a9d28275483d2e46fae4cc16b1efb,0,-5.660722732543945,1.0,-5.660722732543945,0.003467932576313615,0.19,0,True,ResNet50,R0_original_reproduction,2024,sealed_test,R0_ResNet50_seed2024
E-227257A6740CF45FAF02E456.jpeg,/kaggle/input/datasets/hintrngia/gate7-test-seal/opaque_test_images/images/E-227257A6740CF45FAF02E456.jpeg,bd44c025ae3237da3023732c0b781b335ee4248b3b56daf97070a60829136585,1,23.624292373657227,1.0,23.624292373657227,1.0,0.19,1,True,ResNet50,R0_original_reproduction,2024,sealed_test,R0_ResNet50_seed2024
E-22775C852A8F521CD4177840.jpeg,/kaggle/input/datasets/hintrngia/gate7-test-seal/opaque_test_images/images/E-22775C852A8F521CD4177840.jpeg,216a30c1cf24f869d094666f846806e5bc51f78e9c321143c90bd72cd6e3285e,1,18.90884017944336,1.0,18.90884017944336,1.0,0.19,1,True,ResNet50,R0_original_reproduction,2024,sealed_test,R0_ResNet50_seed2024
E-2333C8D6DBAD6908B2BC6FA5.jpeg,/kaggle/input/datasets/hintrngia/gate7-test-seal/opaque_test_images/images/E-2333C8D6DBAD6908B2BC6FA5.jpeg,f751c09260461e5f7e1fa4d16b6f209c1435b9b92dfeb47464d3a7b323604c8b,0,2.8463473320007324,1.0,2.8463473320007324,0.9451295733451843,0.19,1,False,ResNet50,R0_original_reproduction,2024,sealed_test,R0_ResNet50_seed2024
E-23B2625B47B9DB1E41F75A96.jpeg,/kaggle/input/datasets/hintrngia/gate7-test-seal/opaque_test_images/images/E-23B2625B47B9DB1E41F75A96.jpeg,f00d5705774e1aa4e8e9adaca7ef2898f87fe4edfb95d0e52c77124629380e54,0,0.26695555448532104,1.0,0.26695555448532104,0.5663453936576843,0.19,1,False,ResNet50,R0_original_reproduction,2024,sealed_test,R0_ResNet50_seed2024
E-2421E46CBD5BAF2A34DB7DF7.jpeg,/kaggle/input/datasets/hintrngia/gate7-test-seal/opaque_test_images/images/E-2421E46CBD5BAF2A34DB7DF7.jpeg,82dbd924dc27222176a78223adb91fcc77498493e41ed049901a465ad64cf4b9,0,5.845468997955322,1.0,5.845468997955322,0.9971153736114502,0.19,1,False,ResNet50,R0_original_reproduction,2024,sealed_test,R0_ResNet50_seed2024
E-249D0F790293CA37A86A953B.jpeg,/kaggle/input/datasets/hintrngia/gate7-test-seal/opaque_test_images/images/E-249D0F790293CA37A86A953B.jpeg,07d2b481acc505cd26005562b07a8c4e823603d815a37e6cadde2a33cc7f6b62,0,-3.60861873626709,1.0,-3.60861873626709,0.02637476474046707,0.19,0,True,ResNet50,R0_original_reproduction,2024,sealed_test,R0_ResNet50_seed2024
E-255AD3327870404E67007BBE.jpeg,/kaggle/input/datasets/hintrngia/gate7-test-seal/opaque_test_images/images/E-255AD3327870404E67007BBE.jpeg,e553d9b75330afd2b11238917f3d5978d09d461675921a42122959995cdbe7a0,0,-7.304440975189209,1.0,-7.304440975189209,0.0006720933597534895,0.19,0,True,ResNet50,R0_original_reproduction,2024,sealed_test,R0_ResNet50_seed2024
E-256958BC036CED77CAAB2A55.jpeg,/kaggle/input/datasets/hintrngia/gate7-test-seal/opaque_test_images/images/E-256958BC036CED77CAAB2A55.jpeg,44260268645a29bb52e54627f727d43be0611fdd6b675e836a07c6543fe4720c,0,-1.2681007385253906,1.0,-1.2681007385253906,0.21958255767822266,0.19,1,False,ResNet50,R0_original_reproduction,2024,sealed_test,R0_ResNet50_seed2024
E-256DAF4ED5EF802DA442CC9E.jpeg,/kaggle/input/datasets/hintrngia/gate7-test-seal/opaque_test_images/images/E-256DAF4ED5EF802DA442CC9E.jpeg,9546e0d9e94bbb9864048893a3aa18da9ec9c4164dc73847a0b5ad87a130a13e,1,14.047865867614746,1.0,14.047865867614746,0.9999991655349731,0.19,1,True,ResNet50,R0_original_reproduction,2024,sealed_test,R0_ResNet50_seed2024
E-2619153901A709A1746D626F.jpeg,/kaggle/input/datasets/hintrngia/gate7-test-seal/opaque_test_images/images/E-2619153901A709A1746D626F.jpeg,4b4fb2cf430094c9f7797661961a9ed7f46f03c15a199b8d12893517e8069747,1,13.694331169128418,1.0,13.694331169128418,0.999998927116394,0.19,1,True,ResNet50,R0_original_reproduction,2024,sealed_test,R0_ResNet50_seed2024
E-2687EE079ACC808ECA63C6D8.jpeg,/kaggle/input/datasets/hintrngia/gate7-test-seal/opaque_test_images/images/E-2687EE079ACC808ECA63C6D8.jpeg,09243f360dc56f8b5513afb152c348f41a2af0b47dd42c4e1f17713e6b6c36b3,0,-5.3705973625183105,1.0,-5.3705973625183105,0.004629817325621843,0.19,0,True,ResNet50,R0_original_reproduction,2024,sealed_test,R0_ResNet50_seed2024
E-27404BABF4A6D57866A6C088.jpeg,/kaggle/input/datasets/hintrngia/gate7-test-seal/opaque_test_images/images/E-27404BABF4A6D57866A6C088.jpeg,ee3bd582440acaa580c0d2ca36d802138a8982d643ee799ee6eabd0257f27601,1,5.1989030838012695,1.0,5.1989030838012695,0.9945077300071716,0.19,1,True,ResNet50,R0_original_reproduction,2024,sealed_test,R0_ResNet50_seed2024
E-27404CE6940223E0B5545A57.jpeg,/kaggle/input/datasets/hintrngia/gate7-test-seal/opaque_test_images/images/E-27404CE6940223E0B5545A57.jpeg,78ace49aa81f1848ee990c333f5e91a54318204fad1e96d1cb59f6179c544779,0,-5.86993932723999,1.0,-5.86993932723999,0.002815097337588668,0.19,0,True,ResNet50,R0_original_reproduction,2024,sealed_test,R0_ResNet50_seed2024
E-27953489AE598B7A220F3024.jpeg,/kaggle/input/datasets/hintrngia/gate7-test-seal/opaque_test_images/images/E-27953489AE598B7A220F3024.jpeg,130d172ed7797c9cec4b5a7901ba39727797070f1ff01cf15260aa9176e485a4,1,10.276777267456055,1.0,10.276777267456055,0.9999655485153198,0.19,1,True,ResNet50,R0_original_reproduction,2024,sealed_test,R0_ResNet50_seed2024
E-27CB8C5547C9A02B732E155D.jpeg,/kaggle/input/datasets/hintrngia/gate7-test-seal/opaque_test_images/images/E-27CB8C5547C9A02B732E155D.jpeg,2ee206cb4d2e5948079e6cc90c63a498a147f0fd7a0a9565423ff96ab2f64867,1,12.68524169921875,1.0,12.68524169921875,0.9999969005584717,0.19,1,True,ResNet50,R0_original_reproduction,2024,sealed_test,R0_ResNet50_seed2024
E-27F1066567C002B097B89456.jpeg,/kaggle/input/datasets/hintrngia/gate7-test-seal/opaque_test_images/images/E-27F1066567C002B097B89456.jpeg,7e4ae8516816db7f3e0362b42ebd98a3a0f244e462ffdffce74ec7beff17b44b,1,13.932665824890137,1.0,13.932665824890137,0.9999991655349731,0.19,1,True,ResNet50,R0_original_reproduction,2024,sealed_test,R0_ResNet50_seed2024
E-280031A047E47DC7EA750C62.jpeg,/kaggle/input/datasets/hintrngia/gate7-test-seal/opaque_test_images/images/E-280031A047E47DC7EA750C62.jpeg,aa0d938780b50b9a8aeb01eef7909e217002f864d76f285b305387bb90c4bca7,0,-7.384298324584961,1.0,-7.384298324584961,0.0006205409299582243,0.19,0,True,ResNet50,R0_original_reproduction,2024,sealed_test,R0_ResNet50_seed2024
E-28020DB22FEE86C7B17E72DA.jpeg,/kaggle/input/datasets/hintrngia/gate7-test-seal/opaque_test_images/images/E-28020DB22FEE86C7B17E72DA.jpeg,b65d75dba66ade2f0eca44640c0cadc18dccb17f25707c6152dd797695475d58,0,-0.34249845147132874,1.0,-0.34249845147132874,0.4152027368545532,0.19,1,False,ResNet50,R0_original_reproduction,2024,sealed_test,R0_ResNet50_seed2024
E-28234EA54B2F1B13D8D5995E.jpeg,/kaggle/input/datasets/hintrngia/gate7-test-seal/opaque_test_images/images/E-28234EA54B2F1B13D8D5995E.jpeg,1266232157dbef06850fc27a1d70b24bf7a690d382e6036ce93b068dd2733fc6,0,-1.5406830310821533,1.0,-1.5406830310821533,0.17643600702285767,0.19,0,True,ResNet50,R0_original_reproduction,2024,sealed_test,R0_ResNet50_seed2024
E-282403A76BC1DA32B0187AC0.jpeg,/kaggle/input/datasets/hintrngia/gate7-test-seal/opaque_test_images/images/E-282403A76BC1DA32B0187AC0.jpeg,f8784902581c5ed039654675aa91837b7dfdc9420d99ac7e427ed86fcb613702,1,16.224184036254883,1.0,16.224184036254883,0.9999998807907104,0.19,1,True,ResNet50,R0_original_reproduction,2024,sealed_test,R0_ResNet50_seed2024
E-2846E0E8133523F9FDDD8141.jpeg,/kaggle/input/datasets/hintrngia/gate7-test-seal/opaque_test_images/images/E-2846E0E8133523F9FDDD8141.jpeg,0dde6f12edf2c513b930bea3fbae2b8e39f393fd814560ceeed00fc1c9a8e281,1,16.243494033813477,1.0,16.243494033813477,0.9999998807907104,0.19,1,True,ResNet50,R0_original_reproduction,2024,sealed_test,R0_ResNet50_seed2024
E-28CAAFCB1AFEEA2D46764B17.jpeg,/kaggle/input/datasets/hintrngia/gate7-test-seal/opaque_test_images/images/E-28CAAFCB1AFEEA2D46764B17.jpeg,100ad9b7d16cc0dde503eccf84392087e68912291ed251c21ecc0378b7f5774f,0,4.015850067138672,1.0,4.015850067138672,0.982291579246521,0.19,1,False,ResNet50,R0_original_reproduction,2024,sealed_test,R0_ResNet50_seed2024
E-29AE82E82E5A6A48DC6D8B99.jpeg,/kaggle/input/datasets/hintrngia/gate7-test-seal/opaque_test_images/images/E-29AE82E82E5A6A48DC6D8B99.jpeg,6996504cf378e5eb39b3d84585cc895a4261434813747a3258e55d9399cb8862,0,-10.527923583984375,1.0,-10.527923583984375,2.6777450329973362e-05,0.19,0,True,ResNet50,R0_original_reproduction,2024,sealed_test,R0_ResNet50_seed2024
E-29BE2F615FB79027EFEFE373.jpeg,/kaggle/input/datasets/hintrngia/gate7-test-seal/opaque_test_images/images/E-29BE2F615FB79027EFEFE373.jpeg,7477fad9f2baa70070d6fc8d76ed7cee3f7ac867e032b7b2d328fdf82e6ef1a8,0,-2.2298707962036133,1.0,-2.2298707962036133,0.09709997475147247,0.19,0,True,ResNet50,R0_original_reproduction,2024,sealed_test,R0_ResNet50_seed2024
E-29EF1DE9E4C92DB852D33D31.jpeg,/kaggle/input/datasets/hintrngia/gate7-test-seal/opaque_test_images/images/E-29EF1DE9E4C92DB852D33D31.jpeg,a327ce37d22f01af4ae6ced90f6b35557a8b5f2746bdf447799ada0fb68294b9,1,13.670337677001953,1.0,13.670337677001953,0.9999988079071045,0.19,1,True,ResNet50,R0_original_reproduction,2024,sealed_test,R0_ResNet50_seed2024
E-2A062710A5F6242CF59C6538.jpeg,/kaggle/input/datasets/hintrngia/gate7-test-seal/opaque_test_images/images/E-2A062710A5F6242CF59C6538.jpeg,848804c80a1734592608a2486542659ec5631da9ac9ae408c23746cad84760cf,1,14.376797676086426,1.0,14.376797676086426,0.9999994039535522,0.19,1,True,ResNet50,R0_original_reproduction,2024,sealed_test,R0_ResNet50_seed2024
E-2B11A15AE42FC87496F8570D.jpeg,/kaggle/input/datasets/hintrngia/gate7-test-seal/opaque_test_images/images/E-2B11A15AE42FC87496F8570D.jpeg,06fb62095c82a8b51461f64edddf5c3277bf105b730911a64c9e201e32b1bb61,1,11.704109191894531,1.0,11.704109191894531,0.999991774559021,0.19,1,True,ResNet50,R0_original_reproduction,2024,sealed_test,R0_ResNet50_seed2024
E-2B3ED8EEEC10F19C79287C63.jpeg,/kaggle/input/datasets/hintrngia/gate7-test-seal/opaque_test_images/images/E-2B3ED8EEEC10F19C79287C63.jpeg,74e0e66c1baab2fcb32c11b895533f055fa84e8b43427951ee28e3a559e634a9,1,12.383456230163574,1.0,12.383456230163574,0.9999958276748657,0.19,1,True,ResNet50,R0_original_reproduction,2024,sealed_test,R0_ResNet50_seed2024
E-2B5854CC4B48DA0B2D91A602.jpeg,/kaggle/input/datasets/hintrngia/gate7-test-seal/opaque_test_images/images/E-2B5854CC4B48DA0B2D91A602.jpeg,c44e31f621d18430fda4d08865074228876e5ef6e26ae253f3ae09a7f39196af,1,17.836885452270508,1.0,17.836885452270508,1.0,0.19,1,True,ResNet50,R0_original_reproduction,2024,sealed_test,R0_ResNet50_seed2024
E-2B646E91E652E02CC65E6BA0.jpeg,/kaggle/input/datasets/hintrngia/gate7-test-seal/opaque_test_images/images/E-2B646E91E652E02CC65E6BA0.jpeg,2399707ead03e0f2824d43ba34b2a292e8c0fc3d204e3e2f6c783f846fe86fd8,0,-15.288405418395996,1.0,-15.288405418395996,2.2926077747342788e-07,0.19,0,True,ResNet50,R0_original_reproduction,2024,sealed_test,R0_ResNet50_seed2024
E-2BADA54E2907717E8F4BDC9A.jpeg,/kaggle/input/datasets/hintrngia/gate7-test-seal/opaque_test_images/images/E-2BADA54E2907717E8F4BDC9A.jpeg,26f08dc07a3490a7d77adde7f71f82df8e99a117dd0b3e53441fa1d11e5523c7,1,23.586103439331055,1.0,23.586103439331055,1.0,0.19,1,True,ResNet50,R0_original_reproduction,2024,sealed_test,R0_ResNet50_seed2024
E-2C0709EBA6450DCFB3BBB340.jpeg,/kaggle/input/datasets/hintrngia/gate7-test-seal/opaque_test_images/images/E-2C0709EBA6450DCFB3BBB340.jpeg,9723333b7edf849771fad4bba07c795399faf0622a7616243048aa8e099b0cdb,1,11.096076011657715,1.0,11.096076011657715,0.999984860420227,0.19,1,True,ResNet50,R0_original_reproduction,2024,sealed_test,R0_ResNet50_seed2024
E-2C221D35C1E05FEBC03AA2D4.jpeg,/kaggle/input/datasets/hintrngia/gate7-test-seal/opaque_test_images/images/E-2C221D35C1E05FEBC03AA2D4.jpeg,6dd4b9a8b4e255e2f926cacfee5d1bde3955a553e78fdcdb86de2087afc7783f,1,7.597511291503906,1.0,7.597511291503906,0.9994984865188599,0.19,1,True,ResNet50,R0_original_reproduction,2024,sealed_test,R0_ResNet50_seed2024
E-2CF73CF198FB9E88C6C3D7DE.jpeg,/kaggle/input/datasets/hintrngia/gate7-test-seal/opaque_test_images/images/E-2CF73CF198FB9E88C6C3D7DE.jpeg,f96e8ccf0357f1e0cd669b65fa63ecc2fe4522aae3e2d7f39dcdec7c46612870,1,7.88362979888916,1.0,7.88362979888916,0.9996232986450195,0.19,1,True,ResNet50,R0_original_reproduction,2024,sealed_test,R0_ResNet50_seed2024
E-2D1AF00166EA159B716AABC6.jpeg,/kaggle/input/datasets/hintrngia/gate7-test-seal/opaque_test_images/images/E-2D1AF00166EA159B716AABC6.jpeg,bc6a03c24e90b580ba040525d895716b3110bc950d6d604431b952e1b3a6db92,1,14.824563980102539,1.0,14.824563980102539,0.9999996423721313,0.19,1,True,ResNet50,R0_original_reproduction,2024,sealed_test,R0_ResNet50_seed2024
E-2D45432FED8C7983F922D624.jpeg,/kaggle/input/datasets/hintrngia/gate7-test-seal/opaque_test_images/images/E-2D45432FED8C7983F922D624.jpeg,d295d877bb6fde651365fbc39bd62733fa1143ea6bd9afb545d26140efb9b44f,0,-4.484370708465576,1.0,-4.484370708465576,0.011158078908920288,0.19,0,True,ResNet50,R0_original_reproduction,2024,sealed_test,R0_ResNet50_seed2024
E-2D6E0E192F8C23B3031F977A.jpeg,/kaggle/input/datasets/hintrngia/gate7-test-seal/opaque_test_images/images/E-2D6E0E192F8C23B3031F977A.jpeg,b1183de813dcf5eff13bada86e6bc0024dbf6f52344c7d3e60d8aca4ce6ce376,1,16.562501907348633,1.0,16.562501907348633,0.9999998807907104,0.19,1,True,ResNet50,R0_original_reproduction,2024,sealed_test,R0_ResNet50_seed2024
E-2E18A3584840921140CE6DC1.jpeg,/kaggle/input/datasets/hintrngia/gate7-test-seal/opaque_test_images/images/E-2E18A3584840921140CE6DC1.jpeg,da24e109c0a05f64db0767c0f6c233678caf5d729cea82729c1d806db21a5349,1,15.955205917358398,1.0,15.955205917358398,0.9999998807907104,0.19,1,True,ResNet50,R0_original_reproduction,2024,sealed_test,R0_ResNet50_seed2024
E-2E1CE41BD210CDE8752316E7.jpeg,/kaggle/input/datasets/hintrngia/gate7-test-seal/opaque_test_images/images/E-2E1CE41BD210CDE8752316E7.jpeg,34c51022bd340b4c6fd477f2a0387d441fb3165c72dbfda83df40007c888bdcc,1,15.592204093933105,1.0,15.592204093933105,0.9999998807907104,0.19,1,True,ResNet50,R0_original_reproduction,2024,sealed_test,R0_ResNet50_seed2024
E-2E5A7542906DF30860229F6C.jpeg,/kaggle/input/datasets/hintrngia/gate7-test-seal/opaque_test_images/images/E-2E5A7542906DF30860229F6C.jpeg,0dc25896eab28c18a16318c304c572adf8f893ee7817dd272562c4883e2bf9ca,0,0.6887072324752808,1.0,0.6887072324752808,0.6656792759895325,0.19,1,False,ResNet50,R0_original_reproduction,2024,sealed_test,R0_ResNet50_seed2024
E-2EF68DC43B40F0B4E171097F.jpeg,/kaggle/input/datasets/hintrngia/gate7-test-seal/opaque_test_images/images/E-2EF68DC43B40F0B4E171097F.jpeg,7b4863c386e4d822ccdf169c5902e214ca2dbc168242ac45644b5c0c82aeb644,0,-11.945828437805176,1.0,-11.945828437805176,6.486191978183342e-06,0.19,0,True,ResNet50,R0_original_reproduction,2024,sealed_test,R0_ResNet50_seed2024
E-2F1280EB519AB6C482662FF3.jpeg,/kaggle/input/datasets/hintrngia/gate7-test-seal/opaque_test_images/images/E-2F1280EB519AB6C482662FF3.jpeg,00b902736ee2da017487edd348d27b1bdef2ba5bec89039b8be42af5f97d6401,1,22.03660011291504,1.0,22.03660011291504,1.0,0.19,1,True,ResNet50,R0_original_reproduction,2024,sealed_test,R0_ResNet50_seed2024
E-2F227E134B6699426A9E9AB9.jpeg,/kaggle/input/datasets/hintrngia/gate7-test-seal/opaque_test_images/images/E-2F227E134B6699426A9E9AB9.jpeg,2d46360976db341fc5f624aa56081ebf90f975620424035881c2a452e11bc764,0,-1.116369605064392,1.0,-1.116369605064392,0.24668531119823456,0.19,1,False,ResNet50,R0_original_reproduction,2024,sealed_test,R0_ResNet50_seed2024
E-2F5E9CF0C3839769BD6D37AD.jpeg,/kaggle/input/datasets/hintrngia/gate7-test-seal/opaque_test_images/images/E-2F5E9CF0C3839769BD6D37AD.jpeg,23a6157210bf7a7f0df93de9e79e559b6767c1c72db0756d9af0e49046545903,0,-2.5215601921081543,1.0,-2.5215601921081543,0.07436048984527588,0.19,0,True,ResNet50,R0_original_reproduction,2024,sealed_test,R0_ResNet50_seed2024
E-2F88FDC3B85BAB2F5C8D148B.jpeg,/kaggle/input/datasets/hintrngia/gate7-test-seal/opaque_test_images/images/E-2F88FDC3B85BAB2F5C8D148B.jpeg,7836079645f02303e7217355eb1c183e013647b0a1b4c7e5321092fb36fd9783,0,-3.918619155883789,1.0,-3.918619155883789,0.019481444731354713,0.19,0,True,ResNet50,R0_original_reproduction,2024,sealed_test,R0_ResNet50_seed2024
E-2FE8163291326B69AE3384A4.jpeg,/kaggle/input/datasets/hintrngia/gate7-test-seal/opaque_test_images/images/E-2FE8163291326B69AE3384A4.jpeg,c790488952e063cce879027b7240f16bbdc62979e522d73a0cca9915e12cdd8d,1,12.224512100219727,1.0,12.224512100219727,0.9999951124191284,0.19,1,True,ResNet50,R0_original_reproduction,2024,sealed_test,R0_ResNet50_seed2024
E-2FFDF6C840ACD989D379039D.jpeg,/kaggle/input/datasets/hintrngia/gate7-test-seal/opaque_test_images/images/E-2FFDF6C840ACD989D379039D.jpeg,16266d18a221e37f17d6e5ab982ed3fa73c557e461985fc1b1d345ac41d2a376,1,12.221552848815918,1.0,12.221552848815918,0.9999951124191284,0.19,1,True,ResNet50,R0_original_reproduction,2024,sealed_test,R0_ResNet50_seed2024
E-30421FA65AB177DCD15E84C4.jpeg,/kaggle/input/datasets/hintrngia/gate7-test-seal/opaque_test_images/images/E-30421FA65AB177DCD15E84C4.jpeg,f08a120ad4440206393b5abee732ce7a23097a2ac225f55c268b175bc252f7cf,1,16.625078201293945,1.0,16.625078201293945,0.9999998807907104,0.19,1,True,ResNet50,R0_original_reproduction,2024,sealed_test,R0_ResNet50_seed2024
E-30646B8F0606EC1389096749.jpeg,/kaggle/input/datasets/hintrngia/gate7-test-seal/opaque_test_images/images/E-30646B8F0606EC1389096749.jpeg,33c890471bde89ee5a6b3d1c952a88a9779b9b378d2bd6014743d6250e4b7569,1,10.626777648925781,1.0,10.626777648925781,0.9999758005142212,0.19,1,True,ResNet50,R0_original_reproduction,2024,sealed_test,R0_ResNet50_seed2024
E-306538194ADB5E9E447B7A10.jpeg,/kaggle/input/datasets/hintrngia/gate7-test-seal/opaque_test_images/images/E-306538194ADB5E9E447B7A10.jpeg,1d14b06e9837eae4c935cec40198f32e00bca73a9db4b9e60389be1451250786,0,-10.27071762084961,1.0,-10.27071762084961,3.463131724856794e-05,0.19,0,True,ResNet50,R0_original_reproduction,2024,sealed_test,R0_ResNet50_seed2024
E-30A3696132E5E4FED2A16887.jpeg,/kaggle/input/datasets/hintrngia/gate7-test-seal/opaque_test_images/images/E-30A3696132E5E4FED2A16887.jpeg,95cbf255c6e38580250eefc33782dfb68e6ab7c27f593158b78c3fd071a3d062,1,14.316899299621582,1.0,14.316899299621582,0.9999994039535522,0.19,1,True,ResNet50,R0_original_reproduction,2024,sealed_test,R0_ResNet50_seed2024
E-30AD4317D78709FF4EE96421.jpeg,/kaggle/input/datasets/hintrngia/gate7-test-seal/opaque_test_images/images/E-30AD4317D78709FF4EE96421.jpeg,d1a02657dcd792aa30ba5aaaccab6f59d73700b4efeaa4584f74fe61fa1fda6c,1,5.667454242706299,1.0,5.667454242706299,0.9965552091598511,0.19,1,True,ResNet50,R0_original_reproduction,2024,sealed_test,R0_ResNet50_seed2024
E-30D08A77BEFB791F5A0D6A82.jpeg,/kaggle/input/datasets/hintrngia/gate7-test-seal/opaque_test_images/images/E-30D08A77BEFB791F5A0D6A82.jpeg,3a846563f2ef495c06bdf489a303c94ef1f053e81bf08d72206f34c0b9e2e85b,1,14.824714660644531,1.0,14.824714660644531,0.9999996423721313,0.19,1,True,ResNet50,R0_original_reproduction,2024,sealed_test,R0_ResNet50_seed2024
E-3119D069A782A6B1A771DE31.jpeg,/kaggle/input/datasets/hintrngia/gate7-test-seal/opaque_test_images/images/E-3119D069A782A6B1A771DE31.jpeg,fda27b13cc2b36f08bb883d2934ed382aa0eb57ce9df6edbba7dc40c0f0455b4,1,12.22067928314209,1.0,12.22067928314209,0.9999951124191284,0.19,1,True,ResNet50,R0_original_reproduction,2024,sealed_test,R0_ResNet50_seed2024
E-323D367CA90ED0E19BDFAFD3.jpeg,/kaggle/input/datasets/hintrngia/gate7-test-seal/opaque_test_images/images/E-323D367CA90ED0E19BDFAFD3.jpeg,55fa3dbaaf3bf3adc3a15a3a503cc5b3fb8840c8386ac81d61e7253fc850ff36,0,2.4584109783172607,1.0,2.4584109783172607,0.9211743474006653,0.19,1,False,ResNet50,R0_original_reproduction,2024,sealed_test,R0_ResNet50_seed2024
E-3404488769B3E1C1468C9504.jpeg,/kaggle/input/datasets/hintrngia/gate7-test-seal/opaque_test_images/images/E-3404488769B3E1C1468C9504.jpeg,1f5f318a79b80bdc09dcbed55e3e81d7d96e8567a2d25b6b7834c36cb26563f5,0,0.8106451034545898,1.0,0.8106451034545898,0.6922469735145569,0.19,1,False,ResNet50,R0_original_reproduction,2024,sealed_test,R0_ResNet50_seed2024
E-34F1EC1610A5EE487250D760.jpeg,/kaggle/input/datasets/hintrngia/gate7-test-seal/opaque_test_images/images/E-34F1EC1610A5EE487250D760.jpeg,bd0e541dba2a237d9b64da42694ad20f6ce712a14963c59d0ceea5c0bb5b0e6e,1,14.575761795043945,1.0,14.575761795043945,0.9999995231628418,0.19,1,True,ResNet50,R0_original_reproduction,2024,sealed_test,R0_ResNet50_seed2024
E-356724F699656483BAD8D3CE.jpeg,/kaggle/input/datasets/hintrngia/gate7-test-seal/opaque_test_images/images/E-356724F699656483BAD8D3CE.jpeg,0011f2ca9802c97b1f1b83f5aa8458a3a3a39239809aefdbd251f3a026058e13,1,19.66182518005371,1.0,19.66182518005371,1.0,0.19,1,True,ResNet50,R0_original_reproduction,2024,sealed_test,R0_ResNet50_seed2024
E-35B27BD953FEF292D054A383.jpeg,/kaggle/input/datasets/hintrngia/gate7-test-seal/opaque_test_images/images/E-35B27BD953FEF292D054A383.jpeg,9bf2593745508f3a928790d0960c1839f54162163fca695c8592b2c40f24e184,1,14.2827730178833,1.0,14.2827730178833,0.9999994039535522,0.19,1,True,ResNet50,R0_original_reproduction,2024,sealed_test,R0_ResNet50_seed2024
E-363663F96D1CACF6FC09606C.jpeg,/kaggle/input/datasets/hintrngia/gate7-test-seal/opaque_test_images/images/E-363663F96D1CACF6FC09606C.jpeg,26996a9fb02df1ce71488e6cc63e477381c3922a8161a34e555861618292f934,0,7.9269208908081055,1.0,7.9269208908081055,0.9996392726898193,0.19,1,False,ResNet50,R0_original_reproduction,2024,sealed_test,R0_ResNet50_seed2024
E-367B50E50253C79AE91E1F36.jpeg,/kaggle/input/datasets/hintrngia/gate7-test-seal/opaque_test_images/images/E-367B50E50253C79AE91E1F36.jpeg,98269f75432bf72d2b4673bdae147a6ab658d0002f1bc5dc157c8a2d5686f368,1,20.746225357055664,1.0,20.746225357055664,1.0,0.19,1,True,ResNet50,R0_original_reproduction,2024,sealed_test,R0_ResNet50_seed2024
E-36FB7A78C2BFA1A3824C3EFA.jpeg,/kaggle/input/datasets/hintrngia/gate7-test-seal/opaque_test_images/images/E-36FB7A78C2BFA1A3824C3EFA.jpeg,c1efcd170c5209ba26f40d6986a9553c09df6460aec48574f2361c6b9957c709,0,1.3752455711364746,1.0,1.3752455711364746,0.7982262969017029,0.19,1,False,ResNet50,R0_original_reproduction,2024,sealed_test,R0_ResNet50_seed2024
E-3758B3D753B6B88DC476CE46.jpeg,/kaggle/input/datasets/hintrngia/gate7-test-seal/opaque_test_images/images/E-3758B3D753B6B88DC476CE46.jpeg,224e3dc54ef02ccf5991b58a115e4e23da48081e5ef7bfe46004852e91daa54e,1,9.631260871887207,1.0,9.631260871887207,0.9999343156814575,0.19,1,True,ResNet50,R0_original_reproduction,2024,sealed_test,R0_ResNet50_seed2024
E-375AAB65241F3BBBA6B73700.jpeg,/kaggle/input/datasets/hintrngia/gate7-test-seal/opaque_test_images/images/E-375AAB65241F3BBBA6B73700.jpeg,4dd2c63f50e1faeda72402dbf27e99b37f2ad28474f2449ecc19daa5adfb3704,1,6.358363628387451,1.0,6.358363628387451,0.9982707500457764,0.19,1,True,ResNet50,R0_original_reproduction,2024,sealed_test,R0_ResNet50_seed2024
E-385E1375DA0902379A030847.jpeg,/kaggle/input/datasets/hintrngia/gate7-test-seal/opaque_test_images/images/E-385E1375DA0902379A030847.jpeg,53a8177667feecb01255b9568dc196a72d582d7d9f9b8c99fb64a97be10ed289,1,16.654138565063477,1.0,16.654138565063477,1.0,0.19,1,True,ResNet50,R0_original_reproduction,2024,sealed_test,R0_ResNet50_seed2024
E-386D019ED9E9E8244987AC20.jpeg,/kaggle/input/datasets/hintrngia/gate7-test-seal/opaque_test_images/images/E-386D019ED9E9E8244987AC20.jpeg,4bc44b50e807ef8dbfe2f8c9fdfaefc4a2e84f64928dac37854309b0187191f8,1,13.530187606811523,1.0,13.530187606811523,0.9999986886978149,0.19,1,True,ResNet50,R0_original_reproduction,2024,sealed_test,R0_ResNet50_seed2024
E-3885CDFAB7D6ED729423EEE7.jpeg,/kaggle/input/datasets/hintrngia/gate7-test-seal/opaque_test_images/images/E-3885CDFAB7D6ED729423EEE7.jpeg,59e4e97f7aa8247cb30db9b2d420f041a54f551db0f9a7729adf3ca5ee595428,1,14.384373664855957,1.0,14.384373664855957,0.9999994039535522,0.19,1,True,ResNet50,R0_original_reproduction,2024,sealed_test,R0_ResNet50_seed2024
E-389E3D715B1EE13D8F44873E.jpeg,/kaggle/input/datasets/hintrngia/gate7-test-seal/opaque_test_images/images/E-389E3D715B1EE13D8F44873E.jpeg,fc68bc09adb06a3180fd9e026262584bb134d1e99cbf3a1ea55bee636db4911d,1,16.51072883605957,1.0,16.51072883605957,0.9999998807907104,0.19,1,True,ResNet50,R0_original_reproduction,2024,sealed_test,R0_ResNet50_seed2024
E-38EA4A04FE4226E639FBF843.jpeg,/kaggle/input/datasets/hintrngia/gate7-test-seal/opaque_test_images/images/E-38EA4A04FE4226E639FBF843.jpeg,dfb4e7b7b96746cde5796d473f1667680020b2ca38cc7d69757c7a3f7e2a7f90,1,14.548181533813477,1.0,14.548181533813477,0.9999995231628418,0.19,1,True,ResNet50,R0_original_reproduction,2024,sealed_test,R0_ResNet50_seed2024
E-395A4E5740B489A75924AFC6.jpeg,/kaggle/input/datasets/hintrngia/gate7-test-seal/opaque_test_images/images/E-395A4E5740B489A75924AFC6.jpeg,e47695861b0de7a6c86db32897bc3ebfa2bbbfc9ee41e7ce3cb185a437430e33,1,15.74203109741211,1.0,15.74203109741211,0.9999998807907104,0.19,1,True,ResNet50,R0_original_reproduction,2024,sealed_test,R0_ResNet50_seed2024
E-3A88DDC7965EE983F5F6F40A.jpeg,/kaggle/input/datasets/hintrngia/gate7-test-seal/opaque_test_images/images/E-3A88DDC7965EE983F5F6F40A.jpeg,b7050231acc393a641c84863e23f90abd0d53329dc879e731021200d6ca1854d,0,8.389358520507812,1.0,8.389358520507812,0.9997727274894714,0.19,1,False,ResNet50,R0_original_reproduction,2024,sealed_test,R0_ResNet50_seed2024
E-3AC987E53985CBAF71C33ABC.jpeg,/kaggle/input/datasets/hintrngia/gate7-test-seal/opaque_test_images/images/E-3AC987E53985CBAF71C33ABC.jpeg,34178254618df75b1a48004050b088dadcbfe266fe34007c03ccfb03c94f8e58,1,11.599125862121582,1.0,11.599125862121582,0.9999908208847046,0.19,1,True,ResNet50,R0_original_reproduction,2024,sealed_test,R0_ResNet50_seed2024
E-3B865A0E9283DC8B3D382B5F.jpeg,/kaggle/input/datasets/hintrngia/gate7-test-seal/opaque_test_images/images/E-3B865A0E9283DC8B3D382B5F.jpeg,098546dad09a43daea8b83c0ab00f5fc5c67812f83f23bee9d70224601d58c9d,0,6.184669017791748,1.0,6.184669017791748,0.9979434609413147,0.19,1,False,ResNet50,R0_original_reproduction,2024,sealed_test,R0_ResNet50_seed2024
E-3B966213EC84AA8549E827ED.jpeg,/kaggle/input/datasets/hintrngia/gate7-test-seal/opaque_test_images/images/E-3B966213EC84AA8549E827ED.jpeg,2e88bac95d7f81b17f4d783dd61409481e14dc9229877c1a57b87e1b2081fcba,0,-11.467905044555664,1.0,-11.467905044555664,1.04603823274374e-05,0.19,0,True,ResNet50,R0_original_reproduction,2024,sealed_test,R0_ResNet50_seed2024
E-3BAF076F7A3CCFA717726328.jpeg,/kaggle/input/datasets/hintrngia/gate7-test-seal/opaque_test_images/images/E-3BAF076F7A3CCFA717726328.jpeg,1083d3e18423959ce021c502dcb732d190b67e33fb2931cb0cf1b9d758f68825,0,-4.422131538391113,1.0,-4.422131538391113,0.011866112239658833,0.19,0,True,ResNet50,R0_original_reproduction,2024,sealed_test,R0_ResNet50_seed2024
E-3BECE4CDA0A85284DA31B117.jpeg,/kaggle/input/datasets/hintrngia/gate7-test-seal/opaque_test_images/images/E-3BECE4CDA0A85284DA31B117.jpeg,38e03d6fba9f711cca4a287429501eabf4e07ef6b541427e0de2732f51ce4229,0,-0.8138121366500854,1.0,-0.8138121366500854,0.3070787489414215,0.19,1,False,ResNet50,R0_original_reproduction,2024,sealed_test,R0_ResNet50_seed2024
E-3CDC26A6EA10463230C9B355.jpeg,/kaggle/input/datasets/hintrngia/gate7-test-seal/opaque_test_images/images/E-3CDC26A6EA10463230C9B355.jpeg,381f2366b3646702b95997e0fe8def6a30abd4b905564f58188aa3422945c072,1,14.275225639343262,1.0,14.275225639343262,0.9999994039535522,0.19,1,True,ResNet50,R0_original_reproduction,2024,sealed_test,R0_ResNet50_seed2024
E-3D66EC3C4F2D4073FE577EEA.jpeg,/kaggle/input/datasets/hintrngia/gate7-test-seal/opaque_test_images/images/E-3D66EC3C4F2D4073FE577EEA.jpeg,042b1112a30ab548765daa5ef839e2f114a009e01034003ab1118c483990fee3,0,-2.202877998352051,1.0,-2.202877998352051,0.09949233382940292,0.19,0,True,ResNet50,R0_original_reproduction,2024,sealed_test,R0_ResNet50_seed2024
E-3DF66FDBCB0D150D88048AF9.jpeg,/kaggle/input/datasets/hintrngia/gate7-test-seal/opaque_test_images/images/E-3DF66FDBCB0D150D88048AF9.jpeg,dc924bea8e2a0eed357b6c45f68edb0ec2ec1e89d56b58c7945fe514e1091bd4,0,-2.4003777503967285,1.0,-2.4003777503967285,0.08314388990402222,0.19,0,True,ResNet50,R0_original_reproduction,2024,sealed_test,R0_ResNet50_seed2024
E-3E14DA01764F6308337EF519.jpeg,/kaggle/input/datasets/hintrngia/gate7-test-seal/opaque_test_images/images/E-3E14DA01764F6308337EF519.jpeg,9c9362820a864766b548872adc2ac75249b1ea74d6ac7939f9b4cfa5929bef3b,0,-9.42206859588623,1.0,-9.42206859588623,8.091191557468846e-05,0.19,0,True,ResNet50,R0_original_reproduction,2024,sealed_test,R0_ResNet50_seed2024
E-3EB4BE73D28C1518A6A12685.jpeg,/kaggle/input/datasets/hintrngia/gate7-test-seal/opaque_test_images/images/E-3EB4BE73D28C1518A6A12685.jpeg,229ccfca30ef2f47de5366d1098b7d1d3c49c41783938420053da56ec2ad4860,1,12.21262264251709,1.0,12.21262264251709,0.9999949932098389,0.19,1,True,ResNet50,R0_original_reproduction,2024,sealed_test,R0_ResNet50_seed2024
E-3EE44AE94277438C05396D19.jpeg,/kaggle/input/datasets/hintrngia/gate7-test-seal/opaque_test_images/images/E-3EE44AE94277438C05396D19.jpeg,3081cc3bd2747eadc0a9a8073d69c3daebf1543d3b661348731224d1b290d429,1,4.728612899780273,1.0,4.728612899780273,0.9912386536598206,0.19,1,True,ResNet50,R0_original_reproduction,2024,sealed_test,R0_ResNet50_seed2024
E-3FBBF838483306D1CCDA4494.jpeg,/kaggle/input/datasets/hintrngia/gate7-test-seal/opaque_test_images/images/E-3FBBF838483306D1CCDA4494.jpeg,cdc4ea39809c180647f41077b2d07db67384e67637e57539b0258824c9e0dedf,0,9.402474403381348,1.0,9.402474403381348,0.9999175071716309,0.19,1,False,ResNet50,R0_original_reproduction,2024,sealed_test,R0_ResNet50_seed2024
E-3FDEDBC260670A6FB73D2E0F.jpeg,/kaggle/input/datasets/hintrngia/gate7-test-seal/opaque_test_images/images/E-3FDEDBC260670A6FB73D2E0F.jpeg,9385ad7c540c1f16b1b5b7d34407955defbf293d9a219d2fcf2935aedcd84de3,1,14.034183502197266,1.0,14.034183502197266,0.9999991655349731,0.19,1,True,ResNet50,R0_original_reproduction,2024,sealed_test,R0_ResNet50_seed2024
E-401B5DEDAD367F085127D1DA.jpeg,/kaggle/input/datasets/hintrngia/gate7-test-seal/opaque_test_images/images/E-401B5DEDAD367F085127D1DA.jpeg,dac4f08d944df558f3331b6b0e479aabe4ba767074e6fdb423fbbce95aaa8551,1,4.307162761688232,1.0,4.307162761688232,0.986707329750061,0.19,1,True,ResNet50,R0_original_reproduction,2024,sealed_test,R0_ResNet50_seed2024
E-40343A1557F0DEE776C593C8.jpeg,/kaggle/input/datasets/hintrngia/gate7-test-seal/opaque_test_images/images/E-40343A1557F0DEE776C593C8.jpeg,17f40e197e6107e5d99d9569360f0ccd5b26c321b2800b84e9fc9c190ff59c34,1,16.549837112426758,1.0,16.549837112426758,0.9999998807907104,0.19,1,True,ResNet50,R0_original_reproduction,2024,sealed_test,R0_ResNet50_seed2024
E-4046BD9A7EFC52997E7F52F2.jpeg,/kaggle/input/datasets/hintrngia/gate7-test-seal/opaque_test_images/images/E-4046BD9A7EFC52997E7F52F2.jpeg,2043b944727b1573ee323bb8066fda38ea53fcf4d85f9d2d72829f0bc27e6827,0,-4.9246063232421875,1.0,-4.9246063232421875,0.007213178090751171,0.19,0,True,ResNet50,R0_original_reproduction,2024,sealed_test,R0_ResNet50_seed2024
E-406074BA5921EC440F77F26A.jpeg,/kaggle/input/datasets/hintrngia/gate7-test-seal/opaque_test_images/images/E-406074BA5921EC440F77F26A.jpeg,c66174afaa07be98858960b1e602b038a84c206e84b1cfdbf27cac25506279da,1,12.85391616821289,1.0,12.85391616821289,0.9999973773956299,0.19,1,True,ResNet50,R0_original_reproduction,2024,sealed_test,R0_ResNet50_seed2024
E-40D9418B91304B06987F2A6E.jpeg,/kaggle/input/datasets/hintrngia/gate7-test-seal/opaque_test_images/images/E-40D9418B91304B06987F2A6E.jpeg,d9b499be5be33bfbe68f6b6e20ebfb8447712e79ef0ac824abc6eecebc4db374,0,1.1439138650894165,1.0,1.1439138650894165,0.7583974599838257,0.19,1,False,ResNet50,R0_original_reproduction,2024,sealed_test,R0_ResNet50_seed2024
E-413F8D18FEECE1A2DC61DF57.jpeg,/kaggle/input/datasets/hintrngia/gate7-test-seal/opaque_test_images/images/E-413F8D18FEECE1A2DC61DF57.jpeg,09156e5fd095c2e36569fd6eb17f075afc5474736f5ab346d977976f49f2f56a,1,9.963587760925293,1.0,9.963587760925293,0.9999529123306274,0.19,1,True,ResNet50,R0_original_reproduction,2024,sealed_test,R0_ResNet50_seed2024
E-4329094918EDAAADE18246AB.jpeg,/kaggle/input/datasets/hintrngia/gate7-test-seal/opaque_test_images/images/E-4329094918EDAAADE18246AB.jpeg,d7b8b8a1b783b859b2c487ad1673d6c4cbe40e4b1f273d5efe9ee196dcc49237,1,12.920048713684082,1.0,12.920048713684082,0.9999974966049194,0.19,1,True,ResNet50,R0_original_reproduction,2024,sealed_test,R0_ResNet50_seed2024
E-43C1522BF98678DD7A28E7A9.jpeg,/kaggle/input/datasets/hintrngia/gate7-test-seal/opaque_test_images/images/E-43C1522BF98678DD7A28E7A9.jpeg,4ba221b94dc77ef2e3663231b816fcf07d411067e8d09b40e72e707bc157c4cd,1,8.232995986938477,1.0,8.232995986938477,0.9997343420982361,0.19,1,True,ResNet50,R0_original_reproduction,2024,sealed_test,R0_ResNet50_seed2024
E-443A80FA1DE791815F946FF9.jpeg,/kaggle/input/datasets/hintrngia/gate7-test-seal/opaque_test_images/images/E-443A80FA1DE791815F946FF9.jpeg,69a4c05578a96b6ba75fbef746671bdd4039c73d743da8ec75b8746df09092a7,1,14.069319725036621,1.0,14.069319725036621,0.9999991655349731,0.19,1,True,ResNet50,R0_original_reproduction,2024,sealed_test,R0_ResNet50_seed2024
E-44514C5EF554734471B7DB78.jpeg,/kaggle/input/datasets/hintrngia/gate7-test-seal/opaque_test_images/images/E-44514C5EF554734471B7DB78.jpeg,71ce0f0e29a2a2a16d0afb5c889cbcd7cfeceeafdc067f2321fe06f45474bd3b,1,11.803993225097656,1.0,11.803993225097656,0.9999924898147583,0.19,1,True,ResNet50,R0_original_reproduction,2024,sealed_test,R0_ResNet50_seed2024
E-44BF14DBF8A5FE52BF53ED2E.jpeg,/kaggle/input/datasets/hintrngia/gate7-test-seal/opaque_test_images/images/E-44BF14DBF8A5FE52BF53ED2E.jpeg,ed111227fc363b2717d298723594874430947004b86d31f419ae7530d3c774e3,0,-1.7904551029205322,1.0,-1.7904551029205322,0.14301694929599762,0.19,0,True,ResNet50,R0_original_reproduction,2024,sealed_test,R0_ResNet50_seed2024
E-45193CC0AFA58B157A25ADED.jpeg,/kaggle/input/datasets/hintrngia/gate7-test-seal/opaque_test_images/images/E-45193CC0AFA58B157A25ADED.jpeg,4062cf87aa3192572310625cc15c8dd49c9751d3a9fc88759490976aa1cdfbc1,1,7.40261697769165,1.0,7.40261697769165,0.999390721321106,0.19,1,True,ResNet50,R0_original_reproduction,2024,sealed_test,R0_ResNet50_seed2024
E-454CEAC954BC89E888B2ADCD.jpeg,/kaggle/input/datasets/hintrngia/gate7-test-seal/opaque_test_images/images/E-454CEAC954BC89E888B2ADCD.jpeg,06ddc86bac9b0c8b6fdabe8d1b69b6c9cd0dc5f0197a8cf9056d064ee84d8d64,0,4.958632469177246,1.0,4.958632469177246,0.9930264949798584,0.19,1,False,ResNet50,R0_original_reproduction,2024,sealed_test,R0_ResNet50_seed2024
E-456EED1392F29B61EF397029.jpeg,/kaggle/input/datasets/hintrngia/gate7-test-seal/opaque_test_images/images/E-456EED1392F29B61EF397029.jpeg,d5d83bf9cd371fc57cbdb96332857d4863fbc0557ed6b54648016f472121af7c,0,-10.69172191619873,1.0,-10.69172191619873,2.2731825083610602e-05,0.19,0,True,ResNet50,R0_original_reproduction,2024,sealed_test,R0_ResNet50_seed2024
E-461D4288AFA12BE0E4A18AA0.jpeg,/kaggle/input/datasets/hintrngia/gate7-test-seal/opaque_test_images/images/E-461D4288AFA12BE0E4A18AA0.jpeg,dd261d559829f19f19d3780ae658ba1aa6045a89d9fd67574cf97325572482ff,0,-2.8141043186187744,1.0,-2.8141043186187744,0.0565667487680912,0.19,0,True,ResNet50,R0_original_reproduction,2024,sealed_test,R0_ResNet50_seed2024
E-46BF295CEBEFBE9927A0D038.jpeg,/kaggle/input/datasets/hintrngia/gate7-test-seal/opaque_test_images/images/E-46BF295CEBEFBE9927A0D038.jpeg,514afd0fa610117fbfef0e6e5b81a4d73a24815827594119af684fb8d0b2f8e2,1,14.585149765014648,1.0,14.585149765014648,0.9999995231628418,0.19,1,True,ResNet50,R0_original_reproduction,2024,sealed_test,R0_ResNet50_seed2024
E-46D50543C5430ABE6E20C5F4.jpeg,/kaggle/input/datasets/hintrngia/gate7-test-seal/opaque_test_images/images/E-46D50543C5430ABE6E20C5F4.jpeg,463874182bc08239eb7508b56ae337e7445a7015e1d3e5db0a28e31c64003ef3,1,13.376723289489746,1.0,13.376723289489746,0.9999984502792358,0.19,1,True,ResNet50,R0_original_reproduction,2024,sealed_test,R0_ResNet50_seed2024
E-47080ACF9F207EB21662EAAE.jpeg,/kaggle/input/datasets/hintrngia/gate7-test-seal/opaque_test_images/images/E-47080ACF9F207EB21662EAAE.jpeg,265f3aeba7b3288d1af7d734c6bc1d106579cd8938d803bf540296f600f6503c,0,1.0491905212402344,1.0,1.0491905212402344,0.740619421005249,0.19,1,False,ResNet50,R0_original_reproduction,2024,sealed_test,R0_ResNet50_seed2024
E-4777E0B685A5A21CBE529785.jpeg,/kaggle/input/datasets/hintrngia/gate7-test-seal/opaque_test_images/images/E-4777E0B685A5A21CBE529785.jpeg,fca6a6e6451bd1248ee625048db12a6a314f6f870df2b48b963ff94aa1b50509,1,10.217047691345215,1.0,10.217047691345215,0.9999634027481079,0.19,1,True,ResNet50,R0_original_reproduction,2024,sealed_test,R0_ResNet50_seed2024
E-486B8449BBB4980D87EAF7C8.jpeg,/kaggle/input/datasets/hintrngia/gate7-test-seal/opaque_test_images/images/E-486B8449BBB4980D87EAF7C8.jpeg,821de117ac8ee8d2e0597898a39f0d2811f5c3682338776c8ed987814d89f0ae,1,14.440770149230957,1.0,14.440770149230957,0.9999995231628418,0.19,1,True,ResNet50,R0_original_reproduction,2024,sealed_test,R0_ResNet50_seed2024
E-48844DAC015FFA68E3EE0592.jpeg,/kaggle/input/datasets/hintrngia/gate7-test-seal/opaque_test_images/images/E-48844DAC015FFA68E3EE0592.jpeg,8abd24adc883d2ce8e600cde0146d4cd91a1301f9e4de3a93e221b97a0c6d784,1,15.841076850891113,1.0,15.841076850891113,0.9999998807907104,0.19,1,True,ResNet50,R0_original_reproduction,2024,sealed_test,R0_ResNet50_seed2024
E-49242814B9EA69A753EF358A.jpeg,/kaggle/input/datasets/hintrngia/gate7-test-seal/opaque_test_images/images/E-49242814B9EA69A753EF358A.jpeg,f8b13ce9016516046826729e6bd52c1c07aa58a75ed0164f265b6d8667f17821,1,21.70038414001465,1.0,21.70038414001465,1.0,0.19,1,True,ResNet50,R0_original_reproduction,2024,sealed_test,R0_ResNet50_seed2024
E-493EEC3DA40D44B1B939672E.jpeg,/kaggle/input/datasets/hintrngia/gate7-test-seal/opaque_test_images/images/E-493EEC3DA40D44B1B939672E.jpeg,7ae8498e470d84dac1ec28110667074b599af4dfa373b3dd6c70cbebc088864f,0,-4.429170608520508,1.0,-4.429170608520508,0.011783860623836517,0.19,0,True,ResNet50,R0_original_reproduction,2024,sealed_test,R0_ResNet50_seed2024
E-495CCF4B80249DCFC79F39CD.jpeg,/kaggle/input/datasets/hintrngia/gate7-test-seal/opaque_test_images/images/E-495CCF4B80249DCFC79F39CD.jpeg,66cc7864b04b414f77eb85588785a60bf816a691036fc2a625a3d32c4fb4c593,1,14.516413688659668,1.0,14.516413688659668,0.9999995231628418,0.19,1,True,ResNet50,R0_original_reproduction,2024,sealed_test,R0_ResNet50_seed2024
E-4979FABF7A92A329B6F3454A.jpeg,/kaggle/input/datasets/hintrngia/gate7-test-seal/opaque_test_images/images/E-4979FABF7A92A329B6F3454A.jpeg,0866b550af9ea16cb96e7f43bb702f72fb06e01080f93a653aed6768eef5f8c1,0,-3.7092671394348145,1.0,-3.7092671394348145,0.023909786716103554,0.19,0,True,ResNet50,R0_original_reproduction,2024,sealed_test,R0_ResNet50_seed2024
E-4A8FAE62AA0D8304829F8D9D.jpeg,/kaggle/input/datasets/hintrngia/gate7-test-seal/opaque_test_images/images/E-4A8FAE62AA0D8304829F8D9D.jpeg,463177af6a7e92bb5f053439a02ef42f8a45bb9e35a89029122d207efc489ee0,1,16.81254768371582,1.0,16.81254768371582,1.0,0.19,1,True,ResNet50,R0_original_reproduction,2024,sealed_test,R0_ResNet50_seed2024
E-4ABB9674EE6B432628CE1BB9.jpeg,/kaggle/input/datasets/hintrngia/gate7-test-seal/opaque_test_images/images/E-4ABB9674EE6B432628CE1BB9.jpeg,c536683b588066d0eb7f6978f58801887c668ff718c3a5bbd75110440dfa25f4,1,16.618976593017578,1.0,16.618976593017578,0.9999998807907104,0.19,1,True,ResNet50,R0_original_reproduction,2024,sealed_test,R0_ResNet50_seed2024
E-4B226940C3B52BA5D40FAA1B.jpeg,/kaggle/input/datasets/hintrngia/gate7-test-seal/opaque_test_images/images/E-4B226940C3B52BA5D40FAA1B.jpeg,a4c08f59d1f5953d5597c25be10deb114af5cbdd01691917a9a35e91840397d5,1,7.613549709320068,1.0,7.613549709320068,0.9995064735412598,0.19,1,True,ResNet50,R0_original_reproduction,2024,sealed_test,R0_ResNet50_seed2024
E-4B97630FB65DE326125E1DE1.jpeg,/kaggle/input/datasets/hintrngia/gate7-test-seal/opaque_test_images/images/E-4B97630FB65DE326125E1DE1.jpeg,fea046d013a42240a5f33f532730a3c3f55f0ff29e01ddd47ad6ac60bf7cc9bf,1,11.599637031555176,1.0,11.599637031555176,0.9999908208847046,0.19,1,True,ResNet50,R0_original_reproduction,2024,sealed_test,R0_ResNet50_seed2024
E-4CD621F54B4CE1FFE56684FC.jpeg,/kaggle/input/datasets/hintrngia/gate7-test-seal/opaque_test_images/images/E-4CD621F54B4CE1FFE56684FC.jpeg,f94ea6ba762ada33f1b9a3f159fa7c9d1f3f2c6cb01fcdae85da4c8974b3de8e,1,11.747530937194824,1.0,11.747530937194824,0.9999921321868896,0.19,1,True,ResNet50,R0_original_reproduction,2024,sealed_test,R0_ResNet50_seed2024
E-4D0DE726581DB05A158AFF70.jpeg,/kaggle/input/datasets/hintrngia/gate7-test-seal/opaque_test_images/images/E-4D0DE726581DB05A158AFF70.jpeg,039f38ef400878bd8877de7579c5abc277ce848818d608ea587da864c59779ab,1,14.4777193069458,1.0,14.4777193069458,0.9999995231628418,0.19,1,True,ResNet50,R0_original_reproduction,2024,sealed_test,R0_ResNet50_seed2024
E-4D712153CFC5E13A3143438D.jpeg,/kaggle/input/datasets/hintrngia/gate7-test-seal/opaque_test_images/images/E-4D712153CFC5E13A3143438D.jpeg,5664cfdef0117ba45cfb70f2c558653f7d06e395819aaae214d1db93d1d6cae1,1,7.374478816986084,1.0,7.374478816986084,0.9993733763694763,0.19,1,True,ResNet50,R0_original_reproduction,2024,sealed_test,R0_ResNet50_seed2024
E-4DC17175D7AEAD8BDBA5134F.jpeg,/kaggle/input/datasets/hintrngia/gate7-test-seal/opaque_test_images/images/E-4DC17175D7AEAD8BDBA5134F.jpeg,9d666ee1972f5842bdcf77bc7761e8bf41edc37d8edf55d2aead0ccf83013106,0,8.352743148803711,1.0,8.352743148803711,0.9997642636299133,0.19,1,False,ResNet50,R0_original_reproduction,2024,sealed_test,R0_ResNet50_seed2024
E-4DC53EB9C7BE78D82210E4F7.jpeg,/kaggle/input/datasets/hintrngia/gate7-test-seal/opaque_test_images/images/E-4DC53EB9C7BE78D82210E4F7.jpeg,70a82835fb1feca303f8fcc06c57deae2c499b43421140916e3dcd32fc56fc9a,0,-9.50740909576416,1.0,-9.50740909576416,7.429377728840336e-05,0.19,0,True,ResNet50,R0_original_reproduction,2024,sealed_test,R0_ResNet50_seed2024
E-4E8C176C98FC448B916D7733.jpeg,/kaggle/input/datasets/hintrngia/gate7-test-seal/opaque_test_images/images/E-4E8C176C98FC448B916D7733.jpeg,d83dc895ecb121be2e9496f528eeee0d673ff53683864ebeed508f543a46e35c,1,19.353696823120117,1.0,19.353696823120117,1.0,0.19,1,True,ResNet50,R0_original_reproduction,2024,sealed_test,R0_ResNet50_seed2024
E-4ECDFB53D69F173B29C6E0CF.jpeg,/kaggle/input/datasets/hintrngia/gate7-test-seal/opaque_test_images/images/E-4ECDFB53D69F173B29C6E0CF.jpeg,4d7f97dd0bf482641c39670ca503283d2d420c1c0d9265b246efe5dfb361091f,0,-4.062121391296387,1.0,-4.062121391296387,0.016921211034059525,0.19,0,True,ResNet50,R0_original_reproduction,2024,sealed_test,R0_ResNet50_seed2024
E-4EF60BAC7742EF1823C11677.jpeg,/kaggle/input/datasets/hintrngia/gate7-test-seal/opaque_test_images/images/E-4EF60BAC7742EF1823C11677.jpeg,24b785aaa09da2f13be00ab9c214aa1d372cc6dee4d58b02c5df776babe29285,1,13.642814636230469,1.0,13.642814636230469,0.9999988079071045,0.19,1,True,ResNet50,R0_original_reproduction,2024,sealed_test,R0_ResNet50_seed2024
E-4F056CDA2271C2B20DA0AC96.jpeg,/kaggle/input/datasets/hintrngia/gate7-test-seal/opaque_test_images/images/E-4F056CDA2271C2B20DA0AC96.jpeg,09206ffe61816d99e86380ccb6e2ebbff60ca2194d814a483f628690c739551e,1,17.97147560119629,1.0,17.97147560119629,1.0,0.19,1,True,ResNet50,R0_original_reproduction,2024,sealed_test,R0_ResNet50_seed2024
E-4F0B093D46C7DDBA649CDCBB.jpeg,/kaggle/input/datasets/hintrngia/gate7-test-seal/opaque_test_images/images/E-4F0B093D46C7DDBA649CDCBB.jpeg,9ca185ee893a2c6bf5a1f88c74bcdb0923df1391d34d72db78a2547fa5629a05,1,15.90868091583252,1.0,15.90868091583252,0.9999998807907104,0.19,1,True,ResNet50,R0_original_reproduction,2024,sealed_test,R0_ResNet50_seed2024
E-4F18C9F59223CD9D0CA81789.jpeg,/kaggle/input/datasets/hintrngia/gate7-test-seal/opaque_test_images/images/E-4F18C9F59223CD9D0CA81789.jpeg,c88d24ecb5fea438d7ef244f79ce0d0d960e9320090b6df1db87b2c071a0af27,0,3.984269380569458,1.0,3.984269380569458,0.9817337989807129,0.19,1,False,ResNet50,R0_original_reproduction,2024,sealed_test,R0_ResNet50_seed2024
E-4F2111E0309E7262BD979299.jpeg,/kaggle/input/datasets/hintrngia/gate7-test-seal/opaque_test_images/images/E-4F2111E0309E7262BD979299.jpeg,0f04a7aadcc4162a7e26920bbeca988c2f5546133cba97cb1b21e3b1016e816d,1,9.76554012298584,1.0,9.76554012298584,0.9999426603317261,0.19,1,True,ResNet50,R0_original_reproduction,2024,sealed_test,R0_ResNet50_seed2024
E-4F8936292AEAC1CA80527399.jpeg,/kaggle/input/datasets/hintrngia/gate7-test-seal/opaque_test_images/images/E-4F8936292AEAC1CA80527399.jpeg,9ff8f29324e9c768ee88a52ca973d7b0b7d637151f35cdf941bb10d28dbf96e2,1,13.61818790435791,1.0,13.61818790435791,0.9999988079071045,0.19,1,True,ResNet50,R0_original_reproduction,2024,sealed_test,R0_ResNet50_seed2024
E-4FD02A2327F94B6A431ED017.jpeg,/kaggle/input/datasets/hintrngia/gate7-test-seal/opaque_test_images/images/E-4FD02A2327F94B6A431ED017.jpeg,f5ff6456f9d0f128e7b6dd1fe6ef68d8eeae15c027832d59e837df4ca670cffd,1,15.784963607788086,1.0,15.784963607788086,0.9999998807907104,0.19,1,True,ResNet50,R0_original_reproduction,2024,sealed_test,R0_ResNet50_seed2024
E-5039A9DBD74C64F001CB1CCB.jpeg,/kaggle/input/datasets/hintrngia/gate7-test-seal/opaque_test_images/images/E-5039A9DBD74C64F001CB1CCB.jpeg,1454a05d539624c11b2442e90eb9f31759a9c8792febf07b456fa2368793a19e,1,9.58814525604248,1.0,9.58814525604248,0.9999314546585083,0.19,1,True,ResNet50,R0_original_reproduction,2024,sealed_test,R0_ResNet50_seed2024
E-51D4F8DE77EB625F8DCD5416.jpeg,/kaggle/input/datasets/hintrngia/gate7-test-seal/opaque_test_images/images/E-51D4F8DE77EB625F8DCD5416.jpeg,eadb2f45e5daa4bdc5a06806986661124a7f522a0e0769d8cb3790bac45d65fb,0,8.4412260055542,1.0,8.4412260055542,0.9997842907905579,0.19,1,False,ResNet50,R0_original_reproduction,2024,sealed_test,R0_ResNet50_seed2024
E-526B06375CFC214C979608FC.jpeg,/kaggle/input/datasets/hintrngia/gate7-test-seal/opaque_test_images/images/E-526B06375CFC214C979608FC.jpeg,b4829fa1a3bbe6e542abf6f667cb5725796021a09d897590f3b525e7d0b5cdb1,1,15.72933292388916,1.0,15.72933292388916,0.9999998807907104,0.19,1,True,ResNet50,R0_original_reproduction,2024,sealed_test,R0_ResNet50_seed2024
E-52C6A15CA9D10D2703E182C2.jpeg,/kaggle/input/datasets/hintrngia/gate7-test-seal/opaque_test_images/images/E-52C6A15CA9D10D2703E182C2.jpeg,b55b95e65ba8a7bcaf35f2d371570f5eef568fd1cac90aecd217461ffab14656,1,12.195556640625,1.0,12.195556640625,0.9999949932098389,0.19,1,True,ResNet50,R0_original_reproduction,2024,sealed_test,R0_ResNet50_seed2024
E-533051D0E7EA2BEF309F4807.jpeg,/kaggle/input/datasets/hintrngia/gate7-test-seal/opaque_test_images/images/E-533051D0E7EA2BEF309F4807.jpeg,7d674d50a020c24a9b93784d6b7458f55e649bf057f79cc153ca0b6a9b5c7102,1,12.61750602722168,1.0,12.61750602722168,0.9999966621398926,0.19,1,True,ResNet50,R0_original_reproduction,2024,sealed_test,R0_ResNet50_seed2024
E-533D2B8D1BEC637864B5C038.jpeg,/kaggle/input/datasets/hintrngia/gate7-test-seal/opaque_test_images/images/E-533D2B8D1BEC637864B5C038.jpeg,77984637bb9a929c789934f27ddc991e7807c6ad8fdcaee0fa37619e412ea2c9,1,11.340315818786621,1.0,11.340315818786621,0.9999880790710449,0.19,1,True,ResNet50,R0_original_reproduction,2024,sealed_test,R0_ResNet50_seed2024
E-5397A7CEB38FBE7578FD7941.jpeg,/kaggle/input/datasets/hintrngia/gate7-test-seal/opaque_test_images/images/E-5397A7CEB38FBE7578FD7941.jpeg,271a66911654f15b1359187c7053892d31807a60bc0496efe7f2e15556c2923f,1,8.91981315612793,1.0,8.91981315612793,0.999866247177124,0.19,1,True,ResNet50,R0_original_reproduction,2024,sealed_test,R0_ResNet50_seed2024
E-553251CD7F9B14F8EC5ABC92.jpeg,/kaggle/input/datasets/hintrngia/gate7-test-seal/opaque_test_images/images/E-553251CD7F9B14F8EC5ABC92.jpeg,52856ee9c64f61fba5aaf2bf40bb189a5b233e1cf6cd3d025dd20673c500016d,1,7.907436847686768,1.0,7.907436847686768,0.9996321201324463,0.19,1,True,ResNet50,R0_original_reproduction,2024,sealed_test,R0_ResNet50_seed2024
E-55B47AAFB95CBB935E6A1DD9.jpeg,/kaggle/input/datasets/hintrngia/gate7-test-seal/opaque_test_images/images/E-55B47AAFB95CBB935E6A1DD9.jpeg,4d666b01acfbee97e9e56314ba557427f72e217d036cfe3ac43282bd0665dc51,1,16.837453842163086,1.0,16.837453842163086,1.0,0.19,1,True,ResNet50,R0_original_reproduction,2024,sealed_test,R0_ResNet50_seed2024
E-55BB4929DE0B128C469784AD.jpeg,/kaggle/input/datasets/hintrngia/gate7-test-seal/opaque_test_images/images/E-55BB4929DE0B128C469784AD.jpeg,63cd01e8c01d299129a69567cf4b3bff77eef1edc0ffa7aef00068371a107b3d,1,10.299538612365723,1.0,10.299538612365723,0.9999663829803467,0.19,1,True,ResNet50,R0_original_reproduction,2024,sealed_test,R0_ResNet50_seed2024
E-55F059ED3BB72FAD418A344C.jpeg,/kaggle/input/datasets/hintrngia/gate7-test-seal/opaque_test_images/images/E-55F059ED3BB72FAD418A344C.jpeg,e8b7572e65082e9482b651df5dd2afc0f412e735d3f43f70092dc84da7a92f6a,1,9.857230186462402,1.0,9.857230186462402,0.9999476671218872,0.19,1,True,ResNet50,R0_original_reproduction,2024,sealed_test,R0_ResNet50_seed2024
E-561860B4FA46F6A5F0667081.jpeg,/kaggle/input/datasets/hintrngia/gate7-test-seal/opaque_test_images/images/E-561860B4FA46F6A5F0667081.jpeg,57bafccd0e069f50b3c91bd1b8e910a063d8884a424e09a0a54289675cd0acc4,0,4.1245198249816895,1.0,4.1245198249816895,0.9840861558914185,0.19,1,False,ResNet50,R0_original_reproduction,2024,sealed_test,R0_ResNet50_seed2024
E-564800F9A651D95AB1E4C612.jpeg,/kaggle/input/datasets/hintrngia/gate7-test-seal/opaque_test_images/images/E-564800F9A651D95AB1E4C612.jpeg,6fa6df716e124252e68155844e3394e1be0cea44cb676d274f5693fdf1825eb2,1,12.593401908874512,1.0,12.593401908874512,0.9999966621398926,0.19,1,True,ResNet50,R0_original_reproduction,2024,sealed_test,R0_ResNet50_seed2024
E-568F48DA86D4474BF823BEC0.jpeg,/kaggle/input/datasets/hintrngia/gate7-test-seal/opaque_test_images/images/E-568F48DA86D4474BF823BEC0.jpeg,250f7244fabf48c6b580775b7496e9c3b8e0feccbe64b0a0d4cbdaebe789da23,1,13.576517105102539,1.0,13.576517105102539,0.9999986886978149,0.19,1,True,ResNet50,R0_original_reproduction,2024,sealed_test,R0_ResNet50_seed2024
E-578B0CDA326BE0D8D1D9A8C3.jpeg,/kaggle/input/datasets/hintrngia/gate7-test-seal/opaque_test_images/images/E-578B0CDA326BE0D8D1D9A8C3.jpeg,53e721016d5c42e526e281afdde9070fdf68dfce0f4652c0d6d1595cbf5f66f1,1,12.998805046081543,1.0,12.998805046081543,0.9999977350234985,0.19,1,True,ResNet50,R0_original_reproduction,2024,sealed_test,R0_ResNet50_seed2024
E-57BEC1C15CFD6C2BBAF49905.jpeg,/kaggle/input/datasets/hintrngia/gate7-test-seal/opaque_test_images/images/E-57BEC1C15CFD6C2BBAF49905.jpeg,c9cd3a8672836a8518110a2ec734375ae571c4dca5e24ab6966462996dc8e58d,0,-3.4420166015625,1.0,-3.4420166015625,0.031007835641503334,0.19,0,True,ResNet50,R0_original_reproduction,2024,sealed_test,R0_ResNet50_seed2024
E-5822F4C00AF6A5D69871506D.jpeg,/kaggle/input/datasets/hintrngia/gate7-test-seal/opaque_test_images/images/E-5822F4C00AF6A5D69871506D.jpeg,ad7a294b2012e428b7d9cd9f4460a33178d9a144ffec7868bc7f5891447c7cb1,0,-3.0612192153930664,1.0,-3.0612192153930664,0.04473556950688362,0.19,0,True,ResNet50,R0_original_reproduction,2024,sealed_test,R0_ResNet50_seed2024
E-589D47BB81324FE1C55A6FD0.jpeg,/kaggle/input/datasets/hintrngia/gate7-test-seal/opaque_test_images/images/E-589D47BB81324FE1C55A6FD0.jpeg,dd77f9588d9f1cf925b0e8997dbc04a2f010c0caeefe502d0d60d96ae41885ce,1,10.362780570983887,1.0,10.362780570983887,0.999968409538269,0.19,1,True,ResNet50,R0_original_reproduction,2024,sealed_test,R0_ResNet50_seed2024
E-58C77AA39E6EE85B1F73DD68.jpeg,/kaggle/input/datasets/hintrngia/gate7-test-seal/opaque_test_images/images/E-58C77AA39E6EE85B1F73DD68.jpeg,a3564ad0ed801e8922f7ce0aa50818f10fb0237a890c3877ffe20303e0145022,1,12.706274032592773,1.0,12.706274032592773,0.9999970197677612,0.19,1,True,ResNet50,R0_original_reproduction,2024,sealed_test,R0_ResNet50_seed2024
E-592EC4B388705AD74965EF2F.jpeg,/kaggle/input/datasets/hintrngia/gate7-test-seal/opaque_test_images/images/E-592EC4B388705AD74965EF2F.jpeg,7e115173a640b8cd3c6e62975799ed3e61ea71452cb487d254a966310c42c9d6,0,-8.772071838378906,1.0,-8.772071838378906,0.00015497808635700494,0.19,0,True,ResNet50,R0_original_reproduction,2024,sealed_test,R0_ResNet50_seed2024
E-59B1367954EB19B7214B4D84.jpeg,/kaggle/input/datasets/hintrngia/gate7-test-seal/opaque_test_images/images/E-59B1367954EB19B7214B4D84.jpeg,499d00ab891b5044cd2eb2c861594299a1f26cdab9c20f8e818405e8bac7e8c6,1,11.711931228637695,1.0,11.711931228637695,0.999991774559021,0.19,1,True,ResNet50,R0_original_reproduction,2024,sealed_test,R0_ResNet50_seed2024
E-5B6414526D82AFC46B97DB1B.jpeg,/kaggle/input/datasets/hintrngia/gate7-test-seal/opaque_test_images/images/E-5B6414526D82AFC46B97DB1B.jpeg,4fa1bfb759b7d3bda85b421d63a26d6e6ff7680b8a4f4c10543b4adf7b2c3af1,0,-9.07632064819336,1.0,-9.07632064819336,0.00011432846076786518,0.19,0,True,ResNet50,R0_original_reproduction,2024,sealed_test,R0_ResNet50_seed2024
E-5BC69A226EB003EC4D8B7D11.jpeg,/kaggle/input/datasets/hintrngia/gate7-test-seal/opaque_test_images/images/E-5BC69A226EB003EC4D8B7D11.jpeg,077cfa804985c9032311725b347c44bde958fad7b78832a0fedad7f55c8410c6,0,8.65404224395752,1.0,8.65404224395752,0.999825656414032,0.19,1,False,ResNet50,R0_original_reproduction,2024,sealed_test,R0_ResNet50_seed2024
E-5CFBD7800442A63D3D1F7CDF.jpeg,/kaggle/input/datasets/hintrngia/gate7-test-seal/opaque_test_images/images/E-5CFBD7800442A63D3D1F7CDF.jpeg,9ea43c91e2da10770d37b4c9738a97279e0d10da5eef0db031611f552db01eb5,1,14.033158302307129,1.0,14.033158302307129,0.9999991655349731,0.19,1,True,ResNet50,R0_original_reproduction,2024,sealed_test,R0_ResNet50_seed2024
E-5D45DFF01F582DAAF34DE4B9.jpeg,/kaggle/input/datasets/hintrngia/gate7-test-seal/opaque_test_images/images/E-5D45DFF01F582DAAF34DE4B9.jpeg,80b2127ad335e653ef38923849dc5c6825ab928ae56ea8417b7149d600bcba26,0,-4.58880090713501,1.0,-4.58880090713501,0.010062752291560173,0.19,0,True,ResNet50,R0_original_reproduction,2024,sealed_test,R0_ResNet50_seed2024
E-5D9AE62C62025947C08946C8.jpeg,/kaggle/input/datasets/hintrngia/gate7-test-seal/opaque_test_images/images/E-5D9AE62C62025947C08946C8.jpeg,213acd2b0ab026a8c916856db518c493cdf8210beb98978f3bdeffe37526c692,0,-5.224142074584961,1.0,-5.224142074584961,0.0053561353124678135,0.19,0,True,ResNet50,R0_original_reproduction,2024,sealed_test,R0_ResNet50_seed2024
E-5DCA1436BD3B77AEF633C9BC.jpeg,/kaggle/input/datasets/hintrngia/gate7-test-seal/opaque_test_images/images/E-5DCA1436BD3B77AEF633C9BC.jpeg,35727ab10016b89d676fdf4760ae391ad7fae6f660d0bb71d73519c9a9f93eef,1,12.17088794708252,1.0,12.17088794708252,0.9999948740005493,0.19,1,True,ResNet50,R0_original_reproduction,2024,sealed_test,R0_ResNet50_seed2024
E-5E0782F390D6D6A52B563F8C.jpeg,/kaggle/input/datasets/hintrngia/gate7-test-seal/opaque_test_images/images/E-5E0782F390D6D6A52B563F8C.jpeg,829342c1f6b1e7e675a4c63ad10a0c6487cf0d0aff0d67eb290c17a02fa1d3ca,0,-5.255883693695068,1.0,-5.255883693695068,0.005189660936594009,0.19,0,True,ResNet50,R0_original_reproduction,2024,sealed_test,R0_ResNet50_seed2024
E-5EAEF6C5A4CD493F6A4449B1.jpeg,/kaggle/input/datasets/hintrngia/gate7-test-seal/opaque_test_images/images/E-5EAEF6C5A4CD493F6A4449B1.jpeg,2aa94bf8f03f5d89ca54fedaed591e958a4cec041f22cf385b57bec1ba8ddeb4,1,24.681013107299805,1.0,24.681013107299805,1.0,0.19,1,True,ResNet50,R0_original_reproduction,2024,sealed_test,R0_ResNet50_seed2024
E-5EB53A5E9ABA53D43AB743A8.jpeg,/kaggle/input/datasets/hintrngia/gate7-test-seal/opaque_test_images/images/E-5EB53A5E9ABA53D43AB743A8.jpeg,ce041458395b1b9558a3e8d591bb01a867ebe1ba72bf5da8400be6c5cf84f729,0,-3.9494409561157227,1.0,-3.9494409561157227,0.01890132576227188,0.19,0,True,ResNet50,R0_original_reproduction,2024,sealed_test,R0_ResNet50_seed2024
E-5EEDBC687AB196AF44C3C1A7.jpeg,/kaggle/input/datasets/hintrngia/gate7-test-seal/opaque_test_images/images/E-5EEDBC687AB196AF44C3C1A7.jpeg,f011b4b662848d2d01523dcf0eabe6baf452f7c08c8b8f3b63f4ddc75b3d609e,0,10.870001792907715,1.0,10.870001792907715,0.9999809265136719,0.19,1,False,ResNet50,R0_original_reproduction,2024,sealed_test,R0_ResNet50_seed2024
E-5FBF0EE47B9EC5825E465989.jpeg,/kaggle/input/datasets/hintrngia/gate7-test-seal/opaque_test_images/images/E-5FBF0EE47B9EC5825E465989.jpeg,a1362c8305bfbc3de8e95e522364be504e5921626c73304fb9956ec901b1f7c8,0,-4.991480350494385,1.0,-4.991480350494385,0.006749728228896856,0.19,0,True,ResNet50,R0_original_reproduction,2024,sealed_test,R0_ResNet50_seed2024
E-6060B7AB38566FD26078DE5E.jpeg,/kaggle/input/datasets/hintrngia/gate7-test-seal/opaque_test_images/images/E-6060B7AB38566FD26078DE5E.jpeg,5747097f987b12bbf311f70766f3e588ad459ea16d1821e30299d063881814bd,1,13.249471664428711,1.0,13.249471664428711,0.9999982118606567,0.19,1,True,ResNet50,R0_original_reproduction,2024,sealed_test,R0_ResNet50_seed2024
E-6069B84F9CB11F6E49D80EEE.jpeg,/kaggle/input/datasets/hintrngia/gate7-test-seal/opaque_test_images/images/E-6069B84F9CB11F6E49D80EEE.jpeg,efa4acbe5526a3e3bc5c07609b856bc03bb2e7f0b3af2130623c4f348b49a78b,1,14.73148250579834,1.0,14.73148250579834,0.9999996423721313,0.19,1,True,ResNet50,R0_original_reproduction,2024,sealed_test,R0_ResNet50_seed2024
E-60F5A873652A066D02B1B5A5.jpeg,/kaggle/input/datasets/hintrngia/gate7-test-seal/opaque_test_images/images/E-60F5A873652A066D02B1B5A5.jpeg,515aa3cb01461c97520c3862635c490c485a3583446feaec8ad041cca1cc942f,0,-2.3313252925872803,1.0,-2.3313252925872803,0.08856162428855896,0.19,0,True,ResNet50,R0_original_reproduction,2024,sealed_test,R0_ResNet50_seed2024
E-6381415F7C1996D4D4A34159.jpeg,/kaggle/input/datasets/hintrngia/gate7-test-seal/opaque_test_images/images/E-6381415F7C1996D4D4A34159.jpeg,b5e9af1537d498a55824dd31c97081dcefde8da8ba3bf4e694e008f8dbb52165,1,16.47859764099121,1.0,16.47859764099121,0.9999998807907104,0.19,1,True,ResNet50,R0_original_reproduction,2024,sealed_test,R0_ResNet50_seed2024
E-638A63581494A3F6A20C2D9C.jpeg,/kaggle/input/datasets/hintrngia/gate7-test-seal/opaque_test_images/images/E-638A63581494A3F6A20C2D9C.jpeg,2b3c8f515fc91379af16eec786b457520098eb426f05139ae556fdcf4582dbfc,1,12.524892807006836,1.0,12.524892807006836,0.9999964237213135,0.19,1,True,ResNet50,R0_original_reproduction,2024,sealed_test,R0_ResNet50_seed2024
E-63992B1CACF4F12F1703298A.jpeg,/kaggle/input/datasets/hintrngia/gate7-test-seal/opaque_test_images/images/E-63992B1CACF4F12F1703298A.jpeg,be79f1f7d7d4be2fd8f739c0b68f705cf20fd6fa431d13a1ba8eee451136866e,1,22.912866592407227,1.0,22.912866592407227,1.0,0.19,1,True,ResNet50,R0_original_reproduction,2024,sealed_test,R0_ResNet50_seed2024
E-63AE2F3741553AC167D0B283.jpeg,/kaggle/input/datasets/hintrngia/gate7-test-seal/opaque_test_images/images/E-63AE2F3741553AC167D0B283.jpeg,83c7d3854ca17014b17e47e6521478113045f8d75efa48af20fc2ebab817c2de,1,16.2940731048584,1.0,16.2940731048584,0.9999998807907104,0.19,1,True,ResNet50,R0_original_reproduction,2024,sealed_test,R0_ResNet50_seed2024
E-63E40A6B7E9FE7A4F927B234.jpeg,/kaggle/input/datasets/hintrngia/gate7-test-seal/opaque_test_images/images/E-63E40A6B7E9FE7A4F927B234.jpeg,36ff1475e02b40a2e47ff11e9d480419c8baf3657bc018ba520514ba26cbeb70,1,20.273357391357422,1.0,20.273357391357422,1.0,0.19,1,True,ResNet50,R0_original_reproduction,2024,sealed_test,R0_ResNet50_seed2024
E-65DA8DEEE288B69A2ABA0D93.jpeg,/kaggle/input/datasets/hintrngia/gate7-test-seal/opaque_test_images/images/E-65DA8DEEE288B69A2ABA0D93.jpeg,b511e4611bc5a79219b2d8f0499ad35e2bcdfd00a1a78a614384b053a2cec218,0,-0.2666606307029724,1.0,-0.2666606307029724,0.43372708559036255,0.19,1,False,ResNet50,R0_original_reproduction,2024,sealed_test,R0_ResNet50_seed2024
E-668E01364723E88728E74952.jpeg,/kaggle/input/datasets/hintrngia/gate7-test-seal/opaque_test_images/images/E-668E01364723E88728E74952.jpeg,836d75422594412235dbb7ae0902f7b7bd9416580ae67895d568e54f7ff55288,1,5.73102331161499,1.0,5.73102331161499,0.9967666864395142,0.19,1,True,ResNet50,R0_original_reproduction,2024,sealed_test,R0_ResNet50_seed2024
E-67976418F9EE68ADAB32C212.jpeg,/kaggle/input/datasets/hintrngia/gate7-test-seal/opaque_test_images/images/E-67976418F9EE68ADAB32C212.jpeg,00a87cc00b02c4a95ddb8afd5deaa0304f6f46c6d4e828045b1b184b6f717415,0,-7.264660835266113,1.0,-7.264660835266113,0.0006993490969762206,0.19,0,True,ResNet50,R0_original_reproduction,2024,sealed_test,R0_ResNet50_seed2024
E-67DD9A50098EC2B26A05B2A5.jpeg,/kaggle/input/datasets/hintrngia/gate7-test-seal/opaque_test_images/images/E-67DD9A50098EC2B26A05B2A5.jpeg,bd2566a472748987f7afc5ba1de79772177c7ad4bf6a0dfc908626ce4fd12e2c,1,11.140057563781738,1.0,11.140057563781738,0.9999854564666748,0.19,1,True,ResNet50,R0_original_reproduction,2024,sealed_test,R0_ResNet50_seed2024
E-686D84A3659CC9D7D4F78A76.jpeg,/kaggle/input/datasets/hintrngia/gate7-test-seal/opaque_test_images/images/E-686D84A3659CC9D7D4F78A76.jpeg,490c4590cf747bf024d7b0dade8f79f02df328774371195c3afb191865c83210,1,13.784293174743652,1.0,13.784293174743652,0.999998927116394,0.19,1,True,ResNet50,R0_original_reproduction,2024,sealed_test,R0_ResNet50_seed2024
E-694531EEC2F253D38FF6C961.jpeg,/kaggle/input/datasets/hintrngia/gate7-test-seal/opaque_test_images/images/E-694531EEC2F253D38FF6C961.jpeg,5ad7f6a8f06ee22534836363da002b306ae774a1237a71b10e71077fe94c64c8,1,12.495931625366211,1.0,12.495931625366211,0.9999963045120239,0.19,1,True,ResNet50,R0_original_reproduction,2024,sealed_test,R0_ResNet50_seed2024
E-6A05BDB36DA005FD907C923B.jpeg,/kaggle/input/datasets/hintrngia/gate7-test-seal/opaque_test_images/images/E-6A05BDB36DA005FD907C923B.jpeg,fe77f32d6b64c076fc88d9a5c2231fd9194cc213a7d99e6c926107cc289f30ec,0,-1.4874824285507202,1.0,-1.4874824285507202,0.18429990112781525,0.19,0,True,ResNet50,R0_original_reproduction,2024,sealed_test,R0_ResNet50_seed2024
E-6A5306C12CE6D472C9266233.jpeg,/kaggle/input/datasets/hintrngia/gate7-test-seal/opaque_test_images/images/E-6A5306C12CE6D472C9266233.jpeg,a0b5fa13796790f810053d29b055df832d288d4968d56a6544a91e681b28d28e,0,5.153432846069336,1.0,5.153432846069336,0.9942536950111389,0.19,1,False,ResNet50,R0_original_reproduction,2024,sealed_test,R0_ResNet50_seed2024
E-6BC48DD14587BA36CE912C5B.jpeg,/kaggle/input/datasets/hintrngia/gate7-test-seal/opaque_test_images/images/E-6BC48DD14587BA36CE912C5B.jpeg,6a4500423ffa0fb8a6ca247f743c13e32ec06ef948add8761aee2ce4a83442c3,1,6.590205669403076,1.0,6.590205669403076,0.9986281394958496,0.19,1,True,ResNet50,R0_original_reproduction,2024,sealed_test,R0_ResNet50_seed2024
E-6BE5EE754338239D1FD0CFF8.jpeg,/kaggle/input/datasets/hintrngia/gate7-test-seal/opaque_test_images/images/E-6BE5EE754338239D1FD0CFF8.jpeg,696eea445b9d885c401f76432a1a57112176dde3f29092ce98cfd520e10848ee,0,-2.6169729232788086,1.0,-2.6169729232788086,0.06805402785539627,0.19,0,True,ResNet50,R0_original_reproduction,2024,sealed_test,R0_ResNet50_seed2024
E-6C94FB136A3DC9D9B1FE1032.jpeg,/kaggle/input/datasets/hintrngia/gate7-test-seal/opaque_test_images/images/E-6C94FB136A3DC9D9B1FE1032.jpeg,a2dc59e8dea7b21d9872767d652ef9374956883efc903dc3e45d19fbddce704a,1,10.956616401672363,1.0,10.956616401672363,0.9999825954437256,0.19,1,True,ResNet50,R0_original_reproduction,2024,sealed_test,R0_ResNet50_seed2024
E-6D0704586B336222A1287425.jpeg,/kaggle/input/datasets/hintrngia/gate7-test-seal/opaque_test_images/images/E-6D0704586B336222A1287425.jpeg,3f984871e9b1ccc1f07542d09df23ad8848065d7aac541cfe5c41b12b517827b,1,13.509369850158691,1.0,13.509369850158691,0.9999986886978149,0.19,1,True,ResNet50,R0_original_reproduction,2024,sealed_test,R0_ResNet50_seed2024
E-6E0CC002EF202B14E05CB483.jpeg,/kaggle/input/datasets/hintrngia/gate7-test-seal/opaque_test_images/images/E-6E0CC002EF202B14E05CB483.jpeg,71b35366b51ff0ec62a5667d3344795e30a5565af8ac70d5439735506cb281a4,0,-1.9991506338119507,1.0,-1.9991506338119507,0.11929212510585785,0.19,0,True,ResNet50,R0_original_reproduction,2024,sealed_test,R0_ResNet50_seed2024
E-6EBA6C5A4DF4C84E483A5386.jpeg,/kaggle/input/datasets/hintrngia/gate7-test-seal/opaque_test_images/images/E-6EBA6C5A4DF4C84E483A5386.jpeg,1770d9a3546e11b39fc18c8137f7f31398001fe716f9203710cbe8f8d4c4dc11,1,15.832444190979004,1.0,15.832444190979004,0.9999998807907104,0.19,1,True,ResNet50,R0_original_reproduction,2024,sealed_test,R0_ResNet50_seed2024
E-6EC27978DC233B9DB9F122AA.jpeg,/kaggle/input/datasets/hintrngia/gate7-test-seal/opaque_test_images/images/E-6EC27978DC233B9DB9F122AA.jpeg,1095da09d8f8846bcf17b78bbb81986c814e471c2db600e76a487b0a8d54221e,1,13.092991828918457,1.0,13.092991828918457,0.9999979734420776,0.19,1,True,ResNet50,R0_original_reproduction,2024,sealed_test,R0_ResNet50_seed2024
E-6F28FEDD07AB9152E4DF981D.jpeg,/kaggle/input/datasets/hintrngia/gate7-test-seal/opaque_test_images/images/E-6F28FEDD07AB9152E4DF981D.jpeg,459ffdb42c3d03b3c0c8069d25bdda9aa894972d11966e7afeadafc23f47be91,0,7.4070725440979,1.0,7.4070725440979,0.9993934631347656,0.19,1,False,ResNet50,R0_original_reproduction,2024,sealed_test,R0_ResNet50_seed2024
E-70432A516C7F3EE79003C9DB.jpeg,/kaggle/input/datasets/hintrngia/gate7-test-seal/opaque_test_images/images/E-70432A516C7F3EE79003C9DB.jpeg,5c7b1c6e1e67643f463d6739c26c836034921f3be6af14f2812fd1a015e0f83f,1,17.94157600402832,1.0,17.94157600402832,1.0,0.19,1,True,ResNet50,R0_original_reproduction,2024,sealed_test,R0_ResNet50_seed2024
E-7099A84860516541165864AB.jpeg,/kaggle/input/datasets/hintrngia/gate7-test-seal/opaque_test_images/images/E-7099A84860516541165864AB.jpeg,3021013407e3f4515b5c8e8800ca2cf84cc5e16392ebfdd75a660aa1b9761435,0,5.362420558929443,1.0,5.362420558929443,0.9953323006629944,0.19,1,False,ResNet50,R0_original_reproduction,2024,sealed_test,R0_ResNet50_seed2024
E-70B74D8F560B27C0B332BEC0.jpeg,/kaggle/input/datasets/hintrngia/gate7-test-seal/opaque_test_images/images/E-70B74D8F560B27C0B332BEC0.jpeg,5e3c7efbcfdb64e434c0e8918c255d628e6a2f49c10895e0625db0c92739cea2,1,16.33979606628418,1.0,16.33979606628418,0.9999998807907104,0.19,1,True,ResNet50,R0_original_reproduction,2024,sealed_test,R0_ResNet50_seed2024
E-710B8DBF941B01B8FF00B70E.jpeg,/kaggle/input/datasets/hintrngia/gate7-test-seal/opaque_test_images/images/E-710B8DBF941B01B8FF00B70E.jpeg,0267d78a39cae2c3712d164db1e8cf595d9bb7849c571099cc58506f0d83ab9b,1,14.044132232666016,1.0,14.044132232666016,0.9999991655349731,0.19,1,True,ResNet50,R0_original_reproduction,2024,sealed_test,R0_ResNet50_seed2024
E-7172D46DE1FC46E0A091009B.jpeg,/kaggle/input/datasets/hintrngia/gate7-test-seal/opaque_test_images/images/E-7172D46DE1FC46E0A091009B.jpeg,0cd683ccdbe1a7c3827c1ba6e9d004cb6ea3c7e1784385a84fece18513ed3c00,1,11.728957176208496,1.0,11.728957176208496,0.9999918937683105,0.19,1,True,ResNet50,R0_original_reproduction,2024,sealed_test,R0_ResNet50_seed2024
E-722DF5C9B6E22BA6190F3CA2.jpeg,/kaggle/input/datasets/hintrngia/gate7-test-seal/opaque_test_images/images/E-722DF5C9B6E22BA6190F3CA2.jpeg,05e7a6e94e6d99fab5ce91a72f134ee113f294e76ab3c60baa878efd068fe85d,0,9.295784950256348,1.0,9.295784950256348,0.9999082088470459,0.19,1,False,ResNet50,R0_original_reproduction,2024,sealed_test,R0_ResNet50_seed2024
E-72A296C47F408AC845BEA471.jpeg,/kaggle/input/datasets/hintrngia/gate7-test-seal/opaque_test_images/images/E-72A296C47F408AC845BEA471.jpeg,970c44f460d24952c96fbdc7e40e68f3a463572cea31ce6555dee46198c5fb68,1,7.097106456756592,1.0,7.097106456756592,0.999173104763031,0.19,1,True,ResNet50,R0_original_reproduction,2024,sealed_test,R0_ResNet50_seed2024
E-72A4407049C6D1038203392E.jpeg,/kaggle/input/datasets/hintrngia/gate7-test-seal/opaque_test_images/images/E-72A4407049C6D1038203392E.jpeg,78fa246893459dafa780ffe14979af4fc8544eb187fe2849208d06a07874b6fe,0,0.29152488708496094,1.0,0.29152488708496094,0.572369396686554,0.19,1,False,ResNet50,R0_original_reproduction,2024,sealed_test,R0_ResNet50_seed2024
E-736E47324BC463B984A06C9F.jpeg,/kaggle/input/datasets/hintrngia/gate7-test-seal/opaque_test_images/images/E-736E47324BC463B984A06C9F.jpeg,56004f026d7893f7c20c737740e41f78954e6c2774c3c4eaa1d2ae2b2bc6b882,0,-11.346087455749512,1.0,-11.346087455749512,1.1815488505817484e-05,0.19,0,True,ResNet50,R0_original_reproduction,2024,sealed_test,R0_ResNet50_seed2024
E-736F0B9583D2FC6DB7D695CC.jpeg,/kaggle/input/datasets/hintrngia/gate7-test-seal/opaque_test_images/images/E-736F0B9583D2FC6DB7D695CC.jpeg,a02101c8755bf752fa98418883553fb3a6328a37c779cbfcb83176a2621161af,0,3.754399061203003,1.0,3.754399061203003,0.9771211743354797,0.19,1,False,ResNet50,R0_original_reproduction,2024,sealed_test,R0_ResNet50_seed2024
E-73D66A02A1612F6E79C3F7EC.jpeg,/kaggle/input/datasets/hintrngia/gate7-test-seal/opaque_test_images/images/E-73D66A02A1612F6E79C3F7EC.jpeg,603b7db1059ef074156009eb1d6ca099ddb72bc6366f06e904d7f0439e04df63,1,12.04099178314209,1.0,12.04099178314209,0.999994158744812,0.19,1,True,ResNet50,R0_original_reproduction,2024,sealed_test,R0_ResNet50_seed2024
E-74019A53B16F834307F73E46.jpeg,/kaggle/input/datasets/hintrngia/gate7-test-seal/opaque_test_images/images/E-74019A53B16F834307F73E46.jpeg,81018bcf16f72ca7ad770f76c1a3e591df43d14ea870fe0f0720bbf101eabcdd,0,-2.443681240081787,1.0,-2.443681240081787,0.07990185916423798,0.19,0,True,ResNet50,R0_original_reproduction,2024,sealed_test,R0_ResNet50_seed2024
E-746866F0268EDCB9F8A3D2FD.jpeg,/kaggle/input/datasets/hintrngia/gate7-test-seal/opaque_test_images/images/E-746866F0268EDCB9F8A3D2FD.jpeg,559f84bf01cfc3ac75a64175d8d5ab32d8fa97f916b472264e2a5571eb236c4a,0,0.3757431209087372,1.0,0.3757431209087372,0.5928459763526917,0.19,1,False,ResNet50,R0_original_reproduction,2024,sealed_test,R0_ResNet50_seed2024
E-74E47EE52467AF74D5516539.jpeg,/kaggle/input/datasets/hintrngia/gate7-test-seal/opaque_test_images/images/E-74E47EE52467AF74D5516539.jpeg,c6b594f6622c719ac42507f37a5c79159fffd37614e0b95ec8231ad579669421,1,24.307540893554688,1.0,24.307540893554688,1.0,0.19,1,True,ResNet50,R0_original_reproduction,2024,sealed_test,R0_ResNet50_seed2024
E-7562FEF6BE8C8761F0A0148A.jpeg,/kaggle/input/datasets/hintrngia/gate7-test-seal/opaque_test_images/images/E-7562FEF6BE8C8761F0A0148A.jpeg,c1a7a5657a376fb2a4b29f1c07a96ffd78a7f3a5b60f34119dc9d553c72f77df,0,-7.252248287200928,1.0,-7.252248287200928,0.0007080778013914824,0.19,0,True,ResNet50,R0_original_reproduction,2024,sealed_test,R0_ResNet50_seed2024
E-75B18512E1CCD31EFA2987D5.jpeg,/kaggle/input/datasets/hintrngia/gate7-test-seal/opaque_test_images/images/E-75B18512E1CCD31EFA2987D5.jpeg,728d220a07f9f9b16429b994f967f68161b0517c156c8bd59dd67483beb8b42a,1,14.85656452178955,1.0,14.85656452178955,0.9999996423721313,0.19,1,True,ResNet50,R0_original_reproduction,2024,sealed_test,R0_ResNet50_seed2024
E-75EB44258DA290DB031C15F7.jpeg,/kaggle/input/datasets/hintrngia/gate7-test-seal/opaque_test_images/images/E-75EB44258DA290DB031C15F7.jpeg,8364cf578ae615b3972283802ac3e95444f7aadeca123099c0f6e573aa380bc0,0,-4.658616542816162,1.0,-4.658616542816162,0.009390548802912235,0.19,0,True,ResNet50,R0_original_reproduction,2024,sealed_test,R0_ResNet50_seed2024
E-76AB9D2C1CB8D58FCA25ED26.jpeg,/kaggle/input/datasets/hintrngia/gate7-test-seal/opaque_test_images/images/E-76AB9D2C1CB8D58FCA25ED26.jpeg,f4280a7b7474044b964e66ca9bded6de05f86348234087a9bb568ce6c63327f8,1,11.327984809875488,1.0,11.327984809875488,0.9999879598617554,0.19,1,True,ResNet50,R0_original_reproduction,2024,sealed_test,R0_ResNet50_seed2024
E-7725ED8C0E93C0BF91B23FCE.jpeg,/kaggle/input/datasets/hintrngia/gate7-test-seal/opaque_test_images/images/E-7725ED8C0E93C0BF91B23FCE.jpeg,5d776a77b2672593c84ac741226191e1615b82faa28b428300a3de53143afed7,1,16.729402542114258,1.0,16.729402542114258,1.0,0.19,1,True,ResNet50,R0_original_reproduction,2024,sealed_test,R0_ResNet50_seed2024
E-77340569F8329F08A5FD1751.jpeg,/kaggle/input/datasets/hintrngia/gate7-test-seal/opaque_test_images/images/E-77340569F8329F08A5FD1751.jpeg,947eef7460bd26ce8fb72f78b704f23bb5228b843e4a8ad79705de220ae8f7c9,0,1.2350876331329346,1.0,1.2350876331329346,0.7747077941894531,0.19,1,False,ResNet50,R0_original_reproduction,2024,sealed_test,R0_ResNet50_seed2024
E-77765068B23DA596E673C862.jpeg,/kaggle/input/datasets/hintrngia/gate7-test-seal/opaque_test_images/images/E-77765068B23DA596E673C862.jpeg,5824d55942d95216b7808fafa10db02aeaf63485a1a4f480faa951794a2d28b3,1,15.967921257019043,1.0,15.967921257019043,0.9999998807907104,0.19,1,True,ResNet50,R0_original_reproduction,2024,sealed_test,R0_ResNet50_seed2024
E-778E5DF620CB9DE6A84B008B.jpeg,/kaggle/input/datasets/hintrngia/gate7-test-seal/opaque_test_images/images/E-778E5DF620CB9DE6A84B008B.jpeg,7143be39d62dadbfe45dfd18280b1f4c77ae66102b4bd60bdb175fc04e80f50a,0,9.901963233947754,1.0,9.901963233947754,0.9999499320983887,0.19,1,False,ResNet50,R0_original_reproduction,2024,sealed_test,R0_ResNet50_seed2024
E-77C42172A076E16EE5474210.jpeg,/kaggle/input/datasets/hintrngia/gate7-test-seal/opaque_test_images/images/E-77C42172A076E16EE5474210.jpeg,5f8a5e6226da944b777a1bf7a5f950322f04d1e7184bd810bc4efea22fc0ab6f,0,-4.303554534912109,1.0,-4.303554534912109,0.013340052217245102,0.19,0,True,ResNet50,R0_original_reproduction,2024,sealed_test,R0_ResNet50_seed2024
E-77D4D0C371CD4C8665643C00.jpeg,/kaggle/input/datasets/hintrngia/gate7-test-seal/opaque_test_images/images/E-77D4D0C371CD4C8665643C00.jpeg,7ad2cdb376ffda676ee1ca1c336eaba2d2112d203c2cd39e133254c670933957,1,11.45209789276123,1.0,11.45209789276123,0.99998939037323,0.19,1,True,ResNet50,R0_original_reproduction,2024,sealed_test,R0_ResNet50_seed2024
E-77D8DD7F7706C99FCA58EE9E.jpeg,/kaggle/input/datasets/hintrngia/gate7-test-seal/opaque_test_images/images/E-77D8DD7F7706C99FCA58EE9E.jpeg,52ebebe4e4bbd2e35093274b514eb27bc56da6b41e43886ec59506843a824b6a,1,9.862153053283691,1.0,9.862153053283691,0.9999479055404663,0.19,1,True,ResNet50,R0_original_reproduction,2024,sealed_test,R0_ResNet50_seed2024
E-7926B2401412D2F34BAA6E17.jpeg,/kaggle/input/datasets/hintrngia/gate7-test-seal/opaque_test_images/images/E-7926B2401412D2F34BAA6E17.jpeg,14131b57b4f04c770139b6cb7e8bcde118bacd57b715a8a857536902ca40527f,1,13.16403579711914,1.0,13.16403579711914,0.9999980926513672,0.19,1,True,ResNet50,R0_original_reproduction,2024,sealed_test,R0_ResNet50_seed2024
E-7A723A9B3BB82EDFF56C9A67.jpeg,/kaggle/input/datasets/hintrngia/gate7-test-seal/opaque_test_images/images/E-7A723A9B3BB82EDFF56C9A67.jpeg,4feeb8d280836d561b15f39499030467a8d7bc3a54ac57181aef9e036555f412,0,-5.156979560852051,1.0,-5.156979560852051,0.00572609156370163,0.19,0,True,ResNet50,R0_original_reproduction,2024,sealed_test,R0_ResNet50_seed2024
E-7AA93FF8F7966018FFDF416B.jpeg,/kaggle/input/datasets/hintrngia/gate7-test-seal/opaque_test_images/images/E-7AA93FF8F7966018FFDF416B.jpeg,4da1a85fe9c8124147d1f455f6242c71e61d29d41e41f4821f5e562363dc349d,1,7.410150527954102,1.0,7.410150527954102,0.9993952512741089,0.19,1,True,ResNet50,R0_original_reproduction,2024,sealed_test,R0_ResNet50_seed2024
E-7AAB24F81B2E2AB4701BBB2B.jpeg,/kaggle/input/datasets/hintrngia/gate7-test-seal/opaque_test_images/images/E-7AAB24F81B2E2AB4701BBB2B.jpeg,1298f1c5bf8a5f46161ed7d2431792e729866a169db38cd72a086134dc0bc3e8,0,-1.9368292093276978,1.0,-1.9368292093276978,0.12599661946296692,0.19,0,True,ResNet50,R0_original_reproduction,2024,sealed_test,R0_ResNet50_seed2024
E-7ADD66C959E6D7B0C366BD55.jpeg,/kaggle/input/datasets/hintrngia/gate7-test-seal/opaque_test_images/images/E-7ADD66C959E6D7B0C366BD55.jpeg,792d450160e7f6e371b9c53303c8935ac10ab80422b40af3f19af9e0c75ac44a,1,11.826018333435059,1.0,11.826018333435059,0.9999927282333374,0.19,1,True,ResNet50,R0_original_reproduction,2024,sealed_test,R0_ResNet50_seed2024
E-7B1FB0C84C51C5CD8EDBCCFD.jpeg,/kaggle/input/datasets/hintrngia/gate7-test-seal/opaque_test_images/images/E-7B1FB0C84C51C5CD8EDBCCFD.jpeg,6d38bbd83d8d79a9f8c72799e98a6cb7c11b43fd56553f1f74b3d82b284d2669,0,13.104846000671387,1.0,13.104846000671387,0.9999979734420776,0.19,1,False,ResNet50,R0_original_reproduction,2024,sealed_test,R0_ResNet50_seed2024
E-7B4BC17A5593E6A061366E85.jpeg,/kaggle/input/datasets/hintrngia/gate7-test-seal/opaque_test_images/images/E-7B4BC17A5593E6A061366E85.jpeg,d7ce0f5ea05bb6ff11945d626c611d899fd43b88f63bd310c70cbc0ede9d4e03,1,16.54564094543457,1.0,16.54564094543457,0.9999998807907104,0.19,1,True,ResNet50,R0_original_reproduction,2024,sealed_test,R0_ResNet50_seed2024
E-7B73C2152EAB87F0D10A6A60.jpeg,/kaggle/input/datasets/hintrngia/gate7-test-seal/opaque_test_images/images/E-7B73C2152EAB87F0D10A6A60.jpeg,ee956fc46552dd522aa7ad7436de4b223e6b8e398ab0ec880967fcd460c7c1be,1,6.475329399108887,1.0,6.475329399108887,0.9984613656997681,0.19,1,True,ResNet50,R0_original_reproduction,2024,sealed_test,R0_ResNet50_seed2024
E-7B7A8A9BEAA512F9DC3E0865.jpeg,/kaggle/input/datasets/hintrngia/gate7-test-seal/opaque_test_images/images/E-7B7A8A9BEAA512F9DC3E0865.jpeg,1e054ed36680f5f2847833e9a877c6cfd364ee79b1eeb4a31d84729a1d5443eb,0,1.9221625328063965,1.0,1.9221625328063965,0.8723793625831604,0.19,1,False,ResNet50,R0_original_reproduction,2024,sealed_test,R0_ResNet50_seed2024
E-7B805F2D3984459EDD091000.jpeg,/kaggle/input/datasets/hintrngia/gate7-test-seal/opaque_test_images/images/E-7B805F2D3984459EDD091000.jpeg,0ba10667f41e446b24910fa53fccd7311ed51716e626216ac05be70b73820445,1,12.689209938049316,1.0,12.689209938049316,0.9999969005584717,0.19,1,True,ResNet50,R0_original_reproduction,2024,sealed_test,R0_ResNet50_seed2024
E-7BE37B5FDF96D35F66942D49.jpeg,/kaggle/input/datasets/hintrngia/gate7-test-seal/opaque_test_images/images/E-7BE37B5FDF96D35F66942D49.jpeg,f17a003185299f171440c2cb408c2e5bacea90376971ed81ecc9812465e209fb,0,-2.3916220664978027,1.0,-2.3916220664978027,0.08381378650665283,0.19,0,True,ResNet50,R0_original_reproduction,2024,sealed_test,R0_ResNet50_seed2024
E-7C6251BE68096507ED82D822.jpeg,/kaggle/input/datasets/hintrngia/gate7-test-seal/opaque_test_images/images/E-7C6251BE68096507ED82D822.jpeg,78dd3d634befda8b66d269ec8a9e31c68674720c321833188bd388152ddb0b24,0,0.19575877487659454,1.0,0.19575877487659454,0.5487840175628662,0.19,1,False,ResNet50,R0_original_reproduction,2024,sealed_test,R0_ResNet50_seed2024
E-7C94A332B36109FCE53B37D9.jpeg,/kaggle/input/datasets/hintrngia/gate7-test-seal/opaque_test_images/images/E-7C94A332B36109FCE53B37D9.jpeg,de151bb7d4295ba22229d9785fc39739b3f2ca387b10dd7be661528f494b1db4,1,11.070802688598633,1.0,11.070802688598633,0.9999843835830688,0.19,1,True,ResNet50,R0_original_reproduction,2024,sealed_test,R0_ResNet50_seed2024
E-7CAE30B8647780641D516041.jpeg,/kaggle/input/datasets/hintrngia/gate7-test-seal/opaque_test_images/images/E-7CAE30B8647780641D516041.jpeg,3d33ee1ed15d0bb729982c1b79b4040a61efe25f482c74eed2ebe80a8ad41481,1,12.251214027404785,1.0,12.251214027404785,0.999995231628418,0.19,1,True,ResNet50,R0_original_reproduction,2024,sealed_test,R0_ResNet50_seed2024
E-7CB9A2F276A2C0EA56D2A573.jpeg,/kaggle/input/datasets/hintrngia/gate7-test-seal/opaque_test_images/images/E-7CB9A2F276A2C0EA56D2A573.jpeg,47cacfeac82b05aabf20d230924bf4a215b7406febe3be1662dedd7220ec0a8c,1,13.830229759216309,1.0,13.830229759216309,0.9999990463256836,0.19,1,True,ResNet50,R0_original_reproduction,2024,sealed_test,R0_ResNet50_seed2024
E-7D2FDA433510A2F3C5D54E6F.jpeg,/kaggle/input/datasets/hintrngia/gate7-test-seal/opaque_test_images/images/E-7D2FDA433510A2F3C5D54E6F.jpeg,07f235333e23b4e1ca2af84b7c2d2b8bee4de8544112ea74ef0bdb62a62a866c,1,13.951469421386719,1.0,13.951469421386719,0.9999991655349731,0.19,1,True,ResNet50,R0_original_reproduction,2024,sealed_test,R0_ResNet50_seed2024
E-7DAC5CF3B5B920E51BC8675A.jpeg,/kaggle/input/datasets/hintrngia/gate7-test-seal/opaque_test_images/images/E-7DAC5CF3B5B920E51BC8675A.jpeg,3df4e8c3c267d8197f27cb2dbe86e648b252b3dc19b8713cf10268ccaa8cc895,0,-2.5845837593078613,1.0,-2.5845837593078613,0.07013719528913498,0.19,0,True,ResNet50,R0_original_reproduction,2024,sealed_test,R0_ResNet50_seed2024
E-7DCE96B4E385F937762DA3E3.jpeg,/kaggle/input/datasets/hintrngia/gate7-test-seal/opaque_test_images/images/E-7DCE96B4E385F937762DA3E3.jpeg,a900b15067cac7da0eb5f34e535d6cb28cf606fd202f95e0711da97e3ef74e4e,1,15.856108665466309,1.0,15.856108665466309,0.9999998807907104,0.19,1,True,ResNet50,R0_original_reproduction,2024,sealed_test,R0_ResNet50_seed2024
E-811C6A4897941CF06969D650.jpeg,/kaggle/input/datasets/hintrngia/gate7-test-seal/opaque_test_images/images/E-811C6A4897941CF06969D650.jpeg,eb6ebb93bd24f3d64a479f6e4665168e4d996a42a1f070e5120236bee3dccccc,1,11.521815299987793,1.0,11.521815299987793,0.9999901056289673,0.19,1,True,ResNet50,R0_original_reproduction,2024,sealed_test,R0_ResNet50_seed2024
E-82FCB2C3D1996A8155B45525.jpeg,/kaggle/input/datasets/hintrngia/gate7-test-seal/opaque_test_images/images/E-82FCB2C3D1996A8155B45525.jpeg,c9377d511e1e9caed0105ec7d89f7a0fc987c36c91fbe62a96740d4381a6fd0a,0,-1.830136775970459,1.0,-1.830136775970459,0.13822197914123535,0.19,0,True,ResNet50,R0_original_reproduction,2024,sealed_test,R0_ResNet50_seed2024
E-8434FE9964C91B3C0003FA6B.jpeg,/kaggle/input/datasets/hintrngia/gate7-test-seal/opaque_test_images/images/E-8434FE9964C91B3C0003FA6B.jpeg,5c965aaffa88b7d37436a7d0c748bff9cb2eb06ef4ec03c5f2e96a2729384ce8,1,10.738371849060059,1.0,10.738371849060059,0.9999783039093018,0.19,1,True,ResNet50,R0_original_reproduction,2024,sealed_test,R0_ResNet50_seed2024
E-843CBB869621D4078F498542.jpeg,/kaggle/input/datasets/hintrngia/gate7-test-seal/opaque_test_images/images/E-843CBB869621D4078F498542.jpeg,f4011ac2ad4623b36aaf9a795e47232c62fbaa6071171903024b2df94ef9b37e,0,-0.44741809368133545,1.0,-0.44741809368133545,0.38997483253479004,0.19,1,False,ResNet50,R0_original_reproduction,2024,sealed_test,R0_ResNet50_seed2024
E-845A5BC2008587BFFF60937F.jpeg,/kaggle/input/datasets/hintrngia/gate7-test-seal/opaque_test_images/images/E-845A5BC2008587BFFF60937F.jpeg,6e88184bd28ba8cc47a2ae8f6de3a39fb464e8cc84564813a67c7209940f2ea8,0,4.958914279937744,1.0,4.958914279937744,0.9930283427238464,0.19,1,False,ResNet50,R0_original_reproduction,2024,sealed_test,R0_ResNet50_seed2024
E-84B1EE89BA126F7C6C84B255.jpeg,/kaggle/input/datasets/hintrngia/gate7-test-seal/opaque_test_images/images/E-84B1EE89BA126F7C6C84B255.jpeg,514afd0fa610117fbfef0e6e5b81a4d73a24815827594119af684fb8d0b2f8e2,1,14.585149765014648,1.0,14.585149765014648,0.9999995231628418,0.19,1,True,ResNet50,R0_original_reproduction,2024,sealed_test,R0_ResNet50_seed2024
E-85183BEAA1AACFD5B9943FC2.jpeg,/kaggle/input/datasets/hintrngia/gate7-test-seal/opaque_test_images/images/E-85183BEAA1AACFD5B9943FC2.jpeg,e443dcdb633a8088fa135733ab6ec28dbdf012cf38e95e7e5b70f1a9282fd0ae,0,-2.12215256690979,1.0,-2.12215256690979,0.10696227848529816,0.19,0,True,ResNet50,R0_original_reproduction,2024,sealed_test,R0_ResNet50_seed2024
E-855D5ABBA7863360D0672CD4.jpeg,/kaggle/input/datasets/hintrngia/gate7-test-seal/opaque_test_images/images/E-855D5ABBA7863360D0672CD4.jpeg,25d30b2606243e6852f5c3d4d2c1381a5bdbb885bd5b5fa9557409ee42a5d55f,0,-6.097995758056641,1.0,-6.097995758056641,0.0022423279006034136,0.19,0,True,ResNet50,R0_original_reproduction,2024,sealed_test,R0_ResNet50_seed2024
E-858C429A645D896F8A8BFE97.jpeg,/kaggle/input/datasets/hintrngia/gate7-test-seal/opaque_test_images/images/E-858C429A645D896F8A8BFE97.jpeg,31e48cd59fdede4fe435fcc54beae49ff64d327d9972446d5c37da8a152dcd9e,1,9.734967231750488,1.0,9.734967231750488,0.9999408721923828,0.19,1,True,ResNet50,R0_original_reproduction,2024,sealed_test,R0_ResNet50_seed2024
E-85C91C349C0AFB60DE91B38A.jpeg,/kaggle/input/datasets/hintrngia/gate7-test-seal/opaque_test_images/images/E-85C91C349C0AFB60DE91B38A.jpeg,df5e1f039f2ac0511ce3b67ed47c0f260bc541553f507917a897919185bfcb69,1,14.646157264709473,1.0,14.646157264709473,0.9999995231628418,0.19,1,True,ResNet50,R0_original_reproduction,2024,sealed_test,R0_ResNet50_seed2024
E-861B1D8AFAB26CA6D214A86C.jpeg,/kaggle/input/datasets/hintrngia/gate7-test-seal/opaque_test_images/images/E-861B1D8AFAB26CA6D214A86C.jpeg,cf3f9750b05772842ef4a959a670cbe840886c9692ede25b2b10a3fb06b364e1,0,-2.7591819763183594,1.0,-2.7591819763183594,0.059570182114839554,0.19,0,True,ResNet50,R0_original_reproduction,2024,sealed_test,R0_ResNet50_seed2024
E-8635D8E67E15E3893894CCCA.jpeg,/kaggle/input/datasets/hintrngia/gate7-test-seal/opaque_test_images/images/E-8635D8E67E15E3893894CCCA.jpeg,c9e59f4bfd42365640526b8622d6a7a04155eccfb4a6342f2018c193b956f714,0,-10.984125137329102,1.0,-10.984125137329102,1.6968666386674158e-05,0.19,0,True,ResNet50,R0_original_reproduction,2024,sealed_test,R0_ResNet50_seed2024
E-86CCEC75E0A6961DC4087FE1.jpeg,/kaggle/input/datasets/hintrngia/gate7-test-seal/opaque_test_images/images/E-86CCEC75E0A6961DC4087FE1.jpeg,8aa8b87473026fbe1c33d8070d3ccf49bc707915bf5699e9c57d00ec74afc1e3,0,-3.7791900634765625,1.0,-3.7791900634765625,0.02233111299574375,0.19,0,True,ResNet50,R0_original_reproduction,2024,sealed_test,R0_ResNet50_seed2024
E-86EB0380823419EBD93A83E9.jpeg,/kaggle/input/datasets/hintrngia/gate7-test-seal/opaque_test_images/images/E-86EB0380823419EBD93A83E9.jpeg,9f8ae643f5e92205bce5bba4e61227eb73f58122815d098dc8aee195595575c5,1,13.071471214294434,1.0,13.071471214294434,0.9999978542327881,0.19,1,True,ResNet50,R0_original_reproduction,2024,sealed_test,R0_ResNet50_seed2024
E-86FD2ADDA5BBD54F3EED2A67.jpeg,/kaggle/input/datasets/hintrngia/gate7-test-seal/opaque_test_images/images/E-86FD2ADDA5BBD54F3EED2A67.jpeg,fb3d9f80d606f4162ce71a2e60de0f09f2e0d67ffdba8437bfade166a31b8c26,1,24.03936195373535,1.0,24.03936195373535,1.0,0.19,1,True,ResNet50,R0_original_reproduction,2024,sealed_test,R0_ResNet50_seed2024
E-87671BF0476B4343C78FB3C8.jpeg,/kaggle/input/datasets/hintrngia/gate7-test-seal/opaque_test_images/images/E-87671BF0476B4343C78FB3C8.jpeg,489d8b66af11426f8fa2bcb3bab07705e710d1fcdfd1a0e6c712f81d58fec9d5,1,14.081177711486816,1.0,14.081177711486816,0.9999992847442627,0.19,1,True,ResNet50,R0_original_reproduction,2024,sealed_test,R0_ResNet50_seed2024
E-87E84C1455A057B52F188EE6.jpeg,/kaggle/input/datasets/hintrngia/gate7-test-seal/opaque_test_images/images/E-87E84C1455A057B52F188EE6.jpeg,b2803159571a7ff42323526dacf4a94db3f994f2f6e46c59ce128d5f75b93069,0,6.890389919281006,1.0,6.890389919281006,0.9989834427833557,0.19,1,False,ResNet50,R0_original_reproduction,2024,sealed_test,R0_ResNet50_seed2024
E-88184C1DD1905BC2C0D14B54.jpeg,/kaggle/input/datasets/hintrngia/gate7-test-seal/opaque_test_images/images/E-88184C1DD1905BC2C0D14B54.jpeg,305eaaac2c84183b99d7e07f9921288f4c6386dd745ff5b432430c82e44abfe7,0,3.293139934539795,1.0,3.293139934539795,0.9641927480697632,0.19,1,False,ResNet50,R0_original_reproduction,2024,sealed_test,R0_ResNet50_seed2024
E-886339FDE6FB4F99060892F9.jpeg,/kaggle/input/datasets/hintrngia/gate7-test-seal/opaque_test_images/images/E-886339FDE6FB4F99060892F9.jpeg,8f12bb6b084d8a992947226d69fbc96c050bd683686944ac1a224a613815f4d9,1,16.015592575073242,1.0,16.015592575073242,0.9999998807907104,0.19,1,True,ResNet50,R0_original_reproduction,2024,sealed_test,R0_ResNet50_seed2024
E-890E211C0B1ED445BEE102EF.jpeg,/kaggle/input/datasets/hintrngia/gate7-test-seal/opaque_test_images/images/E-890E211C0B1ED445BEE102EF.jpeg,38c5ae677385d4534f9f9dddcf6d4777aa992e9fec87b56cb2d068375c0a7218,1,14.891763687133789,1.0,14.891763687133789,0.9999996423721313,0.19,1,True,ResNet50,R0_original_reproduction,2024,sealed_test,R0_ResNet50_seed2024
E-893913DC6228028BD5B3F0BC.jpeg,/kaggle/input/datasets/hintrngia/gate7-test-seal/opaque_test_images/images/E-893913DC6228028BD5B3F0BC.jpeg,21f658d0d13ec8915d87d7861fa04b1040d22773c99f2b0023524a3ca5e87620,1,5.044386386871338,1.0,5.044386386871338,0.9935958981513977,0.19,1,True,ResNet50,R0_original_reproduction,2024,sealed_test,R0_ResNet50_seed2024
E-898F713358542C4C0E5C4921.jpeg,/kaggle/input/datasets/hintrngia/gate7-test-seal/opaque_test_images/images/E-898F713358542C4C0E5C4921.jpeg,9377ed8bdadc2bdc419dffff2aea216c7c6e105056e770c8ed403a75a3add848,1,15.37070083618164,1.0,15.37070083618164,0.9999997615814209,0.19,1,True,ResNet50,R0_original_reproduction,2024,sealed_test,R0_ResNet50_seed2024
E-89D202988869A1040ABB1E96.jpeg,/kaggle/input/datasets/hintrngia/gate7-test-seal/opaque_test_images/images/E-89D202988869A1040ABB1E96.jpeg,d72a9ec9e94fe365501539a43490aa24ba2dbaee90cbbc7a3956242c1cbf4a67,1,13.230752944946289,1.0,13.230752944946289,0.9999982118606567,0.19,1,True,ResNet50,R0_original_reproduction,2024,sealed_test,R0_ResNet50_seed2024
E-8AF5C4D0535ACCA19ED5C262.jpeg,/kaggle/input/datasets/hintrngia/gate7-test-seal/opaque_test_images/images/E-8AF5C4D0535ACCA19ED5C262.jpeg,06459d0427c0345671e853253d1b37b3b545db2379b267cac4345e310fc8cff8,0,0.1187579557299614,1.0,0.1187579557299614,0.5296546816825867,0.19,1,False,ResNet50,R0_original_reproduction,2024,sealed_test,R0_ResNet50_seed2024
E-8AF7005A62D550D65F170E93.jpeg,/kaggle/input/datasets/hintrngia/gate7-test-seal/opaque_test_images/images/E-8AF7005A62D550D65F170E93.jpeg,67fee093d5f767d75dcb185afeb9f0e65fe40df0c8ed86b3a5295a8006aa9f8e,0,-1.4165858030319214,1.0,-1.4165858030319214,0.19519737362861633,0.19,1,False,ResNet50,R0_original_reproduction,2024,sealed_test,R0_ResNet50_seed2024
E-8B09C7671A258E5E4311955E.jpeg,/kaggle/input/datasets/hintrngia/gate7-test-seal/opaque_test_images/images/E-8B09C7671A258E5E4311955E.jpeg,6d18495ae1e66ae79f2c2036efb2042b164e7d30484397dfca24160fa90b3694,1,15.37027359008789,1.0,15.37027359008789,0.9999997615814209,0.19,1,True,ResNet50,R0_original_reproduction,2024,sealed_test,R0_ResNet50_seed2024
E-8B492811FB0DFE294CD75008.jpeg,/kaggle/input/datasets/hintrngia/gate7-test-seal/opaque_test_images/images/E-8B492811FB0DFE294CD75008.jpeg,641574da21bd5a350f056e9e1d7bec15455d2f4836afb8aff4e58ef29d6fe7ce,1,2.876157522201538,1.0,2.876157522201538,0.9466552138328552,0.19,1,True,ResNet50,R0_original_reproduction,2024,sealed_test,R0_ResNet50_seed2024
E-8B99D004F7E59741CFAB602B.jpeg,/kaggle/input/datasets/hintrngia/gate7-test-seal/opaque_test_images/images/E-8B99D004F7E59741CFAB602B.jpeg,7fb537a957bf8405ab31114c608fc786314b1bd77beb7c5ad03f54de72ecdeea,1,15.448962211608887,1.0,15.448962211608887,0.9999997615814209,0.19,1,True,ResNet50,R0_original_reproduction,2024,sealed_test,R0_ResNet50_seed2024
E-8BB569A271B438E1FF7419AA.jpeg,/kaggle/input/datasets/hintrngia/gate7-test-seal/opaque_test_images/images/E-8BB569A271B438E1FF7419AA.jpeg,2453213f313221f434a32efa550efa6be95c5c26b954d9616c32036a453a9ba6,0,-1.8347856998443604,1.0,-1.8347856998443604,0.1376691460609436,0.19,0,True,ResNet50,R0_original_reproduction,2024,sealed_test,R0_ResNet50_seed2024
E-8CC80F37309FA18F68CDEDD7.jpeg,/kaggle/input/datasets/hintrngia/gate7-test-seal/opaque_test_images/images/E-8CC80F37309FA18F68CDEDD7.jpeg,f936fede0af321d1959e74d4c22cb7cf9a1626026e029e59cc6fbb16b0edb503,1,21.29130744934082,1.0,21.29130744934082,1.0,0.19,1,True,ResNet50,R0_original_reproduction,2024,sealed_test,R0_ResNet50_seed2024
E-8CD746AAFC6E1EE6CDA763A9.jpeg,/kaggle/input/datasets/hintrngia/gate7-test-seal/opaque_test_images/images/E-8CD746AAFC6E1EE6CDA763A9.jpeg,dbaaa32193cab6bb632894de309f77a8461377d00e1b112ddb056dd488a0f35d,0,9.987263679504395,1.0,9.987263679504395,0.9999539852142334,0.19,1,False,ResNet50,R0_original_reproduction,2024,sealed_test,R0_ResNet50_seed2024
E-8DB3DAA7D4D88E5BA581A9A1.jpeg,/kaggle/input/datasets/hintrngia/gate7-test-seal/opaque_test_images/images/E-8DB3DAA7D4D88E5BA581A9A1.jpeg,f9ddce356c7b9e14b16d97b96a7a1a6019db0cb2b89a3feae0431318c1d0213c,0,-8.652762413024902,1.0,-8.652762413024902,0.00017461324750911444,0.19,0,True,ResNet50,R0_original_reproduction,2024,sealed_test,R0_ResNet50_seed2024
E-8DFC336A9BC44658055B3333.jpeg,/kaggle/input/datasets/hintrngia/gate7-test-seal/opaque_test_images/images/E-8DFC336A9BC44658055B3333.jpeg,26f20a46eef3d4f62ee9861cc9a3be0f814f2b781bce06e9b6744807f855393f,1,12.541608810424805,1.0,12.541608810424805,0.9999964237213135,0.19,1,True,ResNet50,R0_original_reproduction,2024,sealed_test,R0_ResNet50_seed2024
E-8E059BB079E024F899D40ED3.jpeg,/kaggle/input/datasets/hintrngia/gate7-test-seal/opaque_test_images/images/E-8E059BB079E024F899D40ED3.jpeg,d3527702d37fa587f5599decd419d52f3da522cb530b5105ac7308ca6ba7501e,1,12.854679107666016,1.0,12.854679107666016,0.9999973773956299,0.19,1,True,ResNet50,R0_original_reproduction,2024,sealed_test,R0_ResNet50_seed2024
E-8E20572C73E0968ECBD963B4.jpeg,/kaggle/input/datasets/hintrngia/gate7-test-seal/opaque_test_images/images/E-8E20572C73E0968ECBD963B4.jpeg,f0debcc8a899ed5fc0f52068c93d8bda2dab8d257b247544b350a5b3de912cb6,1,26.683155059814453,1.0,26.683155059814453,1.0,0.19,1,True,ResNet50,R0_original_reproduction,2024,sealed_test,R0_ResNet50_seed2024
E-8E2D17C961AEBFEE9E652A1C.jpeg,/kaggle/input/datasets/hintrngia/gate7-test-seal/opaque_test_images/images/E-8E2D17C961AEBFEE9E652A1C.jpeg,5f0cd26461e064a5088b1a4d9a9d036ffc9ac664a66d75a736aa342d33be6ce8,0,11.833464622497559,1.0,11.833464622497559,0.9999927282333374,0.19,1,False,ResNet50,R0_original_reproduction,2024,sealed_test,R0_ResNet50_seed2024
E-8E528CA71FF1B59CFE4A69DC.jpeg,/kaggle/input/datasets/hintrngia/gate7-test-seal/opaque_test_images/images/E-8E528CA71FF1B59CFE4A69DC.jpeg,b6de73f48cdaa98ebddc06c859b44efafac3dcebfcbba70f0f8ab741c2897ecf,1,11.486257553100586,1.0,11.486257553100586,0.9999897480010986,0.19,1,True,ResNet50,R0_original_reproduction,2024,sealed_test,R0_ResNet50_seed2024
E-8E5BAB42B13C388B472D8682.jpeg,/kaggle/input/datasets/hintrngia/gate7-test-seal/opaque_test_images/images/E-8E5BAB42B13C388B472D8682.jpeg,dfb4e7b7b96746cde5796d473f1667680020b2ca38cc7d69757c7a3f7e2a7f90,1,14.548181533813477,1.0,14.548181533813477,0.9999995231628418,0.19,1,True,ResNet50,R0_original_reproduction,2024,sealed_test,R0_ResNet50_seed2024
E-8E600EBA987FF7C6C0CF087D.jpeg,/kaggle/input/datasets/hintrngia/gate7-test-seal/opaque_test_images/images/E-8E600EBA987FF7C6C0CF087D.jpeg,e29690c4666bb4409ae5dd1613c8e0318832ea5c4edc2661ce8ecce6a79cb73c,1,11.800347328186035,1.0,11.800347328186035,0.9999924898147583,0.19,1,True,ResNet50,R0_original_reproduction,2024,sealed_test,R0_ResNet50_seed2024
E-8E65534102472D38A215B619.jpeg,/kaggle/input/datasets/hintrngia/gate7-test-seal/opaque_test_images/images/E-8E65534102472D38A215B619.jpeg,5b54ec4420fd3047aa6641c9f4905aafbfe99924adb7afdf3fb017568e37a38b,0,4.05485200881958,1.0,4.05485200881958,0.9829574227333069,0.19,1,False,ResNet50,R0_original_reproduction,2024,sealed_test,R0_ResNet50_seed2024
E-8E859FAC3770F43BC30CF790.jpeg,/kaggle/input/datasets/hintrngia/gate7-test-seal/opaque_test_images/images/E-8E859FAC3770F43BC30CF790.jpeg,a6d44c5ea53636e638a9f02d5f41cc07e22aeea2cd0c47d6b17de46c1efcb5fc,1,16.35079002380371,1.0,16.35079002380371,0.9999998807907104,0.19,1,True,ResNet50,R0_original_reproduction,2024,sealed_test,R0_ResNet50_seed2024
E-8F7143E314DC22F05723EA47.jpeg,/kaggle/input/datasets/hintrngia/gate7-test-seal/opaque_test_images/images/E-8F7143E314DC22F05723EA47.jpeg,de42daff0c8904b60368ec3c2535d1eeacca7bc1107c51705081236d70ca9cb7,1,8.35724925994873,1.0,8.35724925994873,0.9997653365135193,0.19,1,True,ResNet50,R0_original_reproduction,2024,sealed_test,R0_ResNet50_seed2024
E-8F98F8E42D0425C501635678.jpeg,/kaggle/input/datasets/hintrngia/gate7-test-seal/opaque_test_images/images/E-8F98F8E42D0425C501635678.jpeg,61f05d90fb3143bd144e7b11d9288500273d4b1838358fa48bbeb1c66a646edc,0,10.052435874938965,1.0,10.052435874938965,0.9999569654464722,0.19,1,False,ResNet50,R0_original_reproduction,2024,sealed_test,R0_ResNet50_seed2024
E-904B2A06D45D3EC15B953FD4.jpeg,/kaggle/input/datasets/hintrngia/gate7-test-seal/opaque_test_images/images/E-904B2A06D45D3EC15B953FD4.jpeg,d5d0163bb1348a88c27381367751bd45f24818059e38fd874934156a3dfcbe0e,1,9.418999671936035,1.0,9.418999671936035,0.9999188184738159,0.19,1,True,ResNet50,R0_original_reproduction,2024,sealed_test,R0_ResNet50_seed2024
E-90713CF0AD7A42A4370427CF.jpeg,/kaggle/input/datasets/hintrngia/gate7-test-seal/opaque_test_images/images/E-90713CF0AD7A42A4370427CF.jpeg,a0dccce63250437f21d5024242fd3ee5b33d60be1d35f68d2ead09b62e32db03,1,12.145904541015625,1.0,12.145904541015625,0.9999946355819702,0.19,1,True,ResNet50,R0_original_reproduction,2024,sealed_test,R0_ResNet50_seed2024
E-90DFE787678ABEFC81C43B2A.jpeg,/kaggle/input/datasets/hintrngia/gate7-test-seal/opaque_test_images/images/E-90DFE787678ABEFC81C43B2A.jpeg,b210bae937c6e646055a796e32778e89b9addeb83d4f1844f4eb3fcb2ae847e9,1,14.61707592010498,1.0,14.61707592010498,0.9999995231628418,0.19,1,True,ResNet50,R0_original_reproduction,2024,sealed_test,R0_ResNet50_seed2024
E-91740E04F84FFEF901EF1959.jpeg,/kaggle/input/datasets/hintrngia/gate7-test-seal/opaque_test_images/images/E-91740E04F84FFEF901EF1959.jpeg,f8c572657757dea93f65945f1d46dc57f7f6bcf486b2c64b8b14fa657de8aa74,1,10.869661331176758,1.0,10.869661331176758,0.9999809265136719,0.19,1,True,ResNet50,R0_original_reproduction,2024,sealed_test,R0_ResNet50_seed2024
E-91AA2E8CD3B5E8F632203280.jpeg,/kaggle/input/datasets/hintrngia/gate7-test-seal/opaque_test_images/images/E-91AA2E8CD3B5E8F632203280.jpeg,824b0f05051d3f3722320c5ec3a76690814970fc9c7ab2ad345a554a75e3e32b,0,8.225019454956055,1.0,8.225019454956055,0.9997321963310242,0.19,1,False,ResNet50,R0_original_reproduction,2024,sealed_test,R0_ResNet50_seed2024
E-91CCC5E035FBDB0CCBB30E2A.jpeg,/kaggle/input/datasets/hintrngia/gate7-test-seal/opaque_test_images/images/E-91CCC5E035FBDB0CCBB30E2A.jpeg,48c3795cc55eda6d08c4ae43a1bbf11b6990cc65584b5fd78cf7f8aaec6a9526,0,-4.646911144256592,1.0,-4.646911144256592,0.009500065818428993,0.19,0,True,ResNet50,R0_original_reproduction,2024,sealed_test,R0_ResNet50_seed2024
E-91CD2D4F539A3D56107014E7.jpeg,/kaggle/input/datasets/hintrngia/gate7-test-seal/opaque_test_images/images/E-91CD2D4F539A3D56107014E7.jpeg,9eba025033ae7d1a073afb5911e5d0e7c4927f417f4105d9b16e0937f7df9d44,0,1.232663869857788,1.0,1.232663869857788,0.7742844820022583,0.19,1,False,ResNet50,R0_original_reproduction,2024,sealed_test,R0_ResNet50_seed2024
E-91F8B8DB5D28C5362A67C56F.jpeg,/kaggle/input/datasets/hintrngia/gate7-test-seal/opaque_test_images/images/E-91F8B8DB5D28C5362A67C56F.jpeg,c59214db2b419fc6226f1deab972c0f30be29e242b96cb918ca1620c903fa3e2,0,-3.0473437309265137,1.0,-3.0473437309265137,0.04533229023218155,0.19,0,True,ResNet50,R0_original_reproduction,2024,sealed_test,R0_ResNet50_seed2024
E-920B77C8CB09648E7817F18B.jpeg,/kaggle/input/datasets/hintrngia/gate7-test-seal/opaque_test_images/images/E-920B77C8CB09648E7817F18B.jpeg,3e6bebfb3b6639af5218f9759c66d774f548213434ccf08f62307538378229e6,0,6.485129356384277,1.0,6.485129356384277,0.9984763264656067,0.19,1,False,ResNet50,R0_original_reproduction,2024,sealed_test,R0_ResNet50_seed2024
E-922EF321E7DF800CF8C832A8.jpeg,/kaggle/input/datasets/hintrngia/gate7-test-seal/opaque_test_images/images/E-922EF321E7DF800CF8C832A8.jpeg,6d19e1cdd53403fe4c845bc4ee07328e7bcb554925d76dbca2f2daad0d97b243,1,14.54023265838623,1.0,14.54023265838623,0.9999995231628418,0.19,1,True,ResNet50,R0_original_reproduction,2024,sealed_test,R0_ResNet50_seed2024
E-926466FB062B66A1F239BC56.jpeg,/kaggle/input/datasets/hintrngia/gate7-test-seal/opaque_test_images/images/E-926466FB062B66A1F239BC56.jpeg,95903d22cd947a2f04e667949cfbade973aedbf90e8e482159746e88838d33cf,1,12.394242286682129,1.0,12.394242286682129,0.9999958276748657,0.19,1,True,ResNet50,R0_original_reproduction,2024,sealed_test,R0_ResNet50_seed2024
E-929AB5DA801BC06506434485.jpeg,/kaggle/input/datasets/hintrngia/gate7-test-seal/opaque_test_images/images/E-929AB5DA801BC06506434485.jpeg,d93de48df27923f610c658c1466b6847aae43ecb40400f0cc8016eab55e46c0b,1,11.486100196838379,1.0,11.486100196838379,0.9999897480010986,0.19,1,True,ResNet50,R0_original_reproduction,2024,sealed_test,R0_ResNet50_seed2024
E-92BE94E55B5C313E27290EE3.jpeg,/kaggle/input/datasets/hintrngia/gate7-test-seal/opaque_test_images/images/E-92BE94E55B5C313E27290EE3.jpeg,a9c469bdfdde8c6b2d9430998a2d7208e66b1b26ee4dc15e217b65420f7d0f47,0,3.565073013305664,1.0,3.565073013305664,0.9724836349487305,0.19,1,False,ResNet50,R0_original_reproduction,2024,sealed_test,R0_ResNet50_seed2024
E-935DF13BA65D2868ADF0FFAD.jpeg,/kaggle/input/datasets/hintrngia/gate7-test-seal/opaque_test_images/images/E-935DF13BA65D2868ADF0FFAD.jpeg,45117d08a44f6b4d8fdc6747f7e42a9690eba431f5977f1cb06254dea3243650,0,-4.733344554901123,1.0,-4.733344554901123,0.00872028712183237,0.19,0,True,ResNet50,R0_original_reproduction,2024,sealed_test,R0_ResNet50_seed2024
E-93DEC1D6621C411242C3219F.jpeg,/kaggle/input/datasets/hintrngia/gate7-test-seal/opaque_test_images/images/E-93DEC1D6621C411242C3219F.jpeg,614fe624b6a5a7dec7d4625b51bcd1214e8ceba5ef35703c1695b67ace0f80f8,0,-1.4439566135406494,1.0,-1.4439566135406494,0.19093339145183563,0.19,1,False,ResNet50,R0_original_reproduction,2024,sealed_test,R0_ResNet50_seed2024
E-93DEE19500CF7BC746908FEA.jpeg,/kaggle/input/datasets/hintrngia/gate7-test-seal/opaque_test_images/images/E-93DEE19500CF7BC746908FEA.jpeg,776b392f9584b6a545e53a6db39f62ad20b2ab1d11a140a9c29d147b1db25482,0,-4.3317131996154785,1.0,-4.3317131996154785,0.012974458746612072,0.19,0,True,ResNet50,R0_original_reproduction,2024,sealed_test,R0_ResNet50_seed2024
E-94B464379CEC91EC3087C9F4.jpeg,/kaggle/input/datasets/hintrngia/gate7-test-seal/opaque_test_images/images/E-94B464379CEC91EC3087C9F4.jpeg,319ec51db243ce457578f57ef18515c7983dcb7543ce0b598c8c37da9df2f3f6,1,11.478719711303711,1.0,11.478719711303711,0.9999896287918091,0.19,1,True,ResNet50,R0_original_reproduction,2024,sealed_test,R0_ResNet50_seed2024
E-94CC77CBED01BFEEBE3EAE99.jpeg,/kaggle/input/datasets/hintrngia/gate7-test-seal/opaque_test_images/images/E-94CC77CBED01BFEEBE3EAE99.jpeg,f71f62fce969fe995d17ee14e1ba04e660f02d25856dadfe07955a5526c2282d,1,15.056815147399902,1.0,15.056815147399902,0.9999997615814209,0.19,1,True,ResNet50,R0_original_reproduction,2024,sealed_test,R0_ResNet50_seed2024
E-9543DDF7379F50C9508E8FD1.jpeg,/kaggle/input/datasets/hintrngia/gate7-test-seal/opaque_test_images/images/E-9543DDF7379F50C9508E8FD1.jpeg,6b3ca6c9dd04f1a9fe9f314aca48c53371b2523d242ecdcf2b095a24e4c3b38d,0,-3.73533296585083,1.0,-3.73533296585083,0.023308951407670975,0.19,0,True,ResNet50,R0_original_reproduction,2024,sealed_test,R0_ResNet50_seed2024
E-958D0994959C9341CB154E5D.jpeg,/kaggle/input/datasets/hintrngia/gate7-test-seal/opaque_test_images/images/E-958D0994959C9341CB154E5D.jpeg,db492a84153e4577ec5e7d157d4415c60cd5ab9a93209be00e53e8e9a5d373c2,1,13.846833229064941,1.0,13.846833229064941,0.9999990463256836,0.19,1,True,ResNet50,R0_original_reproduction,2024,sealed_test,R0_ResNet50_seed2024
E-95BD679CD30F08085425C6C0.jpeg,/kaggle/input/datasets/hintrngia/gate7-test-seal/opaque_test_images/images/E-95BD679CD30F08085425C6C0.jpeg,036e1379d119953bb9cbd82e6018822a3bdfd7a3f88c64baf53a7e1a31d165af,0,-0.4062194526195526,1.0,-0.4062194526195526,0.39981895685195923,0.19,1,False,ResNet50,R0_original_reproduction,2024,sealed_test,R0_ResNet50_seed2024
E-95C9F0FA5BA67EC81504157B.jpeg,/kaggle/input/datasets/hintrngia/gate7-test-seal/opaque_test_images/images/E-95C9F0FA5BA67EC81504157B.jpeg,1d48d33c762a63fc1029606c7ce3364bc106a5dd3a30121b8da0373701e2ce49,0,-1.7989948987960815,1.0,-1.7989948987960815,0.14197346568107605,0.19,0,True,ResNet50,R0_original_reproduction,2024,sealed_test,R0_ResNet50_seed2024
E-95EB433E61EA977516BD871D.jpeg,/kaggle/input/datasets/hintrngia/gate7-test-seal/opaque_test_images/images/E-95EB433E61EA977516BD871D.jpeg,2f5eebacdc48d0afafa8b233333ee67e22cca9df40e793287615a389a5d5eb52,1,21.540111541748047,1.0,21.540111541748047,1.0,0.19,1,True,ResNet50,R0_original_reproduction,2024,sealed_test,R0_ResNet50_seed2024
E-969CFBAAC566608D8C5D4CE8.jpeg,/kaggle/input/datasets/hintrngia/gate7-test-seal/opaque_test_images/images/E-969CFBAAC566608D8C5D4CE8.jpeg,1076c13e96fd953b0c31826e513a377d678c7bc8fe7159db2a0e39afa5b6dd11,0,0.9696474075317383,1.0,0.9696474075317383,0.7250492572784424,0.19,1,False,ResNet50,R0_original_reproduction,2024,sealed_test,R0_ResNet50_seed2024
E-973684C3EF2515F4170023A8.jpeg,/kaggle/input/datasets/hintrngia/gate7-test-seal/opaque_test_images/images/E-973684C3EF2515F4170023A8.jpeg,f4c1d89032ab6a48a230c68804ee1c2f6af5b39bb71f6c0702961d3d2d631ab8,1,13.934880256652832,1.0,13.934880256652832,0.9999991655349731,0.19,1,True,ResNet50,R0_original_reproduction,2024,sealed_test,R0_ResNet50_seed2024
E-9760B7489DD2F9CE074318AD.jpeg,/kaggle/input/datasets/hintrngia/gate7-test-seal/opaque_test_images/images/E-9760B7489DD2F9CE074318AD.jpeg,5824d55942d95216b7808fafa10db02aeaf63485a1a4f480faa951794a2d28b3,1,15.967921257019043,1.0,15.967921257019043,0.9999998807907104,0.19,1,True,ResNet50,R0_original_reproduction,2024,sealed_test,R0_ResNet50_seed2024
E-99080034970E386B02E8439D.jpeg,/kaggle/input/datasets/hintrngia/gate7-test-seal/opaque_test_images/images/E-99080034970E386B02E8439D.jpeg,8499a0b7bd0d57b3508c5bbb4d03b578111a6cd8cac62f74fbc6ddbc535d22b2,1,11.340550422668457,1.0,11.340550422668457,0.9999880790710449,0.19,1,True,ResNet50,R0_original_reproduction,2024,sealed_test,R0_ResNet50_seed2024
E-9A48264C99FDAC90E29908DD.jpeg,/kaggle/input/datasets/hintrngia/gate7-test-seal/opaque_test_images/images/E-9A48264C99FDAC90E29908DD.jpeg,af834e66e009730c46830f2509dd3d6f3d8ceb6802c71a262e1508d4681b57ad,0,9.684568405151367,1.0,9.684568405151367,0.9999377727508545,0.19,1,False,ResNet50,R0_original_reproduction,2024,sealed_test,R0_ResNet50_seed2024
E-9A9C78D1B9953A6FD2BA65F6.jpeg,/kaggle/input/datasets/hintrngia/gate7-test-seal/opaque_test_images/images/E-9A9C78D1B9953A6FD2BA65F6.jpeg,e9b5f3891ac7c4aad81cf62c546abcdd65e4b2926fccd700efe15623b5c2f914,1,19.22484588623047,1.0,19.22484588623047,1.0,0.19,1,True,ResNet50,R0_original_reproduction,2024,sealed_test,R0_ResNet50_seed2024
E-9B56CC62692974C989F872CC.jpeg,/kaggle/input/datasets/hintrngia/gate7-test-seal/opaque_test_images/images/E-9B56CC62692974C989F872CC.jpeg,7598c6cb9617667da1fd97858c181d4e4379f4dec019d40c859fcefc3da3b4da,1,15.715115547180176,1.0,15.715115547180176,0.9999998807907104,0.19,1,True,ResNet50,R0_original_reproduction,2024,sealed_test,R0_ResNet50_seed2024
E-9B7D6033DD7FDF339F3DCA56.jpeg,/kaggle/input/datasets/hintrngia/gate7-test-seal/opaque_test_images/images/E-9B7D6033DD7FDF339F3DCA56.jpeg,49fefde868d6a4e9f4bad45ddd01f228d5db1be754458d6e0534944a5e42de29,1,16.08311653137207,1.0,16.08311653137207,0.9999998807907104,0.19,1,True,ResNet50,R0_original_reproduction,2024,sealed_test,R0_ResNet50_seed2024
E-9C40DB5B641188B8649C07D4.jpeg,/kaggle/input/datasets/hintrngia/gate7-test-seal/opaque_test_images/images/E-9C40DB5B641188B8649C07D4.jpeg,5da18cecc59c5283aff466de3ccd6397d2fab5a9619c4b40fcce2ecab1615ac1,1,10.125710487365723,1.0,10.125710487365723,0.9999599456787109,0.19,1,True,ResNet50,R0_original_reproduction,2024,sealed_test,R0_ResNet50_seed2024
E-9C48952B2459B4DEC3B83B7A.jpeg,/kaggle/input/datasets/hintrngia/gate7-test-seal/opaque_test_images/images/E-9C48952B2459B4DEC3B83B7A.jpeg,6dab52095640e56a8ba55499c0483cf6000921d8e977f6d9e3ca2cb7ea76dc17,0,-8.379535675048828,1.0,-8.379535675048828,0.00022946385433897376,0.19,0,True,ResNet50,R0_original_reproduction,2024,sealed_test,R0_ResNet50_seed2024
E-9C888BD1266FC995CB2BF4F9.jpeg,/kaggle/input/datasets/hintrngia/gate7-test-seal/opaque_test_images/images/E-9C888BD1266FC995CB2BF4F9.jpeg,107bd49e81e389e4b8fc942e1547f27fd1a75786ce5d0f84a1ef55cd720c4d7e,1,10.075539588928223,1.0,10.075539588928223,0.9999579191207886,0.19,1,True,ResNet50,R0_original_reproduction,2024,sealed_test,R0_ResNet50_seed2024
E-9D258616C2F8BC3DD1294F9C.jpeg,/kaggle/input/datasets/hintrngia/gate7-test-seal/opaque_test_images/images/E-9D258616C2F8BC3DD1294F9C.jpeg,a6d8180a67d1913c3dbc7b1cf4e0d2a687c4f1c04f50320419568f94fe1d09cd,1,11.552525520324707,1.0,11.552525520324707,0.9999903440475464,0.19,1,True,ResNet50,R0_original_reproduction,2024,sealed_test,R0_ResNet50_seed2024
E-9D85D6C18C03F3CA98248263.jpeg,/kaggle/input/datasets/hintrngia/gate7-test-seal/opaque_test_images/images/E-9D85D6C18C03F3CA98248263.jpeg,abebfa983db758f0d5fe2180efbccbb774b53ead648e3841f555604063233328,1,10.108930587768555,1.0,10.108930587768555,0.9999592304229736,0.19,1,True,ResNet50,R0_original_reproduction,2024,sealed_test,R0_ResNet50_seed2024
E-9DA05998E0AD05F4AC1CEDA2.jpeg,/kaggle/input/datasets/hintrngia/gate7-test-seal/opaque_test_images/images/E-9DA05998E0AD05F4AC1CEDA2.jpeg,ddfca2cec363f34db64a502b03e8a354c43e564a93453b8564695e01f3400be5,1,14.346578598022461,1.0,14.346578598022461,0.9999994039535522,0.19,1,True,ResNet50,R0_original_reproduction,2024,sealed_test,R0_ResNet50_seed2024
E-9DA2E187B677143A3BF267F4.jpeg,/kaggle/input/datasets/hintrngia/gate7-test-seal/opaque_test_images/images/E-9DA2E187B677143A3BF267F4.jpeg,d33d41ad42d62152689b5e5939ee03a94fd827c707e47fb451364c1a32adce72,0,4.139753818511963,1.0,4.139753818511963,0.9843229651451111,0.19,1,False,ResNet50,R0_original_reproduction,2024,sealed_test,R0_ResNet50_seed2024
E-9DE0442A539E314A79AF933B.jpeg,/kaggle/input/datasets/hintrngia/gate7-test-seal/opaque_test_images/images/E-9DE0442A539E314A79AF933B.jpeg,e12be3757ca18144f9eb0fbe227d81288ae1426f705f6b8a89738e469cc80fb5,1,14.621716499328613,1.0,14.621716499328613,0.9999995231628418,0.19,1,True,ResNet50,R0_original_reproduction,2024,sealed_test,R0_ResNet50_seed2024
E-9E812ECC6C5BA50D14DA172A.jpeg,/kaggle/input/datasets/hintrngia/gate7-test-seal/opaque_test_images/images/E-9E812ECC6C5BA50D14DA172A.jpeg,ef7114d4994b0a098e12de67936f05eb25132da93ed3c94546e6cf2ccd4ae6e4,0,5.44474458694458,1.0,5.44474458694458,0.9956996440887451,0.19,1,False,ResNet50,R0_original_reproduction,2024,sealed_test,R0_ResNet50_seed2024
E-9EF451A17D46088D9AD1BB3C.jpeg,/kaggle/input/datasets/hintrngia/gate7-test-seal/opaque_test_images/images/E-9EF451A17D46088D9AD1BB3C.jpeg,d91f57592fb46063b9e3913cc675e478a5f2f2277a1c59d6a018d09b21de4dbb,0,9.719717979431152,1.0,9.719717979431152,0.9999399185180664,0.19,1,False,ResNet50,R0_original_reproduction,2024,sealed_test,R0_ResNet50_seed2024
E-9F11B7833C4078EF76313694.jpeg,/kaggle/input/datasets/hintrngia/gate7-test-seal/opaque_test_images/images/E-9F11B7833C4078EF76313694.jpeg,681a96a545dd3a0d71e6a7729dfec78a590dd27e1c4f6981e7915fa828397fde,1,16.066652297973633,1.0,16.066652297973633,0.9999998807907104,0.19,1,True,ResNet50,R0_original_reproduction,2024,sealed_test,R0_ResNet50_seed2024
E-9F7CF3E325C2248E5DAD04A4.jpeg,/kaggle/input/datasets/hintrngia/gate7-test-seal/opaque_test_images/images/E-9F7CF3E325C2248E5DAD04A4.jpeg,95afb6e8110dae09b4e01febb478900f445e6d3b767f375856be7fb6f5d12ce2,1,8.585198402404785,1.0,8.585198402404785,0.9998132586479187,0.19,1,True,ResNet50,R0_original_reproduction,2024,sealed_test,R0_ResNet50_seed2024
E-9FC76B9714A55204D742CE4C.jpeg,/kaggle/input/datasets/hintrngia/gate7-test-seal/opaque_test_images/images/E-9FC76B9714A55204D742CE4C.jpeg,3c602c9107cfb732b330c10e1ff3e19e758b156b5f264c7fdd7d4d7ecb09fb16,1,18.60327911376953,1.0,18.60327911376953,1.0,0.19,1,True,ResNet50,R0_original_reproduction,2024,sealed_test,R0_ResNet50_seed2024
E-9FEBB8366FC353422B8C4C72.jpeg,/kaggle/input/datasets/hintrngia/gate7-test-seal/opaque_test_images/images/E-9FEBB8366FC353422B8C4C72.jpeg,e4b0e865d6209105a3f40167ca5bd1ec8dc1c115d682f35480d5d1fdac88d125,1,18.690507888793945,1.0,18.690507888793945,1.0,0.19,1,True,ResNet50,R0_original_reproduction,2024,sealed_test,R0_ResNet50_seed2024
E-A02098916DF2E2C86EABA120.jpeg,/kaggle/input/datasets/hintrngia/gate7-test-seal/opaque_test_images/images/E-A02098916DF2E2C86EABA120.jpeg,ffd6946f39b518a306c045c8302deb8e2b8f889ad59466b5ed772607d3c9d113,0,-10.07752513885498,1.0,-10.07752513885498,4.2011499317595735e-05,0.19,0,True,ResNet50,R0_original_reproduction,2024,sealed_test,R0_ResNet50_seed2024
E-A0A20FFCEFD96663F4AB4E87.jpeg,/kaggle/input/datasets/hintrngia/gate7-test-seal/opaque_test_images/images/E-A0A20FFCEFD96663F4AB4E87.jpeg,0df8b23400330b618b01f0302085f38c4f0f009143daea5c8e329a7e38210d00,1,12.493062019348145,1.0,12.493062019348145,0.9999963045120239,0.19,1,True,ResNet50,R0_original_reproduction,2024,sealed_test,R0_ResNet50_seed2024
E-A0D5A9410E976B289DD85CF6.jpeg,/kaggle/input/datasets/hintrngia/gate7-test-seal/opaque_test_images/images/E-A0D5A9410E976B289DD85CF6.jpeg,47f8621a6792945a17afc16025aa1e27688bd8ff536d58e223da7fe14af6ef9f,1,11.553725242614746,1.0,11.553725242614746,0.9999903440475464,0.19,1,True,ResNet50,R0_original_reproduction,2024,sealed_test,R0_ResNet50_seed2024
E-A19DD0752156D9B21C8A6B81.jpeg,/kaggle/input/datasets/hintrngia/gate7-test-seal/opaque_test_images/images/E-A19DD0752156D9B21C8A6B81.jpeg,6489e481f7bb8af244900902772dd664de55659cea3e007be795673b7fcff65d,1,22.298757553100586,1.0,22.298757553100586,1.0,0.19,1,True,ResNet50,R0_original_reproduction,2024,sealed_test,R0_ResNet50_seed2024
E-A1A0F42BD66AD22CA6A634E4.jpeg,/kaggle/input/datasets/hintrngia/gate7-test-seal/opaque_test_images/images/E-A1A0F42BD66AD22CA6A634E4.jpeg,0f3a2b44db08e5190b678a93326ce1d6072dd8b9886b6e4cde864cf6ba3c0a04,0,-0.3658423125743866,1.0,-0.3658423125743866,0.4095460772514343,0.19,1,False,ResNet50,R0_original_reproduction,2024,sealed_test,R0_ResNet50_seed2024
E-A1CED6AB96CBEC3BD4F18BA2.jpeg,/kaggle/input/datasets/hintrngia/gate7-test-seal/opaque_test_images/images/E-A1CED6AB96CBEC3BD4F18BA2.jpeg,aa01a5cb1317b0426ffc760d3ebdbf5a2ee195ceb979b4f482bc898ec34ee676,1,9.117842674255371,1.0,9.117842674255371,0.9998903274536133,0.19,1,True,ResNet50,R0_original_reproduction,2024,sealed_test,R0_ResNet50_seed2024
E-A2993EEF43D4B5A724031C2A.jpeg,/kaggle/input/datasets/hintrngia/gate7-test-seal/opaque_test_images/images/E-A2993EEF43D4B5A724031C2A.jpeg,cac24c359fc13669596a69d41225be7aace3f520b5e560e592a0a84a837c3e5b,1,13.97024917602539,1.0,13.97024917602539,0.9999991655349731,0.19,1,True,ResNet50,R0_original_reproduction,2024,sealed_test,R0_ResNet50_seed2024
E-A3766927CDE483514001DFBC.jpeg,/kaggle/input/datasets/hintrngia/gate7-test-seal/opaque_test_images/images/E-A3766927CDE483514001DFBC.jpeg,f6d65bb18bd4e00b2a9fe844d0a15174d4a340b247a766342fa5011a7d3c85a8,0,10.454508781433105,1.0,10.454508781433105,0.9999711513519287,0.19,1,False,ResNet50,R0_original_reproduction,2024,sealed_test,R0_ResNet50_seed2024
E-A38FC45EA34F3500F6A539F3.jpeg,/kaggle/input/datasets/hintrngia/gate7-test-seal/opaque_test_images/images/E-A38FC45EA34F3500F6A539F3.jpeg,7cb8e0b24bbbff1f5f956bd0139a0a8dc9c687706656a0f7597fd1d8ccb21654,1,18.211746215820312,1.0,18.211746215820312,1.0,0.19,1,True,ResNet50,R0_original_reproduction,2024,sealed_test,R0_ResNet50_seed2024
E-A40B5105AE07A44DBDF8A339.jpeg,/kaggle/input/datasets/hintrngia/gate7-test-seal/opaque_test_images/images/E-A40B5105AE07A44DBDF8A339.jpeg,1453e99bf72294a161116a5c3971d48cb668c7136f2b58bd90aa88937b1bf1ce,1,13.837446212768555,1.0,13.837446212768555,0.9999990463256836,0.19,1,True,ResNet50,R0_original_reproduction,2024,sealed_test,R0_ResNet50_seed2024
E-A4213CE0B1237C28F643BC04.jpeg,/kaggle/input/datasets/hintrngia/gate7-test-seal/opaque_test_images/images/E-A4213CE0B1237C28F643BC04.jpeg,193162bacaa068abd86ab75670d37fa74a92156568b0382f251791ae8390a3f1,1,8.357393264770508,1.0,8.357393264770508,0.9997654557228088,0.19,1,True,ResNet50,R0_original_reproduction,2024,sealed_test,R0_ResNet50_seed2024
E-A48B2AC52132EC7DDA28B77C.jpeg,/kaggle/input/datasets/hintrngia/gate7-test-seal/opaque_test_images/images/E-A48B2AC52132EC7DDA28B77C.jpeg,dc8e4ef1321be066cb33056610b86d810e3487ddd6c33f2e100dfe104e877e40,0,0.18725885450839996,1.0,0.18725885450839996,0.5466784238815308,0.19,1,False,ResNet50,R0_original_reproduction,2024,sealed_test,R0_ResNet50_seed2024
E-A4A49319C74107255AD2EC01.jpeg,/kaggle/input/datasets/hintrngia/gate7-test-seal/opaque_test_images/images/E-A4A49319C74107255AD2EC01.jpeg,f28083a41a782d48ae738c4c6b7112b03a88db828ed9df938cf9399728492b80,1,12.71982192993164,1.0,12.71982192993164,0.9999970197677612,0.19,1,True,ResNet50,R0_original_reproduction,2024,sealed_test,R0_ResNet50_seed2024
E-A4D7DFA81B30DF855E2D76AC.jpeg,/kaggle/input/datasets/hintrngia/gate7-test-seal/opaque_test_images/images/E-A4D7DFA81B30DF855E2D76AC.jpeg,ee8e1723150b134c363ebe73c684f1b2ca14fef58f3d0c179888089c64466938,0,-1.9947590827941895,1.0,-1.9947590827941895,0.11975429207086563,0.19,0,True,ResNet50,R0_original_reproduction,2024,sealed_test,R0_ResNet50_seed2024
E-A540763BCA2A1AF575A9EE6B.jpeg,/kaggle/input/datasets/hintrngia/gate7-test-seal/opaque_test_images/images/E-A540763BCA2A1AF575A9EE6B.jpeg,33776c7742e62fdfa374a80b5051a1840ff340d1f31897f374709e33e1f08f98,1,9.229931831359863,1.0,9.229931831359863,0.9999018907546997,0.19,1,True,ResNet50,R0_original_reproduction,2024,sealed_test,R0_ResNet50_seed2024
E-A5B76F5465A7745EBBAE1D8D.jpeg,/kaggle/input/datasets/hintrngia/gate7-test-seal/opaque_test_images/images/E-A5B76F5465A7745EBBAE1D8D.jpeg,47be01762ee6be35d4e44e715b29cdab47a8f968ba8819e8441bed67717d0c81,0,-4.710300445556641,1.0,-4.710300445556641,0.008921758271753788,0.19,0,True,ResNet50,R0_original_reproduction,2024,sealed_test,R0_ResNet50_seed2024
E-A63726623F987E6967000B6E.jpeg,/kaggle/input/datasets/hintrngia/gate7-test-seal/opaque_test_images/images/E-A63726623F987E6967000B6E.jpeg,bb20b7298a8fd503536e5c686f5293ce4ba4b08d0715779b82d5540a4d543add,1,6.103504180908203,1.0,6.103504180908203,0.9977699518203735,0.19,1,True,ResNet50,R0_original_reproduction,2024,sealed_test,R0_ResNet50_seed2024
E-A749234CC2D48E7ABDECA351.jpeg,/kaggle/input/datasets/hintrngia/gate7-test-seal/opaque_test_images/images/E-A749234CC2D48E7ABDECA351.jpeg,1c66b1830670a0d1aee471f6feba5af84d7f2926888b14f3c654306b18c0404c,0,0.168485626578331,1.0,0.168485626578331,0.5420219898223877,0.19,1,False,ResNet50,R0_original_reproduction,2024,sealed_test,R0_ResNet50_seed2024
E-A7CD25A223BF31CF3DE4E4F9.jpeg,/kaggle/input/datasets/hintrngia/gate7-test-seal/opaque_test_images/images/E-A7CD25A223BF31CF3DE4E4F9.jpeg,cc2b511eb5a8dc4e87ffd1eafa7ce91958140d4467e942cdc32dc6f35e49d864,0,-1.4668866395950317,1.0,-1.4668866395950317,0.18741630017757416,0.19,0,True,ResNet50,R0_original_reproduction,2024,sealed_test,R0_ResNet50_seed2024
E-A86C61B942A655EDCDC55AD7.jpeg,/kaggle/input/datasets/hintrngia/gate7-test-seal/opaque_test_images/images/E-A86C61B942A655EDCDC55AD7.jpeg,85ebaffefd1193733edc50fa566759cb80fd7375be0e2a6110318e19f98f49a4,1,12.278083801269531,1.0,12.278083801269531,0.9999953508377075,0.19,1,True,ResNet50,R0_original_reproduction,2024,sealed_test,R0_ResNet50_seed2024
E-A8DDBAC0B675843CFC5044A4.jpeg,/kaggle/input/datasets/hintrngia/gate7-test-seal/opaque_test_images/images/E-A8DDBAC0B675843CFC5044A4.jpeg,8060f372fac1fb77a5a8b7d3c289cf0dd86c97ead772adbdc3ba8963b8ce147f,0,4.620397090911865,1.0,4.620397090911865,0.9902472496032715,0.19,1,False,ResNet50,R0_original_reproduction,2024,sealed_test,R0_ResNet50_seed2024
E-A92185A886C303721C499620.jpeg,/kaggle/input/datasets/hintrngia/gate7-test-seal/opaque_test_images/images/E-A92185A886C303721C499620.jpeg,488de4306f7e868b170dfbed597832e9c7b07c633a4b6a659732f2b3f27b7630,0,5.125992298126221,1.0,5.125992298126221,0.9940947890281677,0.19,1,False,ResNet50,R0_original_reproduction,2024,sealed_test,R0_ResNet50_seed2024
E-A9AC7ECA864D894719491A2C.jpeg,/kaggle/input/datasets/hintrngia/gate7-test-seal/opaque_test_images/images/E-A9AC7ECA864D894719491A2C.jpeg,ef40a4d6800faaf5936ab38dcd13fecd1837fa03e7f188899445c2a3c8042dca,1,14.889472961425781,1.0,14.889472961425781,0.9999996423721313,0.19,1,True,ResNet50,R0_original_reproduction,2024,sealed_test,R0_ResNet50_seed2024
E-AA4C02ADFE0C20DBCCC1CC02.jpeg,/kaggle/input/datasets/hintrngia/gate7-test-seal/opaque_test_images/images/E-AA4C02ADFE0C20DBCCC1CC02.jpeg,e8efad1a979775a6b6994ab48012350e52ef3df231270098f6623a36443eb84f,1,9.52961254119873,1.0,9.52961254119873,0.999927282333374,0.19,1,True,ResNet50,R0_original_reproduction,2024,sealed_test,R0_ResNet50_seed2024
E-AAEB2C1D4D82282E06CC3A6E.jpeg,/kaggle/input/datasets/hintrngia/gate7-test-seal/opaque_test_images/images/E-AAEB2C1D4D82282E06CC3A6E.jpeg,a8f6304392d7129ad12a36e6455bd411e99cf2aae896adda330c963b413cafc0,1,13.22347354888916,1.0,13.22347354888916,0.9999982118606567,0.19,1,True,ResNet50,R0_original_reproduction,2024,sealed_test,R0_ResNet50_seed2024
E-AB59499727FAB20CF273D154.jpeg,/kaggle/input/datasets/hintrngia/gate7-test-seal/opaque_test_images/images/E-AB59499727FAB20CF273D154.jpeg,ae7d1e6fb914590f4fddcfde63fc7cdc4483e8d4deeb8ab542a05dc76a3c4e2f,1,19.49759864807129,1.0,19.49759864807129,1.0,0.19,1,True,ResNet50,R0_original_reproduction,2024,sealed_test,R0_ResNet50_seed2024
E-AD76F92926B63D7B25020ECB.jpeg,/kaggle/input/datasets/hintrngia/gate7-test-seal/opaque_test_images/images/E-AD76F92926B63D7B25020ECB.jpeg,f28f43eb49146946f6f0d66367cfe6673027140a0f6ef277ef4288a40b00f379,1,12.198477745056152,1.0,12.198477745056152,0.9999949932098389,0.19,1,True,ResNet50,R0_original_reproduction,2024,sealed_test,R0_ResNet50_seed2024
E-ADA5083D67C9F3CD224336BF.jpeg,/kaggle/input/datasets/hintrngia/gate7-test-seal/opaque_test_images/images/E-ADA5083D67C9F3CD224336BF.jpeg,7fdb0c0155b2ec4902c2185d09be76772a77f1c4342edbdf9e8e048907d6c229,1,12.835241317749023,1.0,12.835241317749023,0.9999973773956299,0.19,1,True,ResNet50,R0_original_reproduction,2024,sealed_test,R0_ResNet50_seed2024
E-ADE6763E6E04999E20C74245.jpeg,/kaggle/input/datasets/hintrngia/gate7-test-seal/opaque_test_images/images/E-ADE6763E6E04999E20C74245.jpeg,893abc1afd7ea6be16eb26425aec0d7aef6f32ea1c53712371924305772d2019,1,27.601192474365234,1.0,27.601192474365234,1.0,0.19,1,True,ResNet50,R0_original_reproduction,2024,sealed_test,R0_ResNet50_seed2024
E-AE6D119582FB34677FC34D11.jpeg,/kaggle/input/datasets/hintrngia/gate7-test-seal/opaque_test_images/images/E-AE6D119582FB34677FC34D11.jpeg,ea3fea0b92d54b568748eecf31c008a337850c8e7b4eea2655fd0b23efae2882,1,7.500247955322266,1.0,7.500247955322266,0.9994474053382874,0.19,1,True,ResNet50,R0_original_reproduction,2024,sealed_test,R0_ResNet50_seed2024
E-AF91B65F29D66EEC19FDCD6C.jpeg,/kaggle/input/datasets/hintrngia/gate7-test-seal/opaque_test_images/images/E-AF91B65F29D66EEC19FDCD6C.jpeg,e4898ae7f2100dc6af1e441576f56a66e59711809c48161d7bdb2f4035a5fbd9,1,11.910075187683105,1.0,11.910075187683105,0.9999933242797852,0.19,1,True,ResNet50,R0_original_reproduction,2024,sealed_test,R0_ResNet50_seed2024
E-B06536DA23E00AFFE7829780.jpeg,/kaggle/input/datasets/hintrngia/gate7-test-seal/opaque_test_images/images/E-B06536DA23E00AFFE7829780.jpeg,3f737135d08366224e601373e3beb7ff5b1395f14f5b6f9f51a9ddb0d66d2fcd,0,7.6088714599609375,1.0,7.6088714599609375,0.9995042085647583,0.19,1,False,ResNet50,R0_original_reproduction,2024,sealed_test,R0_ResNet50_seed2024
E-B0C7C14438BDB97522F80CCE.jpeg,/kaggle/input/datasets/hintrngia/gate7-test-seal/opaque_test_images/images/E-B0C7C14438BDB97522F80CCE.jpeg,fb7488c5035bfa6c520fc502415934976552918ee9610f1815f8182cc094753b,1,13.1359281539917,1.0,13.1359281539917,0.9999979734420776,0.19,1,True,ResNet50,R0_original_reproduction,2024,sealed_test,R0_ResNet50_seed2024
E-B0ECD82D369AE7E2D2DB7605.jpeg,/kaggle/input/datasets/hintrngia/gate7-test-seal/opaque_test_images/images/E-B0ECD82D369AE7E2D2DB7605.jpeg,5cde756baf9823a08cb8928d9f3eebd2b82814439e3444aad7abbd9427f41d6a,1,12.373738288879395,1.0,12.373738288879395,0.9999958276748657,0.19,1,True,ResNet50,R0_original_reproduction,2024,sealed_test,R0_ResNet50_seed2024
E-B15903E1E2039605DB9FB6A1.jpeg,/kaggle/input/datasets/hintrngia/gate7-test-seal/opaque_test_images/images/E-B15903E1E2039605DB9FB6A1.jpeg,6211aa5bb73c2aa1d598bf2ebe7c14ac6617552c031523c1c73c9528f2d6b2e3,1,12.470291137695312,1.0,12.470291137695312,0.9999961853027344,0.19,1,True,ResNet50,R0_original_reproduction,2024,sealed_test,R0_ResNet50_seed2024
E-B1906A980682154F21AC8637.jpeg,/kaggle/input/datasets/hintrngia/gate7-test-seal/opaque_test_images/images/E-B1906A980682154F21AC8637.jpeg,841208b83be1b8aabc058eeecd42641641df5ae7276435b64ee558902211dc40,0,-8.555841445922852,1.0,-8.555841445922852,0.00019238080130890012,0.19,0,True,ResNet50,R0_original_reproduction,2024,sealed_test,R0_ResNet50_seed2024
E-B20CCDADA9F2C47889EC78C2.jpeg,/kaggle/input/datasets/hintrngia/gate7-test-seal/opaque_test_images/images/E-B20CCDADA9F2C47889EC78C2.jpeg,9d6f4fa9ea33c9f09017c47c20d6c56016936ee8553d0a197fbaa2e577be1ac5,1,-0.5444883704185486,1.0,-0.5444883704185486,0.36714407801628113,0.19,1,True,ResNet50,R0_original_reproduction,2024,sealed_test,R0_ResNet50_seed2024
E-B29F964F9024332A9FD3DA8C.jpeg,/kaggle/input/datasets/hintrngia/gate7-test-seal/opaque_test_images/images/E-B29F964F9024332A9FD3DA8C.jpeg,5eb833628fe61989f0a3d9640fc774305a08f6a633f5b0cefaecb10b0d53a63c,1,9.362441062927246,1.0,9.362441062927246,0.9999141693115234,0.19,1,True,ResNet50,R0_original_reproduction,2024,sealed_test,R0_ResNet50_seed2024
E-B2DCAED7EAD5E467AB542312.jpeg,/kaggle/input/datasets/hintrngia/gate7-test-seal/opaque_test_images/images/E-B2DCAED7EAD5E467AB542312.jpeg,50e5be4e3211ed4f9aef99359e22bbf3f6f9f6e32063b11f7daa7af88d58de92,1,11.170286178588867,1.0,11.170286178588867,0.999985933303833,0.19,1,True,ResNet50,R0_original_reproduction,2024,sealed_test,R0_ResNet50_seed2024
E-B336E2ACC29F7155535D08CF.jpeg,/kaggle/input/datasets/hintrngia/gate7-test-seal/opaque_test_images/images/E-B336E2ACC29F7155535D08CF.jpeg,92fd4e927f5890b50c599c64ae4dac352ef71387d5473a30dc80d35a3de18a32,1,5.600580215454102,1.0,5.600580215454102,0.9963178634643555,0.19,1,True,ResNet50,R0_original_reproduction,2024,sealed_test,R0_ResNet50_seed2024
E-B352C843937DC9BD58C4B554.jpeg,/kaggle/input/datasets/hintrngia/gate7-test-seal/opaque_test_images/images/E-B352C843937DC9BD58C4B554.jpeg,6d202cc2790011f040d1e320128360322f71234bf262e738267f689f310b88cc,1,19.2082462310791,1.0,19.2082462310791,1.0,0.19,1,True,ResNet50,R0_original_reproduction,2024,sealed_test,R0_ResNet50_seed2024
E-B37DF836576EE6DBE540024C.jpeg,/kaggle/input/datasets/hintrngia/gate7-test-seal/opaque_test_images/images/E-B37DF836576EE6DBE540024C.jpeg,de3bd2a033b90621e42d7d1119536938b9249b4a0111fb3f9bb2de1eaac98007,0,0.9509058594703674,1.0,0.9509058594703674,0.7212973237037659,0.19,1,False,ResNet50,R0_original_reproduction,2024,sealed_test,R0_ResNet50_seed2024
E-B3A1A8ADA0F47FD4CE75E3E1.jpeg,/kaggle/input/datasets/hintrngia/gate7-test-seal/opaque_test_images/images/E-B3A1A8ADA0F47FD4CE75E3E1.jpeg,648e4aacd5ab9ea68863efd558ae05bd07bf6a658587b9bc14e45afa448fc2e8,1,12.975255012512207,1.0,12.975255012512207,0.9999977350234985,0.19,1,True,ResNet50,R0_original_reproduction,2024,sealed_test,R0_ResNet50_seed2024
E-B41848B096ED1788DCCEEDA2.jpeg,/kaggle/input/datasets/hintrngia/gate7-test-seal/opaque_test_images/images/E-B41848B096ED1788DCCEEDA2.jpeg,5389275ad14e1e7a421076129060b69bdea9f3bcc66501575958885cd7de57c7,1,10.036467552185059,1.0,10.036467552185059,0.9999562501907349,0.19,1,True,ResNet50,R0_original_reproduction,2024,sealed_test,R0_ResNet50_seed2024
E-B421F349844086576733B613.jpeg,/kaggle/input/datasets/hintrngia/gate7-test-seal/opaque_test_images/images/E-B421F349844086576733B613.jpeg,ed90a1ef9178a05e81b818d7c9fe2f646df184bedbf65272314dc26e6d780df2,0,2.616847276687622,1.0,2.616847276687622,0.9319379925727844,0.19,1,False,ResNet50,R0_original_reproduction,2024,sealed_test,R0_ResNet50_seed2024
E-B5DA986B12B90B658ECAA7F1.jpeg,/kaggle/input/datasets/hintrngia/gate7-test-seal/opaque_test_images/images/E-B5DA986B12B90B658ECAA7F1.jpeg,a301bf55fcab5c11ccad2b46bd0ee216c85e599a6aee52d4833e796bdb09b58e,0,-3.310465097427368,1.0,-3.310465097427368,0.03521391376852989,0.19,0,True,ResNet50,R0_original_reproduction,2024,sealed_test,R0_ResNet50_seed2024
E-B68A7FE9302D23008394633F.jpeg,/kaggle/input/datasets/hintrngia/gate7-test-seal/opaque_test_images/images/E-B68A7FE9302D23008394633F.jpeg,ad737888d5a6dd3d37e7682558d7fcc95185e6e392fba29fdedd78157aaa575c,1,16.566110610961914,1.0,16.566110610961914,0.9999998807907104,0.19,1,True,ResNet50,R0_original_reproduction,2024,sealed_test,R0_ResNet50_seed2024
E-B6E59B4FA989F9F9B763A540.jpeg,/kaggle/input/datasets/hintrngia/gate7-test-seal/opaque_test_images/images/E-B6E59B4FA989F9F9B763A540.jpeg,abe75b761f1eb492282b525186e1be1a3ce87c2cdac9d259586d59c8d3289845,1,12.46166706085205,1.0,12.46166706085205,0.9999961853027344,0.19,1,True,ResNet50,R0_original_reproduction,2024,sealed_test,R0_ResNet50_seed2024
E-B701F1D8C0C0617522833A87.jpeg,/kaggle/input/datasets/hintrngia/gate7-test-seal/opaque_test_images/images/E-B701F1D8C0C0617522833A87.jpeg,1aa2861aa60a0a03d23a55b81c50a186f2e05fc51bd47c22d03598211c293102,0,-5.663389682769775,1.0,-5.663389682769775,0.003458727616816759,0.19,0,True,ResNet50,R0_original_reproduction,2024,sealed_test,R0_ResNet50_seed2024
E-B7F14CF1F030025DD8491CA9.jpeg,/kaggle/input/datasets/hintrngia/gate7-test-seal/opaque_test_images/images/E-B7F14CF1F030025DD8491CA9.jpeg,3a4ec11a7d04859abab9b2a1119ac10f1ac59100fa838a8fd78876e9d9238afa,0,-2.8826091289520264,1.0,-2.8826091289520264,0.05301997810602188,0.19,0,True,ResNet50,R0_original_reproduction,2024,sealed_test,R0_ResNet50_seed2024
E-B80945974BB38152A2ADE2AF.jpeg,/kaggle/input/datasets/hintrngia/gate7-test-seal/opaque_test_images/images/E-B80945974BB38152A2ADE2AF.jpeg,c9e403e696d843a46c39f8a2ca22b0f66cada7c01c5d726414418fb591fe65bf,0,-16.80250358581543,1.0,-16.80250358581543,5.04388673050471e-08,0.19,0,True,ResNet50,R0_original_reproduction,2024,sealed_test,R0_ResNet50_seed2024
E-B813D1454C73F6C74F660590.jpeg,/kaggle/input/datasets/hintrngia/gate7-test-seal/opaque_test_images/images/E-B813D1454C73F6C74F660590.jpeg,b7c8c0e20270de648b553cf68332eb0ff1aa6abcbeeeda6a13ddbc5ad89b6d34,1,7.049067974090576,1.0,7.049067974090576,0.9991325736045837,0.19,1,True,ResNet50,R0_original_reproduction,2024,sealed_test,R0_ResNet50_seed2024
E-B8952AD0DE3E41CEDE581D6E.jpeg,/kaggle/input/datasets/hintrngia/gate7-test-seal/opaque_test_images/images/E-B8952AD0DE3E41CEDE581D6E.jpeg,5d79277ec0401a7d76f610d286f8322e1947a37aed6232f975a88b4bc429cf9f,0,2.9993276596069336,1.0,2.9993276596069336,0.9525437355041504,0.19,1,False,ResNet50,R0_original_reproduction,2024,sealed_test,R0_ResNet50_seed2024
E-B90C91E4755F3E68E8D07C81.jpeg,/kaggle/input/datasets/hintrngia/gate7-test-seal/opaque_test_images/images/E-B90C91E4755F3E68E8D07C81.jpeg,d0426e7a6bc9cb0173f64d1dece755ea9ede4f53d5d7e2bb05f0ecc65c8d65bc,1,9.913108825683594,1.0,9.913108825683594,0.9999505281448364,0.19,1,True,ResNet50,R0_original_reproduction,2024,sealed_test,R0_ResNet50_seed2024
E-B939EBFBDF6CF8AB01C31445.jpeg,/kaggle/input/datasets/hintrngia/gate7-test-seal/opaque_test_images/images/E-B939EBFBDF6CF8AB01C31445.jpeg,ec268bf2a879fc777e2e098ce07d02fc417c89e7f8740d81d514210296157ab6,1,8.425755500793457,1.0,8.425755500793457,0.9997809529304504,0.19,1,True,ResNet50,R0_original_reproduction,2024,sealed_test,R0_ResNet50_seed2024
E-B99AFBDD093262ADA86B34AA.jpeg,/kaggle/input/datasets/hintrngia/gate7-test-seal/opaque_test_images/images/E-B99AFBDD093262ADA86B34AA.jpeg,a2e14a4daa499c7573415e3429f20fcfc873fd58f82c52865be1fe0918903add,1,16.726398468017578,1.0,16.726398468017578,1.0,0.19,1,True,ResNet50,R0_original_reproduction,2024,sealed_test,R0_ResNet50_seed2024
E-B99B98E34E73464C598BEE2B.jpeg,/kaggle/input/datasets/hintrngia/gate7-test-seal/opaque_test_images/images/E-B99B98E34E73464C598BEE2B.jpeg,69fc2bb39db116ecf9296c8a8484a2d0609391e3652ca670a6e7d9b7a69637bb,1,12.7627592086792,1.0,12.7627592086792,0.9999971389770508,0.19,1,True,ResNet50,R0_original_reproduction,2024,sealed_test,R0_ResNet50_seed2024
E-BA4B11A1C228EA071443FC63.jpeg,/kaggle/input/datasets/hintrngia/gate7-test-seal/opaque_test_images/images/E-BA4B11A1C228EA071443FC63.jpeg,f240b0718555bdab2c4dfd342b831b55be8284243d057a2c3ad2a8ad9a2c012d,0,2.832113027572632,1.0,2.832113027572632,0.9443866610527039,0.19,1,False,ResNet50,R0_original_reproduction,2024,sealed_test,R0_ResNet50_seed2024
E-BB6F32C8D0A99C34D05CBF00.jpeg,/kaggle/input/datasets/hintrngia/gate7-test-seal/opaque_test_images/images/E-BB6F32C8D0A99C34D05CBF00.jpeg,696d75ee63bd6555878793521da91598a4d0efe76f5049d3a54d55df4a96620d,1,8.930998802185059,1.0,8.930998802185059,0.9998677968978882,0.19,1,True,ResNet50,R0_original_reproduction,2024,sealed_test,R0_ResNet50_seed2024
E-BB74E7A26CC5772AE8204932.jpeg,/kaggle/input/datasets/hintrngia/gate7-test-seal/opaque_test_images/images/E-BB74E7A26CC5772AE8204932.jpeg,d33d41ad42d62152689b5e5939ee03a94fd827c707e47fb451364c1a32adce72,0,4.139753818511963,1.0,4.139753818511963,0.9843229651451111,0.19,1,False,ResNet50,R0_original_reproduction,2024,sealed_test,R0_ResNet50_seed2024
E-BB966856875F00F1E70F47BD.jpeg,/kaggle/input/datasets/hintrngia/gate7-test-seal/opaque_test_images/images/E-BB966856875F00F1E70F47BD.jpeg,2afc2f379e583e0fb31c5c716aae17eeb4474bce6877b3a5520ccf686379a94a,1,6.749261379241943,1.0,6.749261379241943,0.9988296627998352,0.19,1,True,ResNet50,R0_original_reproduction,2024,sealed_test,R0_ResNet50_seed2024
E-BB96C349B18A4710DE07EC01.jpeg,/kaggle/input/datasets/hintrngia/gate7-test-seal/opaque_test_images/images/E-BB96C349B18A4710DE07EC01.jpeg,b8a6a29d829c35dd402bdab44ac8029c83e75c5d12fa1f78b0be5c58a6c556d9,0,-0.43159598112106323,1.0,-0.43159598112106323,0.3937453031539917,0.19,1,False,ResNet50,R0_original_reproduction,2024,sealed_test,R0_ResNet50_seed2024
E-BC22BB7E73B8D521BB28054D.jpeg,/kaggle/input/datasets/hintrngia/gate7-test-seal/opaque_test_images/images/E-BC22BB7E73B8D521BB28054D.jpeg,409f0f6c0f8a5b8ed4e0645633b07812aff5991aaee75bbe48044711a55c7c2c,0,4.833499431610107,1.0,4.833499431610107,0.992104172706604,0.19,1,False,ResNet50,R0_original_reproduction,2024,sealed_test,R0_ResNet50_seed2024
E-BC7C0B625E084CE93F1FF208.jpeg,/kaggle/input/datasets/hintrngia/gate7-test-seal/opaque_test_images/images/E-BC7C0B625E084CE93F1FF208.jpeg,080a3d4b578b4b3c8172b8c75cbb40bedbb071e7c63ffa631f38b1a31857a25a,1,15.598006248474121,1.0,15.598006248474121,0.9999998807907104,0.19,1,True,ResNet50,R0_original_reproduction,2024,sealed_test,R0_ResNet50_seed2024
E-BCDF7BD5461E233F18CDF83C.jpeg,/kaggle/input/datasets/hintrngia/gate7-test-seal/opaque_test_images/images/E-BCDF7BD5461E233F18CDF83C.jpeg,88f092395b4c91977b4b8a781472f6fd2ccf47e8277b8e70e28e918f04c2ed09,0,-5.262839317321777,1.0,-5.262839317321777,0.00515387486666441,0.19,0,True,ResNet50,R0_original_reproduction,2024,sealed_test,R0_ResNet50_seed2024
E-BE1B9D9609D469CFD40BE536.jpeg,/kaggle/input/datasets/hintrngia/gate7-test-seal/opaque_test_images/images/E-BE1B9D9609D469CFD40BE536.jpeg,a4bdb3a253716d9b0c26c5ae14edebcc6b33f72ff02d66d0eaff33d352828282,1,18.065826416015625,1.0,18.065826416015625,1.0,0.19,1,True,ResNet50,R0_original_reproduction,2024,sealed_test,R0_ResNet50_seed2024
E-BE469F372002E6D9BE05F9D5.jpeg,/kaggle/input/datasets/hintrngia/gate7-test-seal/opaque_test_images/images/E-BE469F372002E6D9BE05F9D5.jpeg,b7a0e60ebc0ebd71fdf14f5a11f1631410a2385c3ae14d859282d37d3c095eef,1,13.792820930480957,1.0,13.792820930480957,0.999998927116394,0.19,1,True,ResNet50,R0_original_reproduction,2024,sealed_test,R0_ResNet50_seed2024
E-BE981F5249229F87A0E61FFE.jpeg,/kaggle/input/datasets/hintrngia/gate7-test-seal/opaque_test_images/images/E-BE981F5249229F87A0E61FFE.jpeg,c25029523e1cd76ed5eee5e57b4bcdd88f3ec1e6d92b604c9bb10f56a4b3148b,1,10.920636177062988,1.0,10.920636177062988,0.9999818801879883,0.19,1,True,ResNet50,R0_original_reproduction,2024,sealed_test,R0_ResNet50_seed2024
E-BEF014F97068D34D89D9958E.jpeg,/kaggle/input/datasets/hintrngia/gate7-test-seal/opaque_test_images/images/E-BEF014F97068D34D89D9958E.jpeg,624f16ff948687124297a37dbef60077f27e776ffa4d280156696fa8f69a5de2,0,9.311635971069336,1.0,9.311635971069336,0.9999096393585205,0.19,1,False,ResNet50,R0_original_reproduction,2024,sealed_test,R0_ResNet50_seed2024
E-BEF8EDBD5ABCBF50C1DFC3B8.jpeg,/kaggle/input/datasets/hintrngia/gate7-test-seal/opaque_test_images/images/E-BEF8EDBD5ABCBF50C1DFC3B8.jpeg,bf3e13019a086a722c0cba29a602194df87e890e41db10b7a78d71415a493039,0,0.7180136442184448,1.0,0.7180136442184448,0.6721695065498352,0.19,1,False,ResNet50,R0_original_reproduction,2024,sealed_test,R0_ResNet50_seed2024
E-BF1AD901130E35A45E611B5A.jpeg,/kaggle/input/datasets/hintrngia/gate7-test-seal/opaque_test_images/images/E-BF1AD901130E35A45E611B5A.jpeg,4d47cf537a11260253e4f7209234a6d4bb19153ba4eb6eb979ca597af74b9712,1,13.688508033752441,1.0,13.688508033752441,0.9999988079071045,0.19,1,True,ResNet50,R0_original_reproduction,2024,sealed_test,R0_ResNet50_seed2024
E-BF36D7C06425179D67611897.jpeg,/kaggle/input/datasets/hintrngia/gate7-test-seal/opaque_test_images/images/E-BF36D7C06425179D67611897.jpeg,30b7022628438dbb20ba772b98c91cdfcfe83ece269dbd26c49c2040da3ef50e,1,13.83217716217041,1.0,13.83217716217041,0.9999990463256836,0.19,1,True,ResNet50,R0_original_reproduction,2024,sealed_test,R0_ResNet50_seed2024
E-BF6060CF2B5D86362B50F1EF.jpeg,/kaggle/input/datasets/hintrngia/gate7-test-seal/opaque_test_images/images/E-BF6060CF2B5D86362B50F1EF.jpeg,29039385c733d551e17bc1fe341b744019f448e2b7e5cecb33e678913fa6d349,0,-10.305325508117676,1.0,-10.305325508117676,3.345333971083164e-05,0.19,0,True,ResNet50,R0_original_reproduction,2024,sealed_test,R0_ResNet50_seed2024
E-BF6C08BCE818B7949F142F0C.jpeg,/kaggle/input/datasets/hintrngia/gate7-test-seal/opaque_test_images/images/E-BF6C08BCE818B7949F142F0C.jpeg,1f38c57f28c16d9b092c7625c690799a13932a13f91cc588804fd7041ce4fb0a,0,2.5451221466064453,1.0,2.5451221466064453,0.9272451400756836,0.19,1,False,ResNet50,R0_original_reproduction,2024,sealed_test,R0_ResNet50_seed2024
E-BFBB640EC3285CC98C9462D2.jpeg,/kaggle/input/datasets/hintrngia/gate7-test-seal/opaque_test_images/images/E-BFBB640EC3285CC98C9462D2.jpeg,ae69f58992cc54a9300b3c4d62f2665d5a1aa9586a884d12005275402ef64f38,0,8.82677173614502,1.0,8.82677173614502,0.999853253364563,0.19,1,False,ResNet50,R0_original_reproduction,2024,sealed_test,R0_ResNet50_seed2024
E-BFC62613B1ADDEC24A0F1B7A.jpeg,/kaggle/input/datasets/hintrngia/gate7-test-seal/opaque_test_images/images/E-BFC62613B1ADDEC24A0F1B7A.jpeg,83461e88e3724156a393ad0eec6050d19f21b8bd8ee1f617b3a7e87bbe730252,1,17.20184326171875,1.0,17.20184326171875,1.0,0.19,1,True,ResNet50,R0_original_reproduction,2024,sealed_test,R0_ResNet50_seed2024
E-BFFC08BEA9A0FA7A1279A0B5.jpeg,/kaggle/input/datasets/hintrngia/gate7-test-seal/opaque_test_images/images/E-BFFC08BEA9A0FA7A1279A0B5.jpeg,bd9bc6eca80af125516814dfb5b16be8c65c05e345274f5b865ac3ed97c71a92,1,14.626301765441895,1.0,14.626301765441895,0.9999995231628418,0.19,1,True,ResNet50,R0_original_reproduction,2024,sealed_test,R0_ResNet50_seed2024
E-C263FB538743FECAA8C0266B.jpeg,/kaggle/input/datasets/hintrngia/gate7-test-seal/opaque_test_images/images/E-C263FB538743FECAA8C0266B.jpeg,38007785560d6e8cea27617e9029253e908071cc011e915b5a5ce3ba67d95dad,0,2.12703800201416,1.0,2.12703800201416,0.8935034275054932,0.19,1,False,ResNet50,R0_original_reproduction,2024,sealed_test,R0_ResNet50_seed2024
E-C2C28A4CD425064C477E03ED.jpeg,/kaggle/input/datasets/hintrngia/gate7-test-seal/opaque_test_images/images/E-C2C28A4CD425064C477E03ED.jpeg,379beb5aabf1a2bc2e49756947e53638b02945eebcb08348f104e39c50dd442c,1,26.618799209594727,1.0,26.618799209594727,1.0,0.19,1,True,ResNet50,R0_original_reproduction,2024,sealed_test,R0_ResNet50_seed2024
E-C378B1871ED2B8AC1E544A5B.jpeg,/kaggle/input/datasets/hintrngia/gate7-test-seal/opaque_test_images/images/E-C378B1871ED2B8AC1E544A5B.jpeg,ca4d0ee64f1e9db6cff3873532d8d201a0591897889cd2e4e183a46037d20a73,1,13.744189262390137,1.0,13.744189262390137,0.999998927116394,0.19,1,True,ResNet50,R0_original_reproduction,2024,sealed_test,R0_ResNet50_seed2024
E-C417E0D646324924C13EB1FD.jpeg,/kaggle/input/datasets/hintrngia/gate7-test-seal/opaque_test_images/images/E-C417E0D646324924C13EB1FD.jpeg,47fb2667359228e6952ebc56279455ff452045302961dba24cc6135019e7c365,1,13.05848217010498,1.0,13.05848217010498,0.9999978542327881,0.19,1,True,ResNet50,R0_original_reproduction,2024,sealed_test,R0_ResNet50_seed2024
E-C4641B88EAE860A5FAFC75D9.jpeg,/kaggle/input/datasets/hintrngia/gate7-test-seal/opaque_test_images/images/E-C4641B88EAE860A5FAFC75D9.jpeg,2637e05d999763fddb82e0aa66c3c456ea40f075a1062046ef4d6622b7dc02fa,1,19.138105392456055,1.0,19.138105392456055,1.0,0.19,1,True,ResNet50,R0_original_reproduction,2024,sealed_test,R0_ResNet50_seed2024
E-C48A385B7B70C072868F62CA.jpeg,/kaggle/input/datasets/hintrngia/gate7-test-seal/opaque_test_images/images/E-C48A385B7B70C072868F62CA.jpeg,d89c16b0bbcb13fd20572690f9279ee96ff2436d3971e4cd31a23f16850979e7,0,-5.852529525756836,1.0,-5.852529525756836,0.0028643952682614326,0.19,0,True,ResNet50,R0_original_reproduction,2024,sealed_test,R0_ResNet50_seed2024
E-C4CC30E18E7FEA9C72DD90BB.jpeg,/kaggle/input/datasets/hintrngia/gate7-test-seal/opaque_test_images/images/E-C4CC30E18E7FEA9C72DD90BB.jpeg,b344d3241263153988c8e874c19662362a78af9300bbaac56b80f0b737e63cb3,1,17.474218368530273,1.0,17.474218368530273,1.0,0.19,1,True,ResNet50,R0_original_reproduction,2024,sealed_test,R0_ResNet50_seed2024
E-C508FC8CCE5498EE5D555D84.jpeg,/kaggle/input/datasets/hintrngia/gate7-test-seal/opaque_test_images/images/E-C508FC8CCE5498EE5D555D84.jpeg,3d65a120bdd72cf9ba02c24c11d3e59a50e00e08a4795d11004b1c6d34df9f12,1,11.418984413146973,1.0,11.418984413146973,0.9999890327453613,0.19,1,True,ResNet50,R0_original_reproduction,2024,sealed_test,R0_ResNet50_seed2024
E-C53CB14044C8DBA588BE679C.jpeg,/kaggle/input/datasets/hintrngia/gate7-test-seal/opaque_test_images/images/E-C53CB14044C8DBA588BE679C.jpeg,540d06865151862beaebdf179f9482be0dac67bcb28ee9d0500f4683b334c885,1,28.888269424438477,1.0,28.888269424438477,1.0,0.19,1,True,ResNet50,R0_original_reproduction,2024,sealed_test,R0_ResNet50_seed2024
E-C658307A01D1530C51E4F8BE.jpeg,/kaggle/input/datasets/hintrngia/gate7-test-seal/opaque_test_images/images/E-C658307A01D1530C51E4F8BE.jpeg,10084b44e05ab36f44de63a4dbe896234f3c384b11d16408472cd1441a584f7b,1,1.0068461894989014,1.0,1.0068461894989014,0.732402503490448,0.19,1,True,ResNet50,R0_original_reproduction,2024,sealed_test,R0_ResNet50_seed2024
E-C6730F243805836C540B4637.jpeg,/kaggle/input/datasets/hintrngia/gate7-test-seal/opaque_test_images/images/E-C6730F243805836C540B4637.jpeg,0480f5263f31eb3d5ae999644ec5a0fa62fd14abb340e66433fdf3d472ef2b2a,1,13.096598625183105,1.0,13.096598625183105,0.9999979734420776,0.19,1,True,ResNet50,R0_original_reproduction,2024,sealed_test,R0_ResNet50_seed2024
E-C6B8E721AEEAB688D045FD93.jpeg,/kaggle/input/datasets/hintrngia/gate7-test-seal/opaque_test_images/images/E-C6B8E721AEEAB688D045FD93.jpeg,6802fb95816fa8e60596ed373ea5bb97c657056f32cce5ae4e09f663cde0c491,0,-3.678302764892578,1.0,-3.678302764892578,0.0246431902050972,0.19,0,True,ResNet50,R0_original_reproduction,2024,sealed_test,R0_ResNet50_seed2024
E-C74030F7B8A3C315072AC1A2.jpeg,/kaggle/input/datasets/hintrngia/gate7-test-seal/opaque_test_images/images/E-C74030F7B8A3C315072AC1A2.jpeg,c5b74f3c1555a8ff1c68a856ec57665ad9e6f2d7027c55fde8e00f1c0a83add3,1,14.673954963684082,1.0,14.673954963684082,0.9999995231628418,0.19,1,True,ResNet50,R0_original_reproduction,2024,sealed_test,R0_ResNet50_seed2024
E-C7B56CF9C42EB131FD94EA3C.jpeg,/kaggle/input/datasets/hintrngia/gate7-test-seal/opaque_test_images/images/E-C7B56CF9C42EB131FD94EA3C.jpeg,fdec0295bdc4c39dfff00eb9af0b1159a0291a43473e1723d1288f23072a9c42,0,13.326081275939941,1.0,13.326081275939941,0.9999983310699463,0.19,1,False,ResNet50,R0_original_reproduction,2024,sealed_test,R0_ResNet50_seed2024
E-C7C8F15DBCDF4C0A8937AD29.jpeg,/kaggle/input/datasets/hintrngia/gate7-test-seal/opaque_test_images/images/E-C7C8F15DBCDF4C0A8937AD29.jpeg,e774345235c214265486616672c37cf38cab1d3e346d3e6b062b2eeadfb9727f,1,13.945954322814941,1.0,13.945954322814941,0.9999991655349731,0.19,1,True,ResNet50,R0_original_reproduction,2024,sealed_test,R0_ResNet50_seed2024
E-C7D076B4DF693DF333BA7F93.jpeg,/kaggle/input/datasets/hintrngia/gate7-test-seal/opaque_test_images/images/E-C7D076B4DF693DF333BA7F93.jpeg,b38df16f973cd6b70537fdc4097f29bb05677557dd05c924b5fd7c8d8d308ab3,1,18.58551597595215,1.0,18.58551597595215,1.0,0.19,1,True,ResNet50,R0_original_reproduction,2024,sealed_test,R0_ResNet50_seed2024
E-C7F45E2B3D275F4398787A57.jpeg,/kaggle/input/datasets/hintrngia/gate7-test-seal/opaque_test_images/images/E-C7F45E2B3D275F4398787A57.jpeg,2306c4ea7f32bba10cc43056c2131acae2affc5de35b08e7c49f1ef6e7edc20d,0,-6.034106731414795,1.0,-6.034106731414795,0.0023899103980511427,0.19,0,True,ResNet50,R0_original_reproduction,2024,sealed_test,R0_ResNet50_seed2024
E-C809F313D774C0115D6B9AB2.jpeg,/kaggle/input/datasets/hintrngia/gate7-test-seal/opaque_test_images/images/E-C809F313D774C0115D6B9AB2.jpeg,6a5d7c01e9c96d53057727eb217858bdcfabf897cc2e84cae67098cc13d9763f,0,6.430534362792969,1.0,6.430534362792969,0.9983910322189331,0.19,1,False,ResNet50,R0_original_reproduction,2024,sealed_test,R0_ResNet50_seed2024
E-C86B010C8D38E46378554625.jpeg,/kaggle/input/datasets/hintrngia/gate7-test-seal/opaque_test_images/images/E-C86B010C8D38E46378554625.jpeg,ffcec9d2a6465fbde1f87bea681723c33c141725e3173bfe9a7ceb166501deba,1,11.159512519836426,1.0,11.159512519836426,0.9999858140945435,0.19,1,True,ResNet50,R0_original_reproduction,2024,sealed_test,R0_ResNet50_seed2024
E-C881845C7305D6473649175D.jpeg,/kaggle/input/datasets/hintrngia/gate7-test-seal/opaque_test_images/images/E-C881845C7305D6473649175D.jpeg,d31277d7bd63b7ed22d045486b4d22536a3411c8a9bc396990978dd6eaee219e,1,6.656447887420654,1.0,6.656447887420654,0.9987159967422485,0.19,1,True,ResNet50,R0_original_reproduction,2024,sealed_test,R0_ResNet50_seed2024
E-C89DC0F67230D0D1FEA3781A.jpeg,/kaggle/input/datasets/hintrngia/gate7-test-seal/opaque_test_images/images/E-C89DC0F67230D0D1FEA3781A.jpeg,5a78ecdbdaf10b379e481dfde9abccdb7be44e5bb80956708c3686d4096b039c,0,-4.846254825592041,1.0,-4.846254825592041,0.007796488236635923,0.19,0,True,ResNet50,R0_original_reproduction,2024,sealed_test,R0_ResNet50_seed2024
E-C8EE1DE8C50C1B5F7C0AC33A.jpeg,/kaggle/input/datasets/hintrngia/gate7-test-seal/opaque_test_images/images/E-C8EE1DE8C50C1B5F7C0AC33A.jpeg,c566cede8d4c6a854148adc5cf22f141dfb0bd8f71a9ba456cb40304acd6479e,1,13.499463081359863,1.0,13.499463081359863,0.9999985694885254,0.19,1,True,ResNet50,R0_original_reproduction,2024,sealed_test,R0_ResNet50_seed2024
E-C9B75CE0EE57A37BE790628A.jpeg,/kaggle/input/datasets/hintrngia/gate7-test-seal/opaque_test_images/images/E-C9B75CE0EE57A37BE790628A.jpeg,b879004b82a12a9744728d918b4e9e7e1380c8e878b8dafee8f037a2c393b863,1,12.509541511535645,1.0,12.509541511535645,0.9999963045120239,0.19,1,True,ResNet50,R0_original_reproduction,2024,sealed_test,R0_ResNet50_seed2024
E-CAF11AE35F125468C4A143DB.jpeg,/kaggle/input/datasets/hintrngia/gate7-test-seal/opaque_test_images/images/E-CAF11AE35F125468C4A143DB.jpeg,642a44334d7ce7df9eb46aa4f31feed64c84cf42c69fa61f1695bff6e82f518a,1,13.52927017211914,1.0,13.52927017211914,0.9999986886978149,0.19,1,True,ResNet50,R0_original_reproduction,2024,sealed_test,R0_ResNet50_seed2024
E-CC29AF2868A054A0FA54893E.jpeg,/kaggle/input/datasets/hintrngia/gate7-test-seal/opaque_test_images/images/E-CC29AF2868A054A0FA54893E.jpeg,ab4e18819ae7b9cd0fdf6713a30162323b24760c006cc579abf5251520383281,1,13.241382598876953,1.0,13.241382598876953,0.9999982118606567,0.19,1,True,ResNet50,R0_original_reproduction,2024,sealed_test,R0_ResNet50_seed2024
E-CD42FAC8D0704324B2A9FA60.jpeg,/kaggle/input/datasets/hintrngia/gate7-test-seal/opaque_test_images/images/E-CD42FAC8D0704324B2A9FA60.jpeg,88456b1f758d7b8154b5d5368e81d082b84bcbb962b223cad0200fc5343db542,1,19.705644607543945,1.0,19.705644607543945,1.0,0.19,1,True,ResNet50,R0_original_reproduction,2024,sealed_test,R0_ResNet50_seed2024
E-CDA5B09AD368B4D8AE7D7DDC.jpeg,/kaggle/input/datasets/hintrngia/gate7-test-seal/opaque_test_images/images/E-CDA5B09AD368B4D8AE7D7DDC.jpeg,9a6b6f7201c35fcbed8e0db8d5f4d3d6bcba63d35c678ba126acba6c40083f7d,1,13.91147518157959,1.0,13.91147518157959,0.9999990463256836,0.19,1,True,ResNet50,R0_original_reproduction,2024,sealed_test,R0_ResNet50_seed2024
E-CE304A0612F47DD9D903826A.jpeg,/kaggle/input/datasets/hintrngia/gate7-test-seal/opaque_test_images/images/E-CE304A0612F47DD9D903826A.jpeg,0923b42edc04fba6a7f1532024106b6c67cb293a8144ae7bdb06a68e79434f79,0,-0.05904172733426094,1.0,-0.05904172733426094,0.4852438271045685,0.19,1,False,ResNet50,R0_original_reproduction,2024,sealed_test,R0_ResNet50_seed2024
E-CE96B986907F30A45FA1D873.jpeg,/kaggle/input/datasets/hintrngia/gate7-test-seal/opaque_test_images/images/E-CE96B986907F30A45FA1D873.jpeg,eaa55d0dfa5277980d49e932a5eb49eb0bfb7955f9e45493870f673e847b2400,1,25.149385452270508,1.0,25.149385452270508,1.0,0.19,1,True,ResNet50,R0_original_reproduction,2024,sealed_test,R0_ResNet50_seed2024
E-CEDED67CCF36DED8779C7A62.jpeg,/kaggle/input/datasets/hintrngia/gate7-test-seal/opaque_test_images/images/E-CEDED67CCF36DED8779C7A62.jpeg,f1dcf91e1a2e7dc1560376a030b7aec076ad71cad2f98fdb84ff90e75eba0ae5,1,8.020071029663086,1.0,8.020071029663086,0.9996713399887085,0.19,1,True,ResNet50,R0_original_reproduction,2024,sealed_test,R0_ResNet50_seed2024
E-CEE1E6D59E85C6E332D21BF4.jpeg,/kaggle/input/datasets/hintrngia/gate7-test-seal/opaque_test_images/images/E-CEE1E6D59E85C6E332D21BF4.jpeg,01c0fd86393c1d436b164335ea4f020d44805f4d08ae9cae9adbd58ec79defc6,0,2.5495800971984863,1.0,2.5495800971984863,0.9275452494621277,0.19,1,False,ResNet50,R0_original_reproduction,2024,sealed_test,R0_ResNet50_seed2024
E-CEE5C3E400DEC6510F43E889.jpeg,/kaggle/input/datasets/hintrngia/gate7-test-seal/opaque_test_images/images/E-CEE5C3E400DEC6510F43E889.jpeg,324acb29aaab5a2c3f665923d282a3c818079e88626e890524f7bf0946b7af2a,0,0.1527731865644455,1.0,0.1527731865644455,0.5381191968917847,0.19,1,False,ResNet50,R0_original_reproduction,2024,sealed_test,R0_ResNet50_seed2024
E-CF3CD3EF1C72D918FD515A7F.jpeg,/kaggle/input/datasets/hintrngia/gate7-test-seal/opaque_test_images/images/E-CF3CD3EF1C72D918FD515A7F.jpeg,5cc7656071427f80932c4ee0d95621c63d6d0c942b19f5ee4a318fc5e2190918,1,15.467804908752441,1.0,15.467804908752441,0.9999997615814209,0.19,1,True,ResNet50,R0_original_reproduction,2024,sealed_test,R0_ResNet50_seed2024
E-D05696C5BE1D7271554E67EE.jpeg,/kaggle/input/datasets/hintrngia/gate7-test-seal/opaque_test_images/images/E-D05696C5BE1D7271554E67EE.jpeg,3a57a155d04045e61da8bc56e0023041cfdbb4da8453f993a8ef7a85c02305a3,1,11.876230239868164,1.0,11.876230239868164,0.999993085861206,0.19,1,True,ResNet50,R0_original_reproduction,2024,sealed_test,R0_ResNet50_seed2024
E-D174A1B19609C4B6022559CB.jpeg,/kaggle/input/datasets/hintrngia/gate7-test-seal/opaque_test_images/images/E-D174A1B19609C4B6022559CB.jpeg,8271bfe1fd3cb71cef665dee7b81c504100fd39d5a8f4773271d5b88e6bfe357,1,14.655467987060547,1.0,14.655467987060547,0.9999995231628418,0.19,1,True,ResNet50,R0_original_reproduction,2024,sealed_test,R0_ResNet50_seed2024
E-D1AB3503C649502FAB5DD24A.jpeg,/kaggle/input/datasets/hintrngia/gate7-test-seal/opaque_test_images/images/E-D1AB3503C649502FAB5DD24A.jpeg,12d1f61650c0cc88af53f4e68ecc54893632e73855d56f776dbae5a911f04d0b,1,13.335488319396973,1.0,13.335488319396973,0.9999983310699463,0.19,1,True,ResNet50,R0_original_reproduction,2024,sealed_test,R0_ResNet50_seed2024
E-D28AFB7DAEEFA7B94DAA68B0.jpeg,/kaggle/input/datasets/hintrngia/gate7-test-seal/opaque_test_images/images/E-D28AFB7DAEEFA7B94DAA68B0.jpeg,6cc13d1d3cfd6f2c494c2b633696f18ddd5feda4134ff2d6f59142956196c263,1,21.93625259399414,1.0,21.93625259399414,1.0,0.19,1,True,ResNet50,R0_original_reproduction,2024,sealed_test,R0_ResNet50_seed2024
E-D2A52B478FEFC3F6A00973AF.jpeg,/kaggle/input/datasets/hintrngia/gate7-test-seal/opaque_test_images/images/E-D2A52B478FEFC3F6A00973AF.jpeg,b4dfd127dcb0306a38e10006b06066c49dbb7b8d90b36462dd3ca7d368463dc7,1,10.90347671508789,1.0,10.90347671508789,0.9999816417694092,0.19,1,True,ResNet50,R0_original_reproduction,2024,sealed_test,R0_ResNet50_seed2024
E-D31B79C24E008C43E1511E9D.jpeg,/kaggle/input/datasets/hintrngia/gate7-test-seal/opaque_test_images/images/E-D31B79C24E008C43E1511E9D.jpeg,3c6c8f7629af28ab6d54ff85e4e47f03b4e8a99bac258e9ca30a185f7bb34594,0,-10.782027244567871,1.0,-10.782027244567871,2.0769022739841603e-05,0.19,0,True,ResNet50,R0_original_reproduction,2024,sealed_test,R0_ResNet50_seed2024
E-D33BB0B839138FAFF4DA3ED6.jpeg,/kaggle/input/datasets/hintrngia/gate7-test-seal/opaque_test_images/images/E-D33BB0B839138FAFF4DA3ED6.jpeg,d6990906ae464d9d49f7bb823083af37dcef78625c573376bbf03231e7c59caa,1,20.892580032348633,1.0,20.892580032348633,1.0,0.19,1,True,ResNet50,R0_original_reproduction,2024,sealed_test,R0_ResNet50_seed2024
E-D3A38B5222C04B16C0EBB6B5.jpeg,/kaggle/input/datasets/hintrngia/gate7-test-seal/opaque_test_images/images/E-D3A38B5222C04B16C0EBB6B5.jpeg,ae277c5ec04fb7f7abed338f2c084a6d8b240d932cdce47f7adfa1aa3b41f55b,1,14.028523445129395,1.0,14.028523445129395,0.9999991655349731,0.19,1,True,ResNet50,R0_original_reproduction,2024,sealed_test,R0_ResNet50_seed2024
E-D3D11AEFE845ACD8B9B9E343.jpeg,/kaggle/input/datasets/hintrngia/gate7-test-seal/opaque_test_images/images/E-D3D11AEFE845ACD8B9B9E343.jpeg,636615e61d84abab159fe1c9133ffd76c449a44cb1713f089348e24619182789,1,14.346017837524414,1.0,14.346017837524414,0.9999994039535522,0.19,1,True,ResNet50,R0_original_reproduction,2024,sealed_test,R0_ResNet50_seed2024
E-D4185738263B57AD3512FCE2.jpeg,/kaggle/input/datasets/hintrngia/gate7-test-seal/opaque_test_images/images/E-D4185738263B57AD3512FCE2.jpeg,aaa9af4070e91e37166836aedefff9714baf2e4af32b54d7177657c1bbcb4ca9,1,26.164209365844727,1.0,26.164209365844727,1.0,0.19,1,True,ResNet50,R0_original_reproduction,2024,sealed_test,R0_ResNet50_seed2024
E-D54DAD2741DF29D8279CE86C.jpeg,/kaggle/input/datasets/hintrngia/gate7-test-seal/opaque_test_images/images/E-D54DAD2741DF29D8279CE86C.jpeg,7b70798d512ca2b35863bb26d055dbeb54cc7072055ca2a685628fcf559dc876,1,17.893760681152344,1.0,17.893760681152344,1.0,0.19,1,True,ResNet50,R0_original_reproduction,2024,sealed_test,R0_ResNet50_seed2024
E-D667D715F6E01F08DB3D4056.jpeg,/kaggle/input/datasets/hintrngia/gate7-test-seal/opaque_test_images/images/E-D667D715F6E01F08DB3D4056.jpeg,ed9dc08ee056f345a6cbdd2d516d2aada0c890724431b8b119a66a62cd0d8f0a,1,12.351874351501465,1.0,12.351874351501465,0.9999957084655762,0.19,1,True,ResNet50,R0_original_reproduction,2024,sealed_test,R0_ResNet50_seed2024
E-D6FFAC7987DFD6223C15074F.jpeg,/kaggle/input/datasets/hintrngia/gate7-test-seal/opaque_test_images/images/E-D6FFAC7987DFD6223C15074F.jpeg,b03a2dc58d3b3d516494dab78c8bd32d0409ef6b65d95cbaf997969123748713,1,13.355032920837402,1.0,13.355032920837402,0.9999984502792358,0.19,1,True,ResNet50,R0_original_reproduction,2024,sealed_test,R0_ResNet50_seed2024
E-D751EB5C28ED535EBB9A1309.jpeg,/kaggle/input/datasets/hintrngia/gate7-test-seal/opaque_test_images/images/E-D751EB5C28ED535EBB9A1309.jpeg,782b845f006fad195cb73ad5ed49d29ed82bc2c7f0eb4858ff3e29eaf713ca4f,1,14.325302124023438,1.0,14.325302124023438,0.9999994039535522,0.19,1,True,ResNet50,R0_original_reproduction,2024,sealed_test,R0_ResNet50_seed2024
E-D7B12989345106F260B97843.jpeg,/kaggle/input/datasets/hintrngia/gate7-test-seal/opaque_test_images/images/E-D7B12989345106F260B97843.jpeg,cc81fede537012f841ee53ab504dc4638d24da904d2179fd42f0e441706ea4b3,1,14.587237358093262,1.0,14.587237358093262,0.9999995231628418,0.19,1,True,ResNet50,R0_original_reproduction,2024,sealed_test,R0_ResNet50_seed2024
E-D811D33806D5F5895091F50B.jpeg,/kaggle/input/datasets/hintrngia/gate7-test-seal/opaque_test_images/images/E-D811D33806D5F5895091F50B.jpeg,b96cb1aeba6de3bc19cf2b99de695b62a9022d88675c57d6bd5ebaf811208148,1,18.440101623535156,1.0,18.440101623535156,1.0,0.19,1,True,ResNet50,R0_original_reproduction,2024,sealed_test,R0_ResNet50_seed2024
E-D8275DEF61BFEF64B118E5DE.jpeg,/kaggle/input/datasets/hintrngia/gate7-test-seal/opaque_test_images/images/E-D8275DEF61BFEF64B118E5DE.jpeg,977e6a879b2a07248904895f985acab7b1cff96cc3479f1f2ffbc99bc5233347,0,2.064272880554199,1.0,2.064272880554199,0.8873818516731262,0.19,1,False,ResNet50,R0_original_reproduction,2024,sealed_test,R0_ResNet50_seed2024
E-D9455243A73C2471472435B1.jpeg,/kaggle/input/datasets/hintrngia/gate7-test-seal/opaque_test_images/images/E-D9455243A73C2471472435B1.jpeg,4028e73f34459e8d430f372288b5206936a67c099aa95507bea2136009b8ad85,1,14.692225456237793,1.0,14.692225456237793,0.9999996423721313,0.19,1,True,ResNet50,R0_original_reproduction,2024,sealed_test,R0_ResNet50_seed2024
E-D9952C8EC651B0FEEEC81A0F.jpeg,/kaggle/input/datasets/hintrngia/gate7-test-seal/opaque_test_images/images/E-D9952C8EC651B0FEEEC81A0F.jpeg,63694e1aa710af50609034b36fa5ba449bd0cb74570be6b370c6518fbad3ec07,1,14.028031349182129,1.0,14.028031349182129,0.9999991655349731,0.19,1,True,ResNet50,R0_original_reproduction,2024,sealed_test,R0_ResNet50_seed2024
E-DA47F22802134421DB0B257A.jpeg,/kaggle/input/datasets/hintrngia/gate7-test-seal/opaque_test_images/images/E-DA47F22802134421DB0B257A.jpeg,49cd860731316213f4918762f6aee8e1d8c2e2865e75532746d8980cb4d5349c,1,14.634427070617676,1.0,14.634427070617676,0.9999995231628418,0.19,1,True,ResNet50,R0_original_reproduction,2024,sealed_test,R0_ResNet50_seed2024
E-DB2E49DD7933DDCB17E9E9A4.jpeg,/kaggle/input/datasets/hintrngia/gate7-test-seal/opaque_test_images/images/E-DB2E49DD7933DDCB17E9E9A4.jpeg,8743312ff505b4f62d2d3afc887305df2df8476f8932c35e553f2a4205f67e57,1,11.176740646362305,1.0,11.176740646362305,0.9999860525131226,0.19,1,True,ResNet50,R0_original_reproduction,2024,sealed_test,R0_ResNet50_seed2024
E-DB3CCB6386D4FEE32C85F2A6.jpeg,/kaggle/input/datasets/hintrngia/gate7-test-seal/opaque_test_images/images/E-DB3CCB6386D4FEE32C85F2A6.jpeg,245f37df41329f5bb9f01d5d8d00572158b5d9bd51ffe6eab2f1cf6c02e1fda6,1,11.088072776794434,1.0,11.088072776794434,0.9999847412109375,0.19,1,True,ResNet50,R0_original_reproduction,2024,sealed_test,R0_ResNet50_seed2024
E-DBFF1CB2657821BEDEC66077.jpeg,/kaggle/input/datasets/hintrngia/gate7-test-seal/opaque_test_images/images/E-DBFF1CB2657821BEDEC66077.jpeg,5a83e6bc4d54782dc8ca49d88535c8f687ba30e7256563ab8d0eea73a0af8eb9,1,14.102514266967773,1.0,14.102514266967773,0.9999992847442627,0.19,1,True,ResNet50,R0_original_reproduction,2024,sealed_test,R0_ResNet50_seed2024
E-DC376F28B8B1F76FD281F6E0.jpeg,/kaggle/input/datasets/hintrngia/gate7-test-seal/opaque_test_images/images/E-DC376F28B8B1F76FD281F6E0.jpeg,708717931d67226fd2a994aee8962c629142ff0c72d4fd4157082e4d7fcbb5d1,0,0.4028383493423462,1.0,0.4028383493423462,0.5993694067001343,0.19,1,False,ResNet50,R0_original_reproduction,2024,sealed_test,R0_ResNet50_seed2024
E-DC6B01E8E76810212853EE51.jpeg,/kaggle/input/datasets/hintrngia/gate7-test-seal/opaque_test_images/images/E-DC6B01E8E76810212853EE51.jpeg,70bc01a4326058b25321ad1e2410258c213eb4992f9b93b940dd55ddfe58a952,0,3.7476041316986084,1.0,3.7476041316986084,0.9769688248634338,0.19,1,False,ResNet50,R0_original_reproduction,2024,sealed_test,R0_ResNet50_seed2024
E-DC877FD64DF25F430EA4EB41.jpeg,/kaggle/input/datasets/hintrngia/gate7-test-seal/opaque_test_images/images/E-DC877FD64DF25F430EA4EB41.jpeg,29832a46096d040609aaf113b7c74e406123966a144452c85dcd0155e6dea7c3,0,14.014660835266113,1.0,14.014660835266113,0.9999991655349731,0.19,1,False,ResNet50,R0_original_reproduction,2024,sealed_test,R0_ResNet50_seed2024
E-DCB7F29438D7F675D68F29AA.jpeg,/kaggle/input/datasets/hintrngia/gate7-test-seal/opaque_test_images/images/E-DCB7F29438D7F675D68F29AA.jpeg,00e5d129f01c4cfde70a326037d0d0a7c8c0996cfc56fbe18bdd532ec844780f,1,20.41807746887207,1.0,20.41807746887207,1.0,0.19,1,True,ResNet50,R0_original_reproduction,2024,sealed_test,R0_ResNet50_seed2024
E-DD54259AFC71E8682D90502E.jpeg,/kaggle/input/datasets/hintrngia/gate7-test-seal/opaque_test_images/images/E-DD54259AFC71E8682D90502E.jpeg,f145a2313f1c1485ea4a90328f5b769a5f82cc236bcc373295424b116cb113f1,0,-3.6247291564941406,1.0,-3.6247291564941406,0.02596420608460903,0.19,0,True,ResNet50,R0_original_reproduction,2024,sealed_test,R0_ResNet50_seed2024
E-DE0B6BF5C1D34702EBD4776C.jpeg,/kaggle/input/datasets/hintrngia/gate7-test-seal/opaque_test_images/images/E-DE0B6BF5C1D34702EBD4776C.jpeg,99b676e7e537d92d4141d47f6f6cb67b2eb11bc6261c46f5d26b6576ccd28677,1,18.888708114624023,1.0,18.888708114624023,1.0,0.19,1,True,ResNet50,R0_original_reproduction,2024,sealed_test,R0_ResNet50_seed2024
E-DE3063813A5DBDC9BB6085D5.jpeg,/kaggle/input/datasets/hintrngia/gate7-test-seal/opaque_test_images/images/E-DE3063813A5DBDC9BB6085D5.jpeg,b7d84b34a5a7bf5f5cd2d46bb1c6e822ebcdabecc7f9e84bfc995a9e2a9d3dba,1,9.848137855529785,1.0,9.848137855529785,0.999947190284729,0.19,1,True,ResNet50,R0_original_reproduction,2024,sealed_test,R0_ResNet50_seed2024
E-DE42BC803896DB6456E41AA3.jpeg,/kaggle/input/datasets/hintrngia/gate7-test-seal/opaque_test_images/images/E-DE42BC803896DB6456E41AA3.jpeg,bc5b4787665f5bee1dfe5085343ebbce2bb44871ad905c48e258d912708ce3e3,1,4.15945291519165,1.0,4.15945291519165,0.9846240282058716,0.19,1,True,ResNet50,R0_original_reproduction,2024,sealed_test,R0_ResNet50_seed2024
E-DEDC62E22134485A7F5B342C.jpeg,/kaggle/input/datasets/hintrngia/gate7-test-seal/opaque_test_images/images/E-DEDC62E22134485A7F5B342C.jpeg,21fb7fa44b7632a43e994021f1a26ae9b108aee965600102da914da63519ecd7,1,24.654399871826172,1.0,24.654399871826172,1.0,0.19,1,True,ResNet50,R0_original_reproduction,2024,sealed_test,R0_ResNet50_seed2024
E-DF2F87C6B838438762EB995A.jpeg,/kaggle/input/datasets/hintrngia/gate7-test-seal/opaque_test_images/images/E-DF2F87C6B838438762EB995A.jpeg,fcab6c8cfcec0654340bcfc10c023fe875edf1bc98f9d33d34fe0b0c3e5d7038,1,10.881277084350586,1.0,10.881277084350586,0.999981164932251,0.19,1,True,ResNet50,R0_original_reproduction,2024,sealed_test,R0_ResNet50_seed2024
E-DF4340A9406095088E36D039.jpeg,/kaggle/input/datasets/hintrngia/gate7-test-seal/opaque_test_images/images/E-DF4340A9406095088E36D039.jpeg,5090dceb61876e6c20b13a3a44fdb040983bbc8d3201242e95ffc765f6bcc93b,0,3.7649710178375244,1.0,3.7649710178375244,0.9773563146591187,0.19,1,False,ResNet50,R0_original_reproduction,2024,sealed_test,R0_ResNet50_seed2024
E-DF6BD815BC89F65458B15BA8.jpeg,/kaggle/input/datasets/hintrngia/gate7-test-seal/opaque_test_images/images/E-DF6BD815BC89F65458B15BA8.jpeg,b1c317066405ebebe9c1f1dc687d5dc7a7f0198b86c35328df6b809d25d2ae95,0,-3.467808246612549,1.0,-3.467808246612549,0.03024219535291195,0.19,0,True,ResNet50,R0_original_reproduction,2024,sealed_test,R0_ResNet50_seed2024
E-DF95BADE710FFA9D260B6181.jpeg,/kaggle/input/datasets/hintrngia/gate7-test-seal/opaque_test_images/images/E-DF95BADE710FFA9D260B6181.jpeg,498037a5e2f59017205d95701a84c450b7d5435ce54ddce3e1d0f26523e4f05f,0,-1.027439832687378,1.0,-1.027439832687378,0.2635807394981384,0.19,1,False,ResNet50,R0_original_reproduction,2024,sealed_test,R0_ResNet50_seed2024
E-E02832C1BAE3C64CF99B9F3C.jpeg,/kaggle/input/datasets/hintrngia/gate7-test-seal/opaque_test_images/images/E-E02832C1BAE3C64CF99B9F3C.jpeg,7f9ae693ffa90fdd4f58492a09ed5c8427008ccececb0c8c8a3c274da573884c,1,10.663052558898926,1.0,10.663052558898926,0.999976634979248,0.19,1,True,ResNet50,R0_original_reproduction,2024,sealed_test,R0_ResNet50_seed2024
E-E09BD72833F7B4079F215903.jpeg,/kaggle/input/datasets/hintrngia/gate7-test-seal/opaque_test_images/images/E-E09BD72833F7B4079F215903.jpeg,a6e548fca86a28ba0d6c1bfeb2763772f908438f265161c2db595a6f70e2162d,1,11.115364074707031,1.0,11.115364074707031,0.9999850988388062,0.19,1,True,ResNet50,R0_original_reproduction,2024,sealed_test,R0_ResNet50_seed2024
E-E0C194AF99A875790CD81D4D.jpeg,/kaggle/input/datasets/hintrngia/gate7-test-seal/opaque_test_images/images/E-E0C194AF99A875790CD81D4D.jpeg,64164e66455a86e71420301067716113ef150ab5ac08c93bd2ded43aae7b6861,1,12.123002052307129,1.0,12.123002052307129,0.9999945163726807,0.19,1,True,ResNet50,R0_original_reproduction,2024,sealed_test,R0_ResNet50_seed2024
E-E0D541D212A934D795DA0D1B.jpeg,/kaggle/input/datasets/hintrngia/gate7-test-seal/opaque_test_images/images/E-E0D541D212A934D795DA0D1B.jpeg,96c522cc35ed96ff42ce07a929cdae18ac5329ac8609045092590e06fe2ce600,1,9.481085777282715,1.0,9.481085777282715,0.9999237060546875,0.19,1,True,ResNet50,R0_original_reproduction,2024,sealed_test,R0_ResNet50_seed2024
E-E13640D767DD410F37B990A9.jpeg,/kaggle/input/datasets/hintrngia/gate7-test-seal/opaque_test_images/images/E-E13640D767DD410F37B990A9.jpeg,267c6d376a99a1f13fbbd4b5e86aee33ab63cae21a19d5a12aebca1287303b69,0,-7.070793628692627,1.0,-7.070793628692627,0.0008488374878652394,0.19,0,True,ResNet50,R0_original_reproduction,2024,sealed_test,R0_ResNet50_seed2024
E-E1817101082CA76350AF3F64.jpeg,/kaggle/input/datasets/hintrngia/gate7-test-seal/opaque_test_images/images/E-E1817101082CA76350AF3F64.jpeg,9ab44d1cd11cf6c57fee479c6f803a4aaf9271905981c8b9430dadb8b87d161d,0,6.248337268829346,1.0,6.248337268829346,0.9980700612068176,0.19,1,False,ResNet50,R0_original_reproduction,2024,sealed_test,R0_ResNet50_seed2024
E-E1AD2A3BA30BC31AC67A922E.jpeg,/kaggle/input/datasets/hintrngia/gate7-test-seal/opaque_test_images/images/E-E1AD2A3BA30BC31AC67A922E.jpeg,1e4bf30a6971d6d11a6e8beb9a706b9896ee03ccbec3f734d85ea6f7361e0f7b,1,15.635048866271973,1.0,15.635048866271973,0.9999998807907104,0.19,1,True,ResNet50,R0_original_reproduction,2024,sealed_test,R0_ResNet50_seed2024
E-E1BD992914E94A6AA4845FFE.jpeg,/kaggle/input/datasets/hintrngia/gate7-test-seal/opaque_test_images/images/E-E1BD992914E94A6AA4845FFE.jpeg,d09519831dd7f24f1db680e1147392d455e8dd485cd3f23fdc4c281e2f00d63f,0,14.361021041870117,1.0,14.361021041870117,0.9999994039535522,0.19,1,False,ResNet50,R0_original_reproduction,2024,sealed_test,R0_ResNet50_seed2024
E-E2352C479C37BA410D3419C8.jpeg,/kaggle/input/datasets/hintrngia/gate7-test-seal/opaque_test_images/images/E-E2352C479C37BA410D3419C8.jpeg,3bd85f747e467c65bd1e85d2b31df31f328da767857763003a7825214280dfda,0,0.06861677020788193,1.0,0.06861677020788193,0.5171474814414978,0.19,1,False,ResNet50,R0_original_reproduction,2024,sealed_test,R0_ResNet50_seed2024
E-E249A212D4F7D1C6D4206FBF.jpeg,/kaggle/input/datasets/hintrngia/gate7-test-seal/opaque_test_images/images/E-E249A212D4F7D1C6D4206FBF.jpeg,2aeb3a99c890ab73bfba95c429e3b394d21f1e2b0407b6b39ab4873bbf6445ea,0,-5.399608135223389,1.0,-5.399608135223389,0.004498027730733156,0.19,0,True,ResNet50,R0_original_reproduction,2024,sealed_test,R0_ResNet50_seed2024
E-E2608BB90111E58EF109833B.jpeg,/kaggle/input/datasets/hintrngia/gate7-test-seal/opaque_test_images/images/E-E2608BB90111E58EF109833B.jpeg,029868c1f29b8203a23e36cccc7e9924998ca9726c0c1755c13afb580227b0d4,1,9.66637134552002,1.0,9.66637134552002,0.999936580657959,0.19,1,True,ResNet50,R0_original_reproduction,2024,sealed_test,R0_ResNet50_seed2024
E-E280E4CD8F00E10AB30B96C9.jpeg,/kaggle/input/datasets/hintrngia/gate7-test-seal/opaque_test_images/images/E-E280E4CD8F00E10AB30B96C9.jpeg,89b2e8f1d3f68eccb3a1de0e3f34b123d14e3efe4b767585480213f3d1cc3a92,1,10.768901824951172,1.0,10.768901824951172,0.9999788999557495,0.19,1,True,ResNet50,R0_original_reproduction,2024,sealed_test,R0_ResNet50_seed2024
E-E2AF4D0106C453540ECE4C9C.jpeg,/kaggle/input/datasets/hintrngia/gate7-test-seal/opaque_test_images/images/E-E2AF4D0106C453540ECE4C9C.jpeg,0e8582417d50888342cb42499fba95c5d9a1a51b5e974fa32ab3efb8b7866ae6,1,15.711101531982422,1.0,15.711101531982422,0.9999998807907104,0.19,1,True,ResNet50,R0_original_reproduction,2024,sealed_test,R0_ResNet50_seed2024
E-E2DD25AE8644A21D4C1655DA.jpeg,/kaggle/input/datasets/hintrngia/gate7-test-seal/opaque_test_images/images/E-E2DD25AE8644A21D4C1655DA.jpeg,62ebaf27617c5c06c1ad8cfc60c91e85d61d55e349cc97b943e4b2bb65b211f4,0,1.6414391994476318,1.0,1.6414391994476318,0.8377307057380676,0.19,1,False,ResNet50,R0_original_reproduction,2024,sealed_test,R0_ResNet50_seed2024
E-E2EEE47162D3A341579C8ED3.jpeg,/kaggle/input/datasets/hintrngia/gate7-test-seal/opaque_test_images/images/E-E2EEE47162D3A341579C8ED3.jpeg,fba243905f3ed0b8762bad00ec03b7eb19b08926c8f43340269dc34f553fadc0,1,12.205330848693848,1.0,12.205330848693848,0.9999949932098389,0.19,1,True,ResNet50,R0_original_reproduction,2024,sealed_test,R0_ResNet50_seed2024
E-E2EF7E089A1E8F497DBAC1CB.jpeg,/kaggle/input/datasets/hintrngia/gate7-test-seal/opaque_test_images/images/E-E2EF7E089A1E8F497DBAC1CB.jpeg,0cf89026cf317b2ee4a8e5a2e5c213caa122df664add7a12232fbaf7d38bd8c0,1,16.153615951538086,1.0,16.153615951538086,0.9999998807907104,0.19,1,True,ResNet50,R0_original_reproduction,2024,sealed_test,R0_ResNet50_seed2024
E-E2F17C914929B08E51759815.jpeg,/kaggle/input/datasets/hintrngia/gate7-test-seal/opaque_test_images/images/E-E2F17C914929B08E51759815.jpeg,4fe38d5a63b1458b405c2f0a848d148975d3ce5f11ed73c09b90c88d36fe69b8,1,12.858307838439941,1.0,12.858307838439941,0.9999973773956299,0.19,1,True,ResNet50,R0_original_reproduction,2024,sealed_test,R0_ResNet50_seed2024
E-E313E1B49C64E97490A4BA98.jpeg,/kaggle/input/datasets/hintrngia/gate7-test-seal/opaque_test_images/images/E-E313E1B49C64E97490A4BA98.jpeg,d80acd304d95db0d453b874bcb18f18e97b90954a767ca6b14a21bccc4687b61,1,20.40854835510254,1.0,20.40854835510254,1.0,0.19,1,True,ResNet50,R0_original_reproduction,2024,sealed_test,R0_ResNet50_seed2024
E-E32C6964BC36733F6C0CCF40.jpeg,/kaggle/input/datasets/hintrngia/gate7-test-seal/opaque_test_images/images/E-E32C6964BC36733F6C0CCF40.jpeg,6586452700f58d262e1d972be70d7f6abf8d8691056864cec3073a7f9af7bf69,0,-1.741852045059204,1.0,-1.741852045059204,0.14907784759998322,0.19,0,True,ResNet50,R0_original_reproduction,2024,sealed_test,R0_ResNet50_seed2024
E-E35138A3EAFB63D43C970EAE.jpeg,/kaggle/input/datasets/hintrngia/gate7-test-seal/opaque_test_images/images/E-E35138A3EAFB63D43C970EAE.jpeg,220c68fda9b7f3e5b2194744215f0805a4bbb148c1c8a471635ec90857ecb1dc,0,1.348860263824463,1.0,1.348860263824463,0.7939432263374329,0.19,1,False,ResNet50,R0_original_reproduction,2024,sealed_test,R0_ResNet50_seed2024
E-E4683C1EA4FDE619B252EC47.jpeg,/kaggle/input/datasets/hintrngia/gate7-test-seal/opaque_test_images/images/E-E4683C1EA4FDE619B252EC47.jpeg,64ef120eb5f54473e5b9a130ecdc110b5b486192d2028448c453dab47a257f9a,0,-9.348675727844238,1.0,-9.348675727844238,8.707307279109955e-05,0.19,0,True,ResNet50,R0_original_reproduction,2024,sealed_test,R0_ResNet50_seed2024
E-E521E0EB6E6AD0585C67D087.jpeg,/kaggle/input/datasets/hintrngia/gate7-test-seal/opaque_test_images/images/E-E521E0EB6E6AD0585C67D087.jpeg,54563087fa730c11d0cab13a6187842b221e580b6b2ca0232809b84051dce475,1,13.88145923614502,1.0,13.88145923614502,0.9999990463256836,0.19,1,True,ResNet50,R0_original_reproduction,2024,sealed_test,R0_ResNet50_seed2024
E-E5232B5FA76604AC3752DC58.jpeg,/kaggle/input/datasets/hintrngia/gate7-test-seal/opaque_test_images/images/E-E5232B5FA76604AC3752DC58.jpeg,caf22e4a76fa9134aa134a49048b747a231dab8b649417db8baf5906c91de2c0,1,11.2505464553833,1.0,11.2505464553833,0.999987006187439,0.19,1,True,ResNet50,R0_original_reproduction,2024,sealed_test,R0_ResNet50_seed2024
E-E537E98367C54571450EFE94.jpeg,/kaggle/input/datasets/hintrngia/gate7-test-seal/opaque_test_images/images/E-E537E98367C54571450EFE94.jpeg,8f7fbff3f9d8b2f584b291ed8a89ff9a7f4d649021f792b1a002c1000fd48a10,1,9.402400016784668,1.0,9.402400016784668,0.9999175071716309,0.19,1,True,ResNet50,R0_original_reproduction,2024,sealed_test,R0_ResNet50_seed2024
E-E608096EB2434A442FE2D1BD.jpeg,/kaggle/input/datasets/hintrngia/gate7-test-seal/opaque_test_images/images/E-E608096EB2434A442FE2D1BD.jpeg,5afa31f0e46b445f7cd47fba99057f863e89501167be218a057457a8df39fc76,0,-0.6678337454795837,1.0,-0.6678337454795837,0.33898207545280457,0.19,1,False,ResNet50,R0_original_reproduction,2024,sealed_test,R0_ResNet50_seed2024
E-E61ED7461C0AE417D9390D8A.jpeg,/kaggle/input/datasets/hintrngia/gate7-test-seal/opaque_test_images/images/E-E61ED7461C0AE417D9390D8A.jpeg,e557f9b883d4bb39f288ca22e98b211d75e26e756cebdc0ce463efd25152b42c,0,9.827460289001465,1.0,9.827460289001465,0.9999459981918335,0.19,1,False,ResNet50,R0_original_reproduction,2024,sealed_test,R0_ResNet50_seed2024
E-E626C80CBAED3DEC34B84231.jpeg,/kaggle/input/datasets/hintrngia/gate7-test-seal/opaque_test_images/images/E-E626C80CBAED3DEC34B84231.jpeg,3f1901f20df399964f8d97cc0934d7f7bac0bae59f10cb3de6b6459951b7cd26,1,11.428274154663086,1.0,11.428274154663086,0.9999891519546509,0.19,1,True,ResNet50,R0_original_reproduction,2024,sealed_test,R0_ResNet50_seed2024
E-E668060EED15881D4EA37B34.jpeg,/kaggle/input/datasets/hintrngia/gate7-test-seal/opaque_test_images/images/E-E668060EED15881D4EA37B34.jpeg,e6781a3aa69534a1bf4d786b93cb3a172bdf2b74d5c25c481c1267d6684f16f1,1,20.14809226989746,1.0,20.14809226989746,1.0,0.19,1,True,ResNet50,R0_original_reproduction,2024,sealed_test,R0_ResNet50_seed2024
E-E668297C2C12F4DBB6450D94.jpeg,/kaggle/input/datasets/hintrngia/gate7-test-seal/opaque_test_images/images/E-E668297C2C12F4DBB6450D94.jpeg,63a00ee7d314d371f9d64fcb7eb7ff84b77e5bab4d27bb3ebdf42a48396cb106,1,4.271347999572754,1.0,4.271347999572754,0.9862293004989624,0.19,1,True,ResNet50,R0_original_reproduction,2024,sealed_test,R0_ResNet50_seed2024
E-E668CBF91560D4FBEB46FF80.jpeg,/kaggle/input/datasets/hintrngia/gate7-test-seal/opaque_test_images/images/E-E668CBF91560D4FBEB46FF80.jpeg,ad5debf8eb96150d412228561c0257a3db0ac5ceb391516f74b7891681b7bc6d,0,0.5207422375679016,1.0,0.5207422375679016,0.6273213028907776,0.19,1,False,ResNet50,R0_original_reproduction,2024,sealed_test,R0_ResNet50_seed2024
E-E6CFDF9D3F9E04684DD91760.jpeg,/kaggle/input/datasets/hintrngia/gate7-test-seal/opaque_test_images/images/E-E6CFDF9D3F9E04684DD91760.jpeg,b3527ee86d19cdb6dc6a36d7cea49c769b4ae4506d13c5914d617827708b931a,0,-4.951476097106934,1.0,-4.951476097106934,0.0070232851430773735,0.19,0,True,ResNet50,R0_original_reproduction,2024,sealed_test,R0_ResNet50_seed2024
E-E783E43AF82354A6ED0C5888.jpeg,/kaggle/input/datasets/hintrngia/gate7-test-seal/opaque_test_images/images/E-E783E43AF82354A6ED0C5888.jpeg,84ede36c1a8cfcd09a3f0a4304d499418a52ea1f8d6e1e843b91eb57ce402b2c,1,13.509259223937988,1.0,13.509259223937988,0.9999986886978149,0.19,1,True,ResNet50,R0_original_reproduction,2024,sealed_test,R0_ResNet50_seed2024
E-E7BF66D9C027E263610D5923.jpeg,/kaggle/input/datasets/hintrngia/gate7-test-seal/opaque_test_images/images/E-E7BF66D9C027E263610D5923.jpeg,2f27201ef69865c54368e2a458be0d18c19fd770c628cca926cdccc177101ba6,1,5.556437969207764,1.0,5.556437969207764,0.9961523413658142,0.19,1,True,ResNet50,R0_original_reproduction,2024,sealed_test,R0_ResNet50_seed2024
E-E813D1569EE01E90BBDD13AF.jpeg,/kaggle/input/datasets/hintrngia/gate7-test-seal/opaque_test_images/images/E-E813D1569EE01E90BBDD13AF.jpeg,9bb29f51f95100232c052c320169945a6f64b5eac6aee88b3124fbc5255e1344,0,3.391908645629883,1.0,3.391908645629883,0.9674506783485413,0.19,1,False,ResNet50,R0_original_reproduction,2024,sealed_test,R0_ResNet50_seed2024
E-E8496F48CFC8A2DDE5A07937.jpeg,/kaggle/input/datasets/hintrngia/gate7-test-seal/opaque_test_images/images/E-E8496F48CFC8A2DDE5A07937.jpeg,4dbfae8f7a29a9871b5b6e6febc33b2a4d14cbf9b4a0aef37e3db018f92798c3,0,-4.469789028167725,1.0,-4.469789028167725,0.01132011879235506,0.19,0,True,ResNet50,R0_original_reproduction,2024,sealed_test,R0_ResNet50_seed2024
E-E882983FF259C228F1886530.jpeg,/kaggle/input/datasets/hintrngia/gate7-test-seal/opaque_test_images/images/E-E882983FF259C228F1886530.jpeg,8803d2037c4c73e3589c79714365cc023d898e969d9dda2f1d54a97757220bbf,1,18.577041625976562,1.0,18.577041625976562,1.0,0.19,1,True,ResNet50,R0_original_reproduction,2024,sealed_test,R0_ResNet50_seed2024
E-E95F2DF3FF60A723EB0D36D1.jpeg,/kaggle/input/datasets/hintrngia/gate7-test-seal/opaque_test_images/images/E-E95F2DF3FF60A723EB0D36D1.jpeg,d9eabac265b7907ecde7a6da3e8985a8e32da9b6193111c46e99d0c87c2d70b5,1,9.321829795837402,1.0,9.321829795837402,0.9999105930328369,0.19,1,True,ResNet50,R0_original_reproduction,2024,sealed_test,R0_ResNet50_seed2024
E-E97F7C6E55F9B56A2D1275E7.jpeg,/kaggle/input/datasets/hintrngia/gate7-test-seal/opaque_test_images/images/E-E97F7C6E55F9B56A2D1275E7.jpeg,3a6bbdc331d761fbc39e14a6e75ce3528152206ea2ee5d99a9ade459355080d4,0,-3.1781487464904785,1.0,-3.1781487464904785,0.03999635949730873,0.19,0,True,ResNet50,R0_original_reproduction,2024,sealed_test,R0_ResNet50_seed2024
E-EACE2F51FB2EF2E191B9BC55.jpeg,/kaggle/input/datasets/hintrngia/gate7-test-seal/opaque_test_images/images/E-EACE2F51FB2EF2E191B9BC55.jpeg,3ddfa97eada5de67995b4688843f1040eb6e463047ca3ca99ea88c8feb6009f6,0,7.347785472869873,1.0,7.347785472869873,0.9993564486503601,0.19,1,False,ResNet50,R0_original_reproduction,2024,sealed_test,R0_ResNet50_seed2024
E-EB1401E2B7015C0BDE01BE91.jpeg,/kaggle/input/datasets/hintrngia/gate7-test-seal/opaque_test_images/images/E-EB1401E2B7015C0BDE01BE91.jpeg,6950638f7233878b93ffe5d14e19f97fac6abec8d5987c0b4716ed74c07d399b,1,10.758209228515625,1.0,10.758209228515625,0.99997878074646,0.19,1,True,ResNet50,R0_original_reproduction,2024,sealed_test,R0_ResNet50_seed2024
E-EB344A640162B22F1A6C369F.jpeg,/kaggle/input/datasets/hintrngia/gate7-test-seal/opaque_test_images/images/E-EB344A640162B22F1A6C369F.jpeg,15afb994e0cfc6ce69b9d136d7c1ffb5ea6e4bec92835c2150be7f725b872f05,1,25.925235748291016,1.0,25.925235748291016,1.0,0.19,1,True,ResNet50,R0_original_reproduction,2024,sealed_test,R0_ResNet50_seed2024
E-EBBB08991B95E0F9392FF13F.jpeg,/kaggle/input/datasets/hintrngia/gate7-test-seal/opaque_test_images/images/E-EBBB08991B95E0F9392FF13F.jpeg,8bed19f38664c54aa99f262a6abeba8cc4f375517be8511f33f53a30e6a2c2a5,1,16.261337280273438,1.0,16.261337280273438,0.9999998807907104,0.19,1,True,ResNet50,R0_original_reproduction,2024,sealed_test,R0_ResNet50_seed2024
E-EC00E01864643AB223676743.jpeg,/kaggle/input/datasets/hintrngia/gate7-test-seal/opaque_test_images/images/E-EC00E01864643AB223676743.jpeg,1d67e98b6eb1bb726181f2d6b4460ebd349609a5d025697375ce738d2ad50f02,1,6.742672443389893,1.0,6.742672443389893,0.9988219141960144,0.19,1,True,ResNet50,R0_original_reproduction,2024,sealed_test,R0_ResNet50_seed2024
E-EC04C7BBDB899B474A0AC159.jpeg,/kaggle/input/datasets/hintrngia/gate7-test-seal/opaque_test_images/images/E-EC04C7BBDB899B474A0AC159.jpeg,f121e90cc64bb16cb00e371fcd6514f1a83adcd6d0638a157bd686b4b208de27,1,12.509238243103027,1.0,12.509238243103027,0.9999963045120239,0.19,1,True,ResNet50,R0_original_reproduction,2024,sealed_test,R0_ResNet50_seed2024
E-EC3AFA2EC5BA8AE3E95B43D7.jpeg,/kaggle/input/datasets/hintrngia/gate7-test-seal/opaque_test_images/images/E-EC3AFA2EC5BA8AE3E95B43D7.jpeg,4cebf7eed9aea1c2f47e6d96cd2696082601b2cd4b086939198a5bb274963602,0,5.820087909698486,1.0,5.820087909698486,0.9970414042472839,0.19,1,False,ResNet50,R0_original_reproduction,2024,sealed_test,R0_ResNet50_seed2024
E-ED2E2A288C88381E60228E03.jpeg,/kaggle/input/datasets/hintrngia/gate7-test-seal/opaque_test_images/images/E-ED2E2A288C88381E60228E03.jpeg,41c2bece0cabc096430c6446b8b2498b24c92f928db0633dd007cda968704a3d,0,-8.147229194641113,1.0,-8.147229194641113,0.00028945266967639327,0.19,0,True,ResNet50,R0_original_reproduction,2024,sealed_test,R0_ResNet50_seed2024
E-ED575ED0CFE949A734192294.jpeg,/kaggle/input/datasets/hintrngia/gate7-test-seal/opaque_test_images/images/E-ED575ED0CFE949A734192294.jpeg,cc896671aa94f7f5266b6552a214c6a85ba5c566747e5709769b37157ca94933,0,4.169063091278076,1.0,4.169063091278076,0.9847688674926758,0.19,1,False,ResNet50,R0_original_reproduction,2024,sealed_test,R0_ResNet50_seed2024
E-ED70ACD6E494856AB99B813B.jpeg,/kaggle/input/datasets/hintrngia/gate7-test-seal/opaque_test_images/images/E-ED70ACD6E494856AB99B813B.jpeg,4a76bf98637ae1b06f849b5dfc3b2d23d66310ed5a5739c583ede3a814e0bd8a,0,15.832229614257812,1.0,15.832229614257812,0.9999998807907104,0.19,1,False,ResNet50,R0_original_reproduction,2024,sealed_test,R0_ResNet50_seed2024
E-EDA31783A363F7ADA86AA0F3.jpeg,/kaggle/input/datasets/hintrngia/gate7-test-seal/opaque_test_images/images/E-EDA31783A363F7ADA86AA0F3.jpeg,e4c2f24204fdfd690a593fca5be79fbd800ade5cdbe9e864b3b806a5c6086e3c,1,21.422283172607422,1.0,21.422283172607422,1.0,0.19,1,True,ResNet50,R0_original_reproduction,2024,sealed_test,R0_ResNet50_seed2024
E-EE1CB872F9ABCF62B8C9A410.jpeg,/kaggle/input/datasets/hintrngia/gate7-test-seal/opaque_test_images/images/E-EE1CB872F9ABCF62B8C9A410.jpeg,ddf72360a66af14c6340c12c0923d500c544274a83f45a5788650cea58e01420,0,-6.829824447631836,1.0,-6.829824447631836,0.0010798803996294737,0.19,0,True,ResNet50,R0_original_reproduction,2024,sealed_test,R0_ResNet50_seed2024
E-EE5F297DCD473121F9565BFC.jpeg,/kaggle/input/datasets/hintrngia/gate7-test-seal/opaque_test_images/images/E-EE5F297DCD473121F9565BFC.jpeg,b2e29c7d51869da9d2679707709913ae4b26da607905072d70cf04e3fe7dc623,1,12.719183921813965,1.0,12.719183921813965,0.9999970197677612,0.19,1,True,ResNet50,R0_original_reproduction,2024,sealed_test,R0_ResNet50_seed2024
E-EEC5D60BBE425E0ACB5590EB.jpeg,/kaggle/input/datasets/hintrngia/gate7-test-seal/opaque_test_images/images/E-EEC5D60BBE425E0ACB5590EB.jpeg,cca2610da110a79410b433526e05e61efc27774689d3bd7be28ea27748f7784b,1,3.8441429138183594,1.0,3.8441429138183594,0.9790438413619995,0.19,1,True,ResNet50,R0_original_reproduction,2024,sealed_test,R0_ResNet50_seed2024
E-EECFF62D305BE863B2963926.jpeg,/kaggle/input/datasets/hintrngia/gate7-test-seal/opaque_test_images/images/E-EECFF62D305BE863B2963926.jpeg,69f35b4024eb9e1fee97f923d4cce0a527004f2c08d13802281784584e6949b6,1,11.618993759155273,1.0,11.618993759155273,0.9999910593032837,0.19,1,True,ResNet50,R0_original_reproduction,2024,sealed_test,R0_ResNet50_seed2024
E-EEF2A108D1BB31301FA66222.jpeg,/kaggle/input/datasets/hintrngia/gate7-test-seal/opaque_test_images/images/E-EEF2A108D1BB31301FA66222.jpeg,53da48724274c306f73adbe66565ed9cbea3cf57e45465442a6ec2ea0e6fd311,1,16.296327590942383,1.0,16.296327590942383,0.9999998807907104,0.19,1,True,ResNet50,R0_original_reproduction,2024,sealed_test,R0_ResNet50_seed2024
E-EF20597F06B5CE27B6725381.jpeg,/kaggle/input/datasets/hintrngia/gate7-test-seal/opaque_test_images/images/E-EF20597F06B5CE27B6725381.jpeg,b3657fb48e0b020ab15f815c8af9e9ee809c9022fa423200b755665c972eadf6,1,18.25394058227539,1.0,18.25394058227539,1.0,0.19,1,True,ResNet50,R0_original_reproduction,2024,sealed_test,R0_ResNet50_seed2024
E-EF32CBFEA225A1CA161D0AAF.jpeg,/kaggle/input/datasets/hintrngia/gate7-test-seal/opaque_test_images/images/E-EF32CBFEA225A1CA161D0AAF.jpeg,eba5deb1db1eb91956efadf16afa8c3e429a308073e71f2e5080d20aee959dbd,0,1.8186628818511963,1.0,1.8186628818511963,0.8604056239128113,0.19,1,False,ResNet50,R0_original_reproduction,2024,sealed_test,R0_ResNet50_seed2024
E-EF92BEF2BC79AC7D99E44B1F.jpeg,/kaggle/input/datasets/hintrngia/gate7-test-seal/opaque_test_images/images/E-EF92BEF2BC79AC7D99E44B1F.jpeg,2e0943d7b802f3f6bbcf0b99fd0550ef28cacd543a2bca67df83a044b463dc41,1,9.97291088104248,1.0,9.97291088104248,0.9999533891677856,0.19,1,True,ResNet50,R0_original_reproduction,2024,sealed_test,R0_ResNet50_seed2024
E-EFA0A5BE57C350303F61A3B3.jpeg,/kaggle/input/datasets/hintrngia/gate7-test-seal/opaque_test_images/images/E-EFA0A5BE57C350303F61A3B3.jpeg,e4c540d4739c0b677f18a245ad0a6455dc589638fd87eb4c74f7c1f0166e659c,1,5.485428333282471,1.0,5.485428333282471,0.9958702921867371,0.19,1,True,ResNet50,R0_original_reproduction,2024,sealed_test,R0_ResNet50_seed2024
E-EFAD2710B0F9E9CA19CFEDAD.jpeg,/kaggle/input/datasets/hintrngia/gate7-test-seal/opaque_test_images/images/E-EFAD2710B0F9E9CA19CFEDAD.jpeg,fde2c3bf0d0d2d322085d5cbae374938f524d97d3467baf13ea46336d0140cc1,0,0.6645521521568298,1.0,0.6645521521568298,0.6602821946144104,0.19,1,False,ResNet50,R0_original_reproduction,2024,sealed_test,R0_ResNet50_seed2024
E-F051ECCC0E91B0C03A0B3894.jpeg,/kaggle/input/datasets/hintrngia/gate7-test-seal/opaque_test_images/images/E-F051ECCC0E91B0C03A0B3894.jpeg,2dfe6ccd038830b4f9541b4afe8881e62535eef372c7d5753b19a449f8e95164,1,10.528351783752441,1.0,10.528351783752441,0.9999731779098511,0.19,1,True,ResNet50,R0_original_reproduction,2024,sealed_test,R0_ResNet50_seed2024
E-F062216B763D8E4E34FD8653.jpeg,/kaggle/input/datasets/hintrngia/gate7-test-seal/opaque_test_images/images/E-F062216B763D8E4E34FD8653.jpeg,ebb48150305896a7a88ebd13191ac357dcca9ea6d8cfdebea85f4e2f88c634de,1,7.324532508850098,1.0,7.324532508850098,0.9993413090705872,0.19,1,True,ResNet50,R0_original_reproduction,2024,sealed_test,R0_ResNet50_seed2024
E-F0B235FF079E1BD11705F617.jpeg,/kaggle/input/datasets/hintrngia/gate7-test-seal/opaque_test_images/images/E-F0B235FF079E1BD11705F617.jpeg,614c7ddf61ade8cd2fafb8890c0f56da582c2757d23a699014649fb440469a21,1,13.688311576843262,1.0,13.688311576843262,0.9999988079071045,0.19,1,True,ResNet50,R0_original_reproduction,2024,sealed_test,R0_ResNet50_seed2024
E-F0E7D63C585B35397E5DE4F5.jpeg,/kaggle/input/datasets/hintrngia/gate7-test-seal/opaque_test_images/images/E-F0E7D63C585B35397E5DE4F5.jpeg,b1ba0bcc2736399f54a6276b97742ab2c58b3b4d76a10e7ebcacb8db65158db7,1,10.799161911010742,1.0,10.799161911010742,0.9999796152114868,0.19,1,True,ResNet50,R0_original_reproduction,2024,sealed_test,R0_ResNet50_seed2024
E-F11C71FDADA6D19C9BA59921.jpeg,/kaggle/input/datasets/hintrngia/gate7-test-seal/opaque_test_images/images/E-F11C71FDADA6D19C9BA59921.jpeg,cc2363317d6707c427f03bef9ecd7ddd0fc3bb01058fae883312864e42b9419e,0,9.747502326965332,1.0,9.747502326965332,0.9999415874481201,0.19,1,False,ResNet50,R0_original_reproduction,2024,sealed_test,R0_ResNet50_seed2024
E-F1C55C0974CE56C10CBE1A87.jpeg,/kaggle/input/datasets/hintrngia/gate7-test-seal/opaque_test_images/images/E-F1C55C0974CE56C10CBE1A87.jpeg,fb64f55d6aeece30cea3f0f7f29da1cfffb06d9810d6f68c532eb41fdbdb66ee,0,-3.409313201904297,1.0,-3.409313201904297,0.0320056676864624,0.19,0,True,ResNet50,R0_original_reproduction,2024,sealed_test,R0_ResNet50_seed2024
E-F206B309075722A1FF434C4E.jpeg,/kaggle/input/datasets/hintrngia/gate7-test-seal/opaque_test_images/images/E-F206B309075722A1FF434C4E.jpeg,f2b64ae414394bd6fc13523f813e8e61d2e78861e7662698c7ba6ec043136a24,1,9.996268272399902,1.0,9.996268272399902,0.9999544620513916,0.19,1,True,ResNet50,R0_original_reproduction,2024,sealed_test,R0_ResNet50_seed2024
E-F2A1FB1946BD0BA6DC71D3FC.jpeg,/kaggle/input/datasets/hintrngia/gate7-test-seal/opaque_test_images/images/E-F2A1FB1946BD0BA6DC71D3FC.jpeg,fd70987fab70f5f6226dac2bd1e0e50f18af74f6f222dee6a74c8de13946a50b,1,15.245078086853027,1.0,15.245078086853027,0.9999997615814209,0.19,1,True,ResNet50,R0_original_reproduction,2024,sealed_test,R0_ResNet50_seed2024
E-F32C5A7DA665488BF8EB2294.jpeg,/kaggle/input/datasets/hintrngia/gate7-test-seal/opaque_test_images/images/E-F32C5A7DA665488BF8EB2294.jpeg,048319d1dbffbad8a6f30497b2e544b4acff1d4ae28a2ab1550c008b4b3d33da,0,4.227332592010498,1.0,4.227332592010498,0.9856186509132385,0.19,1,False,ResNet50,R0_original_reproduction,2024,sealed_test,R0_ResNet50_seed2024
E-F443494145026F4D8635CE5F.jpeg,/kaggle/input/datasets/hintrngia/gate7-test-seal/opaque_test_images/images/E-F443494145026F4D8635CE5F.jpeg,d627b5ea668353e8e8961c70fa55d23be2df4f275b34f010acd57bedaf0ffe2c,1,12.715705871582031,1.0,12.715705871582031,0.9999970197677612,0.19,1,True,ResNet50,R0_original_reproduction,2024,sealed_test,R0_ResNet50_seed2024
E-F57AB9616B464FB4687D409D.jpeg,/kaggle/input/datasets/hintrngia/gate7-test-seal/opaque_test_images/images/E-F57AB9616B464FB4687D409D.jpeg,3d4fed2aa62d75904ec26694e3c8dcfda4a4c1e303fe75f92e39a08b51698eb0,0,-1.6242332458496094,1.0,-1.6242332458496094,0.16462187469005585,0.19,0,True,ResNet50,R0_original_reproduction,2024,sealed_test,R0_ResNet50_seed2024
E-F5AAA78E7DE729F144F2D0BA.jpeg,/kaggle/input/datasets/hintrngia/gate7-test-seal/opaque_test_images/images/E-F5AAA78E7DE729F144F2D0BA.jpeg,8d308d97e4c91ae0b09ad353f315681711841a336e947bfeb0fea58ce13ef9cf,1,15.30469799041748,1.0,15.30469799041748,0.9999997615814209,0.19,1,True,ResNet50,R0_original_reproduction,2024,sealed_test,R0_ResNet50_seed2024
E-F6BB064037CE05B63F76F043.jpeg,/kaggle/input/datasets/hintrngia/gate7-test-seal/opaque_test_images/images/E-F6BB064037CE05B63F76F043.jpeg,272b91d446508662a98c4ad113c98cbffeb298f4732eee46dceb9b8b6e18a737,1,12.389981269836426,1.0,12.389981269836426,0.9999958276748657,0.19,1,True,ResNet50,R0_original_reproduction,2024,sealed_test,R0_ResNet50_seed2024
E-F761CA9D8DBDB8148DD3F134.jpeg,/kaggle/input/datasets/hintrngia/gate7-test-seal/opaque_test_images/images/E-F761CA9D8DBDB8148DD3F134.jpeg,adb515f47df3b73ec7fe2fcc8028cedfca37dfc5de003f6a0b69be36df34a67e,1,8.919182777404785,1.0,8.919182777404785,0.999866247177124,0.19,1,True,ResNet50,R0_original_reproduction,2024,sealed_test,R0_ResNet50_seed2024
E-F7A3FB6C8CD2405449CCD7AC.jpeg,/kaggle/input/datasets/hintrngia/gate7-test-seal/opaque_test_images/images/E-F7A3FB6C8CD2405449CCD7AC.jpeg,7da83501b8c8d76713a71f06eb9cfd2a0f3aedce4cd1e1b06dfd57a6369468ef,1,14.101693153381348,1.0,14.101693153381348,0.9999992847442627,0.19,1,True,ResNet50,R0_original_reproduction,2024,sealed_test,R0_ResNet50_seed2024
E-F803B5977A560D3CAEE3206F.jpeg,/kaggle/input/datasets/hintrngia/gate7-test-seal/opaque_test_images/images/E-F803B5977A560D3CAEE3206F.jpeg,4994c152ee76831c0945a9f33a130e62e585b3b2989fb1151b0375f94c87f30f,0,-3.2721498012542725,1.0,-3.2721498012542725,0.036539074033498764,0.19,0,True,ResNet50,R0_original_reproduction,2024,sealed_test,R0_ResNet50_seed2024
E-F82F691286AC69EC024FB815.jpeg,/kaggle/input/datasets/hintrngia/gate7-test-seal/opaque_test_images/images/E-F82F691286AC69EC024FB815.jpeg,7342e0f983ad367b98e075741376f0805a5515711eabf04eb7e261344095bd8d,0,-0.9493463039398193,1.0,-0.9493463039398193,0.27901631593704224,0.19,1,False,ResNet50,R0_original_reproduction,2024,sealed_test,R0_ResNet50_seed2024
E-F919CDF9E4F2C3753B819E86.jpeg,/kaggle/input/datasets/hintrngia/gate7-test-seal/opaque_test_images/images/E-F919CDF9E4F2C3753B819E86.jpeg,df1152f7378c278b88580a03806d077e58c48d07dcc6bcac8c7159749697311d,1,13.585824966430664,1.0,13.585824966430664,0.9999986886978149,0.19,1,True,ResNet50,R0_original_reproduction,2024,sealed_test,R0_ResNet50_seed2024
E-F936F7518656E03AD3D77006.jpeg,/kaggle/input/datasets/hintrngia/gate7-test-seal/opaque_test_images/images/E-F936F7518656E03AD3D77006.jpeg,e83c6117e2547bb91538e9538981951fd422c2db659c8d8a704b0ea06b32a74e,1,6.547365665435791,1.0,6.547365665435791,0.9985681772232056,0.19,1,True,ResNet50,R0_original_reproduction,2024,sealed_test,R0_ResNet50_seed2024
E-F9F06F720D992932CEB22B32.jpeg,/kaggle/input/datasets/hintrngia/gate7-test-seal/opaque_test_images/images/E-F9F06F720D992932CEB22B32.jpeg,c69b47d9342018cd2cff4bfab88eb5453cf6f77fd2e835b8d1f36b42a883d4e6,0,1.782036542892456,1.0,1.782036542892456,0.8559481501579285,0.19,1,False,ResNet50,R0_original_reproduction,2024,sealed_test,R0_ResNet50_seed2024
E-F9FB709DD03159DF07FF9B11.jpeg,/kaggle/input/datasets/hintrngia/gate7-test-seal/opaque_test_images/images/E-F9FB709DD03159DF07FF9B11.jpeg,e8880f85169e0bbcea3b120448cac8c32b5becfe7ad9aa3e478149979be6093c,1,12.810320854187012,1.0,12.810320854187012,0.9999972581863403,0.19,1,True,ResNet50,R0_original_reproduction,2024,sealed_test,R0_ResNet50_seed2024
E-FA24022AEE47D0E2402099D1.jpeg,/kaggle/input/datasets/hintrngia/gate7-test-seal/opaque_test_images/images/E-FA24022AEE47D0E2402099D1.jpeg,7478bd7291180404aeb8fe5c1e471eee683ad7f8dc072b54c1a7afbbde50b646,0,-4.933167457580566,1.0,-4.933167457580566,0.007152128964662552,0.19,0,True,ResNet50,R0_original_reproduction,2024,sealed_test,R0_ResNet50_seed2024
E-FA6C37801F16D7A74CFD47B9.jpeg,/kaggle/input/datasets/hintrngia/gate7-test-seal/opaque_test_images/images/E-FA6C37801F16D7A74CFD47B9.jpeg,4fa4357d575682ca62170cbeb9c6a4808517851c18f57f8afff2435b0852c2c6,0,-6.590519428253174,1.0,-6.590519428253174,0.0013714430388063192,0.19,0,True,ResNet50,R0_original_reproduction,2024,sealed_test,R0_ResNet50_seed2024
E-FA7B18636100FBD243EBAF3A.jpeg,/kaggle/input/datasets/hintrngia/gate7-test-seal/opaque_test_images/images/E-FA7B18636100FBD243EBAF3A.jpeg,62e8901e2ff2812de5ca50dcaf14e923527f3c861b2d3ff6c218a6dce13987a8,1,14.894440650939941,1.0,14.894440650939941,0.9999996423721313,0.19,1,True,ResNet50,R0_original_reproduction,2024,sealed_test,R0_ResNet50_seed2024
E-FAE70FFFBDF11A8EFD90A987.jpeg,/kaggle/input/datasets/hintrngia/gate7-test-seal/opaque_test_images/images/E-FAE70FFFBDF11A8EFD90A987.jpeg,3a3effe92fed92e0a8afec6d64608e5f073b1abbe096df797e3ad92c705e92ed,1,8.808600425720215,1.0,8.808600425720215,0.9998505115509033,0.19,1,True,ResNet50,R0_original_reproduction,2024,sealed_test,R0_ResNet50_seed2024
E-FB4C030B8220D6FCE7C4920E.jpeg,/kaggle/input/datasets/hintrngia/gate7-test-seal/opaque_test_images/images/E-FB4C030B8220D6FCE7C4920E.jpeg,28784692e79a2b4d8e9c137acb4afc3e8ca5eb1b73b61577481c9c6d8886999a,1,8.902170181274414,1.0,8.902170181274414,0.999863862991333,0.19,1,True,ResNet50,R0_original_reproduction,2024,sealed_test,R0_ResNet50_seed2024
E-FC34F91EA7B7518C02800BD2.jpeg,/kaggle/input/datasets/hintrngia/gate7-test-seal/opaque_test_images/images/E-FC34F91EA7B7518C02800BD2.jpeg,c5cafd2cd411da644d8065b9220e80483dbd1c1d533caff46451eec49a9500f1,0,-0.4967232644557953,1.0,-0.4967232644557953,0.37831100821495056,0.19,1,False,ResNet50,R0_original_reproduction,2024,sealed_test,R0_ResNet50_seed2024
E-FCC21ACA6EA51E755CC85368.jpeg,/kaggle/input/datasets/hintrngia/gate7-test-seal/opaque_test_images/images/E-FCC21ACA6EA51E755CC85368.jpeg,dafd8e2d20105e78f52566fbffe53d4c6d8f8d0dd1f701ce8a968d15c51bf982,0,-0.8319640755653381,1.0,-0.8319640755653381,0.3032299280166626,0.19,1,False,ResNet50,R0_original_reproduction,2024,sealed_test,R0_ResNet50_seed2024
E-FCDFACEDE7595D0EFC5AE4D2.jpeg,/kaggle/input/datasets/hintrngia/gate7-test-seal/opaque_test_images/images/E-FCDFACEDE7595D0EFC5AE4D2.jpeg,f6349cca75a3e7317176139fa81448850a58824b07833eacf885cc19a59be81e,0,-1.4558429718017578,1.0,-1.4558429718017578,0.18910396099090576,0.19,0,True,ResNet50,R0_original_reproduction,2024,sealed_test,R0_ResNet50_seed2024
E-FD2BC6BA29958C6F60FE783C.jpeg,/kaggle/input/datasets/hintrngia/gate7-test-seal/opaque_test_images/images/E-FD2BC6BA29958C6F60FE783C.jpeg,fd64770cc021969fdb17b762af9d814ccac166e9307d6f5a02b34efd53881a62,1,16.112668991088867,1.0,16.112668991088867,0.9999998807907104,0.19,1,True,ResNet50,R0_original_reproduction,2024,sealed_test,R0_ResNet50_seed2024
E-FD3BC8E6292F6834E2B6FCB7.jpeg,/kaggle/input/datasets/hintrngia/gate7-test-seal/opaque_test_images/images/E-FD3BC8E6292F6834E2B6FCB7.jpeg,c5af9ec0a7d1255584656cdf8b07470be8a0c9d0ea7349278226c8bb0622e803,1,13.497157096862793,1.0,13.497157096862793,0.9999985694885254,0.19,1,True,ResNet50,R0_original_reproduction,2024,sealed_test,R0_ResNet50_seed2024
E-FD594D485E3E16E2A87FD495.jpeg,/kaggle/input/datasets/hintrngia/gate7-test-seal/opaque_test_images/images/E-FD594D485E3E16E2A87FD495.jpeg,a8282d41b5b48f027c62a0e65a21a2574a0b6ad64d33311c4bd267b157970ad7,1,18.5367488861084,1.0,18.5367488861084,1.0,0.19,1,True,ResNet50,R0_original_reproduction,2024,sealed_test,R0_ResNet50_seed2024
E-FDAF56855798F8C5BE7AC652.jpeg,/kaggle/input/datasets/hintrngia/gate7-test-seal/opaque_test_images/images/E-FDAF56855798F8C5BE7AC652.jpeg,23d5f0551404749a0be4a8c2936233a0fbe9a82ac9cca685a0f889478816d3ce,1,13.178317070007324,1.0,13.178317070007324,0.9999980926513672,0.19,1,True,ResNet50,R0_original_reproduction,2024,sealed_test,R0_ResNet50_seed2024
E-FE091FA2440B66DE29C30B7E.jpeg,/kaggle/input/datasets/hintrngia/gate7-test-seal/opaque_test_images/images/E-FE091FA2440B66DE29C30B7E.jpeg,462097a224b7f412afb0f207fa41f40b154c6faa3ad31ed909d7b8e7ec2f012d,0,2.677340030670166,1.0,2.677340030670166,0.9356762766838074,0.19,1,False,ResNet50,R0_original_reproduction,2024,sealed_test,R0_ResNet50_seed2024
