xai_id,condition,architecture,seed,sample_index,sampling_stratum,image_id,true_label,prob_pneumonia,threshold,pred_label,is_correct,gcam_lrr_plus,gcam_lrr_abs,gcam_lrr_chance,gcam_lrr_enrichment,guided_gcam_lrr_plus,guided_gcam_lrr_abs,guided_gcam_lrr_enrichment,gcam_pointing_inside_lung,guided_gcam_pointing_inside_lung,gcam_argmax_x,gcam_argmax_y,guided_gcam_argmax_x,guided_gcam_argmax_y,gcam_deletion_auc,gcam_insertion_auc,guided_gcam_deletion_auc,guided_gcam_insertion_auc,gcam_input_stability_lrr_delta,guided_gcam_input_stability_lrr_delta,gcam_head_randomization_corr,guided_gcam_head_randomization_corr,checkpoint_path
E04_XAI_R_P_ResNet50,R-P,ResNet50,3407,0,normal,E-03B36F677CCFA6787A3BC686.jpeg,0,0.6506223471947323,0.62451171875,1,0,0.7008550519498308,0.7008550763130188,0.3590850830078125,1.9517799126581443,0.7162410409709258,0.7162410616874695,1.994627665876454,1,0,79,111,78,30,0.7663508597433142,0.8536508303516932,0.8057496563775202,0.8778717187344942,0.0002929082706677466,0.002924769078656131,0.7573312249268167,0.652887138235391,/kaggle/input/datasets/hintrngia/locked-resnet-xai-inputs/R-P/ResNet50/seed_3407/best_checkpoint.pt
E04_XAI_R_P_ResNet50,R-P,ResNet50,3407,1,normal,E-06530ECE35CCF9FF05F7DDEB.jpeg,0,0.014564157844507535,0.62451171875,0,1,0.7146069050938885,0.7146068811416626,0.2779541015625,2.5709529058098965,0.7569711065980818,0.7569711208343506,2.7233672838170775,1,0,80,80,71,66,0.7846093504864496,0.8783990875306611,0.7310069650595108,0.9314500069091398,1.8574799384163398e-06,0.0007456631175755124,0.17549483328594925,0.41179068098314253,/kaggle/input/datasets/hintrngia/locked-resnet-xai-inputs/R-P/ResNet50/seed_3407/best_checkpoint.pt
E04_XAI_R_P_ResNet50,R-P,ResNet50,3407,2,normal,E-10FEC5D206E4A3A02E4F32C9.jpeg,0,0.5197122170063144,0.62451171875,0,1,0.7642324292270792,0.7642324566841125,0.2476806640625,3.085555475716231,0.8735151630560573,0.8735151886940002,3.526779800766496,1,1,176,80,179,78,0.09926334400834581,0.30555403764284966,0.0772948386434287,0.2895708603564977,0.001855537139839436,0.002466602886955882,0.9350484166978391,0.9215398844579585,/kaggle/input/datasets/hintrngia/locked-resnet-xai-inputs/R-P/ResNet50/seed_3407/best_checkpoint.pt
E04_XAI_R_P_ResNet50,R-P,ResNet50,3407,3,normal,E-16E04AC17A9CE052EFE7227B.jpeg,0,0.031154558601374872,0.62451171875,0,1,0.7942296705993201,0.7942296862602234,0.3753509521484375,2.1159655145492517,0.7688321093438234,0.7688320875167847,2.0483020089416972,1,0,80,80,63,64,0.6368414308439713,0.7160093537580217,0.5759894651809719,0.8228360842432582,0.00024161878469741715,0.000787654257685233,0.6341558165824344,0.6134646379736807,/kaggle/input/datasets/hintrngia/locked-resnet-xai-inputs/R-P/ResNet50/seed_3407/best_checkpoint.pt
E04_XAI_R_P_ResNet50,R-P,ResNet50,3407,4,normal,E-256958BC036CED77CAAB2A55.jpeg,0,0.10228493750302556,0.62451171875,0,1,0.7803462448429944,0.7803462743759155,0.3496246337890625,2.231954414613123,0.8680134657810776,0.8680134415626526,2.4827011082542096,1,1,80,80,77,119,0.3599615806988218,0.6029293808930968,0.30314250752998506,0.7359641048378165,0.0008505755762828748,0.0010673665882153793,0.9547260892778214,0.9788419752844675,/kaggle/input/datasets/hintrngia/locked-resnet-xai-inputs/R-P/ResNet50/seed_3407/best_checkpoint.pt
E04_XAI_R_P_ResNet50,R-P,ResNet50,3407,5,normal,E-280031A047E47DC7EA750C62.jpeg,0,0.022743279450951732,0.62451171875,0,1,0.8365329650738311,0.8365329504013062,0.3791046142578125,2.206601907791451,0.9060668543637931,0.9060668349266052,2.3900180063427467,1,1,79,80,72,94,0.3137489875795757,0.8521877508208715,0.339225524631931,0.8878965468749138,8.798923617381327e-06,9.87891000014951e-06,0.9891347326814549,0.9233185267063558,/kaggle/input/datasets/hintrngia/locked-resnet-xai-inputs/R-P/ResNet50/seed_3407/best_checkpoint.pt
E04_XAI_R_P_ResNet50,R-P,ResNet50,3407,6,normal,E-28020DB22FEE86C7B17E72DA.jpeg,0,0.1719189510385502,0.62451171875,0,1,0.8162596816179396,0.8162596821784973,0.3710174560546875,2.2000573512035078,0.7980762089746412,0.7980762124061584,2.1510476015365856,1,1,80,80,79,59,0.295893859868644,0.5458228195682588,0.24941003634727812,0.6913141327453117,0.0008282536296347898,0.0014143916182782768,-0.13287185067074728,-0.0009537609225306,/kaggle/input/datasets/hintrngia/locked-resnet-xai-inputs/R-P/ResNet50/seed_3407/best_checkpoint.pt
E04_XAI_R_P_ResNet50,R-P,ResNet50,3407,7,normal,E-28234EA54B2F1B13D8D5995E.jpeg,0,0.09706320655795295,0.62451171875,0,1,0.8113638607638101,0.8113638758659363,0.3462677001953125,2.343169346451199,0.8898106977707594,0.8898106813430786,2.5697190274139374,1,1,176,175,82,127,0.5465400326054041,0.47092546311815386,0.41793489122759386,0.6301111378917714,1.4584525165339812e-05,0.0007845115056357432,0.03148652684499249,0.5427916165542563,/kaggle/input/datasets/hintrngia/locked-resnet-xai-inputs/R-P/ResNet50/seed_3407/best_checkpoint.pt
E04_XAI_R_P_ResNet50,R-P,ResNet50,3407,8,normal,E-28CAAFCB1AFEEA2D46764B17.jpeg,0,0.36278753779291667,0.62451171875,0,1,0.8094460262787949,0.8094460368156433,0.38934326171875,2.0790035576974097,0.8842634880626239,0.8842635154724121,2.2711667954880124,1,1,79,176,75,173,0.25776689185898005,0.3101290514798589,0.25983714158591553,0.3376337862695119,2.296650078925655e-05,0.00016255518713448325,0.26864165387652333,0.21077843714862404,/kaggle/input/datasets/hintrngia/locked-resnet-xai-inputs/R-P/ResNet50/seed_3407/best_checkpoint.pt
E04_XAI_R_P_ResNet50,R-P,ResNet50,3407,9,normal,E-29AE82E82E5A6A48DC6D8B99.jpeg,0,0.09337212443024823,0.62451171875,0,1,0.7827774554622255,0.7827774286270142,0.3269195556640625,2.3944038889695407,0.8337082885675123,0.8337082862854004,2.550193997645764,1,0,80,80,80,55,0.6006934474603752,0.6361343192415682,0.5470611731159256,0.6895161429822588,0.00020830096309965018,0.0003776368468358937,0.9691864487294289,0.9575805758512099,/kaggle/input/datasets/hintrngia/locked-resnet-xai-inputs/R-P/ResNet50/seed_3407/best_checkpoint.pt
E04_XAI_R_P_ResNet50,R-P,ResNet50,3407,10,normal,E-2B646E91E652E02CC65E6BA0.jpeg,0,0.011296043434957095,0.62451171875,0,1,0.7769929087227833,0.776992917060852,0.2742767333984375,2.8328794028404074,0.8402774867061779,0.8402774930000305,3.063611981573078,1,1,176,80,191,167,0.9049717335688467,0.9416508078769956,0.848282024029476,0.9629011106304939,0.00025578459719022284,0.002415605950924715,-0.21518908623026847,0.12308941178631551,/kaggle/input/datasets/hintrngia/locked-resnet-xai-inputs/R-P/ResNet50/seed_3407/best_checkpoint.pt
E04_XAI_R_P_ResNet50,R-P,ResNet50,3407,11,normal,E-2F227E134B6699426A9E9AB9.jpeg,0,0.6788392267396313,0.62451171875,1,0,0.7311420392389719,0.7311420440673828,0.3509368896484375,2.0834003514746406,0.8054861900419029,0.8054862022399902,2.295245138944569,1,1,79,175,67,154,0.544467435723641,0.8358288143926346,0.548473954245199,0.853519707168721,0.0017337035146592905,0.0004896963979983404,-0.12419603765360794,0.08273070827848586,/kaggle/input/datasets/hintrngia/locked-resnet-xai-inputs/R-P/ResNet50/seed_3407/best_checkpoint.pt
E04_XAI_R_P_ResNet50,R-P,ResNet50,3407,12,normal,E-2F5E9CF0C3839769BD6D37AD.jpeg,0,0.2246160217409313,0.62451171875,0,1,0.778633165245034,0.778633177280426,0.3790740966796875,2.054039492714187,0.730248437522144,0.7302484512329102,1.926400257676256,1,1,176,175,194,196,0.4911165981505959,0.4120934459843379,0.4308019045116709,0.6140742959183503,8.442262808339152e-05,0.0015898044577709047,0.6240598396595475,0.7583298609522473,/kaggle/input/datasets/hintrngia/locked-resnet-xai-inputs/R-P/ResNet50/seed_3407/best_checkpoint.pt
E04_XAI_R_P_ResNet50,R-P,ResNet50,3407,13,normal,E-306538194ADB5E9E447B7A10.jpeg,0,0.03558035270322906,0.62451171875,0,1,0.7273651399120558,0.7273651361465454,0.2563934326171875,2.8369101832575425,0.7979660475516817,0.7979660630226135,3.1122717902961976,1,1,175,175,167,190,0.29294036740890966,0.9191622495526084,0.3090384873463642,0.9309684028824812,0.00020754338030759545,0.002026231312623805,0.9573527221176086,0.9729973587690232,/kaggle/input/datasets/hintrngia/locked-resnet-xai-inputs/R-P/ResNet50/seed_3407/best_checkpoint.pt
E04_XAI_R_P_ResNet50,R-P,ResNet50,3407,14,normal,E-36FB7A78C2BFA1A3824C3EFA.jpeg,0,0.2822304195932103,0.62451171875,0,1,0.794031245060523,0.7940312623977661,0.3275299072265625,2.424301499011714,0.7896935159216772,0.7896935343742371,2.4110577339596104,1,0,79,80,82,46,0.4400591277289747,0.36718738390963457,0.4197412905607943,0.4418424621123428,0.0008550382234024934,0.005499384860881196,0.6137757731448459,0.6534583075990411,/kaggle/input/datasets/hintrngia/locked-resnet-xai-inputs/R-P/ResNet50/seed_3407/best_checkpoint.pt
E04_XAI_R_P_ResNet50,R-P,ResNet50,3407,15,normal,E-3B865A0E9283DC8B3D382B5F.jpeg,0,0.9844847248514815,0.62451171875,1,0,0.7254164945832056,0.7254164814949036,0.360931396484375,2.0098459198869096,0.7744775117700667,0.7744775414466858,2.1457748461724484,1,1,48,144,50,159,0.9661099081717625,0.9398891119550561,0.9447167151690978,0.9646983970341052,2.6248060926548078e-05,0.002714940189874504,0.9628299672402872,0.9278517763856124,/kaggle/input/datasets/hintrngia/locked-resnet-xai-inputs/R-P/ResNet50/seed_3407/best_checkpoint.pt
E04_XAI_R_P_ResNet50,R-P,ResNet50,3407,16,normal,E-3D66EC3C4F2D4073FE577EEA.jpeg,0,0.0946900661554302,0.62451171875,0,1,0.689264435382624,0.6892644166946411,0.2598114013671875,2.652941448125662,0.7092301904921169,0.7092301845550537,2.7297885572379967,1,1,111,48,80,176,0.4436300133410033,0.7639881263237958,0.47839085058277997,0.8581308139237542,0.00011878881002991282,0.00040011713690590867,-0.010350853223186053,0.28636560234612973,/kaggle/input/datasets/hintrngia/locked-resnet-xai-inputs/R-P/ResNet50/seed_3407/best_checkpoint.pt
E04_XAI_R_P_ResNet50,R-P,ResNet50,3407,17,normal,E-40D9418B91304B06987F2A6E.jpeg,0,0.9050787712741405,0.62451171875,1,0,0.7227600306618951,0.722760021686554,0.3151092529296875,2.2936807597432547,0.7400399362722757,0.7400399446487427,2.348518583290875,1,0,79,144,71,64,0.7780837096803653,0.9680740387439456,0.8824815795558154,0.9657378757347539,0.0008013664858946834,0.0005908882580384356,0.6567809532208463,0.7859288226710935,/kaggle/input/datasets/hintrngia/locked-resnet-xai-inputs/R-P/ResNet50/seed_3407/best_checkpoint.pt
E04_XAI_R_P_ResNet50,R-P,ResNet50,3407,18,normal,E-44BF14DBF8A5FE52BF53ED2E.jpeg,0,0.44474260256542103,0.62451171875,0,1,0.7996657800031294,0.7996658086776733,0.32672119140625,2.447547943129324,0.8972472063232488,0.8972471952438354,2.746216743583058,1,1,79,175,68,186,0.15189737148890453,0.3654691352661161,0.11575793584623514,0.39554444649378817,0.0005102381850262683,0.0029737019336225634,0.6432791191265487,0.9243807877466955,/kaggle/input/datasets/hintrngia/locked-resnet-xai-inputs/R-P/ResNet50/seed_3407/best_checkpoint.pt
E04_XAI_R_P_ResNet50,R-P,ResNet50,3407,19,normal,E-47080ACF9F207EB21662EAAE.jpeg,0,0.7337836311715032,0.62451171875,1,0,0.8279154046235616,0.8279154300689697,0.3899383544921875,2.1231956156294163,0.8435839111247967,0.843583881855011,2.163377624710416,1,1,144,111,147,78,0.755100053736611,0.9292538178789351,0.7446578781573687,0.9348551359234915,0.002328087170165194,0.002304368548278868,0.2895549527218581,0.10685412716181493,/kaggle/input/datasets/hintrngia/locked-resnet-xai-inputs/R-P/ResNet50/seed_3407/best_checkpoint.pt
E04_XAI_R_P_ResNet50,R-P,ResNet50,3407,20,normal,E-4F18C9F59223CD9D0CA81789.jpeg,0,0.786930820478671,0.62451171875,1,0,0.7388145322929393,0.7388145327568054,0.305145263671875,2.421189578375341,0.7764395167414315,0.7764394879341125,2.5444914576040834,1,1,80,48,93,52,0.894150353244957,0.9487117328684576,0.9104297768987966,0.9502602962811981,0.0013413850471993838,0.0017178191746461957,0.9647907390513935,0.8854309737685607,/kaggle/input/datasets/hintrngia/locked-resnet-xai-inputs/R-P/ResNet50/seed_3407/best_checkpoint.pt
E04_XAI_R_P_ResNet50,R-P,ResNet50,3407,21,normal,E-57BEC1C15CFD6C2BBAF49905.jpeg,0,0.2019730559070499,0.62451171875,0,1,0.7889553332504596,0.7889553308486938,0.3210601806640625,2.4573440767977814,0.8434007534779955,0.843400776386261,2.626924185159161,1,1,176,175,78,202,0.2542836920272025,0.5290877394901082,0.21792894198363771,0.6933366830910295,0.000521038664919371,0.0009897901460739211,-0.08270848113244675,0.019445929737283867,/kaggle/input/datasets/hintrngia/locked-resnet-xai-inputs/R-P/ResNet50/seed_3407/best_checkpoint.pt
E04_XAI_R_P_ResNet50,R-P,ResNet50,3407,22,normal,E-5822F4C00AF6A5D69871506D.jpeg,0,0.33218449961357893,0.62451171875,0,1,0.842054012380757,0.842054009437561,0.414520263671875,2.031394086556184,0.9046321752456364,0.9046321511268616,2.1823593549620126,1,1,176,175,72,198,0.36466001648489443,0.4468243160892804,0.3236723439256265,0.4705499807936579,0.00022246755493904313,0.0011619290324794695,-0.10489674056721401,0.05555789240151487,/kaggle/input/datasets/hintrngia/locked-resnet-xai-inputs/R-P/ResNet50/seed_3407/best_checkpoint.pt
E04_XAI_R_P_ResNet50,R-P,ResNet50,3407,23,normal,E-592EC4B388705AD74965EF2F.jpeg,0,0.04036430201902702,0.62451171875,0,1,0.7340769744278488,0.734076976776123,0.3038330078125,2.4160540677030684,0.8125750932622496,0.812575101852417,2.6744134849354557,1,1,80,80,71,134,0.816419193563195,0.7409430211282422,0.7735403511902098,0.8842472765809175,0.00048146217141087355,0.0002766469471033872,-0.08025798496259084,-0.016095331686410648,/kaggle/input/datasets/hintrngia/locked-resnet-xai-inputs/R-P/ResNet50/seed_3407/best_checkpoint.pt
E04_XAI_R_P_ResNet50,R-P,ResNet50,3407,24,normal,E-5EB53A5E9ABA53D43AB743A8.jpeg,0,0.08435842314287491,0.62451171875,0,1,0.6898489237357617,0.6898488998413086,0.2571563720703125,2.6826048220463345,0.8010100214717224,0.801010012626648,3.114875260616555,1,0,80,80,83,64,0.38134964691566664,0.7549318684690955,0.3731833925719276,0.8620674617856444,0.0002865911298353119,0.0011534884809440982,0.07617074326564888,0.4733733837233462,/kaggle/input/datasets/hintrngia/locked-resnet-xai-inputs/R-P/ResNet50/seed_3407/best_checkpoint.pt
E04_XAI_R_P_ResNet50,R-P,ResNet50,3407,25,normal,E-5FBF0EE47B9EC5825E465989.jpeg,0,0.18822867762765869,0.62451171875,0,1,0.8221055403439241,0.8221055269241333,0.329376220703125,2.4959468494384978,0.8835546826852815,0.8835546970367432,2.682509019015223,1,1,176,175,191,184,0.65734179961546,0.571184678765164,0.5514879041207725,0.5588572731334578,0.00011549031821866951,0.0002616034529392408,0.9349907622912917,0.9747390567517406,/kaggle/input/datasets/hintrngia/locked-resnet-xai-inputs/R-P/ResNet50/seed_3407/best_checkpoint.pt
E04_XAI_R_P_ResNet50,R-P,ResNet50,3407,26,normal,E-67976418F9EE68ADAB32C212.jpeg,0,0.1104724424824187,0.62451171875,0,1,0.6365855445668828,0.636585533618927,0.26171875,2.432326856852567,0.6975263070846506,0.6975263357162476,2.66517514348762,1,0,80,80,92,64,0.5158473479497288,0.5647886467450685,0.49869148308888056,0.689976083802994,0.0002525753228017624,0.0010392267396559518,0.7575087999687046,0.9101768240589798,/kaggle/input/datasets/hintrngia/locked-resnet-xai-inputs/R-P/ResNet50/seed_3407/best_checkpoint.pt
E04_XAI_R_P_ResNet50,R-P,ResNet50,3407,27,normal,E-74019A53B16F834307F73E46.jpeg,0,0.17058130436326047,0.62451171875,0,1,0.8062376364385465,0.8062376379966736,0.372467041015625,2.164587863237877,0.8690767637625315,0.8690767884254456,2.333298434655521,1,1,176,175,183,194,0.5250554191216824,0.637647779623957,0.45747221896592155,0.7115936905424305,0.0005246574571271534,0.000499167515340404,-0.04373982638608303,0.05153607035312754,/kaggle/input/datasets/hintrngia/locked-resnet-xai-inputs/R-P/ResNet50/seed_3407/best_checkpoint.pt
E04_XAI_R_P_ResNet50,R-P,ResNet50,3407,28,normal,E-778E5DF620CB9DE6A84B008B.jpeg,0,0.9549397906163615,0.62451171875,1,0,0.7889500462130556,0.7889500260353088,0.3386688232421875,2.3295620738282863,0.8537814940791835,0.853781521320343,2.5209922953806427,1,1,79,144,47,143,0.9315238049746086,0.9854103275333668,0.9487417698989833,0.9847342298175884,0.00010092015400497978,0.0008018895799833947,-0.10635168136681719,-0.03652788583392631,/kaggle/input/datasets/hintrngia/locked-resnet-xai-inputs/R-P/ResNet50/seed_3407/best_checkpoint.pt
E04_XAI_R_P_ResNet50,R-P,ResNet50,3407,29,normal,E-77C42172A076E16EE5474210.jpeg,0,0.32718816221134583,0.62451171875,0,1,0.8542894023353892,0.8542894124984741,0.39276123046875,2.175085869131782,0.9363015481954275,0.9363015294075012,2.383895037394543,1,1,176,175,184,187,0.3095159860053577,0.453375730477799,0.2794309583100687,0.5309559248955611,0.00019833778108380162,0.0006505102736534818,-0.06830464427066696,0.23786913899398973,/kaggle/input/datasets/hintrngia/locked-resnet-xai-inputs/R-P/ResNet50/seed_3407/best_checkpoint.pt
E04_XAI_R_P_ResNet50,R-P,ResNet50,3407,30,normal,E-7B1FB0C84C51C5CD8EDBCCFD.jpeg,0,0.9984550309454916,0.62451171875,1,0,0.7656270045998655,0.7656270265579224,0.388427734375,1.9710925272413886,0.8175731821337282,0.8175731897354126,2.1048269981268075,1,1,80,48,66,161,0.9972216586892588,0.9912068196674224,0.9948695608897323,0.9945820809670259,0.0002989474870200848,0.0008773678448936728,0.5296522097752426,0.664185653571824,/kaggle/input/datasets/hintrngia/locked-resnet-xai-inputs/R-P/ResNet50/seed_3407/best_checkpoint.pt
E04_XAI_R_P_ResNet50,R-P,ResNet50,3407,31,normal,E-7B7A8A9BEAA512F9DC3E0865.jpeg,0,0.17157784846173252,0.62451171875,0,1,0.8381288134762299,0.8381288051605225,0.356475830078125,2.3511518671337304,0.9360690623862992,0.9360690712928772,2.625897700220379,1,1,79,112,73,103,0.0933341397853214,0.587549704891673,0.09393914666064636,0.6576917022790134,0.0006581197156391161,0.001470062095472069,0.9596228423461549,0.9723609741832894,/kaggle/input/datasets/hintrngia/locked-resnet-xai-inputs/R-P/ResNet50/seed_3407/best_checkpoint.pt
E04_XAI_R_P_ResNet50,R-P,ResNet50,3407,32,normal,E-82FCB2C3D1996A8155B45525.jpeg,0,0.05786320099275124,0.62451171875,0,1,0.6922151876673701,0.6922152042388916,0.2450714111328125,2.8245448315153956,0.8493765148400113,0.8493764996528625,3.4658327175490307,1,1,80,143,178,183,0.411252007606553,0.8318457547787678,0.30160793097267713,0.8840252668073036,0.00012564834999340135,0.00047612034692667837,0.7228088359816014,0.7794423833244006,/kaggle/input/datasets/hintrngia/locked-resnet-xai-inputs/R-P/ResNet50/seed_3407/best_checkpoint.pt
E04_XAI_R_P_ResNet50,R-P,ResNet50,3407,33,normal,E-843CBB869621D4078F498542.jpeg,0,0.8732103659169039,0.62451171875,1,0,0.7575940017368072,0.7575939893722534,0.3597412109375,2.1059416566772735,0.681450660222592,0.6814506649971008,1.8942802200690445,1,0,175,48,170,32,0.8073064848805726,0.9304130895379321,0.7994479945276889,0.9464054787249832,0.0002312371045427586,0.0024321137184342145,0.6168797180943573,0.5904721911976124,/kaggle/input/datasets/hintrngia/locked-resnet-xai-inputs/R-P/ResNet50/seed_3407/best_checkpoint.pt
E04_XAI_R_P_ResNet50,R-P,ResNet50,3407,34,normal,E-845A5BC2008587BFFF60937F.jpeg,0,0.846536736322,0.62451171875,1,0,0.6715253456751257,0.6715253591537476,0.3625030517578125,1.8524681169409032,0.6981481773751467,0.6981481909751892,1.9259097930065923,1,0,80,48,71,42,0.8565938242983624,0.8727776058127438,0.7952105770132675,0.8531265108966097,0.0014011869810013344,0.003668417037742122,0.5880395937680143,0.6097873692247718,/kaggle/input/datasets/hintrngia/locked-resnet-xai-inputs/R-P/ResNet50/seed_3407/best_checkpoint.pt
E04_XAI_R_P_ResNet50,R-P,ResNet50,3407,35,normal,E-8BB569A271B438E1FF7419AA.jpeg,0,0.3263612292674698,0.62451171875,0,1,0.7438837157713055,0.7438837289810181,0.3291015625,2.260346958308062,0.7384193952007265,0.7384194135665894,2.2437432067820295,1,1,175,80,170,88,0.31631605827019127,0.39104178697771785,0.2649891420659318,0.5389595100041106,0.00013524052039071144,0.0014831859582102869,0.7999173112149975,0.8978772455370115,/kaggle/input/datasets/hintrngia/locked-resnet-xai-inputs/R-P/ResNet50/seed_3407/best_checkpoint.pt
E04_XAI_R_P_ResNet50,R-P,ResNet50,3407,36,normal,E-8E65534102472D38A215B619.jpeg,0,0.32268236656687105,0.62451171875,0,1,0.8211194763372214,0.821119487285614,0.4018096923828125,2.0435531842644643,0.8744832654255695,0.8744832873344421,2.1763618001340572,1,1,79,111,78,111,0.22456534710618792,0.36344741398813485,0.22918581685534037,0.4028576977957774,0.0005126000064727965,0.0020071293380133914,0.8945086137521175,0.8672815097676619,/kaggle/input/datasets/hintrngia/locked-resnet-xai-inputs/R-P/ResNet50/seed_3407/best_checkpoint.pt
E04_XAI_R_P_ResNet50,R-P,ResNet50,3407,37,normal,E-91CCC5E035FBDB0CCBB30E2A.jpeg,0,0.08776772342632025,0.62451171875,0,1,0.857772924144053,0.857772946357727,0.4178619384765625,2.0527663449590894,0.9047565848862035,0.9047566056251526,2.1652045845208043,1,1,79,175,68,185,0.3421760522692127,0.8466866884037065,0.3476108611986739,0.8544299001347349,9.93046560346933e-05,0.0003742998405648068,0.43560147201545163,0.7924257396999573,/kaggle/input/datasets/hintrngia/locked-resnet-xai-inputs/R-P/ResNet50/seed_3407/best_checkpoint.pt
E04_XAI_R_P_ResNet50,R-P,ResNet50,3407,38,normal,E-91CD2D4F539A3D56107014E7.jpeg,0,0.8244511433034909,0.62451171875,1,0,0.8051271627251155,0.8051271438598633,0.376434326171875,2.1388250399818878,0.8386818714983962,0.8386818766593933,2.227963321058731,1,1,176,207,170,199,0.9182392260758923,0.8691233471177282,0.9245798752557746,0.8811985779387123,0.0012218220407433922,0.0009230834090911966,-0.12711176772629654,-0.005711524349169591,/kaggle/input/datasets/hintrngia/locked-resnet-xai-inputs/R-P/ResNet50/seed_3407/best_checkpoint.pt
E04_XAI_R_P_ResNet50,R-P,ResNet50,3407,39,normal,E-93DEE19500CF7BC746908FEA.jpeg,0,0.24838464575508498,0.62451171875,0,1,0.8279727024087662,0.8279727101325989,0.3555908203125,2.3284422856617275,0.92964520465767,0.9296451807022095,2.614367839531628,1,1,175,175,187,183,0.19044745128120788,0.6284088774832006,0.17432790856149394,0.6408713238890325,0.0006057455670618328,0.0008945349865644436,0.03217932633686515,0.4204008403082637,/kaggle/input/datasets/hintrngia/locked-resnet-xai-inputs/R-P/ResNet50/seed_3407/best_checkpoint.pt
E04_XAI_R_P_ResNet50,R-P,ResNet50,3407,40,normal,E-9A48264C99FDAC90E29908DD.jpeg,0,0.9621082165678604,0.62451171875,1,0,0.7662280195262547,0.7662280201911926,0.3754425048828125,2.040866469728617,0.8442511865566578,0.8442512154579163,2.2486830222384526,1,1,48,144,47,173,0.9370994627835867,0.9574724813739948,0.9243285387102362,0.9711048191092686,0.00025222853675965773,0.003821911066099859,-0.1282723942842555,-0.03498353274620436,/kaggle/input/datasets/hintrngia/locked-resnet-xai-inputs/R-P/ResNet50/seed_3407/best_checkpoint.pt
E04_XAI_R_P_ResNet50,R-P,ResNet50,3407,41,normal,E-A5B76F5465A7745EBBAE1D8D.jpeg,0,0.686907681853123,0.62451171875,1,0,0.707617431561602,0.7076174020767212,0.36846923828125,1.9204247140475876,0.7543622695007175,0.7543622851371765,2.0472869676163254,1,1,111,48,99,35,0.408165912004722,0.8523306024012061,0.33951497924832774,0.8690926134787605,0.0002384373719606092,6.595818694776767e-06,-0.21319768515503096,-0.03754165933629871,/kaggle/input/datasets/hintrngia/locked-resnet-xai-inputs/R-P/ResNet50/seed_3407/best_checkpoint.pt
E04_XAI_R_P_ResNet50,R-P,ResNet50,3407,42,normal,E-A92185A886C303721C499620.jpeg,0,0.9590204197931887,0.62451171875,1,0,0.754439545595825,0.7544395327568054,0.4248199462890625,1.7759042441064614,0.515050255340724,0.5150502324104309,1.2123965925796376,1,0,80,47,75,2,0.9837285045517844,0.9687156383195141,0.9793431129603782,0.9687300153033032,0.0020875089188694407,0.0052758525753963115,0.8450006837979226,0.9458599950503127,/kaggle/input/datasets/hintrngia/locked-resnet-xai-inputs/R-P/ResNet50/seed_3407/best_checkpoint.pt
E04_XAI_R_P_ResNet50,R-P,ResNet50,3407,43,normal,E-B1906A980682154F21AC8637.jpeg,0,0.028337560242404417,0.62451171875,0,1,0.824333867664006,0.8243338465690613,0.37506103515625,2.19786592153085,0.8200664403204665,0.8200664520263672,2.186487967162005,1,1,176,175,178,200,0.6276401763841681,0.65933891559895,0.5363219236329492,0.8197909616362511,0.00015344362582614401,0.0010594967731059057,-0.24492240561957848,-0.03000604103301007,/kaggle/input/datasets/hintrngia/locked-resnet-xai-inputs/R-P/ResNet50/seed_3407/best_checkpoint.pt
E04_XAI_R_P_ResNet50,R-P,ResNet50,3407,44,normal,E-B701F1D8C0C0617522833A87.jpeg,0,0.02354199134343127,0.62451171875,0,1,0.7615599863539647,0.7615599632263184,0.2968597412109375,2.5653865466817494,0.7807279551481885,0.7807279825210571,2.6299556550291276,1,1,176,175,177,193,0.8399786875735173,0.8187724104729752,0.7394144798587975,0.8988536419496236,0.00013379711759253787,0.002122539609846652,-7.02135358017768e-05,0.1091096223267111,/kaggle/input/datasets/hintrngia/locked-resnet-xai-inputs/R-P/ResNet50/seed_3407/best_checkpoint.pt
E04_XAI_R_P_ResNet50,R-P,ResNet50,3407,45,normal,E-B80945974BB38152A2ADE2AF.jpeg,0,0.046746914196991445,0.62451171875,0,1,0.7926219663829799,0.7926219701766968,0.287933349609375,2.752796671376522,0.8870411817025972,0.8870412111282349,3.0807170579788767,1,1,176,175,186,183,0.7986728458799737,0.9080675712438693,0.7566849984322268,0.9160382427846412,0.00029057834497359103,0.0015637122231367817,0.030631834635855937,0.00939390787828007,/kaggle/input/datasets/hintrngia/locked-resnet-xai-inputs/R-P/ResNet50/seed_3407/best_checkpoint.pt
E04_XAI_R_P_ResNet50,R-P,ResNet50,3407,46,normal,E-BB74E7A26CC5772AE8204932.jpeg,0,0.4406043632714394,0.62451171875,0,1,0.8848174260503507,0.8848174214363098,0.396759033203125,2.230112869534489,0.9165153030163269,0.9165152907371521,2.3100048803352817,1,1,79,175,58,182,0.14815803262941812,0.4447499955530275,0.10958787443284176,0.47363619549542113,0.00014550083300168826,0.0003693071685012539,0.9051029826810323,0.9028360631818225,/kaggle/input/datasets/hintrngia/locked-resnet-xai-inputs/R-P/ResNet50/seed_3407/best_checkpoint.pt
E04_XAI_R_P_ResNet50,R-P,ResNet50,3407,47,normal,E-BB96C349B18A4710DE07EC01.jpeg,0,0.09186717577345399,0.62451171875,0,1,0.8129482334532516,0.8129482269287109,0.3329010009765625,2.442011982747046,0.8965123338694885,0.8965123295783997,2.6930298534386394,1,1,176,80,63,192,0.15290469073330884,0.6458250244299769,0.14637931869401516,0.7483584607289843,0.001013841969350504,0.0025460129858853042,0.20567392360313488,0.3360583667680277,/kaggle/input/datasets/hintrngia/locked-resnet-xai-inputs/R-P/ResNet50/seed_3407/best_checkpoint.pt
E04_XAI_R_P_ResNet50,R-P,ResNet50,3407,48,normal,E-BCDF7BD5461E233F18CDF83C.jpeg,0,0.03036641321973101,0.62451171875,0,1,0.7664753145471617,0.7664753198623657,0.2940521240234375,2.606596762708878,0.8573341365035493,0.8573341369628906,2.9155855933732866,1,1,111,80,82,144,0.40735081824901365,0.8272801171409001,0.3160090142527069,0.9135068894925636,0.00024860741664689545,0.00018927998931805856,0.7641703716473213,0.8398415827577044,/kaggle/input/datasets/hintrngia/locked-resnet-xai-inputs/R-P/ResNet50/seed_3407/best_checkpoint.pt
E04_XAI_R_P_ResNet50,R-P,ResNet50,3407,49,normal,E-BF6060CF2B5D86362B50F1EF.jpeg,0,0.1195019827633687,0.62451171875,0,1,0.7740618848573437,0.7740618586540222,0.3540191650390625,2.1864971202108046,0.8074420548361325,0.8074420690536499,2.280786281011197,1,1,175,175,177,188,0.725578591920937,0.7000690161519911,0.6453661291045967,0.7821607752374176,0.00039297234775059753,0.0010142200081204589,0.6415226398864344,0.5912437952643659,/kaggle/input/datasets/hintrngia/locked-resnet-xai-inputs/R-P/ResNet50/seed_3407/best_checkpoint.pt
E04_XAI_R_P_ResNet50,R-P,ResNet50,3407,50,normal,E-C7B56CF9C42EB131FD94EA3C.jpeg,0,0.9875494435283839,0.62451171875,1,0,0.7287796272487537,0.7287796139717102,0.32830810546875,2.2198039436407475,0.7820678968604083,0.7820678949356079,2.3821157133595334,1,1,48,143,50,147,0.988585466625425,0.965066329322164,0.9634723803155599,0.9705352211256619,0.00033589218767993145,0.0014128834322109096,0.9654078309197723,0.9389328226168767,/kaggle/input/datasets/hintrngia/locked-resnet-xai-inputs/R-P/ResNet50/seed_3407/best_checkpoint.pt
E04_XAI_R_P_ResNet50,R-P,ResNet50,3407,51,normal,E-D31B79C24E008C43E1511E9D.jpeg,0,0.0073102657525050295,0.62451171875,0,1,0.723773928349413,0.7237739562988281,0.29034423828125,2.492813126356271,0.8163439379958572,0.8163439631462097,2.811641597671668,1,1,80,80,181,171,0.7660740704846334,0.9444558098838723,0.7009427720457,0.9613037396605721,0.00026718989161500506,0.0021784428575866155,0.4193189909417553,0.5711892942061993,/kaggle/input/datasets/hintrngia/locked-resnet-xai-inputs/R-P/ResNet50/seed_3407/best_checkpoint.pt
E04_XAI_R_P_ResNet50,R-P,ResNet50,3407,52,normal,E-E13640D767DD410F37B990A9.jpeg,0,0.0522023027052274,0.62451171875,0,1,0.8132230788263808,0.8132230639457703,0.3385162353515625,2.402316326074631,0.8878751826752642,0.8878751993179321,2.6228437219655674,1,1,176,175,183,185,0.7710995968781904,0.7968440740207696,0.7144222360808756,0.8589620249716993,0.00023256349162903422,0.0012275438216452494,-0.1982963183630707,-0.05145655600738923,/kaggle/input/datasets/hintrngia/locked-resnet-xai-inputs/R-P/ResNet50/seed_3407/best_checkpoint.pt
E04_XAI_R_P_ResNet50,R-P,ResNet50,3407,53,normal,E-E2352C479C37BA410D3419C8.jpeg,0,0.17814928867831786,0.62451171875,0,1,0.8954385762274648,0.895438551902771,0.460540771484375,1.9443198771334946,0.917949542758004,0.9179495573043823,1.9931992987273393,1,1,48,175,50,206,0.22163886905966015,0.7115489843556183,0.207151746670682,0.7775239874893698,2.8640767950061097e-05,0.0007537533856356582,0.22480627146386362,0.23471323454712778,/kaggle/input/datasets/hintrngia/locked-resnet-xai-inputs/R-P/ResNet50/seed_3407/best_checkpoint.pt
E04_XAI_R_P_ResNet50,R-P,ResNet50,3407,54,normal,E-E249A212D4F7D1C6D4206FBF.jpeg,0,0.11235992482658874,0.62451171875,0,1,0.8927248852124019,0.892724871635437,0.44427490234375,2.0093975160489066,0.9383669720559221,0.9383669495582581,2.112131401313948,1,1,176,175,175,187,0.19139177413882266,0.7198822749235325,0.16928079495195364,0.7652245992020501,2.8671007935687776e-05,7.020837276183745e-05,0.13248409997047586,0.6195948149139556,/kaggle/input/datasets/hintrngia/locked-resnet-xai-inputs/R-P/ResNet50/seed_3407/best_checkpoint.pt
E04_XAI_R_P_ResNet50,R-P,ResNet50,3407,55,normal,E-E2DD25AE8644A21D4C1655DA.jpeg,0,0.32875844470153515,0.62451171875,0,1,0.8108013545601835,0.8108013272285461,0.3409881591796875,2.377799148541468,0.8950433119592804,0.8950433135032654,2.624851590484781,1,1,176,175,209,178,0.1987307364953379,0.3299166016175174,0.1469656766284014,0.4360475738678863,0.00014771117652345733,0.001161405226412393,0.0870656208828197,0.4479507236804979,/kaggle/input/datasets/hintrngia/locked-resnet-xai-inputs/R-P/ResNet50/seed_3407/best_checkpoint.pt
E04_XAI_R_P_ResNet50,R-P,ResNet50,3407,56,normal,E-E35138A3EAFB63D43C970EAE.jpeg,0,0.13613761778419134,0.62451171875,0,1,0.8415506667592987,0.8415506482124329,0.4013519287109375,2.096789890762932,0.8843169185397405,0.8843169212341309,2.2033453816454562,1,1,79,79,80,179,0.27476843540074225,0.6171308672551463,0.2513242766126731,0.6949485917850682,7.93993199438292e-05,0.0008245168553638882,0.9703933403834872,0.9500736198640637,/kaggle/input/datasets/hintrngia/locked-resnet-xai-inputs/R-P/ResNet50/seed_3407/best_checkpoint.pt
E04_XAI_R_P_ResNet50,R-P,ResNet50,3407,57,normal,E-EACE2F51FB2EF2E191B9BC55.jpeg,0,0.31443769067257366,0.62451171875,0,1,0.8945353100043386,0.8945353031158447,0.4419708251953125,2.023969137802325,0.9430077008129915,0.9430077075958252,2.133642419488355,1,1,176,175,207,192,0.16052028255741166,0.47876775868015037,0.14839842033823203,0.5658226593395399,5.326859903509451e-06,0.0015014093892719016,0.9468111047205299,0.9240051272294928,/kaggle/input/datasets/hintrngia/locked-resnet-xai-inputs/R-P/ResNet50/seed_3407/best_checkpoint.pt
E04_XAI_R_P_ResNet50,R-P,ResNet50,3407,58,normal,E-ED70ACD6E494856AB99B813B.jpeg,0,0.9911625953352684,0.62451171875,1,0,0.695831186659854,0.6958311796188354,0.3370513916015625,2.064466143733994,0.7505053899809765,0.7505053877830505,2.2266793986958793,1,1,48,144,91,77,0.9953064786488235,0.964414548135085,0.9877509820277618,0.9773913101124517,0.0007709183445159251,0.002535356169761749,0.9550924763639838,0.7659024990400726,/kaggle/input/datasets/hintrngia/locked-resnet-xai-inputs/R-P/ResNet50/seed_3407/best_checkpoint.pt
E04_XAI_R_P_ResNet50,R-P,ResNet50,3407,59,normal,E-EE1CB872F9ABCF62B8C9A410.jpeg,0,0.18207227723640926,0.62451171875,0,1,0.7734865116938866,0.7734864950180054,0.260040283203125,2.974487268534829,0.8725842342177187,0.8725842237472534,3.3555733114477415,1,1,79,143,57,174,0.12853548994633357,0.8042720697032355,0.12070670326435445,0.8295628582793305,0.0008369680668084412,0.0004587456356075492,-0.009078280157508565,0.16875533374323481,/kaggle/input/datasets/hintrngia/locked-resnet-xai-inputs/R-P/ResNet50/seed_3407/best_checkpoint.pt
E04_XAI_R_P_ResNet50,R-P,ResNet50,3407,60,normal,E-EFAD2710B0F9E9CA19CFEDAD.jpeg,0,0.5823203845633355,0.62451171875,0,1,0.8191801462742849,0.8191801309585571,0.36236572265625,2.260644688657215,0.8402322436194786,0.840232253074646,2.3187409599901527,1,1,176,175,197,190,0.10195112549768681,0.23947163191545354,0.06346187984058044,0.2945257169863255,3.487344435548767e-05,0.0010301187482691931,0.0447579784739503,0.5217686966578639,/kaggle/input/datasets/hintrngia/locked-resnet-xai-inputs/R-P/ResNet50/seed_3407/best_checkpoint.pt
E04_XAI_R_P_ResNet50,R-P,ResNet50,3407,61,normal,E-F32C5A7DA665488BF8EB2294.jpeg,0,0.34341786176995354,0.62451171875,0,1,0.8560782649334427,0.8560782670974731,0.3988037109375,2.1466155942255165,0.8773673942939323,0.877367377281189,2.1999980698059054,1,1,79,80,66,202,0.22668242680403383,0.2844641643257456,0.20451838156065882,0.3049096667397038,0.0008703979062172351,0.00015264648685742177,0.7667741326680384,0.8058909499428533,/kaggle/input/datasets/hintrngia/locked-resnet-xai-inputs/R-P/ResNet50/seed_3407/best_checkpoint.pt
E04_XAI_R_P_ResNet50,R-P,ResNet50,3407,62,normal,E-F57AB9616B464FB4687D409D.jpeg,0,0.20068351329151554,0.62451171875,0,1,0.8879152450406169,0.8879152536392212,0.43695068359375,2.032071989767491,0.9079299713457533,0.9079299569129944,2.0778774480414612,1,1,176,175,174,190,0.18363412975056306,0.5356167902471487,0.1442265602855471,0.639181458234692,0.00020451805848731297,0.00012646181990672023,-0.19653763396050872,-0.031219523404792955,/kaggle/input/datasets/hintrngia/locked-resnet-xai-inputs/R-P/ResNet50/seed_3407/best_checkpoint.pt
E04_XAI_R_P_ResNet50,R-P,ResNet50,3407,63,normal,E-F803B5977A560D3CAEE3206F.jpeg,0,0.32995832648923906,0.62451171875,0,1,0.7723509365482893,0.7723509073257446,0.3428192138671875,2.2529394657777493,0.9014374256972497,0.9014374017715454,2.6294833814258673,1,1,79,175,71,187,0.33747157365727204,0.596436042064133,0.29419047980475976,0.6336762101279348,0.00034603503273689107,0.002138561689087437,0.6770974456531496,0.8560696327550208,/kaggle/input/datasets/hintrngia/locked-resnet-xai-inputs/R-P/ResNet50/seed_3407/best_checkpoint.pt
E04_XAI_R_P_ResNet50,R-P,ResNet50,3407,64,pneumonia,E-018B83433C4DD934AA5C8B2B.jpeg,1,0.9978181816974075,0.62451171875,1,1,0.791882659081009,0.7918826341629028,0.3726043701171875,2.1252640134949425,0.8205690156246512,0.8205690383911133,2.202252795281426,1,1,176,207,95,95,0.9978376629802677,0.9975267547028641,0.997057419212684,0.996310120250689,0.0003414358532767281,0.00016015056180551657,-0.20599173256505462,-0.0680348451562005,/kaggle/input/datasets/hintrngia/locked-resnet-xai-inputs/R-P/ResNet50/seed_3407/best_checkpoint.pt
E04_XAI_R_P_ResNet50,R-P,ResNet50,3407,65,pneumonia,E-01E4EA18817F6CBD784D8ACE.jpeg,1,0.9986165499384818,0.62451171875,1,1,0.7202667035243034,0.7202666997909546,0.355072021484375,2.02850875299393,0.7153294169658135,0.7153294086456299,2.0146037245497017,1,0,80,48,88,27,0.995792992529504,0.9990743720923041,0.9964254518067628,0.9990308118141799,0.0001963166244659531,0.0010425750380159693,0.9921610913908934,0.7584429232826689,/kaggle/input/datasets/hintrngia/locked-resnet-xai-inputs/R-P/ResNet50/seed_3407/best_checkpoint.pt
E04_XAI_R_P_ResNet50,R-P,ResNet50,3407,66,pneumonia,E-0981A556ADE7F427711A3360.jpeg,1,0.989416407167458,0.62451171875,1,1,0.7266357645549225,0.726635754108429,0.315826416015625,2.300744104061813,0.76995743650098,0.769957423210144,2.4379133519435805,1,0,80,48,43,130,0.985810678559827,0.9739651614838369,0.9657069779853426,0.9865873765468842,9.191054391555209e-05,0.0020208335289884083,0.14687528021561128,0.009743472601493568,/kaggle/input/datasets/hintrngia/locked-resnet-xai-inputs/R-P/ResNet50/seed_3407/best_checkpoint.pt
E04_XAI_R_P_ResNet50,R-P,ResNet50,3407,67,pneumonia,E-0B7E667233F7AB135F8A84DD.jpeg,1,0.9996461544796253,0.62451171875,1,1,0.8186922096492477,0.8186922073364258,0.3825225830078125,2.140245428679768,0.8797450245268127,0.8797450065612793,2.2998512077621442,1,1,79,112,80,111,0.9992185706614158,0.9992714229144896,0.9987626406393162,0.9995177771597423,0.000431100065617529,0.0016299987812147254,0.4076566568519855,0.636112977201579,/kaggle/input/datasets/hintrngia/locked-resnet-xai-inputs/R-P/ResNet50/seed_3407/best_checkpoint.pt
E04_XAI_R_P_ResNet50,R-P,ResNet50,3407,68,pneumonia,E-122745006C7E29B76E58625B.jpeg,1,0.9989184326122281,0.62451171875,1,1,0.7409694970121246,0.7409694790840149,0.3352813720703125,2.209993034914968,0.8337637789638133,0.8337637782096863,2.4867584316284743,1,1,80,48,46,146,0.9967273486817796,0.998041440619206,0.9961021323729844,0.9983045612959315,0.0005652343741820998,0.0001242792562440309,0.9803350264828629,0.9436250183246271,/kaggle/input/datasets/hintrngia/locked-resnet-xai-inputs/R-P/ResNet50/seed_3407/best_checkpoint.pt
E04_XAI_R_P_ResNet50,R-P,ResNet50,3407,69,pneumonia,E-1265B89238C345234A9C993B.jpeg,1,0.9744129734967228,0.62451171875,1,1,0.7125619529194639,0.7125619649887085,0.3254241943359375,2.1896403688530963,0.7020465230716854,0.7020465135574341,2.1573273754408016,1,1,80,48,96,31,0.9811801095188338,0.99019835090317,0.9760622687473041,0.9916234696470291,0.0002573216392947053,0.0014532441358267034,0.9460399944115945,0.8794196209355437,/kaggle/input/datasets/hintrngia/locked-resnet-xai-inputs/R-P/ResNet50/seed_3407/best_checkpoint.pt
E04_XAI_R_P_ResNet50,R-P,ResNet50,3407,70,pneumonia,E-1777E855F7110F5A72B38BC0.jpeg,1,0.9991649411802271,0.62451171875,1,1,0.6717767250787233,0.6717767119407654,0.3238525390625,2.0743290357500572,0.7806688095912642,0.7806687951087952,2.4105687478973374,1,1,80,79,78,67,0.998407374045764,0.9977911400828168,0.9976253895486011,0.9980374950448259,0.0006569373888843932,0.00500985899353934,0.7985701736779207,0.9501170321978035,/kaggle/input/datasets/hintrngia/locked-resnet-xai-inputs/R-P/ResNet50/seed_3407/best_checkpoint.pt
E04_XAI_R_P_ResNet50,R-P,ResNet50,3407,71,pneumonia,E-198E88DB173F06A1227B639B.jpeg,1,0.9981712833778615,0.62451171875,1,1,0.6666102925622566,0.6666103005409241,0.256744384765625,2.596396774834188,0.7177337733622948,0.7177338004112244,2.795518873830462,1,1,80,48,80,62,0.9995547630255017,0.9985045531391636,0.9994234159010319,0.9988231178077717,0.0008285121412054952,0.00034421267993478555,0.6899140807593127,0.7285700826550182,/kaggle/input/datasets/hintrngia/locked-resnet-xai-inputs/R-P/ResNet50/seed_3407/best_checkpoint.pt
E04_XAI_R_P_ResNet50,R-P,ResNet50,3407,72,pneumonia,E-1A06E979246F3D9634B22BF8.jpeg,1,0.9997974461132164,0.62451171875,1,1,0.717700938422763,0.7177009582519531,0.303802490234375,2.3623932044437064,0.7630667462181892,0.7630667686462402,2.5117198533478273,1,1,48,175,94,62,0.9993787238923223,0.9991341385134327,0.999229019130526,0.9994806167197935,0.000592202895462024,0.0008900933511847287,-0.18216336916765255,0.017254900897999265,/kaggle/input/datasets/hintrngia/locked-resnet-xai-inputs/R-P/ResNet50/seed_3407/best_checkpoint.pt
E04_XAI_R_P_ResNet50,R-P,ResNet50,3407,73,pneumonia,E-220D81ED5B8FE3B14418B9F7.jpeg,1,0.9922064657759507,0.62451171875,1,1,0.6128954747527167,0.6128954887390137,0.2836456298828125,2.1607788387430222,0.698468806469698,0.698468804359436,2.4624698316637867,1,1,48,175,82,67,0.9866190006718614,0.980044134189171,0.9731494247492279,0.9882505728183159,0.0009823804687524307,0.0010194093122403158,0.8848104269767029,0.9046734405358545,/kaggle/input/datasets/hintrngia/locked-resnet-xai-inputs/R-P/ResNet50/seed_3407/best_checkpoint.pt
E04_XAI_R_P_ResNet50,R-P,ResNet50,3407,74,pneumonia,E-227257A6740CF45FAF02E456.jpeg,1,0.9855160155664939,0.62451171875,1,1,0.766498602370541,0.7664986252784729,0.381500244140625,2.009169362649219,0.8050044667903965,0.8050044775009155,2.110102101254917,1,1,48,144,66,164,0.9806351969450509,0.9628637175740982,0.9577645198073044,0.9748273075590386,0.0004482329376020999,0.0021965938427244147,0.14322126880691702,0.20138608494465965,/kaggle/input/datasets/hintrngia/locked-resnet-xai-inputs/R-P/ResNet50/seed_3407/best_checkpoint.pt
E04_XAI_R_P_ResNet50,R-P,ResNet50,3407,75,pneumonia,E-2C0709EBA6450DCFB3BBB340.jpeg,1,0.9990881415918156,0.62451171875,1,1,0.7088465726690331,0.7088465690612793,0.3762359619140625,1.884047896598846,0.7618957951833839,0.7618957757949829,2.025047768712262,1,1,80,48,95,63,0.9961626868073261,0.998060904269976,0.9964973455133499,0.9983610326665232,0.00014707502703792397,0.00204582659794339,-0.009146862615808824,0.32559399817157847,/kaggle/input/datasets/hintrngia/locked-resnet-xai-inputs/R-P/ResNet50/seed_3407/best_checkpoint.pt
E04_XAI_R_P_ResNet50,R-P,ResNet50,3407,76,pneumonia,E-30421FA65AB177DCD15E84C4.jpeg,1,0.9999707230187198,0.62451171875,1,1,0.7847946074088638,0.7847946286201477,0.41265869140625,1.901800746603583,0.7351259116967656,0.7351258993148804,1.781438091589973,1,1,48,144,51,146,0.9999516694966065,0.99992709049016,0.9999360549088099,0.9999450397860448,6.748545945844953e-05,0.0013636011068073328,0.9854477827474066,0.9744401062597474,/kaggle/input/datasets/hintrngia/locked-resnet-xai-inputs/R-P/ResNet50/seed_3407/best_checkpoint.pt
E04_XAI_R_P_ResNet50,R-P,ResNet50,3407,77,pneumonia,E-386D019ED9E9E8244987AC20.jpeg,1,0.9989448376649588,0.62451171875,1,1,0.736779609478371,0.7367796301841736,0.3555145263671875,2.072431799080412,0.8112272386653179,0.8112272620201111,2.2818399207335194,1,1,176,175,91,64,0.9989991398334537,0.9935679665809753,0.9981440608103793,0.9981830519751629,0.0008256584296786329,0.0017654387662675575,0.6726439700914565,0.7170800705766923,/kaggle/input/datasets/hintrngia/locked-resnet-xai-inputs/R-P/ResNet50/seed_3407/best_checkpoint.pt
E04_XAI_R_P_ResNet50,R-P,ResNet50,3407,78,pneumonia,E-3AC987E53985CBAF71C33ABC.jpeg,1,0.9736948782390442,0.62451171875,1,1,0.7563730448710316,0.7563730478286743,0.4218597412109375,1.7929491036520393,0.7506555440387136,0.7506555318832397,1.7793960188852727,1,1,79,48,163,34,0.9821336742998776,0.9767463303044468,0.9818395691353854,0.9768960599416404,5.6559249446364035e-05,0.00037031257641628734,-0.12759858538727137,-0.04329967348212169,/kaggle/input/datasets/hintrngia/locked-resnet-xai-inputs/R-P/ResNet50/seed_3407/best_checkpoint.pt
E04_XAI_R_P_ResNet50,R-P,ResNet50,3407,79,pneumonia,E-3EB4BE73D28C1518A6A12685.jpeg,1,0.9989514698012296,0.62451171875,1,1,0.7813922070186404,0.7813922166824341,0.40576171875,1.9257415643491884,0.8559748073379647,0.8559747934341431,2.109550427711374,1,1,79,144,70,167,0.9935939788060628,0.9967512029186809,0.990864835571489,0.9966267160480085,0.0006113267993338445,0.0008634621766954176,0.05293182855281581,0.23240489417404056,/kaggle/input/datasets/hintrngia/locked-resnet-xai-inputs/R-P/ResNet50/seed_3407/best_checkpoint.pt
E04_XAI_R_P_ResNet50,R-P,ResNet50,3407,80,pneumonia,E-401B5DEDAD367F085127D1DA.jpeg,1,0.9806884508604261,0.62451171875,1,1,0.815896376220084,0.8158963918685913,0.364349365234375,2.239324269702631,0.8637721951795647,0.8637722134590149,2.370725127032748,1,1,79,112,63,111,0.9687677185885183,0.9945611871626352,0.974878308309082,0.9937805870985007,0.00014448112418863346,3.718607919589445e-06,0.9040171926716432,0.893563031623789,/kaggle/input/datasets/hintrngia/locked-resnet-xai-inputs/R-P/ResNet50/seed_3407/best_checkpoint.pt
E04_XAI_R_P_ResNet50,R-P,ResNet50,3407,81,pneumonia,E-4329094918EDAAADE18246AB.jpeg,1,0.9999381932870863,0.62451171875,1,1,0.8080333874281941,0.8080334067344666,0.4228057861328125,1.9111218765922309,0.815087688258,0.8150876760482788,1.9278063711312674,1,1,48,112,46,110,0.9999095485793469,0.9997908600485539,0.9998630748833524,0.9998860161812115,0.00014171803269802385,0.0016990152709901452,0.9392937666812134,0.8567676582162584,/kaggle/input/datasets/hintrngia/locked-resnet-xai-inputs/R-P/ResNet50/seed_3407/best_checkpoint.pt
E04_XAI_R_P_ResNet50,R-P,ResNet50,3407,82,pneumonia,E-443A80FA1DE791815F946FF9.jpeg,1,0.9963168097875373,0.62451171875,1,1,0.7111239049751221,0.7111238837242126,0.309112548828125,2.3005339242002965,0.7890268452481923,0.7890268564224243,2.5525552043728665,1,1,80,111,91,130,0.9936329465670904,0.9972352680785815,0.9959789613629637,0.9966867608635526,0.0005541732317584369,0.0030709988745741823,0.9492358522044297,0.9765444983398538,/kaggle/input/datasets/hintrngia/locked-resnet-xai-inputs/R-P/ResNet50/seed_3407/best_checkpoint.pt
E04_XAI_R_P_ResNet50,R-P,ResNet50,3407,83,pneumonia,E-4B97630FB65DE326125E1DE1.jpeg,1,0.9982313259039988,0.62451171875,1,1,0.7554535252550615,0.7554535269737244,0.3383941650390625,2.2324661690542325,0.7500076335111344,0.7500076293945312,2.216372830851139,1,1,48,175,51,149,0.9985947305450709,0.9972037623366581,0.9981056828278041,0.9981919008809798,7.89547406000457e-05,0.005127408163822622,0.847973625301271,0.9194529670047024,/kaggle/input/datasets/hintrngia/locked-resnet-xai-inputs/R-P/ResNet50/seed_3407/best_checkpoint.pt
E04_XAI_R_P_ResNet50,R-P,ResNet50,3407,84,pneumonia,E-55F059ED3BB72FAD418A344C.jpeg,1,0.989262051848929,0.62451171875,1,1,0.7127857346905484,0.7127857208251953,0.3324737548828125,2.1438857179622643,0.7428868703933692,0.7428868412971497,2.2344225957180157,1,1,80,79,95,63,0.9750704699400946,0.9245600335835746,0.9429869616712316,0.9341210209610284,0.000886140407582392,0.0013928122771852403,0.9355998839129478,0.9579950870694436,/kaggle/input/datasets/hintrngia/locked-resnet-xai-inputs/R-P/ResNet50/seed_3407/best_checkpoint.pt
E04_XAI_R_P_ResNet50,R-P,ResNet50,3407,85,pneumonia,E-6060B7AB38566FD26078DE5E.jpeg,1,0.9973068095213663,0.62451171875,1,1,0.6987965561532091,0.6987965703010559,0.271087646484375,2.5777513848956835,0.7487317175950041,0.7487317323684692,2.76195439853125,0,1,80,48,76,62,0.9988434457102373,0.9969418315614793,0.9988560657439908,0.997902984706897,0.000275957931842874,7.825052345389327e-05,0.5043760673564105,0.4648237603694345,/kaggle/input/datasets/hintrngia/locked-resnet-xai-inputs/R-P/ResNet50/seed_3407/best_checkpoint.pt
E04_XAI_R_P_ResNet50,R-P,ResNet50,3407,86,pneumonia,E-638A63581494A3F6A20C2D9C.jpeg,1,0.9819151580316327,0.62451171875,1,1,0.7499100010714449,0.7499099969863892,0.312408447265625,2.4004152500839218,0.8275991242161486,0.8275991082191467,2.6490932990441296,1,1,79,175,79,138,0.985223889919227,0.9870533081525914,0.9848753719057841,0.9867628430023563,0.00045818745737957745,0.00039526436575254564,-0.07699718380925333,0.08827202142292281,/kaggle/input/datasets/hintrngia/locked-resnet-xai-inputs/R-P/ResNet50/seed_3407/best_checkpoint.pt
E04_XAI_R_P_ResNet50,R-P,ResNet50,3407,87,pneumonia,E-63AE2F3741553AC167D0B283.jpeg,1,0.9992386723443426,0.62451171875,1,1,0.7812546407708573,0.7812546491622925,0.3596954345703125,2.171989315639032,0.8682712789598431,0.8682712912559509,2.4139068653931313,1,1,80,48,91,57,0.9988428111837078,0.9989435556712971,0.9989465694034518,0.9991251454846838,5.251861092259169e-05,0.001948025308120438,-0.07375839677496375,0.004272005863573553,/kaggle/input/datasets/hintrngia/locked-resnet-xai-inputs/R-P/ResNet50/seed_3407/best_checkpoint.pt
E04_XAI_R_P_ResNet50,R-P,ResNet50,3407,88,pneumonia,E-63E40A6B7E9FE7A4F927B234.jpeg,1,0.9996029139057496,0.62451171875,1,1,0.7327182108270551,0.7327182292938232,0.3593597412109375,2.0389546373725906,0.8331468420769149,0.833146870136261,2.3184200858712027,1,1,48,176,51,162,0.9963607356369759,0.9974238691393736,0.9830755835965581,0.9983101469939278,0.0001706470885086686,0.00030423512987876045,-0.12643782459362563,-0.0432206731393911,/kaggle/input/datasets/hintrngia/locked-resnet-xai-inputs/R-P/ResNet50/seed_3407/best_checkpoint.pt
E04_XAI_R_P_ResNet50,R-P,ResNet50,3407,89,pneumonia,E-6C94FB136A3DC9D9B1FE1032.jpeg,1,0.9958635792976435,0.62451171875,1,1,0.7704702172193811,0.7704702019691467,0.3358001708984375,2.294430688221446,0.8641477761604189,0.8641477823257446,2.573398857565739,1,1,79,143,78,130,0.9943739921223771,0.9921107057519989,0.9921093140661654,0.9944324090030393,0.0010128366710158154,0.0013396103499806467,0.9779068522145546,0.9438636183667072,/kaggle/input/datasets/hintrngia/locked-resnet-xai-inputs/R-P/ResNet50/seed_3407/best_checkpoint.pt
E04_XAI_R_P_ResNet50,R-P,ResNet50,3407,90,pneumonia,E-6EBA6C5A4DF4C84E483A5386.jpeg,1,0.9999258581775312,0.62451171875,1,1,0.67594218350561,0.6759421825408936,0.3423919677734375,1.9741765202648807,0.7297646532954456,0.7297646403312683,2.1313720004621564,1,1,80,48,78,86,0.9998435093392786,0.9997368763664334,0.9997973343891864,0.9997463360474574,0.000512512997684067,0.0006612287584832899,0.9308382713696398,0.9852819495713601,/kaggle/input/datasets/hintrngia/locked-resnet-xai-inputs/R-P/ResNet50/seed_3407/best_checkpoint.pt
E04_XAI_R_P_ResNet50,R-P,ResNet50,3407,91,pneumonia,E-73D66A02A1612F6E79C3F7EC.jpeg,1,0.9997106058070145,0.62451171875,1,1,0.737096497676407,0.7370964884757996,0.3591766357421875,2.052183868121883,0.8166622682278465,0.8166622519493103,2.273706547031741,1,1,80,48,59,135,0.9995706980661606,0.9992557021501689,0.9995272606450187,0.9992791500668958,7.98557601313643e-05,0.0031586972900944366,-0.07361115134971925,0.09243347768897392,/kaggle/input/datasets/hintrngia/locked-resnet-xai-inputs/R-P/ResNet50/seed_3407/best_checkpoint.pt
E04_XAI_R_P_ResNet50,R-P,ResNet50,3407,92,pneumonia,E-7725ED8C0E93C0BF91B23FCE.jpeg,1,0.9997184401274797,0.62451171875,1,1,0.7658312011214481,0.7658311724662781,0.38677978515625,1.9800186837894596,0.8391834148824036,0.8391833901405334,2.1696672036347326,1,1,79,143,55,121,0.9991416388478576,0.9994854753166245,0.9990174262992174,0.9995918878082383,0.0003557976105933447,0.0011315511188445537,0.8577265953244424,0.9568973936445205,/kaggle/input/datasets/hintrngia/locked-resnet-xai-inputs/R-P/ResNet50/seed_3407/best_checkpoint.pt
E04_XAI_R_P_ResNet50,R-P,ResNet50,3407,93,pneumonia,E-77D4D0C371CD4C8665643C00.jpeg,1,0.9973427356325176,0.62451171875,1,1,0.6580946669847507,0.6580946445465088,0.29443359375,2.2351208590128846,0.7067339628095326,0.7067339420318604,2.4003170080164558,1,1,48,175,97,98,0.9989521567443962,0.9962800975813226,0.998657120158313,0.9975429336099737,0.00019631425691812865,0.0017781710920352634,-0.2020365347996739,-0.051926276936203435,/kaggle/input/datasets/hintrngia/locked-resnet-xai-inputs/R-P/ResNet50/seed_3407/best_checkpoint.pt
E04_XAI_R_P_ResNet50,R-P,ResNet50,3407,94,pneumonia,E-7B805F2D3984459EDD091000.jpeg,1,0.9995259611288659,0.62451171875,1,1,0.7172048338303881,0.7172048091888428,0.3260345458984375,2.1997817190016526,0.7780917854329585,0.7780917882919312,2.386531719480244,1,1,79,112,91,71,0.9993111651245754,0.9982136423808339,0.9986785424679613,0.9989160961471306,0.0004578755720362482,0.00042718830282972853,-0.0715246975252398,0.10642773092013458,/kaggle/input/datasets/hintrngia/locked-resnet-xai-inputs/R-P/ResNet50/seed_3407/best_checkpoint.pt
E04_XAI_R_P_ResNet50,R-P,ResNet50,3407,95,pneumonia,E-8B99D004F7E59741CFAB602B.jpeg,1,0.999878585763121,0.62451171875,1,1,0.8555511964534586,0.8555511832237244,0.44635009765625,1.9167716125657686,0.896860007345917,0.8968600034713745,2.0093196171688095,1,1,79,111,62,107,0.9997268578430134,0.9997532296666465,0.9996665979246201,0.9998001560807994,0.0002601350307139816,0.000486367651653441,0.9974781922937074,0.947506348443507,/kaggle/input/datasets/hintrngia/locked-resnet-xai-inputs/R-P/ResNet50/seed_3407/best_checkpoint.pt
E04_XAI_R_P_ResNet50,R-P,ResNet50,3407,96,pneumonia,E-8E859FAC3770F43BC30CF790.jpeg,1,0.9992177894590587,0.62451171875,1,1,0.7404325571156158,0.7404325604438782,0.32305908203125,2.291941623990601,0.7675085043892566,0.7675085067749023,2.375752755698768,1,1,80,48,79,50,0.9987276097294142,0.9987828386675208,0.9981187782256631,0.9988718275092928,0.000750703025347299,0.0021401302774277653,0.5369983041855213,0.7081949132697712,/kaggle/input/datasets/hintrngia/locked-resnet-xai-inputs/R-P/ResNet50/seed_3407/best_checkpoint.pt
E04_XAI_R_P_ResNet50,R-P,ResNet50,3407,97,pneumonia,E-9A9C78D1B9953A6FD2BA65F6.jpeg,1,0.9999183147722339,0.62451171875,1,1,0.7957197179100801,0.7957197427749634,0.39300537109375,2.0247044351978185,0.8110570818759074,0.8110570907592773,2.0637302732497074,1,1,80,48,99,34,0.9998917338685622,0.9998578508503719,0.9999030982347916,0.9998996361156745,2.527960786669059e-05,0.0021761355980496333,-0.18020723159358926,-0.032933617032801184,/kaggle/input/datasets/hintrngia/locked-resnet-xai-inputs/R-P/ResNet50/seed_3407/best_checkpoint.pt
E04_XAI_R_P_ResNet50,R-P,ResNet50,3407,98,pneumonia,E-9B56CC62692974C989F872CC.jpeg,1,0.9994942904292051,0.62451171875,1,1,0.7666658743566346,0.7666658759117126,0.37744140625,2.031218254440346,0.7941231942582051,0.7941231727600098,2.103964167969992,1,0,79,111,63,3,0.9988236974083153,0.9959724220752633,0.9979969287307371,0.9989501396548266,9.401046698198634e-05,6.080010852516082e-05,0.6748623660430062,0.8285755434789314,/kaggle/input/datasets/hintrngia/locked-resnet-xai-inputs/R-P/ResNet50/seed_3407/best_checkpoint.pt
E04_XAI_R_P_ResNet50,R-P,ResNet50,3407,99,pneumonia,E-9FC76B9714A55204D742CE4C.jpeg,1,0.999137511003734,0.62451171875,1,1,0.713773014492182,0.7137730121612549,0.32318115234375,2.2085849045212296,0.7374682571852617,0.7374682426452637,2.2819036686918466,1,1,80,79,94,58,0.9991202867007619,0.9980979954945846,0.9987907776989265,0.9985922411749333,7.367279970482699e-05,0.0014424973658835327,0.8949545118729139,0.8377160699342465,/kaggle/input/datasets/hintrngia/locked-resnet-xai-inputs/R-P/ResNet50/seed_3407/best_checkpoint.pt
E04_XAI_R_P_ResNet50,R-P,ResNet50,3407,100,pneumonia,E-A0A20FFCEFD96663F4AB4E87.jpeg,1,0.998214108893936,0.62451171875,1,1,0.741592909999766,0.7415928840637207,0.3404388427734375,2.1783439984646438,0.8117846720630235,0.8117846846580505,2.3845242377447136,1,1,79,175,48,175,0.9946902329658622,0.9930951169564298,0.9877816182546251,0.9956559406788277,0.0002707552887456499,0.0024460041881559924,0.969396695216688,0.9338304330631443,/kaggle/input/datasets/hintrngia/locked-resnet-xai-inputs/R-P/ResNet50/seed_3407/best_checkpoint.pt
E04_XAI_R_P_ResNet50,R-P,ResNet50,3407,101,pneumonia,E-A0D5A9410E976B289DD85CF6.jpeg,1,0.989365565423746,0.62451171875,1,1,0.7216909565666364,0.7216909527778625,0.2681732177734375,2.6911373274282266,0.7801484210525644,0.780148446559906,2.9091213042447146,1,1,79,175,96,96,0.9851731722219061,0.9818587854085407,0.9750919343958195,0.9857834374887253,0.0007456355585115926,0.003714984694124568,-0.035104516458069446,-0.03517918885934351,/kaggle/input/datasets/hintrngia/locked-resnet-xai-inputs/R-P/ResNet50/seed_3407/best_checkpoint.pt
E04_XAI_R_P_ResNet50,R-P,ResNet50,3407,102,pneumonia,E-A540763BCA2A1AF575A9EE6B.jpeg,1,0.9975861018572171,0.62451171875,1,1,0.7905557967850309,0.7905557751655579,0.3713226318359375,2.1290266980934365,0.8811373586139649,0.8811373710632324,2.3729697116961086,1,1,48,175,56,162,0.9940239272589495,0.9902680098778842,0.9882760674339957,0.9935440882733714,0.0002809737146823865,0.0017362301747966269,0.3215550425098556,0.3163464157784615,/kaggle/input/datasets/hintrngia/locked-resnet-xai-inputs/R-P/ResNet50/seed_3407/best_checkpoint.pt
E04_XAI_R_P_ResNet50,R-P,ResNet50,3407,103,pneumonia,E-A9AC7ECA864D894719491A2C.jpeg,1,0.9985590386024504,0.62451171875,1,1,0.7275249151123618,0.7275249361991882,0.3572845458984375,2.0362619191460065,0.8090256911365681,0.8090257048606873,2.264373593607778,1,1,79,143,94,59,0.9908719830305568,0.9953784710431952,0.9875804058677148,0.99613522967541,4.324054630844287e-05,0.002242840014535119,0.9671726451665986,0.9274782147149625,/kaggle/input/datasets/hintrngia/locked-resnet-xai-inputs/R-P/ResNet50/seed_3407/best_checkpoint.pt
E04_XAI_R_P_ResNet50,R-P,ResNet50,3407,104,pneumonia,E-B15903E1E2039605DB9FB6A1.jpeg,1,0.9976576734074369,0.62451171875,1,1,0.6596416314110309,0.6596416234970093,0.2703704833984375,2.4397693976044543,0.7627439769083235,0.7627439498901367,2.8211066804370386,1,1,80,48,91,92,0.9964383813868254,0.996042292750194,0.996062180785945,0.9970075079483023,0.00022296513583930366,0.0014175002211888055,0.8611198305559843,0.9299789082391355,/kaggle/input/datasets/hintrngia/locked-resnet-xai-inputs/R-P/ResNet50/seed_3407/best_checkpoint.pt
E04_XAI_R_P_ResNet50,R-P,ResNet50,3407,105,pneumonia,E-B29F964F9024332A9FD3DA8C.jpeg,1,0.9979754741982974,0.62451171875,1,1,0.8475715918437102,0.847571611404419,0.444091796875,1.908550434410026,0.9098203953051595,0.9098203778266907,2.0487214618856147,1,1,79,143,79,143,0.9981406132974743,0.9979146874719782,0.9958964644149294,0.9978990539668503,0.00022185400809582312,0.0002496213438824002,0.9838232470724144,0.9550144785037302,/kaggle/input/datasets/hintrngia/locked-resnet-xai-inputs/R-P/ResNet50/seed_3407/best_checkpoint.pt
E04_XAI_R_P_ResNet50,R-P,ResNet50,3407,106,pneumonia,E-B352C843937DC9BD58C4B554.jpeg,1,0.9895690937266809,0.62451171875,1,1,0.7771855492726548,0.7771855592727661,0.322052001953125,2.4132299894405715,0.887845638960632,0.8878456354141235,2.7568393724497287,1,1,48,112,72,134,0.9662095650478955,0.984789555553575,0.9231393303610708,0.9848923709972568,0.00036546296959738545,0.0005494315903756819,0.9904522766819615,0.9842093574914194,/kaggle/input/datasets/hintrngia/locked-resnet-xai-inputs/R-P/ResNet50/seed_3407/best_checkpoint.pt
E04_XAI_R_P_ResNet50,R-P,ResNet50,3407,107,pneumonia,E-B41848B096ED1788DCCEEDA2.jpeg,1,0.9982484789412106,0.62451171875,1,1,0.6816638134241225,0.6816638112068176,0.2685089111328125,2.5387008965484625,0.7726965352581256,0.7726965546607971,2.8777314391473845,1,1,79,112,63,135,0.9962295711328459,0.9973641836335277,0.9937716136190707,0.9973058955809564,4.2218068865063074e-05,0.0006698060247025683,0.9552910034132889,0.845496181601512,/kaggle/input/datasets/hintrngia/locked-resnet-xai-inputs/R-P/ResNet50/seed_3407/best_checkpoint.pt
E04_XAI_R_P_ResNet50,R-P,ResNet50,3407,108,pneumonia,E-B813D1454C73F6C74F660590.jpeg,1,0.8495448204245561,0.62451171875,1,1,0.6445109495802219,0.6445109248161316,0.2771453857421875,2.325533754979322,0.6475648822757563,0.6475648880004883,2.33655299921951,1,1,48,175,42,170,0.960654556930138,0.9030529103531919,0.9520863382124136,0.925939196791278,0.00034473167337567556,0.0034957036427024635,-0.1084483910039752,-0.0024961477822344953,/kaggle/input/datasets/hintrngia/locked-resnet-xai-inputs/R-P/ResNet50/seed_3407/best_checkpoint.pt
E04_XAI_R_P_ResNet50,R-P,ResNet50,3407,109,pneumonia,E-BF1AD901130E35A45E611B5A.jpeg,1,0.9992776931573197,0.62451171875,1,1,0.6981891605531995,0.6981891393661499,0.2906494140625,2.4021695099755607,0.7696546827960272,0.7696546912193298,2.6480517267807877,1,1,80,112,98,133,0.9996115397654329,0.9991520283410079,0.9993939938537141,0.9989468681015548,0.0018497483462186493,0.00146376417244376,0.5241515148586284,0.5001728907832589,/kaggle/input/datasets/hintrngia/locked-resnet-xai-inputs/R-P/ResNet50/seed_3407/best_checkpoint.pt
E04_XAI_R_P_ResNet50,R-P,ResNet50,3407,110,pneumonia,E-BFFC08BEA9A0FA7A1279A0B5.jpeg,1,0.9995850489057301,0.62451171875,1,1,0.7551779220436322,0.755177915096283,0.364898681640625,2.06955508484785,0.8554983568565622,0.8554983735084534,2.3444819066217137,1,1,48,144,71,172,0.995961183346833,0.9959410086689715,0.9906024523610619,0.9978717705914806,0.00041746089053851243,0.0016174027700460725,0.24189826841468579,0.08777409005748693,/kaggle/input/datasets/hintrngia/locked-resnet-xai-inputs/R-P/ResNet50/seed_3407/best_checkpoint.pt
E04_XAI_R_P_ResNet50,R-P,ResNet50,3407,111,pneumonia,E-C378B1871ED2B8AC1E544A5B.jpeg,1,0.9990987683704021,0.62451171875,1,1,0.651499527975285,0.6514995098114014,0.2780303955078125,2.343267277613099,0.7274184433975525,0.7274184226989746,2.6163270460733217,1,1,80,48,83,51,0.9991947879287604,0.9986165001780616,0.9991679342621245,0.9988171711865995,0.0005491541763338326,0.001425138983552121,0.9441214608448305,0.8008380204779412,/kaggle/input/datasets/hintrngia/locked-resnet-xai-inputs/R-P/ResNet50/seed_3407/best_checkpoint.pt
E04_XAI_R_P_ResNet50,R-P,ResNet50,3407,112,pneumonia,E-D2A52B478FEFC3F6A00973AF.jpeg,1,0.9968953689260234,0.62451171875,1,1,0.776918932044858,0.7769189476966858,0.35107421875,2.2129763182585105,0.8030997112320029,0.8030996918678284,2.287549664260281,1,1,80,48,103,62,0.9963060073704968,0.992128184555343,0.9938802235099461,0.9948603887841887,0.0004162775178740974,0.0026619991402947463,0.966625076779265,0.8091725600879996,/kaggle/input/datasets/hintrngia/locked-resnet-xai-inputs/R-P/ResNet50/seed_3407/best_checkpoint.pt
E04_XAI_R_P_ResNet50,R-P,ResNet50,3407,113,pneumonia,E-D33BB0B839138FAFF4DA3ED6.jpeg,1,0.9568283281928325,0.62451171875,1,1,0.7521899185736638,0.7521899342536926,0.3347625732421875,2.2469355259420953,0.7865544898093951,0.7865545153617859,2.3495890899379424,1,1,48,144,47,148,0.9268374189433408,0.9657050598018044,0.8625238371969025,0.9677978532095708,0.0005412721752720007,0.0028007316750854327,0.16322697029775915,0.1855780629907622,/kaggle/input/datasets/hintrngia/locked-resnet-xai-inputs/R-P/ResNet50/seed_3407/best_checkpoint.pt
E04_XAI_R_P_ResNet50,R-P,ResNet50,3407,114,pneumonia,E-DA47F22802134421DB0B257A.jpeg,1,0.9997314124417159,0.62451171875,1,1,0.7646913908902987,0.7646914124488831,0.39227294921875,1.9493859885400115,0.7870887747159683,0.7870887517929077,2.0064824155821417,1,1,79,176,58,198,0.9996654597212997,0.9997412354071096,0.9994981735326767,0.9998204850143481,0.00019623376914490454,0.0025191108972093534,0.9855789619696007,0.9637065025995069,/kaggle/input/datasets/hintrngia/locked-resnet-xai-inputs/R-P/ResNet50/seed_3407/best_checkpoint.pt
E04_XAI_R_P_ResNet50,R-P,ResNet50,3407,115,pneumonia,E-E09BD72833F7B4079F215903.jpeg,1,0.9992242324161308,0.62451171875,1,1,0.6862068786091676,0.6862068772315979,0.3171234130859375,2.1638480487191654,0.7703414793490124,0.7703414559364319,2.4291535962381214,1,1,111,79,98,36,0.9983332648136238,0.9993472826674306,0.9983015199049161,0.9993121253165047,0.00044226952997050706,1.564299132050806e-05,0.9631497617787526,0.9581370315795161,/kaggle/input/datasets/hintrngia/locked-resnet-xai-inputs/R-P/ResNet50/seed_3407/best_checkpoint.pt
E04_XAI_R_P_ResNet50,R-P,ResNet50,3407,116,pneumonia,E-E0D541D212A934D795DA0D1B.jpeg,1,0.99623490459558,0.62451171875,1,1,0.7187423236278263,0.718742311000824,0.306488037109375,2.3450909549573447,0.8372025523647331,0.8372025489807129,2.7315994459710815,1,1,79,143,62,129,0.9785483646312516,0.9978105799304703,0.9846270034969145,0.9976105688035176,0.000335605813688189,0.0013858261902821578,0.8667950528804855,0.9609515195087671,/kaggle/input/datasets/hintrngia/locked-resnet-xai-inputs/R-P/ResNet50/seed_3407/best_checkpoint.pt
E04_XAI_R_P_ResNet50,R-P,ResNet50,3407,117,pneumonia,E-E1AD2A3BA30BC31AC67A922E.jpeg,1,0.9998033273947867,0.62451171875,1,1,0.7034280302519659,0.7034280300140381,0.3279571533203125,2.14487783885883,0.746613341328582,0.7466133236885071,2.2765575739687316,0,1,80,48,99,93,0.9995992314465214,0.9993504733557443,0.9993696100022899,0.9995386793560109,7.08969778413504e-05,0.002672948029545319,0.9703993478256023,0.9573811515589955,/kaggle/input/datasets/hintrngia/locked-resnet-xai-inputs/R-P/ResNet50/seed_3407/best_checkpoint.pt
E04_XAI_R_P_ResNet50,R-P,ResNet50,3407,118,pneumonia,E-E280E4CD8F00E10AB30B96C9.jpeg,1,0.9930559220613611,0.62451171875,1,1,0.7736853835698523,0.7736853957176208,0.3293609619140625,2.349050048535272,0.8453005416877183,0.845300555229187,2.566486740794362,1,1,80,48,96,65,0.9962957965592094,0.9910729663340292,0.9951883215991526,0.9922709229166986,0.0015187974926432757,0.0019059833319725605,0.05670236415304111,-0.013678636236774285,/kaggle/input/datasets/hintrngia/locked-resnet-xai-inputs/R-P/ResNet50/seed_3407/best_checkpoint.pt
E04_XAI_R_P_ResNet50,R-P,ResNet50,3407,119,pneumonia,E-E2EF7E089A1E8F497DBAC1CB.jpeg,1,0.9997838765290357,0.62451171875,1,1,0.7653130042366666,0.7653130292892456,0.3351898193359375,2.2832226997611955,0.8166145913973564,0.81661456823349,2.4362750426465674,1,1,80,48,86,70,0.9999001027562682,0.9994828284358295,0.9998056176217551,0.9996586836598903,0.0005695503462714857,0.0023091191200501626,0.0,0.0,/kaggle/input/datasets/hintrngia/locked-resnet-xai-inputs/R-P/ResNet50/seed_3407/best_checkpoint.pt
E04_XAI_R_P_ResNet50,R-P,ResNet50,3407,120,pneumonia,E-E7BF66D9C027E263610D5923.jpeg,1,0.9782948518108677,0.62451171875,1,1,0.7600106901217862,0.7600107192993164,0.3877410888671875,1.9600984057227728,0.822553336797142,0.8225533366203308,2.121398429040081,1,1,80,48,84,49,0.983410397402289,0.9793901541972114,0.9846575340420788,0.9836296998015984,0.0005223678895250883,0.00014074958334187038,0.9072142279170174,0.7121194422443976,/kaggle/input/datasets/hintrngia/locked-resnet-xai-inputs/R-P/ResNet50/seed_3407/best_checkpoint.pt
E04_XAI_R_P_ResNet50,R-P,ResNet50,3407,121,pneumonia,E-EB1401E2B7015C0BDE01BE91.jpeg,1,0.9968375629333497,0.62451171875,1,1,0.7233675257046474,0.7233675122261047,0.329986572265625,2.192112002431322,0.7438786344636548,0.7438786625862122,2.2542694066498696,1,1,80,48,50,146,0.9933199668602242,0.9944834702252459,0.9909130566623936,0.9960124396377048,0.0006205862594127476,0.0014020833632368834,0.19877915074366803,0.22492144005340817,/kaggle/input/datasets/hintrngia/locked-resnet-xai-inputs/R-P/ResNet50/seed_3407/best_checkpoint.pt
E04_XAI_R_P_ResNet50,R-P,ResNet50,3407,122,pneumonia,E-EB344A640162B22F1A6C369F.jpeg,1,0.9934904036233815,0.62451171875,1,1,0.7267735031895527,0.7267735004425049,0.2807464599609375,2.5887183164862506,0.8037709553047299,0.8037709593772888,2.8629780600495014,1,1,48,143,81,111,0.992059633077621,0.9915301944663819,0.9889893363964218,0.9945700397410603,0.0008628080390731263,0.0023423197364903503,0.9875959844258348,0.847277704129828,/kaggle/input/datasets/hintrngia/locked-resnet-xai-inputs/R-P/ResNet50/seed_3407/best_checkpoint.pt
E04_XAI_R_P_ResNet50,R-P,ResNet50,3407,123,pneumonia,E-EC00E01864643AB223676743.jpeg,1,0.9570180947214817,0.62451171875,1,1,0.7330852019891663,0.7330852150917053,0.3099517822265625,2.3651588538158816,0.8399155927775003,0.8399155735969543,2.709826627689965,1,1,79,143,44,138,0.9332040902457109,0.9879988842164747,0.9650120647615935,0.9839100741947373,0.00047203305914911287,0.0009940236526653212,0.6018959120350776,0.7514725133811342,/kaggle/input/datasets/hintrngia/locked-resnet-xai-inputs/R-P/ResNet50/seed_3407/best_checkpoint.pt
E04_XAI_R_P_ResNet50,R-P,ResNet50,3407,124,pneumonia,E-EF92BEF2BC79AC7D99E44B1F.jpeg,1,0.9915860000546772,0.62451171875,1,1,0.7294377302898829,0.7294377088546753,0.343048095703125,2.126342455843687,0.767168332754464,0.7671683430671692,2.2363287899384643,1,1,80,48,91,63,0.9921017636303182,0.9840496479278432,0.9871034816278934,0.9852144963956357,0.00015314120655118835,0.0016161409217985145,-0.12035687388949455,-0.03398870528422474,/kaggle/input/datasets/hintrngia/locked-resnet-xai-inputs/R-P/ResNet50/seed_3407/best_checkpoint.pt
E04_XAI_R_P_ResNet50,R-P,ResNet50,3407,125,pneumonia,E-F051ECCC0E91B0C03A0B3894.jpeg,1,0.9994848092094814,0.62451171875,1,1,0.8675819355097618,0.8675819635391235,0.5049896240234375,1.7180193299763635,0.8354493773077615,0.8354493975639343,1.6543891944777596,1,1,79,111,68,99,0.9997133828397037,0.9992567067872489,0.9996525083119715,0.9994035970087164,0.00029987339341519537,0.0014552852482665468,-0.07548206988590035,-0.014375803183551167,/kaggle/input/datasets/hintrngia/locked-resnet-xai-inputs/R-P/ResNet50/seed_3407/best_checkpoint.pt
E04_XAI_R_P_ResNet50,R-P,ResNet50,3407,126,pneumonia,E-FA7B18636100FBD243EBAF3A.jpeg,1,0.9968183845110652,0.62451171875,1,1,0.696288697555623,0.6962887048721313,0.2697601318359375,2.581140114429849,0.8487353635274753,0.8487353920936584,3.14625944816656,1,1,80,112,94,104,0.9954731776218202,0.9922883753637689,0.9949496919285997,0.9948457101131392,4.314252373127658e-06,0.0021749328626703424,0.11257740088668662,0.07077761729582194,/kaggle/input/datasets/hintrngia/locked-resnet-xai-inputs/R-P/ResNet50/seed_3407/best_checkpoint.pt
E04_XAI_R_P_ResNet50,R-P,ResNet50,3407,127,pneumonia,E-FDAF56855798F8C5BE7AC652.jpeg,1,0.9999429159846711,0.62451171875,1,1,0.7636331105374262,0.763633131980896,0.37738037109375,2.023510412913665,0.8132338324118118,0.8132338523864746,2.1549447048738677,1,1,79,144,62,158,0.9997981668914186,0.9997108006492545,0.9996739155937175,0.9998242180627648,0.0006473632891815795,0.0011840252147292674,0.9834326927434999,0.9515703898678703,/kaggle/input/datasets/hintrngia/locked-resnet-xai-inputs/R-P/ResNet50/seed_3407/best_checkpoint.pt
E04_XAI_R_P_ResNet50,R-P,ResNet50,42,0,normal,E-03B36F677CCFA6787A3BC686.jpeg,0,0.7769417297673886,0.43505859375,1,0,0.8013955008502088,0.8013954758644104,0.3590850830078125,2.23177051560444,0.892371314173805,0.8923712968826294,2.4851249923806775,1,1,207,143,209,116,0.8842645477469206,0.9237846730675761,0.9227191920063827,0.923859590393558,0.00036833314282713747,0.0007645142418605255,-0.17146144900679264,-0.05725962535130537,/kaggle/input/datasets/hintrngia/locked-resnet-xai-inputs/R-P/ResNet50/seed_42/best_checkpoint.pt
E04_XAI_R_P_ResNet50,R-P,ResNet50,42,1,normal,E-06530ECE35CCF9FF05F7DDEB.jpeg,0,0.03442779730045991,0.43505859375,0,1,0.7442451221523654,0.7442451119422913,0.2779541015625,2.6775828022275703,0.8588661544782834,0.8588661551475525,3.0899567577892393,1,1,207,143,193,155,0.6504451874670298,0.8261637240496238,0.5973694421638454,0.8398519407500737,0.00010770995452613619,0.0002928434720974593,-0.12058289644910848,0.09241954294079209,/kaggle/input/datasets/hintrngia/locked-resnet-xai-inputs/R-P/ResNet50/seed_42/best_checkpoint.pt
E04_XAI_R_P_ResNet50,R-P,ResNet50,42,2,normal,E-10FEC5D206E4A3A02E4F32C9.jpeg,0,0.3828160156888024,0.43505859375,0,1,0.7518130050344198,0.7518129944801331,0.2476806640625,3.0354125861222117,0.8348981552401039,0.8348981738090515,3.3708652970561515,1,1,176,111,179,78,0.2346632417899016,0.444813941775858,0.19427782944548627,0.48617012742004395,0.0017961271940294399,0.0024009754491982616,0.8486376443707215,0.8432980783653533,/kaggle/input/datasets/hintrngia/locked-resnet-xai-inputs/R-P/ResNet50/seed_42/best_checkpoint.pt
E04_XAI_R_P_ResNet50,R-P,ResNet50,42,3,normal,E-16E04AC17A9CE052EFE7227B.jpeg,0,0.07695495885052014,0.43505859375,0,1,0.7903206729116588,0.7903206944465637,0.3753509521484375,2.1055512671221783,0.8673586200305582,0.8673586249351501,2.310793712033931,1,1,175,80,82,118,0.5677534115029842,0.7452094270160293,0.5040801402700442,0.750111746051862,0.00014619689325101604,0.000243974857046525,0.1954164214503052,0.3829999944156099,/kaggle/input/datasets/hintrngia/locked-resnet-xai-inputs/R-P/ResNet50/seed_42/best_checkpoint.pt
E04_XAI_R_P_ResNet50,R-P,ResNet50,42,4,normal,E-256958BC036CED77CAAB2A55.jpeg,0,0.1667555751593601,0.43505859375,0,1,0.7787325744681936,0.7787325978279114,0.3496246337890625,2.2273389778879906,0.8978630533924288,0.8978630304336548,2.568077208009698,1,1,80,80,74,118,0.3218694770809158,0.5553417545864616,0.3175809015686062,0.5844767759200902,4.1480236506852286e-05,1.660155076765868e-05,0.06320082171712771,0.5090252309500838,/kaggle/input/datasets/hintrngia/locked-resnet-xai-inputs/R-P/ResNet50/seed_42/best_checkpoint.pt
E04_XAI_R_P_ResNet50,R-P,ResNet50,42,5,normal,E-280031A047E47DC7EA750C62.jpeg,0,0.03473067672375899,0.43505859375,0,1,0.8164834147385777,0.8164834380149841,0.3791046142578125,2.1537153177020496,0.9505521709826423,0.9505521655082703,2.5073611220574943,1,1,79,80,72,94,0.7033675791689389,0.8848035818657795,0.5827788461402228,0.8643204520689248,0.0005233979525446353,0.0006533256382394992,0.7409291852300692,0.7763162701064529,/kaggle/input/datasets/hintrngia/locked-resnet-xai-inputs/R-P/ResNet50/seed_42/best_checkpoint.pt
E04_XAI_R_P_ResNet50,R-P,ResNet50,42,6,normal,E-28020DB22FEE86C7B17E72DA.jpeg,0,0.17703600178520157,0.43505859375,0,1,0.764736346981293,0.7647363543510437,0.3710174560546875,2.061186972476497,0.8277338041059865,0.8277338147163391,2.230983449964628,1,1,80,80,79,59,0.3037337004326123,0.5216042125163725,0.30335990329368934,0.5839490116011904,0.00019313093984518748,8.897712853428441e-05,0.994476425049075,0.8446815290340817,/kaggle/input/datasets/hintrngia/locked-resnet-xai-inputs/R-P/ResNet50/seed_42/best_checkpoint.pt
E04_XAI_R_P_ResNet50,R-P,ResNet50,42,7,normal,E-28234EA54B2F1B13D8D5995E.jpeg,0,0.1860397103478176,0.43505859375,0,1,0.8289480592445025,0.8289480805397034,0.3462677001953125,2.393951439238872,0.9134600375525549,0.9134600162506104,2.6380168783785414,1,1,207,143,183,152,0.4016527365780626,0.5193414170813605,0.2868393214921824,0.5456290144988122,0.0003911365274855694,0.0003580124902543558,-0.011815100358185796,0.24884075102939246,/kaggle/input/datasets/hintrngia/locked-resnet-xai-inputs/R-P/ResNet50/seed_42/best_checkpoint.pt
E04_XAI_R_P_ResNet50,R-P,ResNet50,42,8,normal,E-28CAAFCB1AFEEA2D46764B17.jpeg,0,0.7401977686849863,0.43505859375,1,0,0.7572040451803953,0.7572040557861328,0.38934326171875,1.9448238087843857,0.7772236057707629,0.7772235870361328,1.9962426018103432,1,0,79,112,134,134,0.8126741534721823,0.9172891544599077,0.9070181466176168,0.8873011838737905,0.0010218818626253068,0.0020582424278626776,-0.05124889346456022,-4.5645979993714955e-06,/kaggle/input/datasets/hintrngia/locked-resnet-xai-inputs/R-P/ResNet50/seed_42/best_checkpoint.pt
E04_XAI_R_P_ResNet50,R-P,ResNet50,42,9,normal,E-29AE82E82E5A6A48DC6D8B99.jpeg,0,0.052725296627187085,0.43505859375,0,1,0.7256117940869471,0.7256118059158325,0.3269195556640625,2.2195423354624113,0.8968315049202942,0.8968315124511719,2.743278856777428,1,1,80,80,83,86,0.657367462632328,0.8287971221474548,0.6095364808462891,0.8313002948214163,0.00029920877444278293,3.2651803245520306e-05,-0.12785070023759612,-0.006311084465902672,/kaggle/input/datasets/hintrngia/locked-resnet-xai-inputs/R-P/ResNet50/seed_42/best_checkpoint.pt
E04_XAI_R_P_ResNet50,R-P,ResNet50,42,10,normal,E-2B646E91E652E02CC65E6BA0.jpeg,0,0.025716843337202432,0.43505859375,0,1,0.8124076682183023,0.8124076724052429,0.2742767333984375,2.9619999412714693,0.8602084918390696,0.8602085113525391,3.136279483792226,1,0,176,111,175,56,0.6532887090974937,0.8800020920130858,0.6002249363496783,0.9033028787654225,0.0002087231240178733,0.0008514758954534241,0.9913540944335723,0.9901711844483365,/kaggle/input/datasets/hintrngia/locked-resnet-xai-inputs/R-P/ResNet50/seed_42/best_checkpoint.pt
E04_XAI_R_P_ResNet50,R-P,ResNet50,42,11,normal,E-2F227E134B6699426A9E9AB9.jpeg,0,0.3462190334804409,0.43505859375,0,1,0.8183765045171927,0.8183764815330505,0.3509368896484375,2.3319762859271593,0.8156650693303039,0.815665066242218,2.3242500101583023,1,1,175,80,174,67,0.42454536887410865,0.3273522345694975,0.2853604235384668,0.4233533553765494,0.0005306986813534698,0.0011842233860435147,0.04249357710221545,0.415759828233222,/kaggle/input/datasets/hintrngia/locked-resnet-xai-inputs/R-P/ResNet50/seed_42/best_checkpoint.pt
E04_XAI_R_P_ResNet50,R-P,ResNet50,42,12,normal,E-2F5E9CF0C3839769BD6D37AD.jpeg,0,0.19759613040153123,0.43505859375,0,1,0.8431631630824089,0.8431631922721863,0.3790740966796875,2.2242700581962223,0.8768102522771388,0.8768102526664734,2.3130313043205155,1,1,176,80,194,196,0.5797432132567399,0.44826736015838753,0.45797222864975023,0.5625701512865742,0.00011629113785627254,0.00040322095721889717,0.06750910917353718,0.267472127843021,/kaggle/input/datasets/hintrngia/locked-resnet-xai-inputs/R-P/ResNet50/seed_42/best_checkpoint.pt
E04_XAI_R_P_ResNet50,R-P,ResNet50,42,13,normal,E-306538194ADB5E9E447B7A10.jpeg,0,0.07065587902317645,0.43505859375,0,1,0.7751718498380856,0.7751718759536743,0.2563934326171875,3.023368586025637,0.9092145307796323,0.9092145562171936,3.5461693441155737,1,1,144,111,79,96,0.6516237618388927,0.8249212112101509,0.5511710261100847,0.8571601808997448,0.0004383785954611419,0.0004468936374781851,0.6626865067206132,0.5353527095066616,/kaggle/input/datasets/hintrngia/locked-resnet-xai-inputs/R-P/ResNet50/seed_42/best_checkpoint.pt
E04_XAI_R_P_ResNet50,R-P,ResNet50,42,14,normal,E-36FB7A78C2BFA1A3824C3EFA.jpeg,0,0.26363059189433313,0.43505859375,0,1,0.8476736562089636,0.8476736545562744,0.3275299072265625,2.5880801646079963,0.930089975970151,0.9300899505615234,2.839710070588391,1,1,80,80,95,96,0.3756009641768925,0.5546849111058219,0.3166401532463975,0.5094500388772807,0.00020463329317876866,0.000403078594781614,0.9830253300653745,0.8764948258219575,/kaggle/input/datasets/hintrngia/locked-resnet-xai-inputs/R-P/ResNet50/seed_42/best_checkpoint.pt
E04_XAI_R_P_ResNet50,R-P,ResNet50,42,15,normal,E-3B865A0E9283DC8B3D382B5F.jpeg,0,0.9827388869166162,0.43505859375,1,0,0.7803215832206316,0.7803215980529785,0.360931396484375,2.1619664867653383,0.8433314094672539,0.8433313965797424,2.336542117648007,1,1,207,144,196,163,0.9909171942295072,0.954592953191683,0.9763502239307258,0.9566926147937744,0.0008321469725043329,0.0007219049296179891,0.048398978540495095,0.09676942896413182,/kaggle/input/datasets/hintrngia/locked-resnet-xai-inputs/R-P/ResNet50/seed_42/best_checkpoint.pt
E04_XAI_R_P_ResNet50,R-P,ResNet50,42,16,normal,E-3D66EC3C4F2D4073FE577EEA.jpeg,0,0.045420489079713855,0.43505859375,0,1,0.7491548490566365,0.7491548657417297,0.2598114013671875,2.8834564038160413,0.8747948749079629,0.8747949004173279,3.3670380526204418,1,1,176,111,186,151,0.7693084627073292,0.7359410224175021,0.5789891353943992,0.8322332149388192,0.00012091749923826,0.0012624840871996446,0.7118636949148476,0.6932161257626395,/kaggle/input/datasets/hintrngia/locked-resnet-xai-inputs/R-P/ResNet50/seed_42/best_checkpoint.pt
E04_XAI_R_P_ResNet50,R-P,ResNet50,42,17,normal,E-40D9418B91304B06987F2A6E.jpeg,0,0.8565513475118295,0.43505859375,1,0,0.7669731720646183,0.7669731974601746,0.3151092529296875,2.433991274244677,0.8600302021578987,0.8600301742553711,2.7293079913137404,1,1,207,176,202,160,0.9232762554070423,0.9498029201598179,0.9529883967008258,0.936897335172978,0.0005618864599616913,0.0012625248989937,0.9244159004219464,0.5039247954827832,/kaggle/input/datasets/hintrngia/locked-resnet-xai-inputs/R-P/ResNet50/seed_42/best_checkpoint.pt
E04_XAI_R_P_ResNet50,R-P,ResNet50,42,18,normal,E-44BF14DBF8A5FE52BF53ED2E.jpeg,0,0.4855802958990677,0.43505859375,1,0,0.6607446963230272,0.6607446670532227,0.32672119140625,2.0223502904084585,0.7855508031193628,0.7855508327484131,2.40434604115592,1,1,207,111,173,103,0.7789252216356433,0.8749271978133415,0.8321184191734375,0.8251447639979599,0.0008832341488544948,0.001862104129605635,0.12303683519804723,0.08599590244684802,/kaggle/input/datasets/hintrngia/locked-resnet-xai-inputs/R-P/ResNet50/seed_42/best_checkpoint.pt
E04_XAI_R_P_ResNet50,R-P,ResNet50,42,19,normal,E-47080ACF9F207EB21662EAAE.jpeg,0,0.7678309906562999,0.43505859375,1,0,0.7686405737320352,0.7686405777931213,0.3899383544921875,1.9711848421092804,0.7635717899827296,0.7635717988014221,1.9581859060187112,1,1,79,112,158,130,0.9377485483483851,0.8800026667972751,0.9710426023325676,0.8454699846762712,0.0002168718229097477,0.003448416204513305,0.7701083209597834,0.32999103410136077,/kaggle/input/datasets/hintrngia/locked-resnet-xai-inputs/R-P/ResNet50/seed_42/best_checkpoint.pt
E04_XAI_R_P_ResNet50,R-P,ResNet50,42,20,normal,E-4F18C9F59223CD9D0CA81789.jpeg,0,0.6907129889223708,0.43505859375,1,0,0.7310907321945068,0.7310907244682312,0.305145263671875,2.3958776990248625,0.7246094047103354,0.724609375,2.374637561110938,1,1,79,111,153,104,0.8790603206413395,0.8315106390152248,0.9307373520381588,0.8567299791917435,0.0007231784883222625,0.006466920350752026,-0.11696896252743486,-0.045582475254035824,/kaggle/input/datasets/hintrngia/locked-resnet-xai-inputs/R-P/ResNet50/seed_42/best_checkpoint.pt
E04_XAI_R_P_ResNet50,R-P,ResNet50,42,21,normal,E-57BEC1C15CFD6C2BBAF49905.jpeg,0,0.07511638639935954,0.43505859375,0,1,0.7950301049797975,0.7950301170349121,0.3210601806640625,2.476265052039162,0.8706058710343345,0.8706058859825134,2.7116594441379283,1,0,80,80,76,62,0.6228607948095691,0.8160784844658064,0.5075986918888518,0.834235962176946,0.00016833523714687715,0.0003396339238288526,0.9389764358047468,0.912147827223588,/kaggle/input/datasets/hintrngia/locked-resnet-xai-inputs/R-P/ResNet50/seed_42/best_checkpoint.pt
E04_XAI_R_P_ResNet50,R-P,ResNet50,42,22,normal,E-5822F4C00AF6A5D69871506D.jpeg,0,0.22507787537305948,0.43505859375,0,1,0.8824922355152712,0.8824922442436218,0.414520263671875,2.1289483599620413,0.9416178460937388,0.9416178464889526,2.271584596981494,1,1,176,79,83,81,0.36842225667691786,0.45091370142555887,0.3784317220927121,0.45743294821158265,7.265070117656869e-05,0.0004298145896255434,0.9871272113574772,0.9737515198980798,/kaggle/input/datasets/hintrngia/locked-resnet-xai-inputs/R-P/ResNet50/seed_42/best_checkpoint.pt
E04_XAI_R_P_ResNet50,R-P,ResNet50,42,23,normal,E-592EC4B388705AD74965EF2F.jpeg,0,0.0482342215528225,0.43505859375,0,1,0.7405805708231243,0.7405805587768555,0.3038330078125,2.4374592351076876,0.8666122053008938,0.8666121959686279,2.8522648396243158,1,1,80,80,74,122,0.5655706649602605,0.7687372112348264,0.48729862182613726,0.7850247842988379,7.648109530533631e-05,0.0011821830740510464,0.2583628530659536,0.2023092861657255,/kaggle/input/datasets/hintrngia/locked-resnet-xai-inputs/R-P/ResNet50/seed_42/best_checkpoint.pt
E04_XAI_R_P_ResNet50,R-P,ResNet50,42,24,normal,E-5EB53A5E9ABA53D43AB743A8.jpeg,0,0.14454870712494167,0.43505859375,0,1,0.7241350745917213,0.7241351008415222,0.2571563720703125,2.815932845691749,0.8271869897943047,0.8271870017051697,3.216669231778292,1,1,80,80,80,114,0.46720812858009825,0.7041483102762782,0.387262827226738,0.7253613578203795,9.24732097988823e-05,0.00026046103404087084,-0.08195230861496859,0.06270230480040831,/kaggle/input/datasets/hintrngia/locked-resnet-xai-inputs/R-P/ResNet50/seed_42/best_checkpoint.pt
E04_XAI_R_P_ResNet50,R-P,ResNet50,42,25,normal,E-5FBF0EE47B9EC5825E465989.jpeg,0,0.16798324433210396,0.43505859375,0,1,0.7964684073718085,0.7964684367179871,0.329376220703125,2.4181114400777743,0.9148184978637729,0.914818525314331,2.777427271194303,1,1,80,80,82,113,0.40828860905893,0.5743532068008732,0.2923497272025784,0.5906148655164211,0.0008638520554981044,0.0006083038212230107,0.9945985956196346,0.9312512729685343,/kaggle/input/datasets/hintrngia/locked-resnet-xai-inputs/R-P/ResNet50/seed_42/best_checkpoint.pt
E04_XAI_R_P_ResNet50,R-P,ResNet50,42,26,normal,E-67976418F9EE68ADAB32C212.jpeg,0,0.3030541750132202,0.43505859375,0,1,0.6753703773012318,0.6753703951835632,0.26171875,2.580519650583811,0.7466539132993987,0.7466539144515991,2.852886594099195,1,1,175,111,163,63,0.20161422364710047,0.5443217412602515,0.19366420630884207,0.5919739471268756,0.0008923828420127622,0.0022005898463772766,-0.1270528405671171,-0.027039277077833174,/kaggle/input/datasets/hintrngia/locked-resnet-xai-inputs/R-P/ResNet50/seed_42/best_checkpoint.pt
E04_XAI_R_P_ResNet50,R-P,ResNet50,42,27,normal,E-74019A53B16F834307F73E46.jpeg,0,0.402487698330041,0.43505859375,0,1,0.7761029266898568,0.7761029005050659,0.372467041015625,2.0836821549998548,0.8747129208269119,0.8747129440307617,2.3484303965306226,1,1,48,80,62,102,0.3829038244996543,0.36583739114951164,0.3190985443224355,0.4286065854857173,0.0006880245960209086,0.001334602824988429,0.7727217001820116,0.837656612760757,/kaggle/input/datasets/hintrngia/locked-resnet-xai-inputs/R-P/ResNet50/seed_42/best_checkpoint.pt
E04_XAI_R_P_ResNet50,R-P,ResNet50,42,28,normal,E-778E5DF620CB9DE6A84B008B.jpeg,0,0.972571813459401,0.43505859375,1,0,0.7504457113262969,0.7504457235336304,0.3386688232421875,2.2158688955836987,0.8162475535246932,0.8162475824356079,2.410164436485438,1,1,207,144,195,127,0.9846787039779088,0.9821319054325226,0.990252714262617,0.9738758837621472,0.0001755260711667761,0.0002492447197646186,0.9604343958679655,0.8041054433887621,/kaggle/input/datasets/hintrngia/locked-resnet-xai-inputs/R-P/ResNet50/seed_42/best_checkpoint.pt
E04_XAI_R_P_ResNet50,R-P,ResNet50,42,29,normal,E-77C42172A076E16EE5474210.jpeg,0,0.6469072607544787,0.43505859375,1,0,0.825528046120398,0.8255280256271362,0.39276123046875,2.101857266143994,0.7715180402712171,0.7715180516242981,1.9643436786019612,1,0,207,111,74,42,0.7015912898969512,0.8957227420517477,0.6986336257331109,0.8813737494741642,0.00046338593087646984,0.0019234447389725462,-0.1350675412983744,-0.04952918688506323,/kaggle/input/datasets/hintrngia/locked-resnet-xai-inputs/R-P/ResNet50/seed_42/best_checkpoint.pt
E04_XAI_R_P_ResNet50,R-P,ResNet50,42,30,normal,E-7B1FB0C84C51C5CD8EDBCCFD.jpeg,0,0.995170757230968,0.43505859375,1,0,0.7949548306469291,0.7949548363685608,0.388427734375,2.0465964716089386,0.856472052133406,0.8564720749855042,2.204971417686003,1,1,207,144,194,162,0.9950678931097221,0.9834931537767755,0.9934895841862967,0.991832655030962,0.00020333450073928283,0.0017774531350056577,0.3008349807233634,0.209171587999267,/kaggle/input/datasets/hintrngia/locked-resnet-xai-inputs/R-P/ResNet50/seed_42/best_checkpoint.pt
E04_XAI_R_P_ResNet50,R-P,ResNet50,42,31,normal,E-7B7A8A9BEAA512F9DC3E0865.jpeg,0,0.15857655326832207,0.43505859375,0,1,0.7868267507291579,0.7868267297744751,0.356475830078125,2.2072373057009713,0.9171835157137738,0.917183518409729,2.5729192229183235,1,1,80,80,83,82,0.2928763084757861,0.5003803869885284,0.24688801161746338,0.6180724674893932,0.0006061621596382682,0.0009408425940835574,0.9859649821371513,0.9610823428434813,/kaggle/input/datasets/hintrngia/locked-resnet-xai-inputs/R-P/ResNet50/seed_42/best_checkpoint.pt
E04_XAI_R_P_ResNet50,R-P,ResNet50,42,32,normal,E-82FCB2C3D1996A8155B45525.jpeg,0,0.19699239655045128,0.43505859375,0,1,0.7114044489764195,0.7114044427871704,0.2450714111328125,2.902845524445466,0.8686065384314243,0.8686065673828125,3.544299738661467,1,1,175,111,178,63,0.36074080621956145,0.7051854180884367,0.3444218779782407,0.7637445590215394,0.0007195877630353786,0.0007455029570747618,0.13741178742688706,0.14197638643639093,/kaggle/input/datasets/hintrngia/locked-resnet-xai-inputs/R-P/ResNet50/seed_42/best_checkpoint.pt
E04_XAI_R_P_ResNet50,R-P,ResNet50,42,33,normal,E-843CBB869621D4078F498542.jpeg,0,0.7785262564974351,0.43505859375,1,0,0.7603175806268239,0.7603175640106201,0.3597412109375,2.1135125960281442,0.8146898858236526,0.8146898746490479,2.264655427440571,1,1,207,112,193,130,0.8131953899476545,0.868407390173778,0.7608211192665703,0.8741480876162485,0.00029163681613753045,0.0021290211790128133,0.6259429620066982,0.612517608532312,/kaggle/input/datasets/hintrngia/locked-resnet-xai-inputs/R-P/ResNet50/seed_42/best_checkpoint.pt
E04_XAI_R_P_ResNet50,R-P,ResNet50,42,34,normal,E-845A5BC2008587BFFF60937F.jpeg,0,0.7599006047288632,0.43505859375,1,0,0.7760765267830007,0.7760765552520752,0.3625030517578125,2.1408827402134416,0.8744765363600944,0.8744765520095825,2.412328757288174,1,1,207,144,209,143,0.9142781184852878,0.7152789577308871,0.9183661741795157,0.7451355472051276,0.00019792582029221073,6.829367694516364e-05,-0.07660681040567202,0.082734693618036,/kaggle/input/datasets/hintrngia/locked-resnet-xai-inputs/R-P/ResNet50/seed_42/best_checkpoint.pt
E04_XAI_R_P_ResNet50,R-P,ResNet50,42,35,normal,E-8BB569A271B438E1FF7419AA.jpeg,0,0.4279755750634444,0.43505859375,0,1,0.7901668916314386,0.7901669144630432,0.3291015625,2.400981890298496,0.8228049547229423,0.8228049278259277,2.5001551146477534,1,1,176,111,170,88,0.21367900538428575,0.36181419629700196,0.1978325248268109,0.36424438685072247,0.00048802125109370653,0.0005991232813912228,-0.034893577887626384,0.09548606114619436,/kaggle/input/datasets/hintrngia/locked-resnet-xai-inputs/R-P/ResNet50/seed_42/best_checkpoint.pt
E04_XAI_R_P_ResNet50,R-P,ResNet50,42,36,normal,E-8E65534102472D38A215B619.jpeg,0,0.14687062349915325,0.43505859375,0,1,0.793161918018937,0.793161928653717,0.4018096923828125,1.9739740804043995,0.9057052139877109,0.9057052135467529,2.2540651237572105,1,1,80,80,178,88,0.4082794125044722,0.5219808439262079,0.3440665420450171,0.5848014171043743,0.00035431074117198147,0.00044377994636723983,0.9886693157105587,0.9442551610100418,/kaggle/input/datasets/hintrngia/locked-resnet-xai-inputs/R-P/ResNet50/seed_42/best_checkpoint.pt
E04_XAI_R_P_ResNet50,R-P,ResNet50,42,37,normal,E-91CCC5E035FBDB0CCBB30E2A.jpeg,0,0.1594329622426425,0.43505859375,0,1,0.8320602505874247,0.8320602774620056,0.4178619384765625,1.9912324477815397,0.9460265464007571,0.9460265636444092,2.2639691708935556,1,1,176,80,183,73,0.4121508517743846,0.7472404017784517,0.302338327634756,0.7366965362935922,0.00011090110113176621,0.0003163844234541635,0.08735084503417495,0.245327747298141,/kaggle/input/datasets/hintrngia/locked-resnet-xai-inputs/R-P/ResNet50/seed_42/best_checkpoint.pt
E04_XAI_R_P_ResNet50,R-P,ResNet50,42,38,normal,E-91CD2D4F539A3D56107014E7.jpeg,0,0.8592146301070596,0.43505859375,1,0,0.8549480830429899,0.854948103427887,0.376434326171875,2.2711746076329704,0.8733295397947713,0.8733295202255249,2.3200050555326364,1,1,207,144,203,151,0.9570960058326946,0.9471786707491527,0.9630508773981887,0.9367061339055024,0.0002988609041225665,0.00037286832498206746,-0.12482274760311206,-0.0613956426046382,/kaggle/input/datasets/hintrngia/locked-resnet-xai-inputs/R-P/ResNet50/seed_42/best_checkpoint.pt
E04_XAI_R_P_ResNet50,R-P,ResNet50,42,39,normal,E-93DEE19500CF7BC746908FEA.jpeg,0,0.23231097523947433,0.43505859375,0,1,0.815516350217394,0.8155163526535034,0.3555908203125,2.2934122694750743,0.9065757698610568,0.9065757989883423,2.5494914887407405,1,1,79,80,83,82,0.2899076649236398,0.5597189291785665,0.18796429627226108,0.6211248744374178,0.00026698616876252856,0.0003726157772886429,0.058258695811047326,0.24676383312537664,/kaggle/input/datasets/hintrngia/locked-resnet-xai-inputs/R-P/ResNet50/seed_42/best_checkpoint.pt
E04_XAI_R_P_ResNet50,R-P,ResNet50,42,40,normal,E-9A48264C99FDAC90E29908DD.jpeg,0,0.9699334583022216,0.43505859375,1,0,0.7888648259828697,0.7888648509979248,0.3754425048828125,2.1011601396306987,0.8688503229255728,0.8688503503799438,2.314203404318242,1,1,207,144,208,159,0.9781845175773823,0.9574699821124756,0.9749831147136672,0.971243818862279,0.00010093981285574927,0.0024882847458981283,-0.1110530195744921,-0.0233005185574933,/kaggle/input/datasets/hintrngia/locked-resnet-xai-inputs/R-P/ResNet50/seed_42/best_checkpoint.pt
E04_XAI_R_P_ResNet50,R-P,ResNet50,42,41,normal,E-A5B76F5465A7745EBBAE1D8D.jpeg,0,0.9255233274461149,0.43505859375,1,0,0.7775158381253137,0.7775158286094666,0.36846923828125,2.110124149717598,0.8181622662368981,0.8181622624397278,2.2204357412664137,1,1,207,111,208,109,0.9269094642324212,0.9178485413125026,0.9415165183621299,0.950435800595667,0.0004353806003948302,0.0018401569483178504,0.9800494538657273,0.43378235718676944,/kaggle/input/datasets/hintrngia/locked-resnet-xai-inputs/R-P/ResNet50/seed_42/best_checkpoint.pt
E04_XAI_R_P_ResNet50,R-P,ResNet50,42,42,normal,E-A92185A886C303721C499620.jpeg,0,0.947756548318178,0.43505859375,1,0,0.7814917175347305,0.7814916968345642,0.4248199462890625,1.8395833914139612,0.8312093870715997,0.8312093615531921,1.95661572469108,1,1,207,175,200,227,0.9841218751027662,0.9612863851312639,0.9852332883566775,0.9595297904992899,2.2100104285494027e-05,0.000708505764060785,0.777895355776443,0.7477600052826948,/kaggle/input/datasets/hintrngia/locked-resnet-xai-inputs/R-P/ResNet50/seed_42/best_checkpoint.pt
E04_XAI_R_P_ResNet50,R-P,ResNet50,42,43,normal,E-B1906A980682154F21AC8637.jpeg,0,0.08126498700715751,0.43505859375,0,1,0.8598522272737732,0.8598522543907166,0.37506103515625,2.292566133710903,0.9260593925939915,0.926059365272522,2.469089843492263,1,1,207,143,191,143,0.510059770121899,0.666764941303949,0.4008881213753973,0.7088295534335382,7.2253083919116e-05,0.0003150419318133091,0.09968170913041265,0.28603519247535436,/kaggle/input/datasets/hintrngia/locked-resnet-xai-inputs/R-P/ResNet50/seed_42/best_checkpoint.pt
E04_XAI_R_P_ResNet50,R-P,ResNet50,42,44,normal,E-B701F1D8C0C0617522833A87.jpeg,0,0.09262502045818144,0.43505859375,0,1,0.7796898777375955,0.7796898484230042,0.2968597412109375,2.6264587934932435,0.865511748104495,0.8655117750167847,2.915557847534114,1,1,80,80,207,207,0.6652887153895632,0.7737400448771335,0.5349007100573528,0.7897595813077449,0.00010894306199027426,0.0017135733168197609,0.9494811299092649,0.8399392417168532,/kaggle/input/datasets/hintrngia/locked-resnet-xai-inputs/R-P/ResNet50/seed_42/best_checkpoint.pt
E04_XAI_R_P_ResNet50,R-P,ResNet50,42,45,normal,E-B80945974BB38152A2ADE2AF.jpeg,0,0.04108841865372958,0.43505859375,0,1,0.7988442868027439,0.7988442778587341,0.287933349609375,2.77440695177025,0.9006116079879253,0.9006115794181824,3.1278475008530298,1,1,207,143,186,155,0.6337689072430781,0.870590933266268,0.6152805938731276,0.8706191403475312,0.0001989045696086933,0.0006899461375795557,0.978139525386155,0.9623398001819964,/kaggle/input/datasets/hintrngia/locked-resnet-xai-inputs/R-P/ResNet50/seed_42/best_checkpoint.pt
E04_XAI_R_P_ResNet50,R-P,ResNet50,42,46,normal,E-BB74E7A26CC5772AE8204932.jpeg,0,0.7084740350807655,0.43505859375,1,0,0.8074213687739185,0.8074213862419128,0.396759033203125,2.0350421822924205,0.8917041252533923,0.8917041420936584,2.2474702543114495,1,1,207,143,207,147,0.8737380694457152,0.8675212469616554,0.8949625743906082,0.8387876422472906,0.0002191441543026862,0.002558177421657315,-0.018805092947656112,0.09686956363782061,/kaggle/input/datasets/hintrngia/locked-resnet-xai-inputs/R-P/ResNet50/seed_42/best_checkpoint.pt
E04_XAI_R_P_ResNet50,R-P,ResNet50,42,47,normal,E-BB96C349B18A4710DE07EC01.jpeg,0,0.24382426856665007,0.43505859375,0,1,0.8016425160356473,0.8016425371170044,0.3329010009765625,2.4080507829175497,0.9267907201903333,0.926790714263916,2.7839829783377037,1,1,176,80,78,83,0.3832832889643376,0.42577199953433065,0.2980825933405057,0.5047452768504095,0.0004708350790104676,0.0007301227548371925,0.6944603228810414,0.8309150731579498,/kaggle/input/datasets/hintrngia/locked-resnet-xai-inputs/R-P/ResNet50/seed_42/best_checkpoint.pt
E04_XAI_R_P_ResNet50,R-P,ResNet50,42,48,normal,E-BCDF7BD5461E233F18CDF83C.jpeg,0,0.047927796105970165,0.43505859375,0,1,0.7662126184009864,0.7662126421928406,0.2940521240234375,2.6057033967893233,0.8181353019944367,0.8181353211402893,2.7822798584145816,1,1,175,111,94,64,0.654986380904625,0.865036895939749,0.6750901347284932,0.9144411299769226,0.0006000769954104257,0.0004165881248283654,0.6137694681257471,0.7481759675043479,/kaggle/input/datasets/hintrngia/locked-resnet-xai-inputs/R-P/ResNet50/seed_42/best_checkpoint.pt
E04_XAI_R_P_ResNet50,R-P,ResNet50,42,49,normal,E-BF6060CF2B5D86362B50F1EF.jpeg,0,0.07589097945207458,0.43505859375,0,1,0.7968972239502639,0.7968972325325012,0.3540191650390625,2.2510002357141716,0.8950941433303083,0.8950941562652588,2.5283776465365753,1,1,176,112,177,163,0.6183848494903545,0.7499009580783724,0.5168499905497401,0.7764997208433084,0.00048137230842937306,3.474853885898632e-05,0.17891552808042305,0.3746178845315538,/kaggle/input/datasets/hintrngia/locked-resnet-xai-inputs/R-P/ResNet50/seed_42/best_checkpoint.pt
E04_XAI_R_P_ResNet50,R-P,ResNet50,42,50,normal,E-C7B56CF9C42EB131FD94EA3C.jpeg,0,0.9694362944298778,0.43505859375,1,0,0.7580585964350561,0.7580586075782776,0.32830810546875,2.3089853214337164,0.8087501699135436,0.8087501525878906,2.4633877642430746,1,1,79,143,173,100,0.9758548997075205,0.9317210448442469,0.9578218760659731,0.9513368003727738,0.00035367483985537795,0.008776592466833155,0.7386223045670591,0.7637878021488724,/kaggle/input/datasets/hintrngia/locked-resnet-xai-inputs/R-P/ResNet50/seed_42/best_checkpoint.pt
E04_XAI_R_P_ResNet50,R-P,ResNet50,42,51,normal,E-D31B79C24E008C43E1511E9D.jpeg,0,0.03248042542840393,0.43505859375,0,1,0.788170959172811,0.7881709337234497,0.29034423828125,2.714608575801416,0.9137244987860667,0.9137244820594788,3.1470385091677353,1,1,111,111,83,112,0.8171124188810475,0.9259763480796885,0.7258374867963795,0.9419631383598928,0.00025425813926061025,0.000331243449893881,-0.18983202706553684,-0.029826666359541204,/kaggle/input/datasets/hintrngia/locked-resnet-xai-inputs/R-P/ResNet50/seed_42/best_checkpoint.pt
E04_XAI_R_P_ResNet50,R-P,ResNet50,42,52,normal,E-E13640D767DD410F37B990A9.jpeg,0,0.32325057050428846,0.43505859375,0,1,0.8211932458977101,0.8211932182312012,0.3385162353515625,2.425860742084847,0.933904506503892,0.9339045286178589,2.758817477495563,1,1,207,143,77,143,0.30370097795923007,0.49382084679817606,0.21982509469942013,0.5159554827192366,7.98369423876677e-05,0.0006713184751219181,0.9307216285919767,0.8492877328811831,/kaggle/input/datasets/hintrngia/locked-resnet-xai-inputs/R-P/ResNet50/seed_42/best_checkpoint.pt
E04_XAI_R_P_ResNet50,R-P,ResNet50,42,53,normal,E-E2352C479C37BA410D3419C8.jpeg,0,0.37678843554897423,0.43505859375,0,1,0.8874246104886463,0.8874245882034302,0.460540771484375,1.926918669173147,0.9687712511842935,0.9687712788581848,2.1035515445501907,1,1,79,143,55,152,0.17571539069711845,0.6807069311334784,0.12690719642944392,0.6656062241215128,0.00033377017671987197,0.00025708321226791675,-0.1799199443258178,0.14698245435413207,/kaggle/input/datasets/hintrngia/locked-resnet-xai-inputs/R-P/ResNet50/seed_42/best_checkpoint.pt
E04_XAI_R_P_ResNet50,R-P,ResNet50,42,54,normal,E-E249A212D4F7D1C6D4206FBF.jpeg,0,0.0977269403081762,0.43505859375,0,1,0.8647824755013165,0.864782452583313,0.44427490234375,1.946503101883991,0.9556954337288137,0.9556954503059387,2.1511353188917273,1,1,176,80,178,78,0.6148321775828591,0.7122268462149147,0.5599574925834737,0.676303368317843,0.00010159133194065362,0.00043645999778474387,0.8106989154046069,0.8278911889938462,/kaggle/input/datasets/hintrngia/locked-resnet-xai-inputs/R-P/ResNet50/seed_42/best_checkpoint.pt
E04_XAI_R_P_ResNet50,R-P,ResNet50,42,55,normal,E-E2DD25AE8644A21D4C1655DA.jpeg,0,0.41833196095216685,0.43505859375,0,1,0.7841402562764329,0.7841402292251587,0.3409881591796875,2.299611394609223,0.8576205068021651,0.8576204776763916,2.5151034829635606,1,1,80,80,82,80,0.1815761171922388,0.25212745935383385,0.14011992675430465,0.24511381065944762,0.0005500779167656455,0.0010770467298100161,0.17142478518374066,0.4571909142072546,/kaggle/input/datasets/hintrngia/locked-resnet-xai-inputs/R-P/ResNet50/seed_42/best_checkpoint.pt
E04_XAI_R_P_ResNet50,R-P,ResNet50,42,56,normal,E-E35138A3EAFB63D43C970EAE.jpeg,0,0.4350686686330435,0.43505859375,1,0,0.8449895290240983,0.844989538192749,0.4013519287109375,2.105358087447185,0.9342294998869656,0.9342294931411743,2.327706516541542,1,1,207,112,170,129,0.7506693078951391,0.6833704133213034,0.8287235433369258,0.6473743465638069,8.994789984062557e-05,0.000794531368061735,-0.01645801482539538,0.009612908615047664,/kaggle/input/datasets/hintrngia/locked-resnet-xai-inputs/R-P/ResNet50/seed_42/best_checkpoint.pt
E04_XAI_R_P_ResNet50,R-P,ResNet50,42,57,normal,E-EACE2F51FB2EF2E191B9BC55.jpeg,0,0.7835282850498815,0.43505859375,1,0,0.874962908994077,0.8749629259109497,0.4419708251953125,1.9796847645032223,0.9171715318764745,0.9171715378761292,2.0751856900761827,1,1,207,144,204,163,0.95702923563615,0.861471998828227,0.9548123212541774,0.8747651450824019,0.00019131613667766612,0.00041225161984193015,0.10701809668019793,0.19696579542758283,/kaggle/input/datasets/hintrngia/locked-resnet-xai-inputs/R-P/ResNet50/seed_42/best_checkpoint.pt
E04_XAI_R_P_ResNet50,R-P,ResNet50,42,58,normal,E-ED70ACD6E494856AB99B813B.jpeg,0,0.9881516760784224,0.43505859375,1,0,0.7154457652281263,0.7154457569122314,0.3370513916015625,2.122660766444406,0.7792846833391841,0.779284656047821,2.3120648742503858,1,1,207,144,203,166,0.9948962157160617,0.9591141575436555,0.9895450500941747,0.9727861020372636,0.0006755709788124342,0.0058595720010446994,0.5974265673153473,0.703467014343407,/kaggle/input/datasets/hintrngia/locked-resnet-xai-inputs/R-P/ResNet50/seed_42/best_checkpoint.pt
E04_XAI_R_P_ResNet50,R-P,ResNet50,42,59,normal,E-EE1CB872F9ABCF62B8C9A410.jpeg,0,0.07651765737481903,0.43505859375,0,1,0.78580988100444,0.7858098745346069,0.260040283203125,3.0218775003818203,0.9310696320251448,0.9310696125030518,3.5804823028048287,1,1,79,111,91,104,0.5672107456306801,0.7602771287595238,0.537777152591667,0.7718365993909999,0.0006428781261919037,7.11985490320366e-05,0.9227718285807035,0.9558059274529863,/kaggle/input/datasets/hintrngia/locked-resnet-xai-inputs/R-P/ResNet50/seed_42/best_checkpoint.pt
E04_XAI_R_P_ResNet50,R-P,ResNet50,42,60,normal,E-EFAD2710B0F9E9CA19CFEDAD.jpeg,0,0.5324679750341027,0.43505859375,1,0,0.7768576567549257,0.7768576741218567,0.36236572265625,2.1438497302126835,0.8654113239402373,0.8654113411903381,2.3882262306614197,1,1,80,144,65,143,0.868271279483303,0.8639049086638994,0.9017618671045518,0.8439512754731506,0.0007469780106579282,0.00044844399201549034,0.0008729718538452185,0.0017346160845319026,/kaggle/input/datasets/hintrngia/locked-resnet-xai-inputs/R-P/ResNet50/seed_42/best_checkpoint.pt
E04_XAI_R_P_ResNet50,R-P,ResNet50,42,61,normal,E-F32C5A7DA665488BF8EB2294.jpeg,0,0.4349873929369268,0.43505859375,0,1,0.8181428905157146,0.8181428909301758,0.3988037109375,2.0514926719022757,0.914258559359218,0.9142585396766663,2.2925026379769555,1,1,80,80,93,98,0.24923097581655043,0.25817767907044153,0.23243752427479797,0.2677090917683612,0.0008033392006744355,0.0009858758898985132,0.5274450427976237,0.8853992949373762,/kaggle/input/datasets/hintrngia/locked-resnet-xai-inputs/R-P/ResNet50/seed_42/best_checkpoint.pt
E04_XAI_R_P_ResNet50,R-P,ResNet50,42,62,normal,E-F57AB9616B464FB4687D409D.jpeg,0,0.24554793057985902,0.43505859375,0,1,0.8596780828360503,0.8596780896186829,0.43695068359375,1.9674487650769448,0.9536717139339544,0.9536716938018799,2.182561441694917,1,1,176,79,181,71,0.3590134579002571,0.40079453689110156,0.259764287069033,0.42930396670365706,0.00010027536212342536,0.0005376799769146734,0.25257213351913704,0.5049655434319407,/kaggle/input/datasets/hintrngia/locked-resnet-xai-inputs/R-P/ResNet50/seed_42/best_checkpoint.pt
E04_XAI_R_P_ResNet50,R-P,ResNet50,42,63,normal,E-F803B5977A560D3CAEE3206F.jpeg,0,0.625504833999918,0.43505859375,1,0,0.7545673842704652,0.7545673847198486,0.3428192138671875,2.2010650329616417,0.8177578344240634,0.8177578449249268,2.3853909038507775,1,1,80,111,107,52,0.7439661680863936,0.8139290202041631,0.8345593724764389,0.778807733731629,0.00028642463227590564,0.001980391029724693,-0.06755664100157986,-0.035939562034800775,/kaggle/input/datasets/hintrngia/locked-resnet-xai-inputs/R-P/ResNet50/seed_42/best_checkpoint.pt
E04_XAI_R_P_ResNet50,R-P,ResNet50,42,64,pneumonia,E-018B83433C4DD934AA5C8B2B.jpeg,1,0.9987981292883472,0.43505859375,1,1,0.7957631629274119,0.7957631349563599,0.3726043701171875,2.135678555453166,0.8394533836595702,0.839453399181366,2.2529348847828983,1,1,207,112,203,152,0.9988218051202831,0.9985215832534654,0.9980549809845507,0.9954909266147047,0.00037345881412864657,0.0014387386555614334,-0.17660441256578285,-0.05413919212690769,/kaggle/input/datasets/hintrngia/locked-resnet-xai-inputs/R-P/ResNet50/seed_42/best_checkpoint.pt
E04_XAI_R_P_ResNet50,R-P,ResNet50,42,65,pneumonia,E-01E4EA18817F6CBD784D8ACE.jpeg,1,0.998960885969091,0.43505859375,1,1,0.7190818166680247,0.7190818190574646,0.355072021484375,2.025171720548159,0.7939687415383095,0.7939687371253967,2.236078016564446,1,1,207,144,197,126,0.9972064570742272,0.9986273776279352,0.9970253520104579,0.9973132878353814,1.5397354866109048e-05,0.0034017162584194516,0.5743903920310198,0.4103426427333653,/kaggle/input/datasets/hintrngia/locked-resnet-xai-inputs/R-P/ResNet50/seed_42/best_checkpoint.pt
E04_XAI_R_P_ResNet50,R-P,ResNet50,42,66,pneumonia,E-0981A556ADE7F427711A3360.jpeg,1,0.9880438485117234,0.43505859375,1,1,0.7275417790389356,0.7275418043136597,0.315826416015625,2.30361281433451,0.7572683763520159,0.7572683691978455,2.397736028244551,1,1,175,111,202,139,0.9933801993663905,0.9770694437123421,0.9848725120423278,0.987640027577192,0.00030552612503043086,0.006364745498540936,0.9632505115765384,0.4295613865211283,/kaggle/input/datasets/hintrngia/locked-resnet-xai-inputs/R-P/ResNet50/seed_42/best_checkpoint.pt
E04_XAI_R_P_ResNet50,R-P,ResNet50,42,67,pneumonia,E-0B7E667233F7AB135F8A84DD.jpeg,1,0.9992444575802147,0.43505859375,1,1,0.79320094750338,0.7932009696960449,0.3825225830078125,2.073605540531394,0.8515086977723478,0.8515086770057678,2.22603510380185,1,1,144,144,199,191,0.9985302989166442,0.9988152367043076,0.9983708587785705,0.9986001681512029,0.00022560494188073044,0.0016886359937609008,0.9696708711301129,0.8067696952364478,/kaggle/input/datasets/hintrngia/locked-resnet-xai-inputs/R-P/ResNet50/seed_42/best_checkpoint.pt
E04_XAI_R_P_ResNet50,R-P,ResNet50,42,68,pneumonia,E-122745006C7E29B76E58625B.jpeg,1,0.9979269973137918,0.43505859375,1,1,0.7347413920543535,0.7347413897514343,0.3352813720703125,2.1914172789184048,0.8284164866898515,0.8284164667129517,2.470809760692946,1,1,207,144,199,162,0.9967929277933159,0.9975398849190573,0.9962068286332104,0.9959832495627219,5.0816626414595945e-05,0.0032020816574132027,0.9837497027326496,0.5542584351314617,/kaggle/input/datasets/hintrngia/locked-resnet-xai-inputs/R-P/ResNet50/seed_42/best_checkpoint.pt
E04_XAI_R_P_ResNet50,R-P,ResNet50,42,69,pneumonia,E-1265B89238C345234A9C993B.jpeg,1,0.9929489860380526,0.43505859375,1,1,0.7421070356513788,0.7421070337295532,0.3254241943359375,2.2804298161226972,0.7947486772405703,0.7947486639022827,2.4421929625187797,1,1,207,143,203,135,0.9913865403917763,0.9859101321945385,0.9895162296985072,0.9876553990882517,0.0002159726264718831,0.00037511575529258767,-0.16043588831407762,-0.019964479309572205,/kaggle/input/datasets/hintrngia/locked-resnet-xai-inputs/R-P/ResNet50/seed_42/best_checkpoint.pt
E04_XAI_R_P_ResNet50,R-P,ResNet50,42,70,pneumonia,E-1777E855F7110F5A72B38BC0.jpeg,1,0.9972597540603951,0.43505859375,1,1,0.6799897950343843,0.6799898147583008,0.3238525390625,2.099689559337232,0.7525252472511283,0.752525269985199,2.323666349597152,1,1,175,143,175,118,0.9978139479161191,0.9918522070058433,0.9956618329216853,0.9919384599405012,0.0003167899413730746,0.004698491006728367,0.7789720652384093,0.5810769302394035,/kaggle/input/datasets/hintrngia/locked-resnet-xai-inputs/R-P/ResNet50/seed_42/best_checkpoint.pt
E04_XAI_R_P_ResNet50,R-P,ResNet50,42,71,pneumonia,E-198E88DB173F06A1227B639B.jpeg,1,0.9926707611143037,0.43505859375,1,1,0.5883956915544434,0.5883957147598267,0.256744384765625,2.291756807423749,0.6366951387128428,0.636695146560669,2.4798795085394545,1,1,207,175,202,157,0.9974284053948465,0.9926989381324052,0.9971445783240085,0.9870001130170569,0.0009308892863026941,0.001700836101034775,0.991791105128813,0.3891733306618138,/kaggle/input/datasets/hintrngia/locked-resnet-xai-inputs/R-P/ResNet50/seed_42/best_checkpoint.pt
E04_XAI_R_P_ResNet50,R-P,ResNet50,42,72,pneumonia,E-1A06E979246F3D9634B22BF8.jpeg,1,0.9995390697307472,0.43505859375,1,1,0.6867603734157902,0.6867603659629822,0.303802490234375,2.2605488614855465,0.7806237265215047,0.780623733997345,2.569510624877616,1,1,144,143,159,130,0.9987048346651243,0.998103086832028,0.9965739533510799,0.9979946420396426,0.0005182985751301938,0.0011570319514523364,0.0,0.0,/kaggle/input/datasets/hintrngia/locked-resnet-xai-inputs/R-P/ResNet50/seed_42/best_checkpoint.pt
E04_XAI_R_P_ResNet50,R-P,ResNet50,42,73,pneumonia,E-220D81ED5B8FE3B14418B9F7.jpeg,1,0.9949703764339515,0.43505859375,1,1,0.6434889973972715,0.6434890031814575,0.2836456298828125,2.2686370936267464,0.7232906473436675,0.7232906222343445,2.5499798732753023,1,1,207,144,202,155,0.9854345925211273,0.9883868186742888,0.963541533308713,0.991038203675193,0.00020608524997556277,0.006526277239208622,0.4395854686893528,0.4951047414953035,/kaggle/input/datasets/hintrngia/locked-resnet-xai-inputs/R-P/ResNet50/seed_42/best_checkpoint.pt
E04_XAI_R_P_ResNet50,R-P,ResNet50,42,74,pneumonia,E-227257A6740CF45FAF02E456.jpeg,1,0.9871687391990532,0.43505859375,1,1,0.8127884709100937,0.8127884864807129,0.381500244140625,2.1305057687210582,0.8663124780539384,0.8663125038146973,2.2708045181082674,1,1,207,144,207,210,0.9856448545550109,0.960596783910196,0.9683850764635609,0.9705794705400544,0.0006589431406803792,0.00029815206576166986,-0.07084603054827926,-0.05218346760519473,/kaggle/input/datasets/hintrngia/locked-resnet-xai-inputs/R-P/ResNet50/seed_42/best_checkpoint.pt
E04_XAI_R_P_ResNet50,R-P,ResNet50,42,75,pneumonia,E-2C0709EBA6450DCFB3BBB340.jpeg,1,0.997625803114243,0.43505859375,1,1,0.7499624434789144,0.7499624490737915,0.3762359619140625,1.9933300359262738,0.7965491725444553,0.7965492010116577,2.1171532048454162,1,1,207,144,190,146,0.9979860960692502,0.9944586494085439,0.9978435994605239,0.9962055458168602,0.0002756249073779804,0.004340649754151604,0.3029504795709684,0.6317845454746974,/kaggle/input/datasets/hintrngia/locked-resnet-xai-inputs/R-P/ResNet50/seed_42/best_checkpoint.pt
E04_XAI_R_P_ResNet50,R-P,ResNet50,42,76,pneumonia,E-30421FA65AB177DCD15E84C4.jpeg,1,0.9998941592478867,0.43505859375,1,1,0.7791524886424493,0.779152512550354,0.41265869140625,1.8881281428661278,0.8133165834075363,0.8133165836334229,1.9709183408592035,1,1,207,144,207,135,0.9996499945994668,0.999766207783987,0.9978127520584475,0.9962601291977622,6.754671744368945e-05,0.00024195358510414877,0.9447216825822246,0.9061320969539259,/kaggle/input/datasets/hintrngia/locked-resnet-xai-inputs/R-P/ResNet50/seed_42/best_checkpoint.pt
E04_XAI_R_P_ResNet50,R-P,ResNet50,42,77,pneumonia,E-386D019ED9E9E8244987AC20.jpeg,1,0.998131406215744,0.43505859375,1,1,0.7630811867278198,0.7630811929702759,0.3555145263671875,2.146413522185261,0.8748218705343681,0.8748218417167664,2.4607204647126637,1,1,207,112,211,113,0.9984716627070722,0.9966612863558838,0.9989013595277152,0.9969012893049249,0.000438158519652343,0.0020772272283461346,0.0,0.0,/kaggle/input/datasets/hintrngia/locked-resnet-xai-inputs/R-P/ResNet50/seed_42/best_checkpoint.pt
E04_XAI_R_P_ResNet50,R-P,ResNet50,42,78,pneumonia,E-3AC987E53985CBAF71C33ABC.jpeg,1,0.9924539016788916,0.43505859375,1,1,0.8028146614695031,0.8028146624565125,0.4218597412109375,1.903036917353252,0.8850739428321222,0.8850739598274231,2.0980289332457756,1,1,176,143,165,97,0.9935164021865721,0.9869948128171029,0.9931276694201958,0.9870799368444775,0.0003326787025975664,0.0027533277504344644,0.3696123595502587,0.3436966605541987,/kaggle/input/datasets/hintrngia/locked-resnet-xai-inputs/R-P/ResNet50/seed_42/best_checkpoint.pt
E04_XAI_R_P_ResNet50,R-P,ResNet50,42,79,pneumonia,E-3EB4BE73D28C1518A6A12685.jpeg,1,0.9993607753756177,0.43505859375,1,1,0.7913569177893002,0.7913569211959839,0.40576171875,1.9502996000390935,0.8356446039071193,0.8356446027755737,2.0594466291236824,1,1,207,175,209,146,0.9991475355179045,0.9981252451773287,0.9982526683979718,0.9971159918178468,0.00012553375023593993,0.0014638801100037568,-0.18344770106842423,-0.02339300764600105,/kaggle/input/datasets/hintrngia/locked-resnet-xai-inputs/R-P/ResNet50/seed_42/best_checkpoint.pt
E04_XAI_R_P_ResNet50,R-P,ResNet50,42,80,pneumonia,E-401B5DEDAD367F085127D1DA.jpeg,1,0.9698072856033193,0.43505859375,1,1,0.8015922264416904,0.801592230796814,0.364349365234375,2.200064835919366,0.8506197999700443,0.8506197929382324,2.33462682012048,1,1,207,143,203,126,0.9805970465390216,0.9850364886641424,0.9816295466797794,0.9761717349021923,0.0004000467163292054,0.00020411925602814573,0.9916405255024198,0.5419064072957626,/kaggle/input/datasets/hintrngia/locked-resnet-xai-inputs/R-P/ResNet50/seed_42/best_checkpoint.pt
E04_XAI_R_P_ResNet50,R-P,ResNet50,42,81,pneumonia,E-4329094918EDAAADE18246AB.jpeg,1,0.9998219184684793,0.43505859375,1,1,0.8008111541874174,0.8008111715316772,0.4228057861328125,1.8940401963559346,0.8442887100994396,0.84428870677948,1.9968712297476225,1,1,207,144,201,162,0.9998524072168684,0.9996651857558614,0.9996072444171191,0.9995653038717727,0.0001255475307383458,0.0016952737271337392,0.8771063191123586,0.9135621834402189,/kaggle/input/datasets/hintrngia/locked-resnet-xai-inputs/R-P/ResNet50/seed_42/best_checkpoint.pt
E04_XAI_R_P_ResNet50,R-P,ResNet50,42,82,pneumonia,E-443A80FA1DE791815F946FF9.jpeg,1,0.9971231214167564,0.43505859375,1,1,0.6954421880814607,0.6954421997070312,0.309112548828125,2.2498025095323633,0.7905544426232826,0.7905544638633728,2.5574970851890337,1,1,207,144,202,162,0.9973142134619382,0.9953721231719423,0.9957406347067056,0.995236939197784,7.167332118185321e-05,0.0010328948743356658,0.00979587664886866,0.044232003249891357,/kaggle/input/datasets/hintrngia/locked-resnet-xai-inputs/R-P/ResNet50/seed_42/best_checkpoint.pt
E04_XAI_R_P_ResNet50,R-P,ResNet50,42,83,pneumonia,E-4B97630FB65DE326125E1DE1.jpeg,1,0.9996251243427177,0.43505859375,1,1,0.7289716907892887,0.7289717197418213,0.3383941650390625,2.1542088076641037,0.8163039496353195,0.8163039684295654,2.412287308621558,1,1,175,175,172,139,0.9996318827346269,0.9991725882156381,0.9988274043522327,0.9977684493484371,0.00033302535418844315,0.0022377301108045256,0.7885345960084903,0.8380018048142068,/kaggle/input/datasets/hintrngia/locked-resnet-xai-inputs/R-P/ResNet50/seed_42/best_checkpoint.pt
E04_XAI_R_P_ResNet50,R-P,ResNet50,42,84,pneumonia,E-55F059ED3BB72FAD418A344C.jpeg,1,0.9857440016022401,0.43505859375,1,1,0.7638274684111618,0.7638274431228638,0.3324737548828125,2.2974068093897793,0.8205316614542271,0.8205316662788391,2.467959197992759,1,1,207,144,207,162,0.9917333635784278,0.9663706224556446,0.9868447278686528,0.962601909354168,0.0008484712836518415,0.0030952642388083484,0.9326824623181474,0.9146936947700555,/kaggle/input/datasets/hintrngia/locked-resnet-xai-inputs/R-P/ResNet50/seed_42/best_checkpoint.pt
E04_XAI_R_P_ResNet50,R-P,ResNet50,42,85,pneumonia,E-6060B7AB38566FD26078DE5E.jpeg,1,0.992911301813543,0.43505859375,1,1,0.6532061873312921,0.6532061696052551,0.271087646484375,2.4095756328348283,0.7994331598259212,0.799433171749115,2.948984102350083,1,1,207,144,190,153,0.9829274016135584,0.9858141508351277,0.9758987977252014,0.9925815845180299,0.0010479359991139026,0.0012093852350130163,0.33538926751027465,0.1580204490237834,/kaggle/input/datasets/hintrngia/locked-resnet-xai-inputs/R-P/ResNet50/seed_42/best_checkpoint.pt
E04_XAI_R_P_ResNet50,R-P,ResNet50,42,86,pneumonia,E-638A63581494A3F6A20C2D9C.jpeg,1,0.995874378378482,0.43505859375,1,1,0.6825791307250587,0.6825791597366333,0.312408447265625,2.1848933237861408,0.7546353138921753,0.7546353340148926,2.415540682389255,1,1,207,176,104,125,0.9939537766264264,0.9929362661913472,0.9922231500615695,0.9906912006891833,0.00010495404851351697,0.0011177568555158501,0.9843154614199204,0.5067270470435222,/kaggle/input/datasets/hintrngia/locked-resnet-xai-inputs/R-P/ResNet50/seed_42/best_checkpoint.pt
E04_XAI_R_P_ResNet50,R-P,ResNet50,42,87,pneumonia,E-63AE2F3741553AC167D0B283.jpeg,1,0.9995444325077771,0.43505859375,1,1,0.7633268524583905,0.7633268237113953,0.3596954345703125,2.122147736932638,0.8641760092520875,0.8641760349273682,2.4025214840005433,1,1,207,143,195,128,0.998896214582299,0.9987928064966269,0.9975710250010947,0.9989773624050848,0.00011708890298811614,0.0030344925286317492,0.9508927337936162,0.9208415948730608,/kaggle/input/datasets/hintrngia/locked-resnet-xai-inputs/R-P/ResNet50/seed_42/best_checkpoint.pt
E04_XAI_R_P_ResNet50,R-P,ResNet50,42,88,pneumonia,E-63E40A6B7E9FE7A4F927B234.jpeg,1,0.9996097841206385,0.43505859375,1,1,0.7364651903472172,0.7364652156829834,0.3593597412109375,2.04938145788269,0.7999772222168576,0.7999772429466248,2.2261180941447916,1,1,207,144,206,146,0.9991437381823359,0.9951797901384803,0.996340029747347,0.9984597937403702,9.39794791646742e-05,0.002662004368985005,-0.15408019255821087,-0.04821793459226365,/kaggle/input/datasets/hintrngia/locked-resnet-xai-inputs/R-P/ResNet50/seed_42/best_checkpoint.pt
E04_XAI_R_P_ResNet50,R-P,ResNet50,42,89,pneumonia,E-6C94FB136A3DC9D9B1FE1032.jpeg,1,0.9699435244573577,0.43505859375,1,1,0.7388632324037104,0.7388632297515869,0.3358001708984375,2.2003063024860077,0.8218868424104782,0.8218868374824524,2.4475474214664925,1,1,48,112,171,128,0.9788587107243745,0.974234202862824,0.989209872628436,0.9730997311304854,0.00019960670528185176,0.005003044108390142,0.16920571071201854,0.2207169120979716,/kaggle/input/datasets/hintrngia/locked-resnet-xai-inputs/R-P/ResNet50/seed_42/best_checkpoint.pt
E04_XAI_R_P_ResNet50,R-P,ResNet50,42,90,pneumonia,E-6EBA6C5A4DF4C84E483A5386.jpeg,1,0.9997828749979037,0.43505859375,1,1,0.6733228115809115,0.6733227968215942,0.3423919677734375,1.9665263059747142,0.7259956071729712,0.7259956002235413,2.1203640140687123,1,0,207,176,210,175,0.9996476365181945,0.9995080175500746,0.9993695955885661,0.9997061873364045,0.0006094442301944891,0.007005045290131684,0.0,0.0,/kaggle/input/datasets/hintrngia/locked-resnet-xai-inputs/R-P/ResNet50/seed_42/best_checkpoint.pt
E04_XAI_R_P_ResNet50,R-P,ResNet50,42,91,pneumonia,E-73D66A02A1612F6E79C3F7EC.jpeg,1,0.999211203966923,0.43505859375,1,1,0.7459542905689843,0.7459542751312256,0.3591766357421875,2.0768452519957923,0.8655714601046663,0.8655714392662048,2.409876851583305,1,1,207,144,199,157,0.9987047928945507,0.9984514579548198,0.9974428835998094,0.9974627511369563,5.965703615395945e-05,0.00022175372773880486,0.4545865309291835,0.5861725811370245,/kaggle/input/datasets/hintrngia/locked-resnet-xai-inputs/R-P/ResNet50/seed_42/best_checkpoint.pt
E04_XAI_R_P_ResNet50,R-P,ResNet50,42,92,pneumonia,E-7725ED8C0E93C0BF91B23FCE.jpeg,1,0.9994467474956316,0.43505859375,1,1,0.7834362162684254,0.7834362387657166,0.38677978515625,2.0255355795079506,0.8502705345202921,0.8502705097198486,2.198332402963621,1,1,207,112,196,98,0.9992678118633239,0.9991402623752138,0.999292747693812,0.9968638888863017,8.852841621964647e-05,0.0001687138401135213,-0.08667563503758015,-0.028758652987283244,/kaggle/input/datasets/hintrngia/locked-resnet-xai-inputs/R-P/ResNet50/seed_42/best_checkpoint.pt
E04_XAI_R_P_ResNet50,R-P,ResNet50,42,93,pneumonia,E-77D4D0C371CD4C8665643C00.jpeg,1,0.9928815140390517,0.43505859375,1,1,0.6627723129740576,0.6627722978591919,0.29443359375,2.2510077893380926,0.7799630326444046,0.7799630165100098,2.6490286747193044,1,1,175,112,159,126,0.9967522688216544,0.994592391025067,0.9969516225695396,0.9900256043266132,0.0012000165330684487,0.000854574450144252,0.9938518144944691,0.7148340392877214,/kaggle/input/datasets/hintrngia/locked-resnet-xai-inputs/R-P/ResNet50/seed_42/best_checkpoint.pt
E04_XAI_R_P_ResNet50,R-P,ResNet50,42,94,pneumonia,E-7B805F2D3984459EDD091000.jpeg,1,0.9995447628637277,0.43505859375,1,1,0.6990941571918059,0.6990941762924194,0.3260345458984375,2.1442333825863336,0.78984932090907,0.7898493409156799,2.4225939577431,1,1,207,144,207,147,0.9991845552926921,0.9991289708979203,0.9988319471700831,0.9975571693784488,0.0003458712234287731,0.004419079818459903,0.37956446444881414,0.5703699936128866,/kaggle/input/datasets/hintrngia/locked-resnet-xai-inputs/R-P/ResNet50/seed_42/best_checkpoint.pt
E04_XAI_R_P_ResNet50,R-P,ResNet50,42,95,pneumonia,E-8B99D004F7E59741CFAB602B.jpeg,1,0.999796621894906,0.43505859375,1,1,0.8390931710697475,0.8390931487083435,0.44635009765625,1.879899154219437,0.8782566068936497,0.878256618976593,1.9676406737789631,1,1,176,175,199,129,0.999498350472651,0.9989364144529048,0.9981905881457294,0.9985315769654901,2.391685305358493e-07,0.00027740423472122355,0.9934705470830912,0.5029007756250291,/kaggle/input/datasets/hintrngia/locked-resnet-xai-inputs/R-P/ResNet50/seed_42/best_checkpoint.pt
E04_XAI_R_P_ResNet50,R-P,ResNet50,42,96,pneumonia,E-8E859FAC3770F43BC30CF790.jpeg,1,0.9987869789566555,0.43505859375,1,1,0.7375457436435716,0.7375457286834717,0.32305908203125,2.2830057554990133,0.8300088401564925,0.830008864402771,2.5692168594604143,1,1,207,143,195,129,0.9986323645833053,0.9979170831776569,0.9986001605284452,0.9971414434967227,6.047577439449725e-05,0.0029150649680381724,0.921700061708045,0.9315612072921374,/kaggle/input/datasets/hintrngia/locked-resnet-xai-inputs/R-P/ResNet50/seed_42/best_checkpoint.pt
E04_XAI_R_P_ResNet50,R-P,ResNet50,42,97,pneumonia,E-9A9C78D1B9953A6FD2BA65F6.jpeg,1,0.9998398570521413,0.43505859375,1,1,0.7949407181118583,0.794940710067749,0.39300537109375,2.0227222745060858,0.8231289605854164,0.8231289386749268,2.0944471020704243,1,1,176,112,198,128,0.9994721809558116,0.999625045297115,0.9992327445591643,0.9994775993134721,1.4030681422139146e-05,0.0022594584932568162,0.9777167189810431,0.7474090168511421,/kaggle/input/datasets/hintrngia/locked-resnet-xai-inputs/R-P/ResNet50/seed_42/best_checkpoint.pt
E04_XAI_R_P_ResNet50,R-P,ResNet50,42,98,pneumonia,E-9B56CC62692974C989F872CC.jpeg,1,0.9989452673088615,0.43505859375,1,1,0.7666080648463812,0.7666080594062805,0.37744140625,2.0310650928918355,0.8711859877967602,0.8711859583854675,2.308135708936306,1,1,207,143,199,109,0.9992636504932093,0.9990308171243263,0.9994214968927282,0.9985468897287694,0.00011228085572356772,0.000657122909073049,0.9070283996918217,0.9452736120228138,/kaggle/input/datasets/hintrngia/locked-resnet-xai-inputs/R-P/ResNet50/seed_42/best_checkpoint.pt
E04_XAI_R_P_ResNet50,R-P,ResNet50,42,99,pneumonia,E-9FC76B9714A55204D742CE4C.jpeg,1,0.9991622238018719,0.43505859375,1,1,0.6830872700233681,0.6830872893333435,0.32318115234375,2.113635851192231,0.7963303301526111,0.7963303327560425,2.464037040457107,1,1,207,175,197,163,0.9983845974217251,0.9981141223615455,0.9982203251981103,0.998729719550191,0.0001609350320317393,0.00236651657052378,-0.10363968666331422,0.041438167836953005,/kaggle/input/datasets/hintrngia/locked-resnet-xai-inputs/R-P/ResNet50/seed_42/best_checkpoint.pt
E04_XAI_R_P_ResNet50,R-P,ResNet50,42,100,pneumonia,E-A0A20FFCEFD96663F4AB4E87.jpeg,1,0.9967596010750529,0.43505859375,1,1,0.7612958805846245,0.7612958550453186,0.3404388427734375,2.2362192115993884,0.8270913886283674,0.82709139585495,2.429485959622997,1,1,207,175,202,162,0.9969428813464078,0.991971441489542,0.993330155610924,0.9963807175254482,0.0005968434315660742,0.001999630247168205,-0.09256062575469895,-0.03208793339350811,/kaggle/input/datasets/hintrngia/locked-resnet-xai-inputs/R-P/ResNet50/seed_42/best_checkpoint.pt
E04_XAI_R_P_ResNet50,R-P,ResNet50,42,101,pneumonia,E-A0D5A9410E976B289DD85CF6.jpeg,1,0.9116105371731291,0.43505859375,1,1,0.7173553334935399,0.7173553109169006,0.2681732177734375,2.6749700788524966,0.7924095080884527,0.7924094796180725,2.9548420780702607,1,1,176,207,169,167,0.9529764015462159,0.91686293930792,0.9445366092170501,0.8862818481578401,0.00023114807300284035,0.006441672362468287,0.8941839301370631,0.625110528575052,/kaggle/input/datasets/hintrngia/locked-resnet-xai-inputs/R-P/ResNet50/seed_42/best_checkpoint.pt
E04_XAI_R_P_ResNet50,R-P,ResNet50,42,102,pneumonia,E-A540763BCA2A1AF575A9EE6B.jpeg,1,0.9931093246468191,0.43505859375,1,1,0.8207231713842181,0.8207231760025024,0.3713226318359375,2.2102697250805883,0.8735145704499094,0.8735145926475525,2.3524409652354743,1,1,207,144,202,170,0.9955491791216051,0.9913264755035305,0.9922019923877314,0.9944841550917977,0.00048329324396367834,0.0008362542167403841,0.9894888203037125,0.6715716168861424,/kaggle/input/datasets/hintrngia/locked-resnet-xai-inputs/R-P/ResNet50/seed_42/best_checkpoint.pt
E04_XAI_R_P_ResNet50,R-P,ResNet50,42,103,pneumonia,E-A9AC7ECA864D894719491A2C.jpeg,1,0.9988502411689871,0.43505859375,1,1,0.7286235868719095,0.7286235690116882,0.3572845458984375,2.039336980108369,0.8173836077533047,0.8173835873603821,2.2877664795097403,1,1,207,112,209,111,0.9962128154192802,0.9970956071955405,0.9887327958359475,0.9979836917479739,0.00041188260232516427,0.005315711631151299,0.1526379989533853,0.08637017772791408,/kaggle/input/datasets/hintrngia/locked-resnet-xai-inputs/R-P/ResNet50/seed_42/best_checkpoint.pt
E04_XAI_R_P_ResNet50,R-P,ResNet50,42,104,pneumonia,E-B15903E1E2039605DB9FB6A1.jpeg,1,0.9907633313170171,0.43505859375,1,1,0.6765439018587643,0.6765438914299011,0.2703704833984375,2.5022846183315073,0.7539797736966126,0.7539798021316528,2.788691147862814,1,1,175,80,175,76,0.983802184654929,0.9854507992482465,0.9866111855698874,0.9778744700097572,0.00028210976311326963,0.001748092050968486,0.7781795844399871,0.6998666722761299,/kaggle/input/datasets/hintrngia/locked-resnet-xai-inputs/R-P/ResNet50/seed_42/best_checkpoint.pt
E04_XAI_R_P_ResNet50,R-P,ResNet50,42,105,pneumonia,E-B29F964F9024332A9FD3DA8C.jpeg,1,0.997491957744224,0.43505859375,1,1,0.8469349463181912,0.846934974193573,0.444091796875,1.9071168444856026,0.8961836971698343,0.8961836695671082,2.0180145264473013,1,1,176,175,201,129,0.9969968969427063,0.9967584810172849,0.9966545077929339,0.9971207980791006,0.00021676942667370191,1.907589948602073e-05,0.8785359771755998,0.8198252702905348,/kaggle/input/datasets/hintrngia/locked-resnet-xai-inputs/R-P/ResNet50/seed_42/best_checkpoint.pt
E04_XAI_R_P_ResNet50,R-P,ResNet50,42,106,pneumonia,E-B352C843937DC9BD58C4B554.jpeg,1,0.9852844655961471,0.43505859375,1,1,0.7644580097361222,0.7644580006599426,0.322052001953125,2.3737098515145694,0.8193168915834802,0.8193168640136719,2.5440515401693813,1,1,207,144,206,159,0.9779801459446097,0.9223904692421612,0.948358536436531,0.9551182131298444,0.0004700411054002762,0.0010468479723437785,0.20530672905826933,0.34164377036534527,/kaggle/input/datasets/hintrngia/locked-resnet-xai-inputs/R-P/ResNet50/seed_42/best_checkpoint.pt
E04_XAI_R_P_ResNet50,R-P,ResNet50,42,107,pneumonia,E-B41848B096ED1788DCCEEDA2.jpeg,1,0.995911854548253,0.43505859375,1,1,0.6562111591241168,0.6562111377716064,0.2685089111328125,2.443908309618578,0.8002648390169852,0.800264835357666,2.980403278389336,1,1,207,144,207,161,0.9948487675148205,0.9939307885112507,0.9920244928523407,0.9942298933516049,5.646608798992592e-05,0.0015127660061849957,-0.08484772906789365,-0.01175702522554938,/kaggle/input/datasets/hintrngia/locked-resnet-xai-inputs/R-P/ResNet50/seed_42/best_checkpoint.pt
E04_XAI_R_P_ResNet50,R-P,ResNet50,42,108,pneumonia,E-B813D1454C73F6C74F660590.jpeg,1,0.8746066404320478,0.43505859375,1,1,0.6830140741434984,0.6830140948295593,0.2771453857421875,2.464461287401217,0.7178574180356958,0.7178574204444885,2.5901835461315508,1,1,207,143,211,137,0.9482733140921941,0.9496717662677706,0.8967406510163561,0.9592633529728778,0.00035083082374520735,0.003809416588918979,0.41832391314441547,0.6067818650957638,/kaggle/input/datasets/hintrngia/locked-resnet-xai-inputs/R-P/ResNet50/seed_42/best_checkpoint.pt
E04_XAI_R_P_ResNet50,R-P,ResNet50,42,109,pneumonia,E-BF1AD901130E35A45E611B5A.jpeg,1,0.9991485005613067,0.43505859375,1,1,0.6755140748694175,0.6755141019821167,0.2906494140625,2.324154263473443,0.7294794883391889,0.7294794917106628,2.509826110237142,1,1,207,176,206,185,0.9990126043974608,0.9988176680761,0.9956756762509729,0.9976777577161684,0.00016978467228190297,0.002006582838661841,-0.11161508732513716,-0.02430426404557665,/kaggle/input/datasets/hintrngia/locked-resnet-xai-inputs/R-P/ResNet50/seed_42/best_checkpoint.pt
E04_XAI_R_P_ResNet50,R-P,ResNet50,42,110,pneumonia,E-BFFC08BEA9A0FA7A1279A0B5.jpeg,1,0.9965370801361506,0.43505859375,1,1,0.7850292890848981,0.7850292921066284,0.364898681640625,2.1513623605196908,0.8731078664485669,0.8731078505516052,2.392740534229877,1,1,207,144,198,163,0.9977294508888737,0.9921705061394801,0.9974212517052905,0.9938891839955108,0.0003764219278943326,0.0023925948636472905,0.30957253471091534,0.2854372361259598,/kaggle/input/datasets/hintrngia/locked-resnet-xai-inputs/R-P/ResNet50/seed_42/best_checkpoint.pt
E04_XAI_R_P_ResNet50,R-P,ResNet50,42,111,pneumonia,E-C378B1871ED2B8AC1E544A5B.jpeg,1,0.9967092438098606,0.43505859375,1,1,0.6368579597238606,0.6368579864501953,0.2780303955078125,2.2906055237617546,0.7432419318742159,0.7432419061660767,2.673239846732266,1,1,175,144,175,130,0.9965074272238033,0.9970368351527075,0.9957916496238329,0.9954019977660141,2.1241390863679932e-05,0.006051444934870975,-0.13913558788026922,-0.043290906705440294,/kaggle/input/datasets/hintrngia/locked-resnet-xai-inputs/R-P/ResNet50/seed_42/best_checkpoint.pt
E04_XAI_R_P_ResNet50,R-P,ResNet50,42,112,pneumonia,E-D2A52B478FEFC3F6A00973AF.jpeg,1,0.995166492904713,0.43505859375,1,1,0.8005692936197102,0.8005692958831787,0.35107421875,2.2803420213256835,0.8986856231774203,0.8986856341362,2.559816629022749,1,1,207,175,203,151,0.9957327155807922,0.994340988650863,0.9955381355979329,0.9934713399529034,0.0010221614274465995,0.003542027592352004,-0.13000705802940637,-0.023481641844935893,/kaggle/input/datasets/hintrngia/locked-resnet-xai-inputs/R-P/ResNet50/seed_42/best_checkpoint.pt
E04_XAI_R_P_ResNet50,R-P,ResNet50,42,113,pneumonia,E-D33BB0B839138FAFF4DA3ED6.jpeg,1,0.9651141766301058,0.43505859375,1,1,0.8038148070796944,0.8038148283958435,0.3347625732421875,2.4011489674449544,0.8565155332566798,0.8565155267715454,2.558576142372477,1,1,207,143,206,131,0.9762248331008307,0.9280260731848513,0.9334694639908676,0.9676447176892684,0.0006193893379431437,0.003184864027255596,-0.05127804870991107,-0.04637360533560922,/kaggle/input/datasets/hintrngia/locked-resnet-xai-inputs/R-P/ResNet50/seed_42/best_checkpoint.pt
E04_XAI_R_P_ResNet50,R-P,ResNet50,42,114,pneumonia,E-DA47F22802134421DB0B257A.jpeg,1,0.9998860776736452,0.43505859375,1,1,0.72180485114719,0.7218048572540283,0.39227294921875,1.8400576756177938,0.7172273692199822,0.7172273397445679,1.828388551003608,1,1,207,144,203,163,0.9997889232141437,0.999719698778543,0.9996037026865716,0.9997675466440139,0.00010322196941170425,0.0012424436960248864,0.7154905949228157,0.46060238529970704,/kaggle/input/datasets/hintrngia/locked-resnet-xai-inputs/R-P/ResNet50/seed_42/best_checkpoint.pt
E04_XAI_R_P_ResNet50,R-P,ResNet50,42,115,pneumonia,E-E09BD72833F7B4079F215903.jpeg,1,0.9994622922501106,0.43505859375,1,1,0.6474528969253147,0.6474528908729553,0.3171234130859375,2.041643316792447,0.6914113020185131,0.6914113163948059,2.1802593989840386,0,1,207,144,201,166,0.9987199212565245,0.9992797745368606,0.9990151235377175,0.9982127484148937,0.0005883424692760819,0.00476230925699439,0.9644597576225088,0.5737469794255122,/kaggle/input/datasets/hintrngia/locked-resnet-xai-inputs/R-P/ResNet50/seed_42/best_checkpoint.pt
E04_XAI_R_P_ResNet50,R-P,ResNet50,42,116,pneumonia,E-E0D541D212A934D795DA0D1B.jpeg,1,0.971320616986443,0.43505859375,1,1,0.7013644172098399,0.7013643980026245,0.306488037109375,2.2883908416939196,0.8151169677183411,0.8151169419288635,2.6595392609971724,1,1,48,143,63,129,0.986215823359486,0.9788411537483159,0.9823384111141454,0.9713483204972597,6.541015806815764e-05,0.0004733309907569705,0.9493855655127104,0.8245489272429926,/kaggle/input/datasets/hintrngia/locked-resnet-xai-inputs/R-P/ResNet50/seed_42/best_checkpoint.pt
E04_XAI_R_P_ResNet50,R-P,ResNet50,42,117,pneumonia,E-E1AD2A3BA30BC31AC67A922E.jpeg,1,0.9993156770371238,0.43505859375,1,1,0.7177684017443482,0.7177684307098389,0.3279571533203125,2.188604195631955,0.7325464492172304,0.7325464487075806,2.2336651047271396,1,1,207,175,201,190,0.9988617494539458,0.9988196093479196,0.9961001288495983,0.999087261533058,7.488412489609075e-05,0.0004103464239061383,0.5628844961573612,0.6523161114412249,/kaggle/input/datasets/hintrngia/locked-resnet-xai-inputs/R-P/ResNet50/seed_42/best_checkpoint.pt
E04_XAI_R_P_ResNet50,R-P,ResNet50,42,118,pneumonia,E-E280E4CD8F00E10AB30B96C9.jpeg,1,0.9890438079266727,0.43505859375,1,1,0.743902361015757,0.7439023852348328,0.3293609619140625,2.2586233556418183,0.8158038438776367,0.8158038258552551,2.4769293820877833,1,1,207,143,192,127,0.9897072976427124,0.9759712654525645,0.9865152056012467,0.971868742217237,0.00015284341603061247,0.0031378648105261364,0.746193597888059,0.8032188360995925,/kaggle/input/datasets/hintrngia/locked-resnet-xai-inputs/R-P/ResNet50/seed_42/best_checkpoint.pt
E04_XAI_R_P_ResNet50,R-P,ResNet50,42,119,pneumonia,E-E2EF7E089A1E8F497DBAC1CB.jpeg,1,0.9991276727795475,0.43505859375,1,1,0.6989178887563752,0.6989178657531738,0.3351898193359375,2.0851405634605453,0.8057187946988605,0.8057187795639038,2.4037686952876824,1,1,207,143,199,166,0.9986201923229865,0.9986183589768831,0.9982131435473717,0.9984042162767995,0.0008290226213218954,0.0021852283466849975,-0.16486397027231697,-0.047686202873810216,/kaggle/input/datasets/hintrngia/locked-resnet-xai-inputs/R-P/ResNet50/seed_42/best_checkpoint.pt
E04_XAI_R_P_ResNet50,R-P,ResNet50,42,120,pneumonia,E-E7BF66D9C027E263610D5923.jpeg,1,0.9810642768708584,0.43505859375,1,1,0.8326172200720823,0.8326172232627869,0.3877410888671875,2.147353592327889,0.9028590713472099,0.902859091758728,2.3285101766876846,1,1,207,144,211,142,0.9883968401723551,0.9579199170553223,0.9807700846267813,0.9531898494741686,0.00016389669935390483,0.0023219001645677917,-0.0609261368975206,0.005337813220873546,/kaggle/input/datasets/hintrngia/locked-resnet-xai-inputs/R-P/ResNet50/seed_42/best_checkpoint.pt
E04_XAI_R_P_ResNet50,R-P,ResNet50,42,121,pneumonia,E-EB1401E2B7015C0BDE01BE91.jpeg,1,0.9973927804647662,0.43505859375,1,1,0.715224869180976,0.7152248620986938,0.329986572265625,2.1674362816352746,0.7810518311828156,0.7810518145561218,2.366920041080043,1,1,175,111,168,98,0.9971631280610784,0.9947881092063842,0.9945686217839312,0.9975707954332556,4.2350481242459104e-05,0.004414744332346565,-0.07645166117020319,0.03587794701179681,/kaggle/input/datasets/hintrngia/locked-resnet-xai-inputs/R-P/ResNet50/seed_42/best_checkpoint.pt
E04_XAI_R_P_ResNet50,R-P,ResNet50,42,122,pneumonia,E-EB344A640162B22F1A6C369F.jpeg,1,0.9926646909218181,0.43505859375,1,1,0.7007425136469655,0.7007425427436829,0.2807464599609375,2.49599768326363,0.7342154873534741,0.734215497970581,2.6152261633348157,1,1,175,143,167,135,0.9929955370887436,0.9828971052567178,0.9887053016016041,0.9908540006306888,0.000341088815642987,0.014037464238069619,0.07495442503530139,0.2861478886073961,/kaggle/input/datasets/hintrngia/locked-resnet-xai-inputs/R-P/ResNet50/seed_42/best_checkpoint.pt
E04_XAI_R_P_ResNet50,R-P,ResNet50,42,123,pneumonia,E-EC00E01864643AB223676743.jpeg,1,0.9663821412501471,0.43505859375,1,1,0.7033458849383101,0.7033458948135376,0.3099517822265625,2.269210649107325,0.792031951057823,0.7920319437980652,2.5553392381492386,1,1,79,111,195,128,0.9612544667533574,0.9558694170807229,0.970328554206403,0.9708258582829671,0.000454496317949471,4.5731558428907526e-05,0.9460326488382189,0.5472203916233842,/kaggle/input/datasets/hintrngia/locked-resnet-xai-inputs/R-P/ResNet50/seed_42/best_checkpoint.pt
E04_XAI_R_P_ResNet50,R-P,ResNet50,42,124,pneumonia,E-EF92BEF2BC79AC7D99E44B1F.jpeg,1,0.9881941748829859,0.43505859375,1,1,0.7242609501828378,0.7242609262466431,0.343048095703125,2.1112519184762233,0.7739315454672134,0.7739315629005432,2.256043846799186,1,1,144,143,163,63,0.9913204340229493,0.980819480710966,0.9924648858432596,0.9745071381014646,0.00016012866617787225,0.0021265670989176755,0.34713051458180827,0.4457632780344376,/kaggle/input/datasets/hintrngia/locked-resnet-xai-inputs/R-P/ResNet50/seed_42/best_checkpoint.pt
E04_XAI_R_P_ResNet50,R-P,ResNet50,42,125,pneumonia,E-F051ECCC0E91B0C03A0B3894.jpeg,1,0.999725104323227,0.43505859375,1,1,0.8543585703595771,0.8543585538864136,0.5049896240234375,1.6918339104724351,0.8533169931710336,0.8533170223236084,1.6897713390076101,1,1,207,144,194,129,0.9996513835290493,0.9992820815183605,0.999527815979001,0.9980319856076773,5.249186600531086e-05,0.0014252549514018886,0.6771391514459898,0.6893917414941939,/kaggle/input/datasets/hintrngia/locked-resnet-xai-inputs/R-P/ResNet50/seed_42/best_checkpoint.pt
E04_XAI_R_P_ResNet50,R-P,ResNet50,42,126,pneumonia,E-FA7B18636100FBD243EBAF3A.jpeg,1,0.9930802157414929,0.43505859375,1,1,0.6870295596835484,0.6870295405387878,0.2697601318359375,2.5468165180961044,0.7568546942232462,0.7568547129631042,2.805658082505496,1,1,207,144,206,143,0.9865558155394154,0.9879431760373103,0.9762251158692514,0.9796418838679075,0.00026645647510026294,0.00052299618479279,0.49852535030057576,0.7755118043183881,/kaggle/input/datasets/hintrngia/locked-resnet-xai-inputs/R-P/ResNet50/seed_42/best_checkpoint.pt
E04_XAI_R_P_ResNet50,R-P,ResNet50,42,127,pneumonia,E-FDAF56855798F8C5BE7AC652.jpeg,1,0.9998204634714255,0.43505859375,1,1,0.7573299059775441,0.7573298811912537,0.37738037109375,2.006807889299059,0.805930307413831,0.8059303164482117,2.1355914857946314,1,1,175,144,167,126,0.9997023922981716,0.999134766637213,0.9997039653774471,0.9992854437924124,0.00023767558854470572,0.0024515445178123763,0.22532057576870348,0.5237572492219212,/kaggle/input/datasets/hintrngia/locked-resnet-xai-inputs/R-P/ResNet50/seed_42/best_checkpoint.pt
E04_XAI_R_P_ResNet50,R-P,ResNet50,2024,0,normal,E-03B36F677CCFA6787A3BC686.jpeg,0,0.8155690764858298,0.6220703125,1,0,0.7895479435839405,0.7895479202270508,0.3590850830078125,2.198776782846094,0.8729522665037904,0.8729522824287415,2.431045754370136,1,1,176,112,191,126,0.9492886919083763,0.9366730109677155,0.9581220213617422,0.9375762336050225,0.000582010720402315,0.0006872785626219624,-0.13155344662938945,-0.028767446887159383,/kaggle/input/datasets/hintrngia/locked-resnet-xai-inputs/R-P/ResNet50/seed_2024/best_checkpoint.pt
E04_XAI_R_P_ResNet50,R-P,ResNet50,2024,1,normal,E-06530ECE35CCF9FF05F7DDEB.jpeg,0,0.028781974087312708,0.6220703125,0,1,0.718576753735517,0.7185767292976379,0.2779541015625,2.58523529495009,0.8130061737971965,0.8130061626434326,2.9249655580793297,1,1,80,80,98,161,0.6064458377577963,0.7745403006280562,0.5405464416723166,0.8335525936554511,5.7020863060364135e-05,0.0008242040059006639,0.07723928601126684,0.04326161429162595,/kaggle/input/datasets/hintrngia/locked-resnet-xai-inputs/R-P/ResNet50/seed_2024/best_checkpoint.pt
E04_XAI_R_P_ResNet50,R-P,ResNet50,2024,2,normal,E-10FEC5D206E4A3A02E4F32C9.jpeg,0,0.7706067223299452,0.6220703125,1,0,0.7100111854558296,0.7100111842155457,0.2476806640625,2.8666395422642466,0.7650879905506756,0.7650879621505737,3.089009767664433,1,1,207,144,171,163,0.9537162914894176,0.788284088286252,0.9212350468713757,0.8075803268057076,0.0017984529749111022,0.006059412714201851,0.6724047628693975,0.5797774878400676,/kaggle/input/datasets/hintrngia/locked-resnet-xai-inputs/R-P/ResNet50/seed_2024/best_checkpoint.pt
E04_XAI_R_P_ResNet50,R-P,ResNet50,2024,3,normal,E-16E04AC17A9CE052EFE7227B.jpeg,0,0.046040823630476416,0.6220703125,0,1,0.8034881424059528,0.8034881353378296,0.3753509521484375,2.1406316883091394,0.8009997485864314,0.8009997606277466,2.134002175834805,1,0,80,80,63,64,0.4353583253858251,0.750702622853705,0.38892542055808044,0.8052395275654561,7.68733838347746e-05,0.00022496029092333725,-0.11447801323849956,0.05096579033471726,/kaggle/input/datasets/hintrngia/locked-resnet-xai-inputs/R-P/ResNet50/seed_2024/best_checkpoint.pt
E04_XAI_R_P_ResNet50,R-P,ResNet50,2024,4,normal,E-256958BC036CED77CAAB2A55.jpeg,0,0.20997373627267657,0.6220703125,0,1,0.7457655514177287,0.7457655668258667,0.3496246337890625,2.1330463569900173,0.8768097495968248,0.8768097758293152,2.5078603303616944,1,1,80,80,89,78,0.3265386878259682,0.5719436153824404,0.31714767347172546,0.5731280878757041,0.00021237168258148031,0.0007574835244955613,0.9892332012163889,0.9381892331132691,/kaggle/input/datasets/hintrngia/locked-resnet-xai-inputs/R-P/ResNet50/seed_2024/best_checkpoint.pt
E04_XAI_R_P_ResNet50,R-P,ResNet50,2024,5,normal,E-280031A047E47DC7EA750C62.jpeg,0,0.06969111847373323,0.6220703125,0,1,0.8427163547554977,0.8427163362503052,0.3791046142578125,2.2229124180018633,0.8913801224188489,0.8913801312446594,2.3512774281683106,1,1,79,80,72,94,0.5963536942661887,0.7287360669641765,0.5960601183400964,0.7425107079554734,0.00010700169126265369,0.00034287916333464175,0.5243432284194598,0.6706744754042094,/kaggle/input/datasets/hintrngia/locked-resnet-xai-inputs/R-P/ResNet50/seed_2024/best_checkpoint.pt
E04_XAI_R_P_ResNet50,R-P,ResNet50,2024,6,normal,E-28020DB22FEE86C7B17E72DA.jpeg,0,0.284108138400127,0.6220703125,0,1,0.7630928401446221,0.7630928158760071,0.3710174560546875,2.056757243336128,0.8131406927595937,0.8131406903266907,2.19165076868981,1,1,80,80,72,184,0.24118516354467323,0.3905150698967284,0.2365525690057776,0.40912266058078084,4.17695157650666e-05,0.0016080063720603777,-0.018004819677985832,0.04895606892184468,/kaggle/input/datasets/hintrngia/locked-resnet-xai-inputs/R-P/ResNet50/seed_2024/best_checkpoint.pt
E04_XAI_R_P_ResNet50,R-P,ResNet50,2024,7,normal,E-28234EA54B2F1B13D8D5995E.jpeg,0,0.4364205538174448,0.6220703125,0,1,0.7913791572229258,0.7913791537284851,0.3462677001953125,2.2854547414516224,0.7978982228216136,0.7978982329368591,2.3042814053160563,1,1,79,79,78,53,0.34337293867280705,0.31344677288202294,0.28237784954486556,0.35188018840588564,0.0010519086397774435,0.0015002424589479757,-0.05560196170657245,-0.01200371482741484,/kaggle/input/datasets/hintrngia/locked-resnet-xai-inputs/R-P/ResNet50/seed_2024/best_checkpoint.pt
E04_XAI_R_P_ResNet50,R-P,ResNet50,2024,8,normal,E-28CAAFCB1AFEEA2D46764B17.jpeg,0,0.6472680777571521,0.6220703125,1,0,0.7127634878557676,0.7127634882926941,0.38934326171875,1.8306814524265396,0.6995644087994347,0.6995643973350525,1.7967805727809905,1,1,144,111,166,35,0.8067103667555278,0.8621364693053148,0.7806928890908242,0.8714145623536032,0.0008320802888874823,0.002067359215395581,0.5995160320169265,0.4604295694714831,/kaggle/input/datasets/hintrngia/locked-resnet-xai-inputs/R-P/ResNet50/seed_2024/best_checkpoint.pt
E04_XAI_R_P_ResNet50,R-P,ResNet50,2024,9,normal,E-29AE82E82E5A6A48DC6D8B99.jpeg,0,0.10187285297720869,0.6220703125,0,1,0.7124683942126226,0.7124683856964111,0.3269195556640625,2.1793385616391334,0.7728123189340863,0.7728123068809509,2.363921966565427,1,0,80,80,67,66,0.6429209925280541,0.6680024618195157,0.5993866742467195,0.7242644177065445,0.00013582607193762808,0.003689026238098747,0.9764476414806025,0.9850364843356436,/kaggle/input/datasets/hintrngia/locked-resnet-xai-inputs/R-P/ResNet50/seed_2024/best_checkpoint.pt
E04_XAI_R_P_ResNet50,R-P,ResNet50,2024,10,normal,E-2B646E91E652E02CC65E6BA0.jpeg,0,0.03278405477958439,0.6220703125,0,1,0.7638859576589379,0.7638859748840332,0.2742767333984375,2.7850920790618163,0.8109864651265335,0.8109864592552185,2.9568183020045895,1,0,176,80,87,62,0.7008019854217344,0.8779391258590041,0.6507022702268077,0.8996889553501467,0.00016173344910785925,0.0004192328512527821,-0.13315071904464265,0.15828501339382348,/kaggle/input/datasets/hintrngia/locked-resnet-xai-inputs/R-P/ResNet50/seed_2024/best_checkpoint.pt
E04_XAI_R_P_ResNet50,R-P,ResNet50,2024,11,normal,E-2F227E134B6699426A9E9AB9.jpeg,0,0.47933063758207667,0.6220703125,0,1,0.7469910855857897,0.7469910979270935,0.3509368896484375,2.1285624498869655,0.7347497528101647,0.7347497344017029,2.093680586119699,1,1,80,80,79,66,0.2567550586911004,0.28490999558296426,0.2001404237740519,0.32940525871231574,0.00045457391672099057,0.002826001403057221,0.6849987252401133,0.772960379485588,/kaggle/input/datasets/hintrngia/locked-resnet-xai-inputs/R-P/ResNet50/seed_2024/best_checkpoint.pt
E04_XAI_R_P_ResNet50,R-P,ResNet50,2024,12,normal,E-2F5E9CF0C3839769BD6D37AD.jpeg,0,0.4669687480226078,0.6220703125,0,1,0.7717972311204365,0.771797239780426,0.3790740966796875,2.036006252816042,0.7506629005704772,0.7506629228591919,1.9802537476064404,1,0,111,79,74,50,0.32630677520093637,0.25560383209065685,0.3022387661623518,0.2691941196383634,0.0002846046029839622,0.003227970612655895,0.9594091916213321,0.8937147511185363,/kaggle/input/datasets/hintrngia/locked-resnet-xai-inputs/R-P/ResNet50/seed_2024/best_checkpoint.pt
E04_XAI_R_P_ResNet50,R-P,ResNet50,2024,13,normal,E-306538194ADB5E9E447B7A10.jpeg,0,0.028241473006938658,0.6220703125,0,1,0.7064702990920774,0.7064703106880188,0.2563934326171875,2.7554149569302138,0.7784214409907396,0.7784214615821838,3.036042823113082,1,1,80,80,50,178,0.6598803072117302,0.8887826752980552,0.6015484373447988,0.8954246685405075,0.0004674159744403328,0.0007939975167313706,-0.20867552567233671,-0.009980958062295068,/kaggle/input/datasets/hintrngia/locked-resnet-xai-inputs/R-P/ResNet50/seed_2024/best_checkpoint.pt
E04_XAI_R_P_ResNet50,R-P,ResNet50,2024,14,normal,E-36FB7A78C2BFA1A3824C3EFA.jpeg,0,0.620611679800889,0.6220703125,0,1,0.7477130360593498,0.747713029384613,0.3275299072265625,2.2828847673508292,0.8197410500434295,0.8197410702705383,2.5027975520916,1,1,111,79,98,66,0.18381211680818926,0.19911256983458198,0.17881692604980592,0.20330488241401468,0.0014791441785527715,0.003228836364990495,0.9783592627079428,0.8953328281816516,/kaggle/input/datasets/hintrngia/locked-resnet-xai-inputs/R-P/ResNet50/seed_2024/best_checkpoint.pt
E04_XAI_R_P_ResNet50,R-P,ResNet50,2024,15,normal,E-3B865A0E9283DC8B3D382B5F.jpeg,0,0.9775201314798437,0.6220703125,1,0,0.8138873290139591,0.813887357711792,0.360931396484375,2.2549640650316576,0.8315825006602368,0.8315824866294861,2.3039904778586826,1,1,176,143,206,145,0.9890546273171869,0.940320707506869,0.9899376554548884,0.9586559249051116,0.0006616419037488441,0.0038017988866201335,-0.13745712843907792,-0.057715631407281455,/kaggle/input/datasets/hintrngia/locked-resnet-xai-inputs/R-P/ResNet50/seed_2024/best_checkpoint.pt
E04_XAI_R_P_ResNet50,R-P,ResNet50,2024,16,normal,E-3D66EC3C4F2D4073FE577EEA.jpeg,0,0.1348880557273438,0.6220703125,0,1,0.6920929021371216,0.6920928955078125,0.2598114013671875,2.6638280633381335,0.7923744143498472,0.7923744320869446,3.049806167782439,1,1,111,80,107,71,0.39361260842702933,0.7108257270025751,0.35553803960047703,0.7782823619065722,0.00017950289093671135,0.000224164537031335,0.7061052511047758,0.8975899342461515,/kaggle/input/datasets/hintrngia/locked-resnet-xai-inputs/R-P/ResNet50/seed_2024/best_checkpoint.pt
E04_XAI_R_P_ResNet50,R-P,ResNet50,2024,17,normal,E-40D9418B91304B06987F2A6E.jpeg,0,0.7573049754475518,0.6220703125,1,0,0.7906076491035053,0.7906076312065125,0.3151092529296875,2.5089953460678576,0.7833247220049361,0.7833247184753418,2.485882958758195,1,1,111,112,100,111,0.8504885078141304,0.9157582207959665,0.860662697081344,0.9139467376777075,0.00017882931032064953,0.000382284043781822,0.016013450015904436,0.11438700174398117,/kaggle/input/datasets/hintrngia/locked-resnet-xai-inputs/R-P/ResNet50/seed_2024/best_checkpoint.pt
E04_XAI_R_P_ResNet50,R-P,ResNet50,2024,18,normal,E-44BF14DBF8A5FE52BF53ED2E.jpeg,0,0.6279770340472556,0.6220703125,1,0,0.6972883169881003,0.6972883343696594,0.32672119140625,2.1341998478485027,0.7122360109232808,0.7122359871864319,2.179950458241553,1,1,144,80,167,94,0.7555222235849652,0.9052166078930172,0.7863840554277071,0.9048023531086526,0.000978076351063728,0.001825337666277016,0.02146442401781619,0.05726325095641559,/kaggle/input/datasets/hintrngia/locked-resnet-xai-inputs/R-P/ResNet50/seed_2024/best_checkpoint.pt
E04_XAI_R_P_ResNet50,R-P,ResNet50,2024,19,normal,E-47080ACF9F207EB21662EAAE.jpeg,0,0.7672447544075554,0.6220703125,1,0,0.7562762615912146,0.7562762498855591,0.3899383544921875,1.939476465648282,0.7908939242750179,0.7908939123153687,2.0282537359142077,1,1,144,80,147,78,0.899415299297581,0.9116387359565178,0.9158505972924291,0.9226063574498198,0.00034150328560800247,0.0007617790184771822,0.9242050476122208,0.811534164212509,/kaggle/input/datasets/hintrngia/locked-resnet-xai-inputs/R-P/ResNet50/seed_2024/best_checkpoint.pt
E04_XAI_R_P_ResNet50,R-P,ResNet50,2024,20,normal,E-4F18C9F59223CD9D0CA81789.jpeg,0,0.7795806235971124,0.6220703125,1,0,0.7810057712828594,0.7810057997703552,0.305145263671875,2.559455656905364,0.8678216258560706,0.8678216338157654,2.8439622998351557,1,1,144,111,171,94,0.8288253008768455,0.9368702567618972,0.8221250577183685,0.9456806824840018,0.0015742874988361466,0.002622984840996101,0.14306551899866987,0.23310242469172937,/kaggle/input/datasets/hintrngia/locked-resnet-xai-inputs/R-P/ResNet50/seed_2024/best_checkpoint.pt
E04_XAI_R_P_ResNet50,R-P,ResNet50,2024,21,normal,E-57BEC1C15CFD6C2BBAF49905.jpeg,0,0.34188407582708996,0.6220703125,0,1,0.7472032259954045,0.7472032308578491,0.3210601806640625,2.327299587416702,0.7515185219162857,0.7515185475349426,2.340740357031781,1,1,111,80,108,72,0.20992979064329206,0.47729957376749543,0.19844071588755977,0.5514217901430193,0.00043286821840704537,0.0021667682130364074,0.9898433633377561,0.7990799269416384,/kaggle/input/datasets/hintrngia/locked-resnet-xai-inputs/R-P/ResNet50/seed_2024/best_checkpoint.pt
E04_XAI_R_P_ResNet50,R-P,ResNet50,2024,22,normal,E-5822F4C00AF6A5D69871506D.jpeg,0,0.38439303627214744,0.6220703125,0,1,0.8511115443982312,0.8511115312576294,0.414520263671875,2.05324472405516,0.8440258246585213,0.8440258502960205,2.0361509403232296,1,1,80,79,79,191,0.2941061021394359,0.3992217042584175,0.2764181181164511,0.46515762268636546,0.0004882355288085005,0.0020131419514711757,0.9602156458328723,0.9494019034123655,/kaggle/input/datasets/hintrngia/locked-resnet-xai-inputs/R-P/ResNet50/seed_2024/best_checkpoint.pt
E04_XAI_R_P_ResNet50,R-P,ResNet50,2024,23,normal,E-592EC4B388705AD74965EF2F.jpeg,0,0.1611232441903708,0.6220703125,0,1,0.7074908061074705,0.7074908018112183,0.3038330078125,2.3285515000531936,0.8138438702143898,0.813843846321106,2.6785893872222903,1,1,111,80,102,82,0.34764975683649185,0.5706926706498139,0.3377503650750924,0.6596094522387008,7.005821844763283e-05,0.0003206681963209279,0.8660082288700692,0.8827865287186859,/kaggle/input/datasets/hintrngia/locked-resnet-xai-inputs/R-P/ResNet50/seed_2024/best_checkpoint.pt
E04_XAI_R_P_ResNet50,R-P,ResNet50,2024,24,normal,E-5EB53A5E9ABA53D43AB743A8.jpeg,0,0.2513694516722655,0.6220703125,0,1,0.6863692558810695,0.6863692402839661,0.2571563720703125,2.6690734915695584,0.7831584903999791,0.7831584811210632,3.0454562883078995,1,1,80,80,79,177,0.2607551158038653,0.48113909133988536,0.2070660482601988,0.5679314548848751,1.646654956943827e-05,0.0014698499041678748,0.905011448194332,0.8701554242556544,/kaggle/input/datasets/hintrngia/locked-resnet-xai-inputs/R-P/ResNet50/seed_2024/best_checkpoint.pt
E04_XAI_R_P_ResNet50,R-P,ResNet50,2024,25,normal,E-5FBF0EE47B9EC5825E465989.jpeg,0,0.13872935247812615,0.6220703125,0,1,0.7533657587548638,0.7533657550811768,0.329376220703125,2.2872499937810966,0.8525979030234504,0.8525978922843933,2.5885229395230636,1,1,80,80,78,194,0.5111352011196524,0.6318689966871274,0.41284886243499297,0.7022910572823687,0.00041193447542853256,0.0006582021687889794,0.7308674964523307,0.5322722978045598,/kaggle/input/datasets/hintrngia/locked-resnet-xai-inputs/R-P/ResNet50/seed_2024/best_checkpoint.pt
E04_XAI_R_P_ResNet50,R-P,ResNet50,2024,26,normal,E-67976418F9EE68ADAB32C212.jpeg,0,0.1253651231717013,0.6220703125,0,1,0.6074753124380112,0.6074753403663635,0.26171875,2.321099701255685,0.6927548761908768,0.692754864692688,2.646944004550216,1,0,111,80,92,64,0.41305368116834285,0.6709722689727512,0.4433532849968006,0.6869188218324969,0.00037082331415716485,0.00010888259182750826,0.9807483596005572,0.9851870851643252,/kaggle/input/datasets/hintrngia/locked-resnet-xai-inputs/R-P/ResNet50/seed_2024/best_checkpoint.pt
E04_XAI_R_P_ResNet50,R-P,ResNet50,2024,27,normal,E-74019A53B16F834307F73E46.jpeg,0,0.4953575136662,0.6220703125,0,1,0.798001135753784,0.7980011105537415,0.372467041015625,2.142474495401884,0.8360703414244399,0.8360703587532043,2.244682748692835,1,1,207,176,183,194,0.28462961702711265,0.3546033113908894,0.26392007803456025,0.3928056663189491,0.0010189298396474644,0.0019970868071623737,-0.12456987439003821,-0.041558462698562136,/kaggle/input/datasets/hintrngia/locked-resnet-xai-inputs/R-P/ResNet50/seed_2024/best_checkpoint.pt
E04_XAI_R_P_ResNet50,R-P,ResNet50,2024,28,normal,E-778E5DF620CB9DE6A84B008B.jpeg,0,0.9132755231736663,0.6220703125,1,0,0.7748743266731136,0.7748743295669556,0.3386688232421875,2.2880001744919656,0.7852523460168934,0.7852523326873779,2.3186437372634887,1,0,144,143,129,126,0.953028272140823,0.9397236864302576,0.9515885926273713,0.9568035186614099,0.0003150466093500004,0.0015245439388839044,0.6916041000138641,0.6860701702216898,/kaggle/input/datasets/hintrngia/locked-resnet-xai-inputs/R-P/ResNet50/seed_2024/best_checkpoint.pt
E04_XAI_R_P_ResNet50,R-P,ResNet50,2024,29,normal,E-77C42172A076E16EE5474210.jpeg,0,0.19755929521494012,0.6220703125,0,1,0.8206164485871484,0.8206164240837097,0.39276123046875,2.0893519648254606,0.9409488059527346,0.9409487843513489,2.39572730951509,1,1,80,175,82,175,0.2940724499430768,0.5660310626013214,0.25591114580672425,0.6256231650574007,8.863838108019717e-05,0.0001053415500381627,-0.08123905557570485,0.23092628360985598,/kaggle/input/datasets/hintrngia/locked-resnet-xai-inputs/R-P/ResNet50/seed_2024/best_checkpoint.pt
E04_XAI_R_P_ResNet50,R-P,ResNet50,2024,30,normal,E-7B1FB0C84C51C5CD8EDBCCFD.jpeg,0,0.9975444386784842,0.6220703125,1,0,0.8042974827640522,0.8042975068092346,0.388427734375,2.0706489562549075,0.8839995560560737,0.8839995265007019,2.2758404661255045,1,1,176,144,180,147,0.9961880307629392,0.9819303617392374,0.9929533738976006,0.9884796236080137,5.172923478680147e-05,0.0018569679890425572,0.7406741929960996,0.6997415318303695,/kaggle/input/datasets/hintrngia/locked-resnet-xai-inputs/R-P/ResNet50/seed_2024/best_checkpoint.pt
E04_XAI_R_P_ResNet50,R-P,ResNet50,2024,31,normal,E-7B7A8A9BEAA512F9DC3E0865.jpeg,0,0.17340713417356268,0.6220703125,0,1,0.7665665214209627,0.7665665149688721,0.356475830078125,2.1504025146752936,0.8638405846169535,0.8638405799865723,2.423279537430728,1,1,80,80,78,87,0.2263766054950132,0.6061097266012372,0.19952748353367003,0.6614166935395951,0.0006477294905889996,0.0003978825965348376,-0.20845108854747169,-0.07951678278215543,/kaggle/input/datasets/hintrngia/locked-resnet-xai-inputs/R-P/ResNet50/seed_2024/best_checkpoint.pt
E04_XAI_R_P_ResNet50,R-P,ResNet50,2024,32,normal,E-82FCB2C3D1996A8155B45525.jpeg,0,0.14288261394977023,0.6220703125,0,1,0.6764382868714577,0.6764382719993591,0.2450714111328125,2.7601680822120573,0.8784761943981809,0.8784762024879456,3.584572310321847,1,1,111,80,104,90,0.25939483907436467,0.7647266488571612,0.20034038944094198,0.7844162181357135,0.00023306236012221593,0.0011938420630950297,0.9967618097526518,0.9108138230793836,/kaggle/input/datasets/hintrngia/locked-resnet-xai-inputs/R-P/ResNet50/seed_2024/best_checkpoint.pt
E04_XAI_R_P_ResNet50,R-P,ResNet50,2024,33,normal,E-843CBB869621D4078F498542.jpeg,0,0.6609318321591161,0.6220703125,1,0,0.7816336767740153,0.7816336750984192,0.3597412109375,2.1727665694376426,0.8101626687664445,0.8101626634597778,2.252070777921518,1,1,144,111,193,130,0.755375734779355,0.8526472352446751,0.7975074228876688,0.8863866524006845,5.3749074838793653e-05,0.0014109967145959912,0.7658047493209564,0.31004215654569556,/kaggle/input/datasets/hintrngia/locked-resnet-xai-inputs/R-P/ResNet50/seed_2024/best_checkpoint.pt
E04_XAI_R_P_ResNet50,R-P,ResNet50,2024,34,normal,E-845A5BC2008587BFFF60937F.jpeg,0,0.9099751936410277,0.6220703125,1,0,0.6993720197762008,0.6993719935417175,0.3625030517578125,1.9292858815529357,0.696471871333525,0.6964718699455261,1.9212855394079174,1,1,207,207,208,210,0.9530798505691515,0.9267702409218986,0.9254230043872507,0.9332297674814614,0.00010727681971023362,0.008649302110411372,-0.1728021552242406,-0.041118879095687046,/kaggle/input/datasets/hintrngia/locked-resnet-xai-inputs/R-P/ResNet50/seed_2024/best_checkpoint.pt
E04_XAI_R_P_ResNet50,R-P,ResNet50,2024,35,normal,E-8BB569A271B438E1FF7419AA.jpeg,0,0.6031031787550293,0.6220703125,0,1,0.6842223655215579,0.6842223405838013,0.3291015625,2.079061431139689,0.70433073429812,0.7043307423591614,2.1401622312204003,1,1,111,79,82,79,0.12798934817161553,0.15114369399834027,0.11343468978165648,0.1564697042376344,0.00041964045518272375,0.0010764020824249876,-0.11577427141270766,-0.044218137459637714,/kaggle/input/datasets/hintrngia/locked-resnet-xai-inputs/R-P/ResNet50/seed_2024/best_checkpoint.pt
E04_XAI_R_P_ResNet50,R-P,ResNet50,2024,36,normal,E-8E65534102472D38A215B619.jpeg,0,0.3321635553903209,0.6220703125,0,1,0.8058914981671095,0.8058915138244629,0.4018096923828125,2.00565470033341,0.8230933818121033,0.8230933547019958,2.048465722494133,1,0,80,79,74,30,0.2589752380804518,0.5398779068207036,0.24226993980387615,0.5812469480232861,0.00010099736087898492,0.0016875127847642002,0.06630281607321076,0.1505449608619911,/kaggle/input/datasets/hintrngia/locked-resnet-xai-inputs/R-P/ResNet50/seed_2024/best_checkpoint.pt
E04_XAI_R_P_ResNet50,R-P,ResNet50,2024,37,normal,E-91CCC5E035FBDB0CCBB30E2A.jpeg,0,0.03730767578840689,0.6220703125,0,1,0.8113375097821356,0.8113375306129456,0.4178619384765625,1.9416401329589936,0.8540926010547477,0.8540925979614258,2.0439588352281888,1,1,80,79,66,186,0.6086665248254801,0.8131328622959575,0.5523159703276119,0.8671017816370057,1.725074604241872e-05,0.0011265271079177186,0.06496269891700983,0.5273355809446693,/kaggle/input/datasets/hintrngia/locked-resnet-xai-inputs/R-P/ResNet50/seed_2024/best_checkpoint.pt
E04_XAI_R_P_ResNet50,R-P,ResNet50,2024,38,normal,E-91CD2D4F539A3D56107014E7.jpeg,0,0.8152318788365505,0.6220703125,1,0,0.8006792967036999,0.8006793260574341,0.376434326171875,2.1270092577532904,0.797474926511299,0.7974749207496643,2.118496829503222,1,1,176,144,175,128,0.9236135726422982,0.9433423383160687,0.9178674413253486,0.9415122342422853,0.0007236602051450269,0.004283353210060903,0.8705815353820947,0.5458178598190173,/kaggle/input/datasets/hintrngia/locked-resnet-xai-inputs/R-P/ResNet50/seed_2024/best_checkpoint.pt
E04_XAI_R_P_ResNet50,R-P,ResNet50,2024,39,normal,E-93DEE19500CF7BC746908FEA.jpeg,0,0.2728208954021283,0.6220703125,0,1,0.8216884360751429,0.8216884136199951,0.3555908203125,2.310769539419008,0.9024130001326428,0.902413010597229,2.5377848599679402,1,1,79,175,77,179,0.31469929073818703,0.5058631975846916,0.2236293340428197,0.5330941787172723,8.784567847663904e-05,0.001274388143969185,0.9663147031665716,0.9544098399646038,/kaggle/input/datasets/hintrngia/locked-resnet-xai-inputs/R-P/ResNet50/seed_2024/best_checkpoint.pt
E04_XAI_R_P_ResNet50,R-P,ResNet50,2024,40,normal,E-9A48264C99FDAC90E29908DD.jpeg,0,0.9906290316133447,0.6220703125,1,0,0.784300792357297,0.7843008041381836,0.3754425048828125,2.0890037280198257,0.8276288098181286,0.8276287913322449,2.2044089282764023,1,1,176,175,208,159,0.9879204115411457,0.9673687559031201,0.9839945556363554,0.9760355058040461,2.089063856902662e-05,0.005375094995404006,-0.11283909598950104,-0.057583558810284284,/kaggle/input/datasets/hintrngia/locked-resnet-xai-inputs/R-P/ResNet50/seed_2024/best_checkpoint.pt
E04_XAI_R_P_ResNet50,R-P,ResNet50,2024,41,normal,E-A5B76F5465A7745EBBAE1D8D.jpeg,0,0.7146139675579791,0.6220703125,1,0,0.800144098393351,0.8001440763473511,0.36846923828125,2.171535681311357,0.8088121553573189,0.808812141418457,2.195060187738001,1,1,79,143,66,155,0.7721205851861122,0.880834645161155,0.7592742853123988,0.8696848719753943,0.001037610008043921,0.000870832951906042,-0.008117293946929473,0.07820955093256735,/kaggle/input/datasets/hintrngia/locked-resnet-xai-inputs/R-P/ResNet50/seed_2024/best_checkpoint.pt
E04_XAI_R_P_ResNet50,R-P,ResNet50,2024,42,normal,E-A92185A886C303721C499620.jpeg,0,0.9399720841362242,0.6220703125,1,0,0.8219757553151371,0.8219757676124573,0.4248199462890625,1.93488032399457,0.808036131285803,0.8080361485481262,1.902067307206867,1,1,176,143,170,123,0.9666884645958529,0.9749584637185784,0.9749185954373026,0.9697556431372516,0.000515125417792972,0.000314716478713839,0.001985078420075853,0.08615393918054069,/kaggle/input/datasets/hintrngia/locked-resnet-xai-inputs/R-P/ResNet50/seed_2024/best_checkpoint.pt
E04_XAI_R_P_ResNet50,R-P,ResNet50,2024,43,normal,E-B1906A980682154F21AC8637.jpeg,0,0.08580803437081777,0.6220703125,0,1,0.8060976368849208,0.8060976266860962,0.37506103515625,2.149243886529299,0.8489591811888415,0.84895920753479,2.2635227379329503,1,1,80,80,46,203,0.3684057850081366,0.6100618496828074,0.32005286625201423,0.6704545589307351,0.0005359255044339317,0.0007612205066210853,0.025662420616840848,0.222552105648629,/kaggle/input/datasets/hintrngia/locked-resnet-xai-inputs/R-P/ResNet50/seed_2024/best_checkpoint.pt
E04_XAI_R_P_ResNet50,R-P,ResNet50,2024,44,normal,E-B701F1D8C0C0617522833A87.jpeg,0,0.0657143614332012,0.6220703125,0,1,0.7255275629162106,0.7255275845527649,0.2968597412109375,2.444007934375573,0.7835744491700045,0.7835744619369507,2.639544338257796,1,1,80,80,98,66,0.5459440702263607,0.657853339351001,0.5029869740198482,0.7356951979909027,0.00014095730562035946,0.000935294210227644,0.04833052658683016,0.26499419021891935,/kaggle/input/datasets/hintrngia/locked-resnet-xai-inputs/R-P/ResNet50/seed_2024/best_checkpoint.pt
E04_XAI_R_P_ResNet50,R-P,ResNet50,2024,45,normal,E-B80945974BB38152A2ADE2AF.jpeg,0,0.015164011995888304,0.6220703125,0,1,0.73656513618344,0.736565113067627,0.287933349609375,2.5581098444577597,0.8785227477621078,0.8785227537155151,3.05113231570416,1,1,111,80,107,179,0.689543044462943,0.9298768803022751,0.6432095726627503,0.9422375839273385,0.00014140662917605518,0.000551336665749913,0.9205548763635318,0.9311397243670535,/kaggle/input/datasets/hintrngia/locked-resnet-xai-inputs/R-P/ResNet50/seed_2024/best_checkpoint.pt
E04_XAI_R_P_ResNet50,R-P,ResNet50,2024,46,normal,E-BB74E7A26CC5772AE8204932.jpeg,0,0.9483840462402763,0.6220703125,1,0,0.7741099096731987,0.7741098999977112,0.396759033203125,1.9510832643774614,0.8120828883126823,0.8120828866958618,2.046791176388737,1,1,175,112,195,159,0.9539661861950349,0.9545636269163207,0.939453423412213,0.9647801877486575,0.0008694018787485103,0.006531786921656679,0.9487283159977493,0.5833311222412481,/kaggle/input/datasets/hintrngia/locked-resnet-xai-inputs/R-P/ResNet50/seed_2024/best_checkpoint.pt
E04_XAI_R_P_ResNet50,R-P,ResNet50,2024,47,normal,E-BB96C349B18A4710DE07EC01.jpeg,0,0.4322901000874696,0.6220703125,0,1,0.7869255947926737,0.7869256138801575,0.3329010009765625,2.36384268141049,0.8396076242308493,0.8396075963973999,2.5220940212491607,1,1,176,79,79,80,0.15102072177062517,0.3919531443109954,0.11923853600099132,0.45921565383263174,0.0006314441240562463,0.0035953540203811363,0.9576791490190425,0.9665126563062972,/kaggle/input/datasets/hintrngia/locked-resnet-xai-inputs/R-P/ResNet50/seed_2024/best_checkpoint.pt
E04_XAI_R_P_ResNet50,R-P,ResNet50,2024,48,normal,E-BCDF7BD5461E233F18CDF83C.jpeg,0,0.03228753461550806,0.6220703125,0,1,0.755919653859791,0.7559196352958679,0.2940521240234375,2.5706995192442146,0.8354713453539814,0.8354713320732117,2.841235539884724,1,1,111,80,111,91,0.4603061851975433,0.8500474435716745,0.42029947286531577,0.9003703007458645,0.00043006601600392713,0.0012250845690477963,-0.13039858044176544,-0.024774092870147583,/kaggle/input/datasets/hintrngia/locked-resnet-xai-inputs/R-P/ResNet50/seed_2024/best_checkpoint.pt
E04_XAI_R_P_ResNet50,R-P,ResNet50,2024,49,normal,E-BF6060CF2B5D86362B50F1EF.jpeg,0,0.1055075619354148,0.6220703125,0,1,0.7684893171481563,0.7684893012046814,0.3540191650390625,2.170756255705425,0.8310974562385117,0.8310974836349487,2.3476058313024053,1,1,80,80,177,188,0.49905686276187383,0.6738606665460466,0.42508871899996686,0.7126425287578162,0.0007036489885190456,0.001052278546546881,0.39960643304080307,0.7790235449556567,/kaggle/input/datasets/hintrngia/locked-resnet-xai-inputs/R-P/ResNet50/seed_2024/best_checkpoint.pt
E04_XAI_R_P_ResNet50,R-P,ResNet50,2024,50,normal,E-C7B56CF9C42EB131FD94EA3C.jpeg,0,0.9704455816219706,0.6220703125,1,0,0.7562848453116165,0.7562848329544067,0.32830810546875,2.303582618625307,0.7846939833540948,0.7846939563751221,2.390114560935767,1,1,79,143,208,176,0.9656184748804858,0.9603116913604858,0.9372568206861102,0.9773366481390524,0.0005696279057706422,0.0017762539721856152,-0.1130690565486576,-0.05663895651623581,/kaggle/input/datasets/hintrngia/locked-resnet-xai-inputs/R-P/ResNet50/seed_2024/best_checkpoint.pt
E04_XAI_R_P_ResNet50,R-P,ResNet50,2024,51,normal,E-D31B79C24E008C43E1511E9D.jpeg,0,0.025740049377457035,0.6220703125,0,1,0.7650165433413849,0.7650165557861328,0.29034423828125,2.634860425920801,0.8502018809788875,0.8502019047737122,2.928254702114377,1,1,111,80,79,182,0.8225223203500671,0.9101829735568085,0.7487142974619029,0.9306793053634785,2.856838149145613e-05,0.0004591684289970699,0.9384145496208463,0.8438763210589355,/kaggle/input/datasets/hintrngia/locked-resnet-xai-inputs/R-P/ResNet50/seed_2024/best_checkpoint.pt
E04_XAI_R_P_ResNet50,R-P,ResNet50,2024,52,normal,E-E13640D767DD410F37B990A9.jpeg,0,0.37783064994053495,0.6220703125,0,1,0.77575763683769,0.7757576107978821,0.3385162353515625,2.2916408603919245,0.8763667547931451,0.8763667345046997,2.5888470426920693,1,1,79,175,66,187,0.3255096158202266,0.4016437899173555,0.30156263729930505,0.4201371793593894,0.0004148607866542031,0.0011403624397881007,0.9285065090870053,0.974556889951778,/kaggle/input/datasets/hintrngia/locked-resnet-xai-inputs/R-P/ResNet50/seed_2024/best_checkpoint.pt
E04_XAI_R_P_ResNet50,R-P,ResNet50,2024,53,normal,E-E2352C479C37BA410D3419C8.jpeg,0,0.09762588785655037,0.6220703125,0,1,0.8597812825802444,0.8597812652587891,0.460540771484375,1.8668950412556788,0.917105640318237,0.9171056151390076,1.9913668823767803,1,1,80,80,50,206,0.39177357850367406,0.7219944374675745,0.3328748524218315,0.7977842982651521,0.0008970417951804643,0.0010012677672078807,0.12409224903224196,0.1786763040254047,/kaggle/input/datasets/hintrngia/locked-resnet-xai-inputs/R-P/ResNet50/seed_2024/best_checkpoint.pt
E04_XAI_R_P_ResNet50,R-P,ResNet50,2024,54,normal,E-E249A212D4F7D1C6D4206FBF.jpeg,0,0.11353548016232487,0.6220703125,0,1,0.8553623235370181,0.8553622961044312,0.44427490234375,1.925299671497528,0.888417830753695,0.8884178400039673,1.9997029453315756,1,1,80,79,49,207,0.42391196144348864,0.6936066690917165,0.40091358262659305,0.7395165255272999,0.00011467368014017598,0.0002695483985512004,0.9225727284475345,0.9466552427789311,/kaggle/input/datasets/hintrngia/locked-resnet-xai-inputs/R-P/ResNet50/seed_2024/best_checkpoint.pt
E04_XAI_R_P_ResNet50,R-P,ResNet50,2024,55,normal,E-E2DD25AE8644A21D4C1655DA.jpeg,0,0.48906108038982754,0.6220703125,0,1,0.6938435264229896,0.6938435435295105,0.3409881591796875,2.0348024051397076,0.7975327006748529,0.7975326776504517,2.338886788894579,1,1,80,79,82,80,0.18475015869382733,0.28420160033892666,0.15419491614919,0.31572767041472466,0.0005329570777105053,0.0019155082945854218,0.009215423095667577,0.216503422124869,/kaggle/input/datasets/hintrngia/locked-resnet-xai-inputs/R-P/ResNet50/seed_2024/best_checkpoint.pt
E04_XAI_R_P_ResNet50,R-P,ResNet50,2024,56,normal,E-E35138A3EAFB63D43C970EAE.jpeg,0,0.41102169346544043,0.6220703125,0,1,0.8255249468303346,0.8255249261856079,0.4013519287109375,2.056860545012843,0.8925001923399276,0.8925002217292786,2.2237346540390637,1,1,80,80,81,179,0.20261969785834263,0.38420549567454065,0.18852294936662572,0.4123389885428395,0.0009933834542666942,0.0011891008646613965,-0.20910765707426848,-0.09600382117130639,/kaggle/input/datasets/hintrngia/locked-resnet-xai-inputs/R-P/ResNet50/seed_2024/best_checkpoint.pt
E04_XAI_R_P_ResNet50,R-P,ResNet50,2024,57,normal,E-EACE2F51FB2EF2E191B9BC55.jpeg,0,0.8283229200587721,0.6220703125,1,0,0.8208821742993357,0.8208822011947632,0.4419708251953125,1.8573220844081224,0.777951282635605,0.7779513001441956,1.7601869587021235,1,1,176,112,110,48,0.9104062722823084,0.933854433675105,0.925724918640171,0.9341621244032023,6.57629608196153e-05,0.0007310836464501369,-0.13063832179191634,-0.04429183727508134,/kaggle/input/datasets/hintrngia/locked-resnet-xai-inputs/R-P/ResNet50/seed_2024/best_checkpoint.pt
E04_XAI_R_P_ResNet50,R-P,ResNet50,2024,58,normal,E-ED70ACD6E494856AB99B813B.jpeg,0,0.9944305003859152,0.6220703125,1,0,0.7367191254262401,0.7367191314697266,0.3370513916015625,2.1857768393288093,0.7582062289267445,0.7582062482833862,2.2495270686288706,1,1,207,175,208,177,0.9911295163808354,0.9851052456796948,0.9806823845759274,0.9935429541336726,0.00022367155836411357,0.003457051653146581,0.03034482978648737,0.11621704358889497,/kaggle/input/datasets/hintrngia/locked-resnet-xai-inputs/R-P/ResNet50/seed_2024/best_checkpoint.pt
E04_XAI_R_P_ResNet50,R-P,ResNet50,2024,59,normal,E-EE1CB872F9ABCF62B8C9A410.jpeg,0,0.11267216091921708,0.6220703125,0,1,0.7124086828128973,0.7124086618423462,0.260040283203125,2.739608933037556,0.837344491346014,0.8373444676399231,3.2200568351632657,1,1,80,80,51,176,0.4202271584749264,0.7830747286544024,0.36431713837888735,0.7771310080488951,0.000501606774231389,0.0019383141481104094,0.6060652852217281,0.7329155056599157,/kaggle/input/datasets/hintrngia/locked-resnet-xai-inputs/R-P/ResNet50/seed_2024/best_checkpoint.pt
E04_XAI_R_P_ResNet50,R-P,ResNet50,2024,60,normal,E-EFAD2710B0F9E9CA19CFEDAD.jpeg,0,0.3907627976924193,0.6220703125,0,1,0.7796663465924563,0.7796663641929626,0.36236572265625,2.1516007112297126,0.7699166428178392,0.7699166536331177,2.124695010262334,1,1,80,80,79,77,0.10764652185156029,0.3414245056644515,0.09619414467678383,0.39108308837582484,0.0007053357350556011,0.002854729678486656,0.012448572733114612,0.036170487398936385,/kaggle/input/datasets/hintrngia/locked-resnet-xai-inputs/R-P/ResNet50/seed_2024/best_checkpoint.pt
E04_XAI_R_P_ResNet50,R-P,ResNet50,2024,61,normal,E-F32C5A7DA665488BF8EB2294.jpeg,0,0.6078760332959682,0.6220703125,0,1,0.7790173124298212,0.7790173292160034,0.3988037109375,1.9533853147918872,0.8641353237002408,0.8641353249549866,2.1668186629177755,1,1,80,79,67,201,0.12247536303659422,0.1384695121105814,0.11217538454662737,0.14546737854811104,0.0015329672485576706,0.0038427318316773817,-0.13112889160559454,-0.03817393787321209,/kaggle/input/datasets/hintrngia/locked-resnet-xai-inputs/R-P/ResNet50/seed_2024/best_checkpoint.pt
E04_XAI_R_P_ResNet50,R-P,ResNet50,2024,62,normal,E-F57AB9616B464FB4687D409D.jpeg,0,0.13593103230169806,0.6220703125,0,1,0.8211030821547678,0.8211030960083008,0.43695068359375,1.879166489457147,0.83914745286221,0.8391474485397339,1.9204626159651417,1,1,79,79,86,203,0.3715419465917733,0.5113643671013727,0.3535953554264878,0.5898695235856292,0.00027506413905287186,0.0009387735384176477,0.9565248445846503,0.976977891354634,/kaggle/input/datasets/hintrngia/locked-resnet-xai-inputs/R-P/ResNet50/seed_2024/best_checkpoint.pt
E04_XAI_R_P_ResNet50,R-P,ResNet50,2024,63,normal,E-F803B5977A560D3CAEE3206F.jpeg,0,0.47290125665923083,0.6220703125,0,1,0.7861337080038521,0.7861337065696716,0.3428192138671875,2.2931436634949236,0.8929788673631387,0.892978847026825,2.604809856745923,1,1,79,175,58,191,0.39524388433299473,0.367056776350283,0.40316113575218093,0.36235050851537665,0.00017827208486786983,0.000296175452355385,-0.09443178522143109,-0.013171875082218728,/kaggle/input/datasets/hintrngia/locked-resnet-xai-inputs/R-P/ResNet50/seed_2024/best_checkpoint.pt
E04_XAI_R_P_ResNet50,R-P,ResNet50,2024,64,pneumonia,E-018B83433C4DD934AA5C8B2B.jpeg,1,0.9993924196699631,0.6220703125,1,1,0.7918480082752384,0.7918480038642883,0.3726043701171875,2.1251710172540244,0.8462964578759334,0.8462964296340942,2.2713004080165926,1,1,176,112,203,152,0.9989471225652501,0.9978429797307379,0.9986240837601424,0.998537382821848,7.57980703082195e-05,0.0015710940214466174,0.2457057234894793,0.5283234867490926,/kaggle/input/datasets/hintrngia/locked-resnet-xai-inputs/R-P/ResNet50/seed_2024/best_checkpoint.pt
E04_XAI_R_P_ResNet50,R-P,ResNet50,2024,65,pneumonia,E-01E4EA18817F6CBD784D8ACE.jpeg,1,0.984931179643681,0.6220703125,1,1,0.7681989562350771,0.7681989669799805,0.355072021484375,2.1635017961247103,0.7937136593229933,0.7937136888504028,2.2353596208591187,1,1,175,112,201,151,0.986954344806461,0.9877924726180254,0.9856726895539292,0.9906643174286954,0.00022276201835691456,0.00016719956069521924,0.9242338239872123,0.8331619414093003,/kaggle/input/datasets/hintrngia/locked-resnet-xai-inputs/R-P/ResNet50/seed_2024/best_checkpoint.pt
E04_XAI_R_P_ResNet50,R-P,ResNet50,2024,66,pneumonia,E-0981A556ADE7F427711A3360.jpeg,1,0.977971223754354,0.6220703125,1,1,0.7743974510290329,0.7743974328041077,0.315826416015625,2.4519717533403567,0.8033635681278877,0.803363561630249,2.5436870615919047,1,1,175,112,207,161,0.9859003664965148,0.971193582104365,0.976385153775621,0.9873852183099696,0.0003641244860179693,0.0012428453990357413,0.3224099795419776,0.8185544995624546,/kaggle/input/datasets/hintrngia/locked-resnet-xai-inputs/R-P/ResNet50/seed_2024/best_checkpoint.pt
E04_XAI_R_P_ResNet50,R-P,ResNet50,2024,67,pneumonia,E-0B7E667233F7AB135F8A84DD.jpeg,1,0.9989474304567137,0.6220703125,1,1,0.8153398208410697,0.8153398036956787,0.3825225830078125,2.131481530920274,0.853670154871662,0.8536701798439026,2.2316856384247172,1,1,175,175,80,111,0.9979911593380484,0.9980997998341686,0.9977143265567037,0.9985550677069315,0.00040844643957682614,0.0015144174172661007,0.9858095176942001,0.7805990950867047,/kaggle/input/datasets/hintrngia/locked-resnet-xai-inputs/R-P/ResNet50/seed_2024/best_checkpoint.pt
E04_XAI_R_P_ResNet50,R-P,ResNet50,2024,68,pneumonia,E-122745006C7E29B76E58625B.jpeg,1,0.9830612349582937,0.6220703125,1,1,0.7594352876382182,0.7594352960586548,0.3352813720703125,2.2650685391461463,0.8675260006696773,0.8675259947776794,2.5874566049191268,1,1,79,143,79,163,0.9821114313918387,0.9807571270569304,0.9862195818487998,0.9852851422596992,0.0001443417689800386,0.000530044642169103,0.6337591696675514,0.8380976302819573,/kaggle/input/datasets/hintrngia/locked-resnet-xai-inputs/R-P/ResNet50/seed_2024/best_checkpoint.pt
E04_XAI_R_P_ResNet50,R-P,ResNet50,2024,69,pneumonia,E-1265B89238C345234A9C993B.jpeg,1,0.9937355557237226,0.6220703125,1,1,0.7732736525078834,0.7732736468315125,0.3254241943359375,2.37620209550132,0.813506818683255,0.8135068416595459,2.499835085535978,1,1,207,144,203,135,0.9907719929580463,0.9925775337281139,0.9898368093013376,0.9954806992022598,0.00014128527044365846,0.0005393804147322268,0.861115529426197,0.9438982225871867,/kaggle/input/datasets/hintrngia/locked-resnet-xai-inputs/R-P/ResNet50/seed_2024/best_checkpoint.pt
E04_XAI_R_P_ResNet50,R-P,ResNet50,2024,70,pneumonia,E-1777E855F7110F5A72B38BC0.jpeg,1,0.9968453864390573,0.6220703125,1,1,0.6751172686434055,0.6751172542572021,0.3238525390625,2.08464405002894,0.6721256869664616,0.6721256971359253,2.0754065690272347,1,1,143,112,162,131,0.9947864173820143,0.9926923630237461,0.9930203345852425,0.995259691670789,0.00029049096737610025,0.008457460520858828,0.8870505432675547,0.8964143961663165,/kaggle/input/datasets/hintrngia/locked-resnet-xai-inputs/R-P/ResNet50/seed_2024/best_checkpoint.pt
E04_XAI_R_P_ResNet50,R-P,ResNet50,2024,71,pneumonia,E-198E88DB173F06A1227B639B.jpeg,1,0.9932156515767195,0.6220703125,1,1,0.6718941540087091,0.6718941330909729,0.256744384765625,2.616977016350574,0.685915377071092,0.6859153509140015,2.6715886218787044,1,0,175,112,206,145,0.9958487829887043,0.9933402127894408,0.9953096344049055,0.994404411954428,0.0005783964670953434,0.00142890359521608,-0.12804436640252276,-0.05746076931353188,/kaggle/input/datasets/hintrngia/locked-resnet-xai-inputs/R-P/ResNet50/seed_2024/best_checkpoint.pt
E04_XAI_R_P_ResNet50,R-P,ResNet50,2024,72,pneumonia,E-1A06E979246F3D9634B22BF8.jpeg,1,0.9991958577452665,0.6220703125,1,1,0.7116167609612009,0.7116167545318604,0.303802490234375,2.3423664513487323,0.8184550690849827,0.8184550404548645,2.6940367356882686,1,1,175,175,159,159,0.9974250949347929,0.9979443888407278,0.9968404224650276,0.9982413131288217,0.00040690178579638747,0.0018594486874830007,0.49696970362140014,0.5458628088786274,/kaggle/input/datasets/hintrngia/locked-resnet-xai-inputs/R-P/ResNet50/seed_2024/best_checkpoint.pt
E04_XAI_R_P_ResNet50,R-P,ResNet50,2024,73,pneumonia,E-220D81ED5B8FE3B14418B9F7.jpeg,1,0.9943626747579111,0.6220703125,1,1,0.6790905060054043,0.6790904998779297,0.2836456298828125,2.394151132474591,0.7619276878471967,0.7619276642799377,2.6861957582846783,1,1,176,143,202,155,0.9883415279668326,0.9809683975380006,0.9721284394786474,0.9911585774095278,0.0006206916400850471,0.004160091042220704,0.8791503878695732,0.7487469155631222,/kaggle/input/datasets/hintrngia/locked-resnet-xai-inputs/R-P/ResNet50/seed_2024/best_checkpoint.pt
E04_XAI_R_P_ResNet50,R-P,ResNet50,2024,74,pneumonia,E-227257A6740CF45FAF02E456.jpeg,1,0.9904506000505315,0.6220703125,1,1,0.8155379254209382,0.8155379295349121,0.381500244140625,2.1377127221976884,0.8499298191722419,0.8499298095703125,2.2278617962271836,1,1,176,143,198,191,0.9880743279885779,0.9853746845623458,0.9875674021298891,0.9912913424116145,3.207613833788869e-05,0.0041889242465869,0.9329145746327663,0.7584142561249148,/kaggle/input/datasets/hintrngia/locked-resnet-xai-inputs/R-P/ResNet50/seed_2024/best_checkpoint.pt
E04_XAI_R_P_ResNet50,R-P,ResNet50,2024,75,pneumonia,E-2C0709EBA6450DCFB3BBB340.jpeg,1,0.9975796550026823,0.6220703125,1,1,0.7249834842674597,0.7249835133552551,0.3762359619140625,1.926938298452863,0.7703877899681533,0.7703877687454224,2.047618696652184,1,1,176,143,95,63,0.9955155012186521,0.9902862652099262,0.9934940837222843,0.9943966357165601,0.00040881347778476407,0.004043989998628539,0.9352286957907137,0.9117689721201896,/kaggle/input/datasets/hintrngia/locked-resnet-xai-inputs/R-P/ResNet50/seed_2024/best_checkpoint.pt
E04_XAI_R_P_ResNet50,R-P,ResNet50,2024,76,pneumonia,E-30421FA65AB177DCD15E84C4.jpeg,1,0.9998867768504398,0.6220703125,1,1,0.7910107622400311,0.7910107374191284,0.41265869140625,1.9168644177696597,0.8012525147370141,0.801252543926239,1.9416833606642863,1,1,176,143,210,143,0.9997810966451675,0.9996641558958372,0.9997009416976901,0.999705663225217,0.0003254756081657595,0.0025223978917203738,0.8009857817289017,0.579240132003108,/kaggle/input/datasets/hintrngia/locked-resnet-xai-inputs/R-P/ResNet50/seed_2024/best_checkpoint.pt
E04_XAI_R_P_ResNet50,R-P,ResNet50,2024,77,pneumonia,E-386D019ED9E9E8244987AC20.jpeg,1,0.9993811760099571,0.6220703125,1,1,0.7571546374147692,0.757154643535614,0.3555145263671875,2.129743178574802,0.871441695618719,0.8714417219161987,2.4512126256091835,1,1,207,144,158,127,0.9982908525543046,0.9968400739547172,0.9974039307423078,0.9981586598447664,0.0009016771576106919,0.002174793222084137,0.8571628650550525,0.8091773377357517,/kaggle/input/datasets/hintrngia/locked-resnet-xai-inputs/R-P/ResNet50/seed_2024/best_checkpoint.pt
E04_XAI_R_P_ResNet50,R-P,ResNet50,2024,78,pneumonia,E-3AC987E53985CBAF71C33ABC.jpeg,1,0.9958098267801678,0.6220703125,1,1,0.7977814250547485,0.7977814078330994,0.4218597412109375,1.8911058513541432,0.8542718643004737,0.8542718887329102,2.02501395807125,1,1,176,143,159,127,0.993302782527005,0.9747098484202776,0.992008278576674,0.9852791240388528,3.849244244524819e-05,0.003897285959334029,-0.2188500633359942,-0.08891737038181513,/kaggle/input/datasets/hintrngia/locked-resnet-xai-inputs/R-P/ResNet50/seed_2024/best_checkpoint.pt
E04_XAI_R_P_ResNet50,R-P,ResNet50,2024,79,pneumonia,E-3EB4BE73D28C1518A6A12685.jpeg,1,0.9989350601549833,0.6220703125,1,1,0.8002486534748428,0.8002486824989319,0.40576171875,1.9722132879861347,0.8052222818477488,0.8052222728729248,1.984470798103718,1,1,176,112,191,131,0.9982586027720689,0.9948426479479153,0.9981849469408276,0.9971017451554249,0.0003401620037104536,0.0006023314982080974,0.9622737767808087,0.8390509144131241,/kaggle/input/datasets/hintrngia/locked-resnet-xai-inputs/R-P/ResNet50/seed_2024/best_checkpoint.pt
E04_XAI_R_P_ResNet50,R-P,ResNet50,2024,80,pneumonia,E-401B5DEDAD367F085127D1DA.jpeg,1,0.9476784262220226,0.6220703125,1,1,0.8094064981533882,0.8094065189361572,0.364349365234375,2.2215120304456173,0.8858754846195364,0.8858754634857178,2.431390223637907,1,1,79,111,65,95,0.9628362024932245,0.9752635538142158,0.9723488431692018,0.9790032367784787,5.291900043213893e-05,0.0010451994596151204,0.8431497426102496,0.7250340754802966,/kaggle/input/datasets/hintrngia/locked-resnet-xai-inputs/R-P/ResNet50/seed_2024/best_checkpoint.pt
E04_XAI_R_P_ResNet50,R-P,ResNet50,2024,81,pneumonia,E-4329094918EDAAADE18246AB.jpeg,1,0.9998721629507089,0.6220703125,1,1,0.7980819542221123,0.7980819344520569,0.4228057861328125,1.8875852232812569,0.8696403253284448,0.8696403503417969,2.0568316561667674,1,1,207,144,209,146,0.9998342164033119,0.9996890708950935,0.9997426266062583,0.9997285397950857,0.00039827284326543477,0.0018723158716803523,0.988980552750749,0.6665078220266035,/kaggle/input/datasets/hintrngia/locked-resnet-xai-inputs/R-P/ResNet50/seed_2024/best_checkpoint.pt
E04_XAI_R_P_ResNet50,R-P,ResNet50,2024,82,pneumonia,E-443A80FA1DE791815F946FF9.jpeg,1,0.9791370099079667,0.6220703125,1,1,0.7324344914850687,0.7324345111846924,0.309112548828125,2.369475112743877,0.7904495653196858,0.7904495596885681,2.5571578000192976,1,1,111,112,94,131,0.9890523364962327,0.9886180627978638,0.9878951787733565,0.9912100927501082,6.430288440928411e-05,0.002753608814223041,0.9758359461851801,0.4747940009682089,/kaggle/input/datasets/hintrngia/locked-resnet-xai-inputs/R-P/ResNet50/seed_2024/best_checkpoint.pt
E04_XAI_R_P_ResNet50,R-P,ResNet50,2024,83,pneumonia,E-4B97630FB65DE326125E1DE1.jpeg,1,0.9951248437694991,0.6220703125,1,1,0.7914031178673808,0.7914031147956848,0.3383941650390625,2.338702021578963,0.8583402544472535,0.8583402633666992,2.5365102094717593,1,1,175,176,182,179,0.9956918885706332,0.9943507926272873,0.9952922598111302,0.9952559043505937,0.00028695861778049725,0.0007148961785996555,0.9259234575485948,0.8141170916913045,/kaggle/input/datasets/hintrngia/locked-resnet-xai-inputs/R-P/ResNet50/seed_2024/best_checkpoint.pt
E04_XAI_R_P_ResNet50,R-P,ResNet50,2024,84,pneumonia,E-55F059ED3BB72FAD418A344C.jpeg,1,0.9869640403507547,0.6220703125,1,1,0.7850008757334267,0.7850008606910706,0.3324737548828125,2.3610912566921773,0.8177806561792432,0.8177806735038757,2.45968484480072,1,1,207,176,207,162,0.9871229357334006,0.9607067743520029,0.9803161599315178,0.9712057695601133,0.00032190977721835434,0.00017761162458052038,0.7637574484599903,0.5154744010990531,/kaggle/input/datasets/hintrngia/locked-resnet-xai-inputs/R-P/ResNet50/seed_2024/best_checkpoint.pt
E04_XAI_R_P_ResNet50,R-P,ResNet50,2024,85,pneumonia,E-6060B7AB38566FD26078DE5E.jpeg,1,0.9952262413623563,0.6220703125,1,1,0.7352038032363267,0.7352038025856018,0.271087646484375,2.712052034723399,0.8099546917678407,0.8099547028541565,2.987796390841901,1,1,111,112,165,133,0.9960625758807462,0.9914724927916667,0.994734576793393,0.9949480533964643,0.0003868313994256356,0.005721689162170973,-0.10522798076151121,-0.022604257062422806,/kaggle/input/datasets/hintrngia/locked-resnet-xai-inputs/R-P/ResNet50/seed_2024/best_checkpoint.pt
E04_XAI_R_P_ResNet50,R-P,ResNet50,2024,86,pneumonia,E-638A63581494A3F6A20C2D9C.jpeg,1,0.9860752205710673,0.6220703125,1,1,0.6930019974560904,0.6930019855499268,0.312408447265625,2.2182562716265672,0.7414917019516231,0.7414916753768921,2.3734687984322345,0,1,143,111,79,138,0.9861443089792773,0.987226697937009,0.9822352875496928,0.9886588344023847,0.0005630155804802195,4.426507637333987e-05,0.946830876671135,0.8176318619871161,/kaggle/input/datasets/hintrngia/locked-resnet-xai-inputs/R-P/ResNet50/seed_2024/best_checkpoint.pt
E04_XAI_R_P_ResNet50,R-P,ResNet50,2024,87,pneumonia,E-63AE2F3741553AC167D0B283.jpeg,1,0.9995142683052411,0.6220703125,1,1,0.7990319103488939,0.7990319132804871,0.3596954345703125,2.2214124327249443,0.8945630296331785,0.8945630192756653,2.4870013451847446,1,1,176,143,95,125,0.9990800375425087,0.9974179400405943,0.9989814289010025,0.998240182447302,0.00047717716586714864,0.0005448828470413503,-0.10799288047539332,-0.0013477842023050526,/kaggle/input/datasets/hintrngia/locked-resnet-xai-inputs/R-P/ResNet50/seed_2024/best_checkpoint.pt
E04_XAI_R_P_ResNet50,R-P,ResNet50,2024,88,pneumonia,E-63E40A6B7E9FE7A4F927B234.jpeg,1,0.9982991828640875,0.6220703125,1,1,0.7724790414294624,0.7724790573120117,0.3593597412109375,2.149598168193336,0.8187527649378196,0.8187527656555176,2.278365300962377,1,1,176,144,206,146,0.9957207161296882,0.989341351968238,0.988345077139855,0.99128447527848,0.0001942561749356253,0.002046207417189305,-0.19512428605541557,-0.07244733523543515,/kaggle/input/datasets/hintrngia/locked-resnet-xai-inputs/R-P/ResNet50/seed_2024/best_checkpoint.pt
E04_XAI_R_P_ResNet50,R-P,ResNet50,2024,89,pneumonia,E-6C94FB136A3DC9D9B1FE1032.jpeg,1,0.9906606065203183,0.6220703125,1,1,0.768013016679977,0.7680130004882812,0.3358001708984375,2.2871132394755747,0.8642884322551906,0.8642884492874146,2.5738177260088233,1,1,144,112,203,186,0.9896051705677724,0.9802360811598372,0.9823935584627891,0.989139124845734,0.0014359090155333654,0.0020719717621688893,0.6450922741836095,0.63423502228655,/kaggle/input/datasets/hintrngia/locked-resnet-xai-inputs/R-P/ResNet50/seed_2024/best_checkpoint.pt
E04_XAI_R_P_ResNet50,R-P,ResNet50,2024,90,pneumonia,E-6EBA6C5A4DF4C84E483A5386.jpeg,1,0.999142619490996,0.6220703125,1,1,0.7035405844928854,0.703540563583374,0.3423919677734375,2.0547812177604055,0.7042741832055247,0.7042741775512695,2.056923787626778,1,1,175,112,210,176,0.998354172167035,0.9985658420257492,0.9983440926749223,0.9988358954323575,0.00022953864572738958,0.0024229408867098012,0.9937887953156239,0.43337437594220524,/kaggle/input/datasets/hintrngia/locked-resnet-xai-inputs/R-P/ResNet50/seed_2024/best_checkpoint.pt
E04_XAI_R_P_ResNet50,R-P,ResNet50,2024,91,pneumonia,E-73D66A02A1612F6E79C3F7EC.jpeg,1,0.9991827539189961,0.6220703125,1,1,0.762825181713864,0.7628251910209656,0.3591766357421875,2.1238162669951905,0.8569927302664185,0.8569927215576172,2.3859924198453633,1,1,176,175,199,157,0.998557197463054,0.9987004797770087,0.9984795336258785,0.9989199973418577,6.735646620648073e-05,0.0006975979385384079,-0.08249530136424182,-0.023609361244648873,/kaggle/input/datasets/hintrngia/locked-resnet-xai-inputs/R-P/ResNet50/seed_2024/best_checkpoint.pt
E04_XAI_R_P_ResNet50,R-P,ResNet50,2024,92,pneumonia,E-7725ED8C0E93C0BF91B23FCE.jpeg,1,0.9995279474204125,0.6220703125,1,1,0.7912130655073395,0.7912130951881409,0.38677978515625,2.0456422384838646,0.853306230690698,0.853306233882904,2.2061810452321913,1,1,207,143,209,123,0.998282212757135,0.9977716403767146,0.9978612720151265,0.9985686979325878,9.125901274353865e-05,0.0010547603195997235,0.5983216929845977,0.43743111227438125,/kaggle/input/datasets/hintrngia/locked-resnet-xai-inputs/R-P/ResNet50/seed_2024/best_checkpoint.pt
E04_XAI_R_P_ResNet50,R-P,ResNet50,2024,93,pneumonia,E-77D4D0C371CD4C8665643C00.jpeg,1,0.9889498670837982,0.6220703125,1,1,0.6724801941712538,0.6724801659584045,0.29443359375,2.2839791669365304,0.6946825320889606,0.6946825385093689,2.3593861123021416,1,1,144,175,167,158,0.9906182869945328,0.9790944806870213,0.9901503235110332,0.9895796779380358,2.3490056808683768e-05,0.0025266710982644325,-0.07134161385024285,-0.0005473930859890183,/kaggle/input/datasets/hintrngia/locked-resnet-xai-inputs/R-P/ResNet50/seed_2024/best_checkpoint.pt
E04_XAI_R_P_ResNet50,R-P,ResNet50,2024,94,pneumonia,E-7B805F2D3984459EDD091000.jpeg,1,0.9992086091114244,0.6220703125,1,1,0.7279193032500483,0.7279192805290222,0.3260345458984375,2.2326447071556683,0.8165376906509105,0.8165376782417297,2.504451448237847,1,1,207,175,207,147,0.9984962127690533,0.9986999959269742,0.9981595330685651,0.9990681982637292,6.962131496623947e-05,0.002596073094470519,0.9328385582781455,0.9577572489387701,/kaggle/input/datasets/hintrngia/locked-resnet-xai-inputs/R-P/ResNet50/seed_2024/best_checkpoint.pt
E04_XAI_R_P_ResNet50,R-P,ResNet50,2024,95,pneumonia,E-8B99D004F7E59741CFAB602B.jpeg,1,0.9998463062020279,0.6220703125,1,1,0.8489161644557183,0.8489161729812622,0.44635009765625,1.9019065278876641,0.9226439685048928,0.9226439595222473,2.0670858443845432,1,1,176,143,163,126,0.9995329537741515,0.999456246429004,0.999501499206471,0.9995063548434364,0.0001692462967155528,0.0009245505924718733,0.8099799531468099,0.8459510146068675,/kaggle/input/datasets/hintrngia/locked-resnet-xai-inputs/R-P/ResNet50/seed_2024/best_checkpoint.pt
E04_XAI_R_P_ResNet50,R-P,ResNet50,2024,96,pneumonia,E-8E859FAC3770F43BC30CF790.jpeg,1,0.9994529260310533,0.6220703125,1,1,0.7445598044685293,0.7445598244667053,0.32305908203125,2.3047171427191357,0.8244612319288844,0.8244612216949463,2.5520447428533615,1,1,207,144,205,151,0.9987596086719044,0.9991525514334534,0.9985685548893646,0.999293692500957,0.0004535231706536136,0.0014124016033633113,0.9642840372075917,0.8454760552125089,/kaggle/input/datasets/hintrngia/locked-resnet-xai-inputs/R-P/ResNet50/seed_2024/best_checkpoint.pt
E04_XAI_R_P_ResNet50,R-P,ResNet50,2024,97,pneumonia,E-9A9C78D1B9953A6FD2BA65F6.jpeg,1,0.9999444955668018,0.6220703125,1,1,0.805289987237539,0.8052899837493896,0.39300537109375,2.0490559327379776,0.8444969166696554,0.8444969058036804,2.1488177485192788,1,1,176,144,203,109,0.9998238451685914,0.9995419578878552,0.99976228149894,0.9996946153540296,0.00010656633827366147,0.00046264391057526666,-0.2046315811900557,-0.07868468597593606,/kaggle/input/datasets/hintrngia/locked-resnet-xai-inputs/R-P/ResNet50/seed_2024/best_checkpoint.pt
E04_XAI_R_P_ResNet50,R-P,ResNet50,2024,98,pneumonia,E-9B56CC62692974C989F872CC.jpeg,1,0.9995542722316095,0.6220703125,1,1,0.7552477654082365,0.7552477717399597,0.37744140625,2.0009669127504117,0.8437399863538654,0.8437399864196777,2.235419782733139,1,1,176,143,208,143,0.9987269708140458,0.999218144919173,0.9985529809004323,0.9993183467333548,0.0010591236667932824,0.0008748625409632504,0.989519979789687,0.907609216406644,/kaggle/input/datasets/hintrngia/locked-resnet-xai-inputs/R-P/ResNet50/seed_2024/best_checkpoint.pt
E04_XAI_R_P_ResNet50,R-P,ResNet50,2024,99,pneumonia,E-9FC76B9714A55204D742CE4C.jpeg,1,0.9993797349499195,0.6220703125,1,1,0.724176095261136,0.7241761088371277,0.32318115234375,2.2407745315879986,0.7629960117871217,0.7629960179328918,2.3608926642342216,1,1,176,144,200,168,0.9981512666879193,0.9964733934593283,0.9973701256928046,0.997949162985283,0.00019945745750971078,1.5560608215947624e-05,-0.14074947558924109,-0.045657597787846595,/kaggle/input/datasets/hintrngia/locked-resnet-xai-inputs/R-P/ResNet50/seed_2024/best_checkpoint.pt
E04_XAI_R_P_ResNet50,R-P,ResNet50,2024,100,pneumonia,E-A0A20FFCEFD96663F4AB4E87.jpeg,1,0.9988637217116048,0.6220703125,1,1,0.7386932355451002,0.7386932373046875,0.3404388427734375,2.169826537792286,0.8083985634798675,0.8083985447883606,2.3745779326886556,1,1,176,144,207,178,0.9968914404254154,0.9918690802651373,0.992790900890952,0.994200233686229,0.00038650223481306867,0.00027542666334190447,0.8508621337687261,0.9256514816826914,/kaggle/input/datasets/hintrngia/locked-resnet-xai-inputs/R-P/ResNet50/seed_2024/best_checkpoint.pt
E04_XAI_R_P_ResNet50,R-P,ResNet50,2024,101,pneumonia,E-A0D5A9410E976B289DD85CF6.jpeg,1,0.9804411886375254,0.6220703125,1,1,0.7434858645482004,0.7434858679771423,0.2681732177734375,2.7724090821639185,0.7632325528930972,0.7632325291633606,2.8460431628109255,1,1,144,144,169,167,0.9784367409404333,0.9779840856484503,0.9722484880206361,0.9823314410122441,0.0008602915223783203,0.00244381619236278,-0.09628643862133844,0.02812557670570631,/kaggle/input/datasets/hintrngia/locked-resnet-xai-inputs/R-P/ResNet50/seed_2024/best_checkpoint.pt
E04_XAI_R_P_ResNet50,R-P,ResNet50,2024,102,pneumonia,E-A540763BCA2A1AF575A9EE6B.jpeg,1,0.9960715044872517,0.6220703125,1,1,0.7958077614390531,0.7958077788352966,0.3713226318359375,2.143170637093478,0.8722412167830353,0.872241199016571,2.349011727269078,1,1,176,143,202,170,0.9956096578112551,0.9833931998734325,0.9904224887711782,0.9900938918083277,0.0003655106970348321,0.0020511170585897354,0.7997772191027982,0.6455500896242389,/kaggle/input/datasets/hintrngia/locked-resnet-xai-inputs/R-P/ResNet50/seed_2024/best_checkpoint.pt
E04_XAI_R_P_ResNet50,R-P,ResNet50,2024,103,pneumonia,E-A9AC7ECA864D894719491A2C.jpeg,1,0.9986640890772067,0.6220703125,1,1,0.738722682975121,0.7387226819992065,0.3572845458984375,2.067603235167949,0.8542046832086033,0.8542046546936035,2.390824604687552,1,1,207,144,207,147,0.9962135657419582,0.9902463210810395,0.9941174786648818,0.9955824082189343,0.0006621784173825862,0.0016389523660171879,0.9218155524040049,0.9216279834407716,/kaggle/input/datasets/hintrngia/locked-resnet-xai-inputs/R-P/ResNet50/seed_2024/best_checkpoint.pt
E04_XAI_R_P_ResNet50,R-P,ResNet50,2024,104,pneumonia,E-B15903E1E2039605DB9FB6A1.jpeg,1,0.9791054656916838,0.6220703125,1,1,0.7094439829398047,0.709443986415863,0.2703704833984375,2.6239697988567663,0.7690227362916767,0.7690227627754211,2.8443294794069263,1,1,175,143,161,130,0.9649661940212207,0.9709484787789682,0.9615139377442,0.975355546901673,0.00031428173099323775,0.00017986067012487617,0.8815116209029465,0.8466761154597955,/kaggle/input/datasets/hintrngia/locked-resnet-xai-inputs/R-P/ResNet50/seed_2024/best_checkpoint.pt
E04_XAI_R_P_ResNet50,R-P,ResNet50,2024,105,pneumonia,E-B29F964F9024332A9FD3DA8C.jpeg,1,0.9967713556507573,0.6220703125,1,1,0.8555695599043697,0.8555695414543152,0.444091796875,1.9265601524839462,0.8865261966169147,0.8865261673927307,1.9962678951857518,1,1,79,143,163,100,0.9965280046222357,0.9949263036039586,0.9962060320044202,0.9965965310969656,0.00035135683209774893,0.0005064978010000942,-0.2417042120493283,-0.05041395283426001,/kaggle/input/datasets/hintrngia/locked-resnet-xai-inputs/R-P/ResNet50/seed_2024/best_checkpoint.pt
E04_XAI_R_P_ResNet50,R-P,ResNet50,2024,106,pneumonia,E-B352C843937DC9BD58C4B554.jpeg,1,0.9948053242296604,0.6220703125,1,1,0.7902890963281293,0.7902891039848328,0.322052001953125,2.453917664027304,0.876417635040206,0.8764176368713379,2.7213544077511105,1,1,111,111,201,134,0.9941836574285987,0.9886196646241786,0.990943214907074,0.9933181401367113,0.0003002852612429274,0.0012379464978046206,0.36951938397117917,0.7141433935089165,/kaggle/input/datasets/hintrngia/locked-resnet-xai-inputs/R-P/ResNet50/seed_2024/best_checkpoint.pt
E04_XAI_R_P_ResNet50,R-P,ResNet50,2024,107,pneumonia,E-B41848B096ED1788DCCEEDA2.jpeg,1,0.9990879565137585,0.6220703125,1,1,0.6873922477273254,0.6873922348022461,0.2685089111328125,2.560035139345229,0.8481167519441207,0.8481167554855347,3.158616778735574,1,1,176,112,206,142,0.9982974928829963,0.9983274830793423,0.9978069707515007,0.998745328245727,0.00045989733403783983,9.696502730660583e-05,0.8456797229414867,0.8921528539121512,/kaggle/input/datasets/hintrngia/locked-resnet-xai-inputs/R-P/ResNet50/seed_2024/best_checkpoint.pt
E04_XAI_R_P_ResNet50,R-P,ResNet50,2024,108,pneumonia,E-B813D1454C73F6C74F660590.jpeg,1,0.908588297255496,0.6220703125,1,1,0.7327335196368294,0.7327335476875305,0.2771453857421875,2.643859711662129,0.7667377068089718,0.766737699508667,2.7665541129457014,1,1,176,112,211,137,0.9598806693269647,0.8982218691681059,0.9343454087043299,0.9595832651727583,0.0006599290751214681,0.0022901268430552957,0.0764171471240029,0.056176493193015105,/kaggle/input/datasets/hintrngia/locked-resnet-xai-inputs/R-P/ResNet50/seed_2024/best_checkpoint.pt
E04_XAI_R_P_ResNet50,R-P,ResNet50,2024,109,pneumonia,E-BF1AD901130E35A45E611B5A.jpeg,1,0.9990462783579267,0.6220703125,1,1,0.6963353988734287,0.6963353753089905,0.2906494140625,2.3957915109496546,0.7548834604625486,0.7548834681510925,2.597230284800167,1,1,175,144,206,185,0.9985254661967934,0.9973072243928496,0.9978540317998932,0.9979354934822826,0.0002572596161323215,0.00045009169074150535,-0.17057664778836087,-0.03993070933044359,/kaggle/input/datasets/hintrngia/locked-resnet-xai-inputs/R-P/ResNet50/seed_2024/best_checkpoint.pt
E04_XAI_R_P_ResNet50,R-P,ResNet50,2024,110,pneumonia,E-BFFC08BEA9A0FA7A1279A0B5.jpeg,1,0.9993854071010229,0.6220703125,1,1,0.7827827798602978,0.782782793045044,0.364898681640625,2.1452058317690255,0.8755437621191245,0.8755437731742859,2.399416074025213,1,1,176,175,195,186,0.9978951348356175,0.9918296589893546,0.9976056086165855,0.9955599091341965,6.079661193680863e-05,0.00123388811401981,0.9480177744738507,0.7425579139503118,/kaggle/input/datasets/hintrngia/locked-resnet-xai-inputs/R-P/ResNet50/seed_2024/best_checkpoint.pt
E04_XAI_R_P_ResNet50,R-P,ResNet50,2024,111,pneumonia,E-C378B1871ED2B8AC1E544A5B.jpeg,1,0.9976859452282185,0.6220703125,1,1,0.6779422954329049,0.6779422760009766,0.2780303955078125,2.438374747461218,0.7816410625016826,0.7816410660743713,2.8113511153125663,1,1,175,143,175,130,0.997800064450833,0.997357347322323,0.9976142550643534,0.9976932367831854,0.00011095268836469607,0.0016666917400984804,0.9604046249273552,0.7644826537370926,/kaggle/input/datasets/hintrngia/locked-resnet-xai-inputs/R-P/ResNet50/seed_2024/best_checkpoint.pt
E04_XAI_R_P_ResNet50,R-P,ResNet50,2024,112,pneumonia,E-D2A52B478FEFC3F6A00973AF.jpeg,1,0.9957068192363224,0.6220703125,1,1,0.807381558444775,0.8073815703392029,0.35107421875,2.299746080243253,0.8861644388863106,0.8861644268035889,2.524151280722064,1,1,111,80,103,62,0.9925530518855052,0.9951393003198946,0.9933510835269258,0.9965207953772227,0.00024260616068205731,0.0015758926466260537,-0.18296353016961617,-0.06016509004388712,/kaggle/input/datasets/hintrngia/locked-resnet-xai-inputs/R-P/ResNet50/seed_2024/best_checkpoint.pt
E04_XAI_R_P_ResNet50,R-P,ResNet50,2024,113,pneumonia,E-D33BB0B839138FAFF4DA3ED6.jpeg,1,0.9838923880770749,0.6220703125,1,1,0.7998821842921907,0.799882173538208,0.3347625732421875,2.389401469062993,0.799031537376691,0.7990315556526184,2.386860423607221,1,1,176,112,207,129,0.9911228292304108,0.9636726458746425,0.9777378418964837,0.9800132702655739,0.0002576288828198825,0.0022872508772154854,0.9858951137797645,0.48627560584115237,/kaggle/input/datasets/hintrngia/locked-resnet-xai-inputs/R-P/ResNet50/seed_2024/best_checkpoint.pt
E04_XAI_R_P_ResNet50,R-P,ResNet50,2024,114,pneumonia,E-DA47F22802134421DB0B257A.jpeg,1,0.9998374517090513,0.6220703125,1,1,0.7527571583488413,0.7527571320533752,0.39227294921875,1.918962701476181,0.7403035215587026,0.7403035163879395,1.887215325535675,1,1,207,176,203,163,0.9996665833085274,0.9995807779877469,0.9995491269368497,0.9996574401722995,0.00033382898207978684,0.0014372248205264393,0.7175635609968738,0.5842927959735248,/kaggle/input/datasets/hintrngia/locked-resnet-xai-inputs/R-P/ResNet50/seed_2024/best_checkpoint.pt
E04_XAI_R_P_ResNet50,R-P,ResNet50,2024,115,pneumonia,E-E09BD72833F7B4079F215903.jpeg,1,0.997955331981663,0.6220703125,1,1,0.7221130195271859,0.7221130132675171,0.3171234130859375,2.2770725519767914,0.7303946649232468,0.7303946614265442,2.303187449377371,1,1,111,79,91,70,0.9964291325682711,0.9959949872044335,0.9959104862401577,0.9973305788906202,0.00012177297662463449,2.9815917373277045e-05,0.7907530045689695,0.828160300871756,/kaggle/input/datasets/hintrngia/locked-resnet-xai-inputs/R-P/ResNet50/seed_2024/best_checkpoint.pt
E04_XAI_R_P_ResNet50,R-P,ResNet50,2024,116,pneumonia,E-E0D541D212A934D795DA0D1B.jpeg,1,0.9661903747172869,0.6220703125,1,1,0.7586616129599988,0.7586616277694702,0.306488037109375,2.475338418149282,0.8076521045322648,0.8076521158218384,2.6351831286780096,1,1,79,143,107,63,0.9782920366043306,0.977511871942716,0.9741735874169732,0.9745969968316358,0.00016498464580605443,0.0008269873863303578,-0.034805116982903124,-0.0020979029285157027,/kaggle/input/datasets/hintrngia/locked-resnet-xai-inputs/R-P/ResNet50/seed_2024/best_checkpoint.pt
E04_XAI_R_P_ResNet50,R-P,ResNet50,2024,117,pneumonia,E-E1AD2A3BA30BC31AC67A922E.jpeg,1,0.9994833501403747,0.6220703125,1,1,0.7282331337561352,0.7282331585884094,0.3279571533203125,2.2205130346551005,0.7402645984125726,0.7402645945549011,2.2571991216473437,1,1,176,112,206,195,0.9987644043859205,0.9980934121778682,0.9987350002499122,0.9988727769339185,5.725647161658465e-05,0.0010786472356800747,0.9960451431194973,0.5470911220711169,/kaggle/input/datasets/hintrngia/locked-resnet-xai-inputs/R-P/ResNet50/seed_2024/best_checkpoint.pt
E04_XAI_R_P_ResNet50,R-P,ResNet50,2024,118,pneumonia,E-E280E4CD8F00E10AB30B96C9.jpeg,1,0.9961079587263575,0.6220703125,1,1,0.7668278600738163,0.7668278813362122,0.3293609619140625,2.3282293554689657,0.7992876588671326,0.7992876768112183,2.426783229627816,1,1,111,80,111,53,0.9922640578999715,0.9839621013490124,0.9884786362016846,0.9903977344097517,0.0006716159829517343,0.0005887441228052959,-0.23517866617160058,-0.07662154513607294,/kaggle/input/datasets/hintrngia/locked-resnet-xai-inputs/R-P/ResNet50/seed_2024/best_checkpoint.pt
E04_XAI_R_P_ResNet50,R-P,ResNet50,2024,119,pneumonia,E-E2EF7E089A1E8F497DBAC1CB.jpeg,1,0.9992496531458267,0.6220703125,1,1,0.7584236856770631,0.7584236860275269,0.3351898193359375,2.262669215847954,0.8169508509661273,0.8169508576393127,2.4372782341200945,1,1,207,175,199,166,0.9988005903700461,0.9974533558684711,0.9982508620358764,0.9978441059627283,0.00023325243809857454,0.00320032608524623,0.18066747559148327,0.1683378695017322,/kaggle/input/datasets/hintrngia/locked-resnet-xai-inputs/R-P/ResNet50/seed_2024/best_checkpoint.pt
E04_XAI_R_P_ResNet50,R-P,ResNet50,2024,120,pneumonia,E-E7BF66D9C027E263610D5923.jpeg,1,0.9940517511177985,0.6220703125,1,1,0.8015500602502567,0.801550030708313,0.3877410888671875,2.06723012666014,0.8550243566565616,0.8550243377685547,2.20514250670357,1,1,176,144,192,164,0.9886844214798363,0.9756049450042359,0.9817060865194422,0.9832721379783795,0.001121598839732063,0.004467375556333031,-0.1367974982130973,-0.049480464457732846,/kaggle/input/datasets/hintrngia/locked-resnet-xai-inputs/R-P/ResNet50/seed_2024/best_checkpoint.pt
E04_XAI_R_P_ResNet50,R-P,ResNet50,2024,121,pneumonia,E-EB1401E2B7015C0BDE01BE91.jpeg,1,0.9916467379177555,0.6220703125,1,1,0.7654052731798943,0.7654052972793579,0.329986572265625,2.3195042995985182,0.8340205722162705,0.8340205550193787,2.527437909033825,1,1,175,112,211,146,0.9832766039550025,0.9788947595728572,0.9708990998277609,0.9896335413142893,0.00028805015824850955,0.0015623368127827275,0.9794868217339139,0.6591660580653651,/kaggle/input/datasets/hintrngia/locked-resnet-xai-inputs/R-P/ResNet50/seed_2024/best_checkpoint.pt
E04_XAI_R_P_ResNet50,R-P,ResNet50,2024,122,pneumonia,E-EB344A640162B22F1A6C369F.jpeg,1,0.982089760666962,0.6220703125,1,1,0.7475091410354731,0.7475091218948364,0.2807464599609375,2.6625772632697844,0.8016389429830644,0.8016389608383179,2.8553839756148762,1,1,144,143,167,135,0.9774446483279781,0.9836624621716454,0.9724426415549599,0.9881512978317728,0.0003319576139481084,0.006063042465884627,-0.10082306809955768,-0.03651559956729388,/kaggle/input/datasets/hintrngia/locked-resnet-xai-inputs/R-P/ResNet50/seed_2024/best_checkpoint.pt
E04_XAI_R_P_ResNet50,R-P,ResNet50,2024,123,pneumonia,E-EC00E01864643AB223676743.jpeg,1,0.9724053981173937,0.6220703125,1,1,0.6917721378859126,0.6917721629142761,0.3099517822265625,2.231870173213763,0.7506044398148058,0.7506044507026672,2.4216813157929953,0,0,111,111,127,103,0.977980942217467,0.9783330943299912,0.9823982097750543,0.9824200621460323,0.0001237782043509439,0.0023604162955875863,0.8357448565293814,0.7778678096775347,/kaggle/input/datasets/hintrngia/locked-resnet-xai-inputs/R-P/ResNet50/seed_2024/best_checkpoint.pt
E04_XAI_R_P_ResNet50,R-P,ResNet50,2024,124,pneumonia,E-EF92BEF2BC79AC7D99E44B1F.jpeg,1,0.9949539419307443,0.6220703125,1,1,0.7650049272917673,0.7650049328804016,0.343048095703125,2.230022369673217,0.804080537688099,0.8040805459022522,2.3439294599202585,1,1,144,143,208,207,0.9902951919173175,0.9871661708890034,0.9889446885229859,0.9940471861092056,0.00025269082026413425,0.0018845326072898239,0.9248511244343784,0.800539819657748,/kaggle/input/datasets/hintrngia/locked-resnet-xai-inputs/R-P/ResNet50/seed_2024/best_checkpoint.pt
E04_XAI_R_P_ResNet50,R-P,ResNet50,2024,125,pneumonia,E-F051ECCC0E91B0C03A0B3894.jpeg,1,0.9996879784988977,0.6220703125,1,1,0.8442807298055321,0.8442807197570801,0.5049896240234375,1.6718773805268274,0.870057348539097,0.8700573444366455,1.7229212386722546,1,1,176,144,163,133,0.9993867476895072,0.9974257508128141,0.9992733125938283,0.9984062337656419,9.599790591474644e-05,0.0016259129003663997,-0.14736182612128454,-0.054819028455871985,/kaggle/input/datasets/hintrngia/locked-resnet-xai-inputs/R-P/ResNet50/seed_2024/best_checkpoint.pt
E04_XAI_R_P_ResNet50,R-P,ResNet50,2024,126,pneumonia,E-FA7B18636100FBD243EBAF3A.jpeg,1,0.9989111473537301,0.6220703125,1,1,0.6769986468191658,0.6769986748695374,0.2697601318359375,2.509631954179583,0.7404013962020467,0.7404013872146606,2.7446657560663685,1,1,207,175,208,147,0.9970778342628405,0.9963371559826342,0.9943148437104574,0.9978313209379188,0.0008262336004699611,0.0021233416139040395,0.9898782297882337,0.5822590022905936,/kaggle/input/datasets/hintrngia/locked-resnet-xai-inputs/R-P/ResNet50/seed_2024/best_checkpoint.pt
E04_XAI_R_P_ResNet50,R-P,ResNet50,2024,127,pneumonia,E-FDAF56855798F8C5BE7AC652.jpeg,1,0.9997110135873727,0.6220703125,1,1,0.7805243696338122,0.7805243730545044,0.37738037109375,2.068269654226165,0.8059751814216343,0.8059751987457275,2.135710395020549,1,1,175,144,210,195,0.9993691873789768,0.9991522318193578,0.9991483055748828,0.9995229888274539,0.0001505040468654517,0.0002367129787697042,-0.1919172704139414,0.07491211023547185,/kaggle/input/datasets/hintrngia/locked-resnet-xai-inputs/R-P/ResNet50/seed_2024/best_checkpoint.pt
